[2026-01-29 10:43:35.622464] [info] RestApiServer created on port 8080
[2026-01-29 10:43:35.622695] [info] WebSocketServer created on port 8081
[2026-01-29 10:43:35.623336] [info] GrpcApiServer created on port 50051
[2026-01-29 10:43:35.623935] [info] MqttApiServer created. Broker: tcp://localhost:1883
[2026-01-29 10:43:35.624034] [info] WebSocketServer: Started auto updates with interval 1000ms
[2026-01-29 10:43:35.624069] [info] WebSocketServer: Auto update worker started
[2026-01-29 10:43:35.624024] [info] WebSocketServer starting on port 8081
[2026-01-29 10:43:35.624179] [info] Connecting to MQTT Brokear...
[2026-01-29 10:43:35.624218] [info] Run RestApiServer on port 8080
[2026-01-29 10:43:35.631310] [info] Run gRPC Server on 0.0.0.0:50051
[2026-01-29 10:43:35.634926] [info] MQTT Connected successfully
[2026-01-29 10:55:52.991187] [info] WebSocket client connected. Total clients: 1
[2026-01-29 10:55:53.715617] [debug] WebSocketServer: Broadcasting to 1 clients: {"server_time":"2026-01-29 10:55:53","timestamp":"1769673353715","isConnected":"False","numBoard":"0","numSteps":"24434","numSpeed":"-0.000000","numAccel":"114","numDecel":"95","currentPos":"112","startPos":"1101021472","endPos":"30469"}
[2026-01-29 10:55:54.716189] [debug] WebSocketServer: Broadcasting to 1 clients: {"server_time":"2026-01-29 10:55:54","timestamp":"1769673354716","isConnected":"False","numBoard":"0","numSteps":"24434","numSpeed":"-0.000000","numAccel":"114","numDecel":"95","currentPos":"112","startPos":"1101021472","endPos":"30469"}
[2026-01-29 10:55:55.716520] [debug] WebSocketServer: Broadcasting to 1 clients: {"server_time":"2026-01-29 10:55:55","timestamp":"1769673355716","isConnected":"False","numBoard":"0","numSteps":"24434","numSpeed":"-0.000000","numAccel":"114","numDecel":"95","currentPos":"112","startPos":"1101021472","endPos":"30469"}
[2026-01-29 10:55:56.716866] [debug] WebSocketServer: Broadcasting to 1 clients: {"server_time":"2026-01-29 10:55:56","timestamp":"1769673356716","isConnected":"False","numBoard":"0","numSteps":"24434","numSpeed":"-0.000000","numAccel":"114","numDecel":"95","currentPos":"112","startPos":"1101021472","endPos":"30469"}
[2026-01-29 10:55:57.717166] [debug] WebSocketServer: Broadcasting to 1 clients: {"server_time":"2026-01-29 10:55:57","timestamp":"1769673357717","isConnected":"False","numBoard":"0","numSteps":"24434","numSpeed":"-0.000000","numAccel":"114","numDecel":"95","currentPos":"112","startPos":"1101021472","endPos":"30469"}
[2026-01-29 10:55:58.717441] [debug] WebSocketServer: Broadcasting to 1 clients: {"server_time":"2026-01-29 10:55:58","timestamp":"1769673358717","isConnected":"False","numBoard":"0","numSteps":"24434","numSpeed":"-0.000000","numAccel":"114","numDecel":"95","currentPos":"112","startPos":"1101021472","endPos":"30469"}
[2026-01-29 10:55:59.717698] [debug] WebSocketServer: Broadcasting to 1 clients: {"server_time":"2026-01-29 10:55:59","timestamp":"1769673359717","isConnected":"False","numBoard":"0","numSteps":"24434","numSpeed":"-0.000000","numAccel":"114","numDecel":"95","currentPos":"112","startPos":"1101021472","endPos":"30469"}
[2026-01-29 10:56:00.717987] [debug] WebSocketServer: Broadcasting to 1 clients: {"server_time":"2026-01-29 10:56:00","timestamp":"1769673360717","isConnected":"False","numBoard":"0","numSteps":"24434","numSpeed":"-0.000000","numAccel":"114","numDecel":"95","currentPos":"112","startPos":"1101021472","endPos":"30469"}
[2026-01-29 10:56:01.718264] [debug] WebSocketServer: Broadcasting to 1 clients: {"server_time":"2026-01-29 10:56:01","timestamp":"1769673361718","isConnected":"False","numBoard":"0","numSteps":"24434","numSpeed":"-0.000000","numAccel":"114","numDecel":"95","currentPos":"112","startPos":"1101021472","endPos":"30469"}
[2026-01-29 10:56:02.718535] [debug] WebSocketServer: Broadcasting to 1 clients: {"server_time":"2026-01-29 10:56:02","timestamp":"1769673362718","isConnected":"False","numBoard":"0","numSteps":"24434","numSpeed":"-0.000000","numAccel":"114","numDecel":"95","currentPos":"112","startPos":"1101021472","endPos":"30469"}
[2026-01-29 10:56:03.718811] [debug] WebSocketServer: Broadcasting to 1 clients: {"server_time":"2026-01-29 10:56:03","timestamp":"1769673363718","isConnected":"False","numBoard":"0","numSteps":"24434","numSpeed":"-0.000000","numAccel":"114","numDecel":"95","currentPos":"112","startPos":"1101021472","endPos":"30469"}
[2026-01-29 10:56:04.719140] [debug] WebSocketServer: Broadcasting to 1 clients: {"server_time":"2026-01-29 10:56:04","timestamp":"1769673364719","isConnected":"False","numBoard":"0","numSteps":"24434","numSpeed":"-0.000000","numAccel":"114","numDecel":"95","currentPos":"112","startPos":"1101021472","endPos":"30469"}
[2026-01-29 10:56:05.719399] [debug] WebSocketServer: Broadcasting to 1 clients: {"server_time":"2026-01-29 10:56:05","timestamp":"1769673365719","isConnected":"False","numBoard":"0","numSteps":"24434","numSpeed":"-0.000000","numAccel":"114","numDecel":"95","currentPos":"112","startPos":"1101021472","endPos":"30469"}
[2026-01-29 10:56:06.719682] [debug] WebSocketServer: Broadcasting to 1 clients: {"server_time":"2026-01-29 10:56:06","timestamp":"1769673366719","isConnected":"False","numBoard":"0","numSteps":"24434","numSpeed":"-0.000000","numAccel":"114","numDecel":"95","currentPos":"112","startPos":"1101021472","endPos":"30469"}
[2026-01-29 10:56:07.719962] [debug] WebSocketServer: Broadcasting to 1 clients: {"server_time":"2026-01-29 10:56:07","timestamp":"1769673367719","isConnected":"False","numBoard":"0","numSteps":"24434","numSpeed":"-0.000000","numAccel":"114","numDecel":"95","currentPos":"112","startPos":"1101021472","endPos":"30469"}
[2026-01-29 10:56:08.720566] [debug] WebSocketServer: Broadcasting to 1 clients: {"server_time":"2026-01-29 10:56:08","timestamp":"1769673368720","isConnected":"False","numBoard":"0","numSteps":"24434","numSpeed":"-0.000000","numAccel":"114","numDecel":"95","currentPos":"112","startPos":"1101021472","endPos":"30469"}
[2026-01-29 10:56:09.720992] [debug] WebSocketServer: Broadcasting to 1 clients: {"server_time":"2026-01-29 10:56:09","timestamp":"1769673369720","isConnected":"False","numBoard":"0","numSteps":"24434","numSpeed":"-0.000000","numAccel":"114","numDecel":"95","currentPos":"112","startPos":"1101021472","endPos":"30469"}
[2026-01-29 10:56:10.721263] [debug] WebSocketServer: Broadcasting to 1 clients: {"server_time":"2026-01-29 10:56:10","timestamp":"1769673370721","isConnected":"False","numBoard":"0","numSteps":"24434","numSpeed":"-0.000000","numAccel":"114","numDecel":"95","currentPos":"112","startPos":"1101021472","endPos":"30469"}
[2026-01-29 10:56:11.721526] [debug] WebSocketServer: Broadcasting to 1 clients: {"server_time":"2026-01-29 10:56:11","timestamp":"1769673371721","isConnected":"False","numBoard":"0","numSteps":"24434","numSpeed":"-0.000000","numAccel":"114","numDecel":"95","currentPos":"112","startPos":"1101021472","endPos":"30469"}
[2026-01-29 10:56:12.721816] [debug] WebSocketServer: Broadcasting to 1 clients: {"server_time":"2026-01-29 10:56:12","timestamp":"1769673372721","isConnected":"False","numBoard":"0","numSteps":"24434","numSpeed":"-0.000000","numAccel":"114","numDecel":"95","currentPos":"112","startPos":"1101021472","endPos":"30469"}
[2026-01-29 10:56:13.722108] [debug] WebSocketServer: Broadcasting to 1 clients: {"server_time":"2026-01-29 10:56:13","timestamp":"1769673373722","isConnected":"False","numBoard":"0","numSteps":"24434","numSpeed":"-0.000000","numAccel":"114","numDecel":"95","currentPos":"112","startPos":"1101021472","endPos":"30469"}
[2026-01-29 10:56:14.722444] [debug] WebSocketServer: Broadcasting to 1 clients: {"server_time":"2026-01-29 10:56:14","timestamp":"1769673374722","isConnected":"False","numBoard":"0","numSteps":"24434","numSpeed":"-0.000000","numAccel":"114","numDecel":"95","currentPos":"112","startPos":"1101021472","endPos":"30469"}
[2026-01-29 10:56:15.722701] [debug] WebSocketServer: Broadcasting to 1 clients: {"server_time":"2026-01-29 10:56:15","timestamp":"1769673375722","isConnected":"False","numBoard":"0","numSteps":"24434","numSpeed":"-0.000000","numAccel":"114","numDecel":"95","currentPos":"112","startPos":"1101021472","endPos":"30469"}
[2026-01-29 10:56:16.722980] [debug] WebSocketServer: Broadcasting to 1 clients: {"server_time":"2026-01-29 10:56:16","timestamp":"1769673376722","isConnected":"False","numBoard":"0","numSteps":"24434","numSpeed":"-0.000000","numAccel":"114","numDecel":"95","currentPos":"112","startPos":"1101021472","endPos":"30469"}
[2026-01-29 10:56:17.723258] [debug] WebSocketServer: Broadcasting to 1 clients: {"server_time":"2026-01-29 10:56:17","timestamp":"1769673377723","isConnected":"False","numBoard":"0","numSteps":"24434","numSpeed":"-0.000000","numAccel":"114","numDecel":"95","currentPos":"112","startPos":"1101021472","endPos":"30469"}
[2026-01-29 10:56:18.723578] [debug] WebSocketServer: Broadcasting to 1 clients: {"server_time":"2026-01-29 10:56:18","timestamp":"1769673378723","isConnected":"False","numBoard":"0","numSteps":"24434","numSpeed":"-0.000000","numAccel":"114","numDecel":"95","currentPos":"112","startPos":"1101021472","endPos":"30469"}
[2026-01-29 10:56:19.723906] [debug] WebSocketServer: Broadcasting to 1 clients: {"server_time":"2026-01-29 10:56:19","timestamp":"1769673379723","isConnected":"False","numBoard":"0","numSteps":"24434","numSpeed":"-0.000000","numAccel":"114","numDecel":"95","currentPos":"112","startPos":"1101021472","endPos":"30469"}
[2026-01-29 10:56:20.724264] [debug] WebSocketServer: Broadcasting to 1 clients: {"server_time":"2026-01-29 10:56:20","timestamp":"1769673380724","isConnected":"False","numBoard":"0","numSteps":"24434","numSpeed":"-0.000000","numAccel":"114","numDecel":"95","currentPos":"112","startPos":"1101021472","endPos":"30469"}
[2026-01-29 10:56:21.724608] [debug] WebSocketServer: Broadcasting to 1 clients: {"server_time":"2026-01-29 10:56:21","timestamp":"1769673381724","isConnected":"False","numBoard":"0","numSteps":"24434","numSpeed":"-0.000000","numAccel":"114","numDecel":"95","currentPos":"112","startPos":"1101021472","endPos":"30469"}
[2026-01-29 10:56:22.560093] [info] WebSocket client disconnected (ENOTCONN)
[2026-01-29 10:56:22.560178] [info] Session removed. Active clients: 0
[2026-01-29 10:56:22.560203] [info] WebSocket session destroyed
[2026-01-29 11:03:03.242777] [info] WebSocket client connected. Total clients: 1
[2026-01-29 11:03:03.781629] [debug] WebSocketServer: Broadcasting to 1 clients: {"server_time":"2026-01-29 11:03:03","timestamp":"1769673783781","isConnected":"False","numBoard":"0","numSteps":"24434","numSpeed":"-0.000000","numAccel":"114","numDecel":"95","currentPos":"112","startPos":"1101021472","endPos":"30469"}
[2026-01-29 11:03:04.781945] [debug] WebSocketServer: Broadcasting to 1 clients: {"server_time":"2026-01-29 11:03:04","timestamp":"1769673784781","isConnected":"False","numBoard":"0","numSteps":"24434","numSpeed":"-0.000000","numAccel":"114","numDecel":"95","currentPos":"112","startPos":"1101021472","endPos":"30469"}
[2026-01-29 11:03:05.782237] [debug] WebSocketServer: Broadcasting to 1 clients: {"server_time":"2026-01-29 11:03:05","timestamp":"1769673785782","isConnected":"False","numBoard":"0","numSteps":"24434","numSpeed":"-0.000000","numAccel":"114","numDecel":"95","currentPos":"112","startPos":"1101021472","endPos":"30469"}
[2026-01-29 11:03:06.782499] [debug] WebSocketServer: Broadcasting to 1 clients: {"server_time":"2026-01-29 11:03:06","timestamp":"1769673786782","isConnected":"False","numBoard":"0","numSteps":"24434","numSpeed":"-0.000000","numAccel":"114","numDecel":"95","currentPos":"112","startPos":"1101021472","endPos":"30469"}
[2026-01-29 11:03:07.782782] [debug] WebSocketServer: Broadcasting to 1 clients: {"server_time":"2026-01-29 11:03:07","timestamp":"1769673787782","isConnected":"False","numBoard":"0","numSteps":"24434","numSpeed":"-0.000000","numAccel":"114","numDecel":"95","currentPos":"112","startPos":"1101021472","endPos":"30469"}
[2026-01-29 11:03:08.783032] [debug] WebSocketServer: Broadcasting to 1 clients: {"server_time":"2026-01-29 11:03:08","timestamp":"1769673788782","isConnected":"False","numBoard":"0","numSteps":"24434","numSpeed":"-0.000000","numAccel":"114","numDecel":"95","currentPos":"112","startPos":"1101021472","endPos":"30469"}
[2026-01-29 11:03:09.783318] [debug] WebSocketServer: Broadcasting to 1 clients: {"server_time":"2026-01-29 11:03:09","timestamp":"1769673789783","isConnected":"False","numBoard":"0","numSteps":"24434","numSpeed":"-0.000000","numAccel":"114","numDecel":"95","currentPos":"112","startPos":"1101021472","endPos":"30469"}
[2026-01-29 11:03:10.783587] [debug] WebSocketServer: Broadcasting to 1 clients: {"server_time":"2026-01-29 11:03:10","timestamp":"1769673790783","isConnected":"False","numBoard":"0","numSteps":"24434","numSpeed":"-0.000000","numAccel":"114","numDecel":"95","currentPos":"112","startPos":"1101021472","endPos":"30469"}
[2026-01-29 11:03:11.783881] [debug] WebSocketServer: Broadcasting to 1 clients: {"server_time":"2026-01-29 11:03:11","timestamp":"1769673791783","isConnected":"False","numBoard":"0","numSteps":"24434","numSpeed":"-0.000000","numAccel":"114","numDecel":"95","currentPos":"112","startPos":"1101021472","endPos":"30469"}
[2026-01-29 11:03:12.784163] [debug] WebSocketServer: Broadcasting to 1 clients: {"server_time":"2026-01-29 11:03:12","timestamp":"1769673792784","isConnected":"False","numBoard":"0","numSteps":"24434","numSpeed":"-0.000000","numAccel":"114","numDecel":"95","currentPos":"112","startPos":"1101021472","endPos":"30469"}
[2026-01-29 11:03:13.784421] [debug] WebSocketServer: Broadcasting to 1 clients: {"server_time":"2026-01-29 11:03:13","timestamp":"1769673793784","isConnected":"False","numBoard":"0","numSteps":"24434","numSpeed":"-0.000000","numAccel":"114","numDecel":"95","currentPos":"112","startPos":"1101021472","endPos":"30469"}
[2026-01-29 11:03:14.784698] [debug] WebSocketServer: Broadcasting to 1 clients: {"server_time":"2026-01-29 11:03:14","timestamp":"1769673794784","isConnected":"False","numBoard":"0","numSteps":"24434","numSpeed":"-0.000000","numAccel":"114","numDecel":"95","currentPos":"112","startPos":"1101021472","endPos":"30469"}
[2026-01-29 11:03:15.784994] [debug] WebSocketServer: Broadcasting to 1 clients: {"server_time":"2026-01-29 11:03:15","timestamp":"1769673795784","isConnected":"False","numBoard":"0","numSteps":"24434","numSpeed":"-0.000000","numAccel":"114","numDecel":"95","currentPos":"112","startPos":"1101021472","endPos":"30469"}
[2026-01-29 11:03:16.785590] [debug] WebSocketServer: Broadcasting to 1 clients: {"server_time":"2026-01-29 11:03:16","timestamp":"1769673796785","isConnected":"False","numBoard":"0","numSteps":"24434","numSpeed":"-0.000000","numAccel":"114","numDecel":"95","currentPos":"112","startPos":"1101021472","endPos":"30469"}
[2026-01-29 11:03:17.785941] [debug] WebSocketServer: Broadcasting to 1 clients: {"server_time":"2026-01-29 11:03:17","timestamp":"1769673797785","isConnected":"False","numBoard":"0","numSteps":"24434","numSpeed":"-0.000000","numAccel":"114","numDecel":"95","currentPos":"112","startPos":"1101021472","endPos":"30469"}
[2026-01-29 11:03:18.786230] [debug] WebSocketServer: Broadcasting to 1 clients: {"server_time":"2026-01-29 11:03:18","timestamp":"1769673798786","isConnected":"False","numBoard":"0","numSteps":"24434","numSpeed":"-0.000000","numAccel":"114","numDecel":"95","currentPos":"112","startPos":"1101021472","endPos":"30469"}
[2026-01-29 11:03:19.786516] [debug] WebSocketServer: Broadcasting to 1 clients: {"server_time":"2026-01-29 11:03:19","timestamp":"1769673799786","isConnected":"False","numBoard":"0","numSteps":"24434","numSpeed":"-0.000000","numAccel":"114","numDecel":"95","currentPos":"112","startPos":"1101021472","endPos":"30469"}
[2026-01-29 11:03:20.786832] [debug] WebSocketServer: Broadcasting to 1 clients: {"server_time":"2026-01-29 11:03:20","timestamp":"1769673800786","isConnected":"False","numBoard":"0","numSteps":"24434","numSpeed":"-0.000000","numAccel":"114","numDecel":"95","currentPos":"112","startPos":"1101021472","endPos":"30469"}
[2026-01-29 11:03:21.787186] [debug] WebSocketServer: Broadcasting to 1 clients: {"server_time":"2026-01-29 11:03:21","timestamp":"1769673801787","isConnected":"False","numBoard":"0","numSteps":"24434","numSpeed":"-0.000000","numAccel":"114","numDecel":"95","currentPos":"112","startPos":"1101021472","endPos":"30469"}
[2026-01-29 11:03:22.787527] [debug] WebSocketServer: Broadcasting to 1 clients: {"server_time":"2026-01-29 11:03:22","timestamp":"1769673802787","isConnected":"False","numBoard":"0","numSteps":"24434","numSpeed":"-0.000000","numAccel":"114","numDecel":"95","currentPos":"112","startPos":"1101021472","endPos":"30469"}
[2026-01-29 11:03:23.787816] [debug] WebSocketServer: Broadcasting to 1 clients: {"server_time":"2026-01-29 11:03:23","timestamp":"1769673803787","isConnected":"False","numBoard":"0","numSteps":"24434","numSpeed":"-0.000000","numAccel":"114","numDecel":"95","currentPos":"112","startPos":"1101021472","endPos":"30469"}
[2026-01-29 11:03:24.788347] [debug] WebSocketServer: Broadcasting to 1 clients: {"server_time":"2026-01-29 11:03:24","timestamp":"1769673804788","isConnected":"False","numBoard":"0","numSteps":"24434","numSpeed":"-0.000000","numAccel":"114","numDecel":"95","currentPos":"112","startPos":"1101021472","endPos":"30469"}
[2026-01-29 11:03:25.788626] [debug] WebSocketServer: Broadcasting to 1 clients: {"server_time":"2026-01-29 11:03:25","timestamp":"1769673805788","isConnected":"False","numBoard":"0","numSteps":"24434","numSpeed":"-0.000000","numAccel":"114","numDecel":"95","currentPos":"112","startPos":"1101021472","endPos":"30469"}
[2026-01-29 11:03:26.788957] [debug] WebSocketServer: Broadcasting to 1 clients: {"server_time":"2026-01-29 11:03:26","timestamp":"1769673806788","isConnected":"False","numBoard":"0","numSteps":"24434","numSpeed":"-0.000000","numAccel":"114","numDecel":"95","currentPos":"112","startPos":"1101021472","endPos":"30469"}
[2026-01-29 11:03:27.789223] [debug] WebSocketServer: Broadcasting to 1 clients: {"server_time":"2026-01-29 11:03:27","timestamp":"1769673807789","isConnected":"False","numBoard":"0","numSteps":"24434","numSpeed":"-0.000000","numAccel":"114","numDecel":"95","currentPos":"112","startPos":"1101021472","endPos":"30469"}
[2026-01-29 11:03:28.789512] [debug] WebSocketServer: Broadcasting to 1 clients: {"server_time":"2026-01-29 11:03:28","timestamp":"1769673808789","isConnected":"False","numBoard":"0","numSteps":"24434","numSpeed":"-0.000000","numAccel":"114","numDecel":"95","currentPos":"112","startPos":"1101021472","endPos":"30469"}
[2026-01-29 11:03:29.789808] [debug] WebSocketServer: Broadcasting to 1 clients: {"server_time":"2026-01-29 11:03:29","timestamp":"1769673809789","isConnected":"False","numBoard":"0","numSteps":"24434","numSpeed":"-0.000000","numAccel":"114","numDecel":"95","currentPos":"112","startPos":"1101021472","endPos":"30469"}
[2026-01-29 11:03:30.790069] [debug] WebSocketServer: Broadcasting to 1 clients: {"server_time":"2026-01-29 11:03:30","timestamp":"1769673810790","isConnected":"False","numBoard":"0","numSteps":"24434","numSpeed":"-0.000000","numAccel":"114","numDecel":"95","currentPos":"112","startPos":"1101021472","endPos":"30469"}
[2026-01-29 11:03:31.790403] [debug] WebSocketServer: Broadcasting to 1 clients: {"server_time":"2026-01-29 11:03:31","timestamp":"1769673811790","isConnected":"False","numBoard":"0","numSteps":"24434","numSpeed":"-0.000000","numAccel":"114","numDecel":"95","currentPos":"112","startPos":"1101021472","endPos":"30469"}
[2026-01-29 11:03:32.790724] [debug] WebSocketServer: Broadcasting to 1 clients: {"server_time":"2026-01-29 11:03:32","timestamp":"1769673812790","isConnected":"False","numBoard":"0","numSteps":"24434","numSpeed":"-0.000000","numAccel":"114","numDecel":"95","currentPos":"112","startPos":"1101021472","endPos":"30469"}
[2026-01-29 11:03:33.791021] [debug] WebSocketServer: Broadcasting to 1 clients: {"server_time":"2026-01-29 11:03:33","timestamp":"1769673813790","isConnected":"False","numBoard":"0","numSteps":"24434","numSpeed":"-0.000000","numAccel":"114","numDecel":"95","currentPos":"112","startPos":"1101021472","endPos":"30469"}
[2026-01-29 11:03:34.791360] [debug] WebSocketServer: Broadcasting to 1 clients: {"server_time":"2026-01-29 11:03:34","timestamp":"1769673814791","isConnected":"False","numBoard":"0","numSteps":"24434","numSpeed":"-0.000000","numAccel":"114","numDecel":"95","currentPos":"112","startPos":"1101021472","endPos":"30469"}
[2026-01-29 11:03:35.791659] [debug] WebSocketServer: Broadcasting to 1 clients: {"server_time":"2026-01-29 11:03:35","timestamp":"1769673815791","isConnected":"False","numBoard":"0","numSteps":"24434","numSpeed":"-0.000000","numAccel":"114","numDecel":"95","currentPos":"112","startPos":"1101021472","endPos":"30469"}
[2026-01-29 11:03:36.791927] [debug] WebSocketServer: Broadcasting to 1 clients: {"server_time":"2026-01-29 11:03:36","timestamp":"1769673816791","isConnected":"False","numBoard":"0","numSteps":"24434","numSpeed":"-0.000000","numAccel":"114","numDecel":"95","currentPos":"112","startPos":"1101021472","endPos":"30469"}
[2026-01-29 11:03:37.792227] [debug] WebSocketServer: Broadcasting to 1 clients: {"server_time":"2026-01-29 11:03:37","timestamp":"1769673817792","isConnected":"False","numBoard":"0","numSteps":"24434","numSpeed":"-0.000000","numAccel":"114","numDecel":"95","currentPos":"112","startPos":"1101021472","endPos":"30469"}
[2026-01-29 11:03:38.792558] [debug] WebSocketServer: Broadcasting to 1 clients: {"server_time":"2026-01-29 11:03:38","timestamp":"1769673818792","isConnected":"False","numBoard":"0","numSteps":"24434","numSpeed":"-0.000000","numAccel":"114","numDecel":"95","currentPos":"112","startPos":"1101021472","endPos":"30469"}
[2026-01-29 11:03:39.792909] [debug] WebSocketServer: Broadcasting to 1 clients: {"server_time":"2026-01-29 11:03:39","timestamp":"1769673819792","isConnected":"False","numBoard":"0","numSteps":"24434","numSpeed":"-0.000000","numAccel":"114","numDecel":"95","currentPos":"112","startPos":"1101021472","endPos":"30469"}
[2026-01-29 11:03:40.793315] [debug] WebSocketServer: Broadcasting to 1 clients: {"server_time":"2026-01-29 11:03:40","timestamp":"1769673820793","isConnected":"False","numBoard":"0","numSteps":"24434","numSpeed":"-0.000000","numAccel":"114","numDecel":"95","currentPos":"112","startPos":"1101021472","endPos":"30469"}
[2026-01-29 11:03:41.793690] [debug] WebSocketServer: Broadcasting to 1 clients: {"server_time":"2026-01-29 11:03:41","timestamp":"1769673821793","isConnected":"False","numBoard":"0","numSteps":"24434","numSpeed":"-0.000000","numAccel":"114","numDecel":"95","currentPos":"112","startPos":"1101021472","endPos":"30469"}
[2026-01-29 11:03:42.794013] [debug] WebSocketServer: Broadcasting to 1 clients: {"server_time":"2026-01-29 11:03:42","timestamp":"1769673822793","isConnected":"False","numBoard":"0","numSteps":"24434","numSpeed":"-0.000000","numAccel":"114","numDecel":"95","currentPos":"112","startPos":"1101021472","endPos":"30469"}
[2026-01-29 11:03:43.794399] [debug] WebSocketServer: Broadcasting to 1 clients: {"server_time":"2026-01-29 11:03:43","timestamp":"1769673823794","isConnected":"False","numBoard":"0","numSteps":"24434","numSpeed":"-0.000000","numAccel":"114","numDecel":"95","currentPos":"112","startPos":"1101021472","endPos":"30469"}
[2026-01-29 11:03:44.794671] [debug] WebSocketServer: Broadcasting to 1 clients: {"server_time":"2026-01-29 11:03:44","timestamp":"1769673824794","isConnected":"False","numBoard":"0","numSteps":"24434","numSpeed":"-0.000000","numAccel":"114","numDecel":"95","currentPos":"112","startPos":"1101021472","endPos":"30469"}
[2026-01-29 11:03:45.794948] [debug] WebSocketServer: Broadcasting to 1 clients: {"server_time":"2026-01-29 11:03:45","timestamp":"1769673825794","isConnected":"False","numBoard":"0","numSteps":"24434","numSpeed":"-0.000000","numAccel":"114","numDecel":"95","currentPos":"112","startPos":"1101021472","endPos":"30469"}
[2026-01-29 11:03:46.795272] [debug] WebSocketServer: Broadcasting to 1 clients: {"server_time":"2026-01-29 11:03:46","timestamp":"1769673826795","isConnected":"False","numBoard":"0","numSteps":"24434","numSpeed":"-0.000000","numAccel":"114","numDecel":"95","currentPos":"112","startPos":"1101021472","endPos":"30469"}
[2026-01-29 11:03:47.795548] [debug] WebSocketServer: Broadcasting to 1 clients: {"server_time":"2026-01-29 11:03:47","timestamp":"1769673827795","isConnected":"False","numBoard":"0","numSteps":"24434","numSpeed":"-0.000000","numAccel":"114","numDecel":"95","currentPos":"112","startPos":"1101021472","endPos":"30469"}
[2026-01-29 11:03:48.795831] [debug] WebSocketServer: Broadcasting to 1 clients: {"server_time":"2026-01-29 11:03:48","timestamp":"1769673828795","isConnected":"False","numBoard":"0","numSteps":"24434","numSpeed":"-0.000000","numAccel":"114","numDecel":"95","currentPos":"112","startPos":"1101021472","endPos":"30469"}
[2026-01-29 11:03:49.796107] [debug] WebSocketServer: Broadcasting to 1 clients: {"server_time":"2026-01-29 11:03:49","timestamp":"1769673829796","isConnected":"False","numBoard":"0","numSteps":"24434","numSpeed":"-0.000000","numAccel":"114","numDecel":"95","currentPos":"112","startPos":"1101021472","endPos":"30469"}
[2026-01-29 11:03:50.796395] [debug] WebSocketServer: Broadcasting to 1 clients: {"server_time":"2026-01-29 11:03:50","timestamp":"1769673830796","isConnected":"False","numBoard":"0","numSteps":"24434","numSpeed":"-0.000000","numAccel":"114","numDecel":"95","currentPos":"112","startPos":"1101021472","endPos":"30469"}
[2026-01-29 11:03:51.796711] [debug] WebSocketServer: Broadcasting to 1 clients: {"server_time":"2026-01-29 11:03:51","timestamp":"1769673831796","isConnected":"False","numBoard":"0","numSteps":"24434","numSpeed":"-0.000000","numAccel":"114","numDecel":"95","currentPos":"112","startPos":"1101021472","endPos":"30469"}
[2026-01-29 11:03:52.797031] [debug] WebSocketServer: Broadcasting to 1 clients: {"server_time":"2026-01-29 11:03:52","timestamp":"1769673832796","isConnected":"False","numBoard":"0","numSteps":"24434","numSpeed":"-0.000000","numAccel":"114","numDecel":"95","currentPos":"112","startPos":"1101021472","endPos":"30469"}
[2026-01-29 11:03:53.797471] [debug] WebSocketServer: Broadcasting to 1 clients: {"server_time":"2026-01-29 11:03:53","timestamp":"1769673833797","isConnected":"False","numBoard":"0","numSteps":"24434","numSpeed":"-0.000000","numAccel":"114","numDecel":"95","currentPos":"112","startPos":"1101021472","endPos":"30469"}
[2026-01-29 11:03:54.797796] [debug] WebSocketServer: Broadcasting to 1 clients: {"server_time":"2026-01-29 11:03:54","timestamp":"1769673834797","isConnected":"False","numBoard":"0","numSteps":"24434","numSpeed":"-0.000000","numAccel":"114","numDecel":"95","currentPos":"112","startPos":"1101021472","endPos":"30469"}
[2026-01-29 11:03:55.798384] [debug] WebSocketServer: Broadcasting to 1 clients: {"server_time":"2026-01-29 11:03:55","timestamp":"1769673835798","isConnected":"False","numBoard":"0","numSteps":"24434","numSpeed":"-0.000000","numAccel":"114","numDecel":"95","currentPos":"112","startPos":"1101021472","endPos":"30469"}
[2026-01-29 11:03:56.798767] [debug] WebSocketServer: Broadcasting to 1 clients: {"server_time":"2026-01-29 11:03:56","timestamp":"1769673836798","isConnected":"False","numBoard":"0","numSteps":"24434","numSpeed":"-0.000000","numAccel":"114","numDecel":"95","currentPos":"112","startPos":"1101021472","endPos":"30469"}
[2026-01-29 11:03:57.799260] [debug] WebSocketServer: Broadcasting to 1 clients: {"server_time":"2026-01-29 11:03:57","timestamp":"1769673837799","isConnected":"False","numBoard":"0","numSteps":"24434","numSpeed":"-0.000000","numAccel":"114","numDecel":"95","currentPos":"112","startPos":"1101021472","endPos":"30469"}
[2026-01-29 11:03:58.799641] [debug] WebSocketServer: Broadcasting to 1 clients: {"server_time":"2026-01-29 11:03:58","timestamp":"1769673838799","isConnected":"False","numBoard":"0","numSteps":"24434","numSpeed":"-0.000000","numAccel":"114","numDecel":"95","currentPos":"112","startPos":"1101021472","endPos":"30469"}
[2026-01-29 11:03:59.799948] [debug] WebSocketServer: Broadcasting to 1 clients: {"server_time":"2026-01-29 11:03:59","timestamp":"1769673839799","isConnected":"False","numBoard":"0","numSteps":"24434","numSpeed":"-0.000000","numAccel":"114","numDecel":"95","currentPos":"112","startPos":"1101021472","endPos":"30469"}
[2026-01-29 11:04:00.800251] [debug] WebSocketServer: Broadcasting to 1 clients: {"server_time":"2026-01-29 11:04:00","timestamp":"1769673840800","isConnected":"False","numBoard":"0","numSteps":"24434","numSpeed":"-0.000000","numAccel":"114","numDecel":"95","currentPos":"112","startPos":"1101021472","endPos":"30469"}
[2026-01-29 11:04:01.800692] [debug] WebSocketServer: Broadcasting to 1 clients: {"server_time":"2026-01-29 11:04:01","timestamp":"1769673841800","isConnected":"False","numBoard":"0","numSteps":"24434","numSpeed":"-0.000000","numAccel":"114","numDecel":"95","currentPos":"112","startPos":"1101021472","endPos":"30469"}
[2026-01-29 11:04:02.800988] [debug] WebSocketServer: Broadcasting to 1 clients: {"server_time":"2026-01-29 11:04:02","timestamp":"1769673842800","isConnected":"False","numBoard":"0","numSteps":"24434","numSpeed":"-0.000000","numAccel":"114","numDecel":"95","currentPos":"112","startPos":"1101021472","endPos":"30469"}
[2026-01-29 11:04:03.801282] [debug] WebSocketServer: Broadcasting to 1 clients: {"server_time":"2026-01-29 11:04:03","timestamp":"1769673843801","isConnected":"False","numBoard":"0","numSteps":"24434","numSpeed":"-0.000000","numAccel":"114","numDecel":"95","currentPos":"112","startPos":"1101021472","endPos":"30469"}
[2026-01-29 11:04:04.801578] [debug] WebSocketServer: Broadcasting to 1 clients: {"server_time":"2026-01-29 11:04:04","timestamp":"1769673844801","isConnected":"False","numBoard":"0","numSteps":"24434","numSpeed":"-0.000000","numAccel":"114","numDecel":"95","currentPos":"112","startPos":"1101021472","endPos":"30469"}
[2026-01-29 11:04:05.801896] [debug] WebSocketServer: Broadcasting to 1 clients: {"server_time":"2026-01-29 11:04:05","timestamp":"1769673845801","isConnected":"False","numBoard":"0","numSteps":"24434","numSpeed":"-0.000000","numAccel":"114","numDecel":"95","currentPos":"112","startPos":"1101021472","endPos":"30469"}
[2026-01-29 11:04:06.802206] [debug] WebSocketServer: Broadcasting to 1 clients: {"server_time":"2026-01-29 11:04:06","timestamp":"1769673846802","isConnected":"False","numBoard":"0","numSteps":"24434","numSpeed":"-0.000000","numAccel":"114","numDecel":"95","currentPos":"112","startPos":"1101021472","endPos":"30469"}
[2026-01-29 11:04:07.802546] [debug] WebSocketServer: Broadcasting to 1 clients: {"server_time":"2026-01-29 11:04:07","timestamp":"1769673847802","isConnected":"False","numBoard":"0","numSteps":"24434","numSpeed":"-0.000000","numAccel":"114","numDecel":"95","currentPos":"112","startPos":"1101021472","endPos":"30469"}
[2026-01-29 11:04:08.802876] [debug] WebSocketServer: Broadcasting to 1 clients: {"server_time":"2026-01-29 11:04:08","timestamp":"1769673848802","isConnected":"False","numBoard":"0","numSteps":"24434","numSpeed":"-0.000000","numAccel":"114","numDecel":"95","currentPos":"112","startPos":"1101021472","endPos":"30469"}
[2026-01-29 11:04:09.803227] [debug] WebSocketServer: Broadcasting to 1 clients: {"server_time":"2026-01-29 11:04:09","timestamp":"1769673849803","isConnected":"False","numBoard":"0","numSteps":"24434","numSpeed":"-0.000000","numAccel":"114","numDecel":"95","currentPos":"112","startPos":"1101021472","endPos":"30469"}
[2026-01-29 11:04:10.810269] [debug] WebSocketServer: Broadcasting to 1 clients: {"server_time":"2026-01-29 11:04:10","timestamp":"1769673850810","isConnected":"False","numBoard":"0","numSteps":"24434","numSpeed":"-0.000000","numAccel":"114","numDecel":"95","currentPos":"112","startPos":"1101021472","endPos":"30469"}
[2026-01-29 11:04:11.810832] [debug] WebSocketServer: Broadcasting to 1 clients: {"server_time":"2026-01-29 11:04:11","timestamp":"1769673851810","isConnected":"False","numBoard":"0","numSteps":"24434","numSpeed":"-0.000000","numAccel":"114","numDecel":"95","currentPos":"112","startPos":"1101021472","endPos":"30469"}
[2026-01-29 11:04:12.811303] [debug] WebSocketServer: Broadcasting to 1 clients: {"server_time":"2026-01-29 11:04:12","timestamp":"1769673852811","isConnected":"False","numBoard":"0","numSteps":"24434","numSpeed":"-0.000000","numAccel":"114","numDecel":"95","currentPos":"112","startPos":"1101021472","endPos":"30469"}
[2026-01-29 11:04:13.811620] [debug] WebSocketServer: Broadcasting to 1 clients: {"server_time":"2026-01-29 11:04:13","timestamp":"1769673853811","isConnected":"False","numBoard":"0","numSteps":"24434","numSpeed":"-0.000000","numAccel":"114","numDecel":"95","currentPos":"112","startPos":"1101021472","endPos":"30469"}
[2026-01-29 11:04:14.811933] [debug] WebSocketServer: Broadcasting to 1 clients: {"server_time":"2026-01-29 11:04:14","timestamp":"1769673854811","isConnected":"False","numBoard":"0","numSteps":"24434","numSpeed":"-0.000000","numAccel":"114","numDecel":"95","currentPos":"112","startPos":"1101021472","endPos":"30469"}
[2026-01-29 11:04:15.812206] [debug] WebSocketServer: Broadcasting to 1 clients: {"server_time":"2026-01-29 11:04:15","timestamp":"1769673855812","isConnected":"False","numBoard":"0","numSteps":"24434","numSpeed":"-0.000000","numAccel":"114","numDecel":"95","currentPos":"112","startPos":"1101021472","endPos":"30469"}
[2026-01-29 11:04:16.812523] [debug] WebSocketServer: Broadcasting to 1 clients: {"server_time":"2026-01-29 11:04:16","timestamp":"1769673856812","isConnected":"False","numBoard":"0","numSteps":"24434","numSpeed":"-0.000000","numAccel":"114","numDecel":"95","currentPos":"112","startPos":"1101021472","endPos":"30469"}
[2026-01-29 11:04:17.812859] [debug] WebSocketServer: Broadcasting to 1 clients: {"server_time":"2026-01-29 11:04:17","timestamp":"1769673857812","isConnected":"False","numBoard":"0","numSteps":"24434","numSpeed":"-0.000000","numAccel":"114","numDecel":"95","currentPos":"112","startPos":"1101021472","endPos":"30469"}
[2026-01-29 11:04:18.813160] [debug] WebSocketServer: Broadcasting to 1 clients: {"server_time":"2026-01-29 11:04:18","timestamp":"1769673858813","isConnected":"False","numBoard":"0","numSteps":"24434","numSpeed":"-0.000000","numAccel":"114","numDecel":"95","currentPos":"112","startPos":"1101021472","endPos":"30469"}
[2026-01-29 11:04:19.813460] [debug] WebSocketServer: Broadcasting to 1 clients: {"server_time":"2026-01-29 11:04:19","timestamp":"1769673859813","isConnected":"False","numBoard":"0","numSteps":"24434","numSpeed":"-0.000000","numAccel":"114","numDecel":"95","currentPos":"112","startPos":"1101021472","endPos":"30469"}
[2026-01-29 11:04:20.813763] [debug] WebSocketServer: Broadcasting to 1 clients: {"server_time":"2026-01-29 11:04:20","timestamp":"1769673860813","isConnected":"False","numBoard":"0","numSteps":"24434","numSpeed":"-0.000000","numAccel":"114","numDecel":"95","currentPos":"112","startPos":"1101021472","endPos":"30469"}
[2026-01-29 11:04:21.814037] [debug] WebSocketServer: Broadcasting to 1 clients: {"server_time":"2026-01-29 11:04:21","timestamp":"1769673861813","isConnected":"False","numBoard":"0","numSteps":"24434","numSpeed":"-0.000000","numAccel":"114","numDecel":"95","currentPos":"112","startPos":"1101021472","endPos":"30469"}
[2026-01-29 11:04:22.814343] [debug] WebSocketServer: Broadcasting to 1 clients: {"server_time":"2026-01-29 11:04:22","timestamp":"1769673862814","isConnected":"False","numBoard":"0","numSteps":"24434","numSpeed":"-0.000000","numAccel":"114","numDecel":"95","currentPos":"112","startPos":"1101021472","endPos":"30469"}
[2026-01-29 11:04:23.815179] [debug] WebSocketServer: Broadcasting to 1 clients: {"server_time":"2026-01-29 11:04:23","timestamp":"1769673863815","isConnected":"False","numBoard":"0","numSteps":"24434","numSpeed":"-0.000000","numAccel":"114","numDecel":"95","currentPos":"112","startPos":"1101021472","endPos":"30469"}
[2026-01-29 11:04:24.815556] [debug] WebSocketServer: Broadcasting to 1 clients: {"server_time":"2026-01-29 11:04:24","timestamp":"1769673864815","isConnected":"False","numBoard":"0","numSteps":"24434","numSpeed":"-0.000000","numAccel":"114","numDecel":"95","currentPos":"112","startPos":"1101021472","endPos":"30469"}
[2026-01-29 11:04:25.815877] [debug] WebSocketServer: Broadcasting to 1 clients: {"server_time":"2026-01-29 11:04:25","timestamp":"1769673865815","isConnected":"False","numBoard":"0","numSteps":"24434","numSpeed":"-0.000000","numAccel":"114","numDecel":"95","currentPos":"112","startPos":"1101021472","endPos":"30469"}
[2026-01-29 11:04:26.816178] [debug] WebSocketServer: Broadcasting to 1 clients: {"server_time":"2026-01-29 11:04:26","timestamp":"1769673866816","isConnected":"False","numBoard":"0","numSteps":"24434","numSpeed":"-0.000000","numAccel":"114","numDecel":"95","currentPos":"112","startPos":"1101021472","endPos":"30469"}
[2026-01-29 11:04:27.816432] [debug] WebSocketServer: Broadcasting to 1 clients: {"server_time":"2026-01-29 11:04:27","timestamp":"1769673867816","isConnected":"False","numBoard":"0","numSteps":"24434","numSpeed":"-0.000000","numAccel":"114","numDecel":"95","currentPos":"112","startPos":"1101021472","endPos":"30469"}
[2026-01-29 11:04:28.816751] [debug] WebSocketServer: Broadcasting to 1 clients: {"server_time":"2026-01-29 11:04:28","timestamp":"1769673868816","isConnected":"False","numBoard":"0","numSteps":"24434","numSpeed":"-0.000000","numAccel":"114","numDecel":"95","currentPos":"112","startPos":"1101021472","endPos":"30469"}
[2026-01-29 11:04:29.817046] [debug] WebSocketServer: Broadcasting to 1 clients: {"server_time":"2026-01-29 11:04:29","timestamp":"1769673869816","isConnected":"False","numBoard":"0","numSteps":"24434","numSpeed":"-0.000000","numAccel":"114","numDecel":"95","currentPos":"112","startPos":"1101021472","endPos":"30469"}
[2026-01-29 11:04:30.817359] [debug] WebSocketServer: Broadcasting to 1 clients: {"server_time":"2026-01-29 11:04:30","timestamp":"1769673870817","isConnected":"False","numBoard":"0","numSteps":"24434","numSpeed":"-0.000000","numAccel":"114","numDecel":"95","currentPos":"112","startPos":"1101021472","endPos":"30469"}
[2026-01-29 11:04:31.817626] [debug] WebSocketServer: Broadcasting to 1 clients: {"server_time":"2026-01-29 11:04:31","timestamp":"1769673871817","isConnected":"False","numBoard":"0","numSteps":"24434","numSpeed":"-0.000000","numAccel":"114","numDecel":"95","currentPos":"112","startPos":"1101021472","endPos":"30469"}
[2026-01-29 11:04:32.817921] [debug] WebSocketServer: Broadcasting to 1 clients: {"server_time":"2026-01-29 11:04:32","timestamp":"1769673872817","isConnected":"False","numBoard":"0","numSteps":"24434","numSpeed":"-0.000000","numAccel":"114","numDecel":"95","currentPos":"112","startPos":"1101021472","endPos":"30469"}
[2026-01-29 11:04:33.818201] [debug] WebSocketServer: Broadcasting to 1 clients: {"server_time":"2026-01-29 11:04:33","timestamp":"1769673873818","isConnected":"False","numBoard":"0","numSteps":"24434","numSpeed":"-0.000000","numAccel":"114","numDecel":"95","currentPos":"112","startPos":"1101021472","endPos":"30469"}
[2026-01-29 11:04:34.818693] [debug] WebSocketServer: Broadcasting to 1 clients: {"server_time":"2026-01-29 11:04:34","timestamp":"1769673874818","isConnected":"False","numBoard":"0","numSteps":"24434","numSpeed":"-0.000000","numAccel":"114","numDecel":"95","currentPos":"112","startPos":"1101021472","endPos":"30469"}
[2026-01-29 11:04:35.819007] [debug] WebSocketServer: Broadcasting to 1 clients: {"server_time":"2026-01-29 11:04:35","timestamp":"1769673875818","isConnected":"False","numBoard":"0","numSteps":"24434","numSpeed":"-0.000000","numAccel":"114","numDecel":"95","currentPos":"112","startPos":"1101021472","endPos":"30469"}
[2026-01-29 11:04:36.819315] [debug] WebSocketServer: Broadcasting to 1 clients: {"server_time":"2026-01-29 11:04:36","timestamp":"1769673876819","isConnected":"False","numBoard":"0","numSteps":"24434","numSpeed":"-0.000000","numAccel":"114","numDecel":"95","currentPos":"112","startPos":"1101021472","endPos":"30469"}
[2026-01-29 11:04:37.819602] [debug] WebSocketServer: Broadcasting to 1 clients: {"server_time":"2026-01-29 11:04:37","timestamp":"1769673877819","isConnected":"False","numBoard":"0","numSteps":"24434","numSpeed":"-0.000000","numAccel":"114","numDecel":"95","currentPos":"112","startPos":"1101021472","endPos":"30469"}
[2026-01-29 11:04:38.820124] [debug] WebSocketServer: Broadcasting to 1 clients: {"server_time":"2026-01-29 11:04:38","timestamp":"1769673878820","isConnected":"False","numBoard":"0","numSteps":"24434","numSpeed":"-0.000000","numAccel":"114","numDecel":"95","currentPos":"112","startPos":"1101021472","endPos":"30469"}
[2026-01-29 11:04:39.820434] [debug] WebSocketServer: Broadcasting to 1 clients: {"server_time":"2026-01-29 11:04:39","timestamp":"1769673879820","isConnected":"False","numBoard":"0","numSteps":"24434","numSpeed":"-0.000000","numAccel":"114","numDecel":"95","currentPos":"112","startPos":"1101021472","endPos":"30469"}
[2026-01-29 11:04:40.820785] [debug] WebSocketServer: Broadcasting to 1 clients: {"server_time":"2026-01-29 11:04:40","timestamp":"1769673880820","isConnected":"False","numBoard":"0","numSteps":"24434","numSpeed":"-0.000000","numAccel":"114","numDecel":"95","currentPos":"112","startPos":"1101021472","endPos":"30469"}
[2026-01-29 11:04:41.821085] [debug] WebSocketServer: Broadcasting to 1 clients: {"server_time":"2026-01-29 11:04:41","timestamp":"1769673881821","isConnected":"False","numBoard":"0","numSteps":"24434","numSpeed":"-0.000000","numAccel":"114","numDecel":"95","currentPos":"112","startPos":"1101021472","endPos":"30469"}
[2026-01-29 11:04:42.821359] [debug] WebSocketServer: Broadcasting to 1 clients: {"server_time":"2026-01-29 11:04:42","timestamp":"1769673882821","isConnected":"False","numBoard":"0","numSteps":"24434","numSpeed":"-0.000000","numAccel":"114","numDecel":"95","currentPos":"112","startPos":"1101021472","endPos":"30469"}
[2026-01-29 11:04:43.821662] [debug] WebSocketServer: Broadcasting to 1 clients: {"server_time":"2026-01-29 11:04:43","timestamp":"1769673883821","isConnected":"False","numBoard":"0","numSteps":"24434","numSpeed":"-0.000000","numAccel":"114","numDecel":"95","currentPos":"112","startPos":"1101021472","endPos":"30469"}
[2026-01-29 11:04:44.821921] [debug] WebSocketServer: Broadcasting to 1 clients: {"server_time":"2026-01-29 11:04:44","timestamp":"1769673884821","isConnected":"False","numBoard":"0","numSteps":"24434","numSpeed":"-0.000000","numAccel":"114","numDecel":"95","currentPos":"112","startPos":"1101021472","endPos":"30469"}
[2026-01-29 11:04:45.822179] [debug] WebSocketServer: Broadcasting to 1 clients: {"server_time":"2026-01-29 11:04:45","timestamp":"1769673885822","isConnected":"False","numBoard":"0","numSteps":"24434","numSpeed":"-0.000000","numAccel":"114","numDecel":"95","currentPos":"112","startPos":"1101021472","endPos":"30469"}
[2026-01-29 11:04:46.822435] [debug] WebSocketServer: Broadcasting to 1 clients: {"server_time":"2026-01-29 11:04:46","timestamp":"1769673886822","isConnected":"False","numBoard":"0","numSteps":"24434","numSpeed":"-0.000000","numAccel":"114","numDecel":"95","currentPos":"112","startPos":"1101021472","endPos":"30469"}
[2026-01-29 11:04:47.822701] [debug] WebSocketServer: Broadcasting to 1 clients: {"server_time":"2026-01-29 11:04:47","timestamp":"1769673887822","isConnected":"False","numBoard":"0","numSteps":"24434","numSpeed":"-0.000000","numAccel":"114","numDecel":"95","currentPos":"112","startPos":"1101021472","endPos":"30469"}
[2026-01-29 11:04:48.822974] [debug] WebSocketServer: Broadcasting to 1 clients: {"server_time":"2026-01-29 11:04:48","timestamp":"1769673888822","isConnected":"False","numBoard":"0","numSteps":"24434","numSpeed":"-0.000000","numAccel":"114","numDecel":"95","currentPos":"112","startPos":"1101021472","endPos":"30469"}
[2026-01-29 11:04:49.823240] [debug] WebSocketServer: Broadcasting to 1 clients: {"server_time":"2026-01-29 11:04:49","timestamp":"1769673889823","isConnected":"False","numBoard":"0","numSteps":"24434","numSpeed":"-0.000000","numAccel":"114","numDecel":"95","currentPos":"112","startPos":"1101021472","endPos":"30469"}
[2026-01-29 11:04:50.823503] [debug] WebSocketServer: Broadcasting to 1 clients: {"server_time":"2026-01-29 11:04:50","timestamp":"1769673890823","isConnected":"False","numBoard":"0","numSteps":"24434","numSpeed":"-0.000000","numAccel":"114","numDecel":"95","currentPos":"112","startPos":"1101021472","endPos":"30469"}
[2026-01-29 11:04:51.823784] [debug] WebSocketServer: Broadcasting to 1 clients: {"server_time":"2026-01-29 11:04:51","timestamp":"1769673891823","isConnected":"False","numBoard":"0","numSteps":"24434","numSpeed":"-0.000000","numAccel":"114","numDecel":"95","currentPos":"112","startPos":"1101021472","endPos":"30469"}
[2026-01-29 11:04:52.824064] [debug] WebSocketServer: Broadcasting to 1 clients: {"server_time":"2026-01-29 11:04:52","timestamp":"1769673892824","isConnected":"False","numBoard":"0","numSteps":"24434","numSpeed":"-0.000000","numAccel":"114","numDecel":"95","currentPos":"112","startPos":"1101021472","endPos":"30469"}
[2026-01-29 11:04:53.824343] [debug] WebSocketServer: Broadcasting to 1 clients: {"server_time":"2026-01-29 11:04:53","timestamp":"1769673893824","isConnected":"False","numBoard":"0","numSteps":"24434","numSpeed":"-0.000000","numAccel":"114","numDecel":"95","currentPos":"112","startPos":"1101021472","endPos":"30469"}
[2026-01-29 11:04:54.824655] [debug] WebSocketServer: Broadcasting to 1 clients: {"server_time":"2026-01-29 11:04:54","timestamp":"1769673894824","isConnected":"False","numBoard":"0","numSteps":"24434","numSpeed":"-0.000000","numAccel":"114","numDecel":"95","currentPos":"112","startPos":"1101021472","endPos":"30469"}
[2026-01-29 11:04:55.824958] [debug] WebSocketServer: Broadcasting to 1 clients: {"server_time":"2026-01-29 11:04:55","timestamp":"1769673895824","isConnected":"False","numBoard":"0","numSteps":"24434","numSpeed":"-0.000000","numAccel":"114","numDecel":"95","currentPos":"112","startPos":"1101021472","endPos":"30469"}
[2026-01-29 11:04:56.825245] [debug] WebSocketServer: Broadcasting to 1 clients: {"server_time":"2026-01-29 11:04:56","timestamp":"1769673896825","isConnected":"False","numBoard":"0","numSteps":"24434","numSpeed":"-0.000000","numAccel":"114","numDecel":"95","currentPos":"112","startPos":"1101021472","endPos":"30469"}
[2026-01-29 11:04:57.825529] [debug] WebSocketServer: Broadcasting to 1 clients: {"server_time":"2026-01-29 11:04:57","timestamp":"1769673897825","isConnected":"False","numBoard":"0","numSteps":"24434","numSpeed":"-0.000000","numAccel":"114","numDecel":"95","currentPos":"112","startPos":"1101021472","endPos":"30469"}
[2026-01-29 11:04:58.825894] [debug] WebSocketServer: Broadcasting to 1 clients: {"server_time":"2026-01-29 11:04:58","timestamp":"1769673898825","isConnected":"False","numBoard":"0","numSteps":"24434","numSpeed":"-0.000000","numAccel":"114","numDecel":"95","currentPos":"112","startPos":"1101021472","endPos":"30469"}
[2026-01-29 11:04:59.826164] [debug] WebSocketServer: Broadcasting to 1 clients: {"server_time":"2026-01-29 11:04:59","timestamp":"1769673899826","isConnected":"False","numBoard":"0","numSteps":"24434","numSpeed":"-0.000000","numAccel":"114","numDecel":"95","currentPos":"112","startPos":"1101021472","endPos":"30469"}
[2026-01-29 11:05:00.826437] [debug] WebSocketServer: Broadcasting to 1 clients: {"server_time":"2026-01-29 11:05:00","timestamp":"1769673900826","isConnected":"False","numBoard":"0","numSteps":"24434","numSpeed":"-0.000000","numAccel":"114","numDecel":"95","currentPos":"112","startPos":"1101021472","endPos":"30469"}
[2026-01-29 11:05:01.826717] [debug] WebSocketServer: Broadcasting to 1 clients: {"server_time":"2026-01-29 11:05:01","timestamp":"1769673901826","isConnected":"False","numBoard":"0","numSteps":"24434","numSpeed":"-0.000000","numAccel":"114","numDecel":"95","currentPos":"112","startPos":"1101021472","endPos":"30469"}
[2026-01-29 11:05:02.826984] [debug] WebSocketServer: Broadcasting to 1 clients: {"server_time":"2026-01-29 11:05:02","timestamp":"1769673902826","isConnected":"False","numBoard":"0","numSteps":"24434","numSpeed":"-0.000000","numAccel":"114","numDecel":"95","currentPos":"112","startPos":"1101021472","endPos":"30469"}
[2026-01-29 11:05:03.827260] [debug] WebSocketServer: Broadcasting to 1 clients: {"server_time":"2026-01-29 11:05:03","timestamp":"1769673903827","isConnected":"False","numBoard":"0","numSteps":"24434","numSpeed":"-0.000000","numAccel":"114","numDecel":"95","currentPos":"112","startPos":"1101021472","endPos":"30469"}
[2026-01-29 11:05:04.827541] [debug] WebSocketServer: Broadcasting to 1 clients: {"server_time":"2026-01-29 11:05:04","timestamp":"1769673904827","isConnected":"False","numBoard":"0","numSteps":"24434","numSpeed":"-0.000000","numAccel":"114","numDecel":"95","currentPos":"112","startPos":"1101021472","endPos":"30469"}
[2026-01-29 11:05:05.827863] [debug] WebSocketServer: Broadcasting to 1 clients: {"server_time":"2026-01-29 11:05:05","timestamp":"1769673905827","isConnected":"False","numBoard":"0","numSteps":"24434","numSpeed":"-0.000000","numAccel":"114","numDecel":"95","currentPos":"112","startPos":"1101021472","endPos":"30469"}
[2026-01-29 11:05:06.828136] [debug] WebSocketServer: Broadcasting to 1 clients: {"server_time":"2026-01-29 11:05:06","timestamp":"1769673906828","isConnected":"False","numBoard":"0","numSteps":"24434","numSpeed":"-0.000000","numAccel":"114","numDecel":"95","currentPos":"112","startPos":"1101021472","endPos":"30469"}
[2026-01-29 11:05:07.828412] [debug] WebSocketServer: Broadcasting to 1 clients: {"server_time":"2026-01-29 11:05:07","timestamp":"1769673907828","isConnected":"False","numBoard":"0","numSteps":"24434","numSpeed":"-0.000000","numAccel":"114","numDecel":"95","currentPos":"112","startPos":"1101021472","endPos":"30469"}
[2026-01-29 11:05:47.867227] [info] RestApiServer created on port 8080
[2026-01-29 11:05:47.867529] [info] WebSocketServer created on port 8081
[2026-01-29 11:05:47.867687] [info] GrpcApiServer created on port 50051
[2026-01-29 11:05:47.868651] [info] MqttApiServer created. Broker: tcp://127.0.0.1:1883
[2026-01-29 11:05:47.868833] [info] WebSocketServer: Started auto updates with interval 1000ms
[2026-01-29 11:05:47.868957] [info] Connecting to MQTT Brokear...
[2026-01-29 11:05:47.869450] [info] WebSocketServer starting on port 8081
[2026-01-29 11:05:47.869611] [info] WebSocketServer: Auto update worker started
[2026-01-29 11:05:47.869788] [info] Run RestApiServer on port 8080
[2026-01-29 11:05:47.872138] [info] Run gRPC Server on 0.0.0.0:50051
[2026-01-29 11:05:47.880323] [info] MQTT Connected successfully
[2026-01-29 11:05:51.317403] [info] WebSocket client connected. Total clients: 1
[2026-01-29 11:05:51.870223] [debug] WebSocketServer: Broadcasting to 1 clients: {"server_time":"2026-01-29 11:05:51","timestamp":"1769673951870","isConnected":"False","numBoard":"0","numSteps":"25940","numSpeed":"-692083986399403667582337088600670208.000000","numAccel":"84","numDecel":"101","currentPos":"112","startPos":"3663741216","endPos":"32031"}
[2026-01-29 11:05:52.870527] [debug] WebSocketServer: Broadcasting to 1 clients: {"server_time":"2026-01-29 11:05:52","timestamp":"1769673952870","isConnected":"False","numBoard":"0","numSteps":"25940","numSpeed":"-692083986399403667582337088600670208.000000","numAccel":"84","numDecel":"101","currentPos":"112","startPos":"3663741216","endPos":"32031"}
[2026-01-29 11:05:53.871039] [debug] WebSocketServer: Broadcasting to 1 clients: {"server_time":"2026-01-29 11:05:53","timestamp":"1769673953870","isConnected":"False","numBoard":"0","numSteps":"25940","numSpeed":"-692083986399403667582337088600670208.000000","numAccel":"84","numDecel":"101","currentPos":"112","startPos":"3663741216","endPos":"32031"}
[2026-01-29 11:05:54.871629] [debug] WebSocketServer: Broadcasting to 1 clients: {"server_time":"2026-01-29 11:05:54","timestamp":"1769673954871","isConnected":"False","numBoard":"0","numSteps":"25940","numSpeed":"-692083986399403667582337088600670208.000000","numAccel":"84","numDecel":"101","currentPos":"112","startPos":"3663741216","endPos":"32031"}
[2026-01-29 11:05:55.871998] [debug] WebSocketServer: Broadcasting to 1 clients: {"server_time":"2026-01-29 11:05:55","timestamp":"1769673955871","isConnected":"False","numBoard":"0","numSteps":"25940","numSpeed":"-692083986399403667582337088600670208.000000","numAccel":"84","numDecel":"101","currentPos":"112","startPos":"3663741216","endPos":"32031"}
[2026-01-29 11:05:56.872283] [debug] WebSocketServer: Broadcasting to 1 clients: {"server_time":"2026-01-29 11:05:56","timestamp":"1769673956872","isConnected":"False","numBoard":"0","numSteps":"25940","numSpeed":"-692083986399403667582337088600670208.000000","numAccel":"84","numDecel":"101","currentPos":"112","startPos":"3663741216","endPos":"32031"}
[2026-01-29 11:05:57.872572] [debug] WebSocketServer: Broadcasting to 1 clients: {"server_time":"2026-01-29 11:05:57","timestamp":"1769673957872","isConnected":"False","numBoard":"0","numSteps":"25940","numSpeed":"-692083986399403667582337088600670208.000000","numAccel":"84","numDecel":"101","currentPos":"112","startPos":"3663741216","endPos":"32031"}
[2026-01-29 11:05:58.872856] [debug] WebSocketServer: Broadcasting to 1 clients: {"server_time":"2026-01-29 11:05:58","timestamp":"1769673958872","isConnected":"False","numBoard":"0","numSteps":"25940","numSpeed":"-692083986399403667582337088600670208.000000","numAccel":"84","numDecel":"101","currentPos":"112","startPos":"3663741216","endPos":"32031"}
[2026-01-29 11:05:59.873139] [debug] WebSocketServer: Broadcasting to 1 clients: {"server_time":"2026-01-29 11:05:59","timestamp":"1769673959873","isConnected":"False","numBoard":"0","numSteps":"25940","numSpeed":"-692083986399403667582337088600670208.000000","numAccel":"84","numDecel":"101","currentPos":"112","startPos":"3663741216","endPos":"32031"}
[2026-01-29 11:06:00.873408] [debug] WebSocketServer: Broadcasting to 1 clients: {"server_time":"2026-01-29 11:06:00","timestamp":"1769673960873","isConnected":"False","numBoard":"0","numSteps":"25940","numSpeed":"-692083986399403667582337088600670208.000000","numAccel":"84","numDecel":"101","currentPos":"112","startPos":"3663741216","endPos":"32031"}
[2026-01-29 11:06:01.873697] [debug] WebSocketServer: Broadcasting to 1 clients: {"server_time":"2026-01-29 11:06:01","timestamp":"1769673961873","isConnected":"False","numBoard":"0","numSteps":"25940","numSpeed":"-692083986399403667582337088600670208.000000","numAccel":"84","numDecel":"101","currentPos":"112","startPos":"3663741216","endPos":"32031"}
[2026-01-29 11:06:02.873953] [debug] WebSocketServer: Broadcasting to 1 clients: {"server_time":"2026-01-29 11:06:02","timestamp":"1769673962873","isConnected":"False","numBoard":"0","numSteps":"25940","numSpeed":"-692083986399403667582337088600670208.000000","numAccel":"84","numDecel":"101","currentPos":"112","startPos":"3663741216","endPos":"32031"}
[2026-01-29 11:06:03.874403] [debug] WebSocketServer: Broadcasting to 1 clients: {"server_time":"2026-01-29 11:06:03","timestamp":"1769673963874","isConnected":"False","numBoard":"0","numSteps":"25940","numSpeed":"-692083986399403667582337088600670208.000000","numAccel":"84","numDecel":"101","currentPos":"112","startPos":"3663741216","endPos":"32031"}
[2026-01-29 11:06:04.250455] [info] POST /api/board/set {"numBoard":0}
[2026-01-29 11:06:04.874696] [debug] WebSocketServer: Broadcasting to 1 clients: {"server_time":"2026-01-29 11:06:04","timestamp":"1769673964874","isConnected":"False","numBoard":"0","numSteps":"25940","numSpeed":"-692083986399403667582337088600670208.000000","numAccel":"84","numDecel":"101","currentPos":"112","startPos":"3663741216","endPos":"32031"}
[2026-01-29 11:06:05.008733] [info] POST /api/steps/set {"numSteps":1000}
[2026-01-29 11:06:05.874968] [debug] WebSocketServer: Broadcasting to 1 clients: {"server_time":"2026-01-29 11:06:05","timestamp":"1769673965874","isConnected":"False","numBoard":"0","numSteps":"1000","numSpeed":"-692083986399403667582337088600670208.000000","numAccel":"84","numDecel":"101","currentPos":"112","startPos":"3663741216","endPos":"32031"}
[2026-01-29 11:06:06.415787] [info] POST /api/speed/set {"numSpeed":10}
[2026-01-29 11:06:06.875223] [debug] WebSocketServer: Broadcasting to 1 clients: {"server_time":"2026-01-29 11:06:06","timestamp":"1769673966875","isConnected":"False","numBoard":"0","numSteps":"1000","numSpeed":"10.000000","numAccel":"84","numDecel":"101","currentPos":"112","startPos":"3663741216","endPos":"32031"}
[2026-01-29 11:06:07.875506] [debug] WebSocketServer: Broadcasting to 1 clients: {"server_time":"2026-01-29 11:06:07","timestamp":"1769673967875","isConnected":"False","numBoard":"0","numSteps":"1000","numSpeed":"10.000000","numAccel":"84","numDecel":"101","currentPos":"112","startPos":"3663741216","endPos":"32031"}
[2026-01-29 11:06:08.096742] [info] POST /api/speed/set {"numSpeed":10}
[2026-01-29 11:06:08.875804] [debug] WebSocketServer: Broadcasting to 1 clients: {"server_time":"2026-01-29 11:06:08","timestamp":"1769673968875","isConnected":"False","numBoard":"0","numSteps":"1000","numSpeed":"10.000000","numAccel":"84","numDecel":"101","currentPos":"112","startPos":"3663741216","endPos":"32031"}
[2026-01-29 11:06:09.876073] [debug] WebSocketServer: Broadcasting to 1 clients: {"server_time":"2026-01-29 11:06:09","timestamp":"1769673969876","isConnected":"False","numBoard":"0","numSteps":"1000","numSpeed":"10.000000","numAccel":"84","numDecel":"101","currentPos":"112","startPos":"3663741216","endPos":"32031"}
[2026-01-29 11:06:10.353172] [info] POST /api/speed/set {"numSpeed":10}
[2026-01-29 11:06:10.876369] [debug] WebSocketServer: Broadcasting to 1 clients: {"server_time":"2026-01-29 11:06:10","timestamp":"1769673970876","isConnected":"False","numBoard":"0","numSteps":"1000","numSpeed":"10.000000","numAccel":"84","numDecel":"101","currentPos":"112","startPos":"3663741216","endPos":"32031"}
[2026-01-29 11:06:10.951727] [info] POST /api/speed/set {"numSpeed":10}
[2026-01-29 11:06:11.876704] [debug] WebSocketServer: Broadcasting to 1 clients: {"server_time":"2026-01-29 11:06:11","timestamp":"1769673971876","isConnected":"False","numBoard":"0","numSteps":"1000","numSpeed":"10.000000","numAccel":"84","numDecel":"101","currentPos":"112","startPos":"3663741216","endPos":"32031"}
[2026-01-29 11:06:12.750913] [info] WebSocket client disconnected (ENOTCONN)
[2026-01-29 11:06:12.751041] [info] Session removed. Active clients: 0
[2026-01-29 11:06:12.751076] [info] WebSocket session destroyed
[2026-01-29 11:07:24.249157] [info] RestApiServer created on port 8080
[2026-01-29 11:07:24.249328] [info] WebSocketServer created on port 8081
[2026-01-29 11:07:24.249437] [info] GrpcApiServer created on port 50051
[2026-01-29 11:07:24.250252] [info] MqttApiServer created. Broker: tcp://127.0.0.1:1883
[2026-01-29 11:07:24.250370] [info] WebSocketServer: Started auto updates with interval 1000ms
[2026-01-29 11:07:24.250361] [info] WebSocketServer starting on port 8081
[2026-01-29 11:07:24.250436] [info] WebSocketServer: Auto update worker started
[2026-01-29 11:07:24.250685] [info] Connecting to MQTT Brokear...
[2026-01-29 11:07:24.250826] [info] Run RestApiServer on port 8080
[2026-01-29 11:07:24.252965] [info] Run gRPC Server on 0.0.0.0:50051
[2026-01-29 11:07:24.261548] [info] MQTT Connected successfully
[2026-01-29 11:07:27.050445] [info] WebSocket client connected. Total clients: 1
[2026-01-29 11:07:27.250998] [debug] WebSocketServer: Broadcasting to 1 clients: {"server_time":"2026-01-29 11:07:27","timestamp":"1769674047250","isConnected":"False","numBoard":"0","numSteps":"24329","numSpeed":"110768260185892856274833048613158912.000000","numAccel":"9","numDecel":"95","currentPos":"112","startPos":"1923105056","endPos":"31450"}
[2026-01-29 11:07:28.251371] [debug] WebSocketServer: Broadcasting to 1 clients: {"server_time":"2026-01-29 11:07:28","timestamp":"1769674048251","isConnected":"False","numBoard":"0","numSteps":"24329","numSpeed":"110768260185892856274833048613158912.000000","numAccel":"9","numDecel":"95","currentPos":"112","startPos":"1923105056","endPos":"31450"}
[2026-01-29 11:07:29.251669] [debug] WebSocketServer: Broadcasting to 1 clients: {"server_time":"2026-01-29 11:07:29","timestamp":"1769674049251","isConnected":"False","numBoard":"0","numSteps":"24329","numSpeed":"110768260185892856274833048613158912.000000","numAccel":"9","numDecel":"95","currentPos":"112","startPos":"1923105056","endPos":"31450"}
[2026-01-29 11:07:30.251941] [debug] WebSocketServer: Broadcasting to 1 clients: {"server_time":"2026-01-29 11:07:30","timestamp":"1769674050251","isConnected":"False","numBoard":"0","numSteps":"24329","numSpeed":"110768260185892856274833048613158912.000000","numAccel":"9","numDecel":"95","currentPos":"112","startPos":"1923105056","endPos":"31450"}
[2026-01-29 11:07:31.252214] [debug] WebSocketServer: Broadcasting to 1 clients: {"server_time":"2026-01-29 11:07:31","timestamp":"1769674051252","isConnected":"False","numBoard":"0","numSteps":"24329","numSpeed":"110768260185892856274833048613158912.000000","numAccel":"9","numDecel":"95","currentPos":"112","startPos":"1923105056","endPos":"31450"}
[2026-01-29 11:07:31.265968] [info] POST /api/board/set {"numBoard":0}
[2026-01-29 11:07:31.591719] [info] POST /api/steps/set {"numSteps":1000}
[2026-01-29 11:07:32.252500] [debug] WebSocketServer: Broadcasting to 1 clients: {"server_time":"2026-01-29 11:07:32","timestamp":"1769674052252","isConnected":"False","numBoard":"0","numSteps":"1000","numSpeed":"110768260185892856274833048613158912.000000","numAccel":"9","numDecel":"95","currentPos":"112","startPos":"1923105056","endPos":"31450"}
[2026-01-29 11:07:33.252786] [debug] WebSocketServer: Broadcasting to 1 clients: {"server_time":"2026-01-29 11:07:33","timestamp":"1769674053252","isConnected":"False","numBoard":"0","numSteps":"1000","numSpeed":"110768260185892856274833048613158912.000000","numAccel":"9","numDecel":"95","currentPos":"112","startPos":"1923105056","endPos":"31450"}
[2026-01-29 11:07:34.253049] [debug] WebSocketServer: Broadcasting to 1 clients: {"server_time":"2026-01-29 11:07:34","timestamp":"1769674054252","isConnected":"False","numBoard":"0","numSteps":"1000","numSpeed":"110768260185892856274833048613158912.000000","numAccel":"9","numDecel":"95","currentPos":"112","startPos":"1923105056","endPos":"31450"}
[2026-01-29 11:07:35.253327] [debug] WebSocketServer: Broadcasting to 1 clients: {"server_time":"2026-01-29 11:07:35","timestamp":"1769674055253","isConnected":"False","numBoard":"0","numSteps":"1000","numSpeed":"110768260185892856274833048613158912.000000","numAccel":"9","numDecel":"95","currentPos":"112","startPos":"1923105056","endPos":"31450"}
[2026-01-29 11:07:35.263925] [info] WebSocket client disconnected (ENOTCONN)
[2026-01-29 11:07:35.264032] [info] Session removed. Active clients: 0
[2026-01-29 11:07:35.264115] [info] WebSocket session destroyed
[2026-01-29 11:07:47.081238] [info] WebSocket client connected. Total clients: 1
[2026-01-29 11:07:47.255705] [debug] WebSocketServer: Broadcasting to 1 clients: {"server_time":"2026-01-29 11:07:47","timestamp":"1769674067255","isConnected":"False","numBoard":"0","numSteps":"1000","numSpeed":"110768260185892856274833048613158912.000000","numAccel":"9","numDecel":"95","currentPos":"112","startPos":"1923105056","endPos":"31450"}
[2026-01-29 11:07:48.255975] [debug] WebSocketServer: Broadcasting to 1 clients: {"server_time":"2026-01-29 11:07:48","timestamp":"1769674068255","isConnected":"False","numBoard":"0","numSteps":"1000","numSpeed":"110768260185892856274833048613158912.000000","numAccel":"9","numDecel":"95","currentPos":"112","startPos":"1923105056","endPos":"31450"}
[2026-01-29 11:07:49.256253] [debug] WebSocketServer: Broadcasting to 1 clients: {"server_time":"2026-01-29 11:07:49","timestamp":"1769674069256","isConnected":"False","numBoard":"0","numSteps":"1000","numSpeed":"110768260185892856274833048613158912.000000","numAccel":"9","numDecel":"95","currentPos":"112","startPos":"1923105056","endPos":"31450"}
[2026-01-29 11:07:50.256519] [debug] WebSocketServer: Broadcasting to 1 clients: {"server_time":"2026-01-29 11:07:50","timestamp":"1769674070256","isConnected":"False","numBoard":"0","numSteps":"1000","numSpeed":"110768260185892856274833048613158912.000000","numAccel":"9","numDecel":"95","currentPos":"112","startPos":"1923105056","endPos":"31450"}
[2026-01-29 11:07:51.256807] [debug] WebSocketServer: Broadcasting to 1 clients: {"server_time":"2026-01-29 11:07:51","timestamp":"1769674071256","isConnected":"False","numBoard":"0","numSteps":"1000","numSpeed":"110768260185892856274833048613158912.000000","numAccel":"9","numDecel":"95","currentPos":"112","startPos":"1923105056","endPos":"31450"}
[2026-01-29 11:07:51.570299] [info] WebSocket client disconnected (ENOTCONN)
[2026-01-29 11:07:51.570396] [info] Session removed. Active clients: 0
[2026-01-29 11:07:51.570421] [info] WebSocket session destroyed
[2026-01-29 11:08:43.048281] [info] RestApiServer created on port 8080
[2026-01-29 11:08:43.048460] [info] WebSocketServer created on port 8081
[2026-01-29 11:08:43.048583] [info] GrpcApiServer created on port 50051
[2026-01-29 11:08:43.049189] [info] MqttApiServer created. Broker: tcp://127.0.0.1:1883
[2026-01-29 11:08:43.049308] [info] WebSocketServer: Started auto updates with interval 1000ms
[2026-01-29 11:08:43.049291] [info] WebSocketServer starting on port 8081
[2026-01-29 11:08:43.049339] [info] WebSocketServer: Auto update worker started
[2026-01-29 11:08:43.049441] [info] Connecting to MQTT Brokear...
[2026-01-29 11:08:43.049497] [info] Run RestApiServer on port 8080
[2026-01-29 11:08:43.051288] [info] Run gRPC Server on 0.0.0.0:50051
[2026-01-29 11:08:43.159934] [info] MQTT Connected successfully
[2026-01-29 11:08:46.065549] [info] WebSocket client connected. Total clients: 1
[2026-01-29 11:08:47.049904] [debug] WebSocketServer: Broadcasting to 1 clients: {"server_time":"2026-01-29 11:08:47","timestamp":"1769674127049","isConnected":"False","numBoard":"0","numSteps":"22430","numSpeed":"-0.000000","numAccel":"158","numDecel":"87","currentPos":"112","startPos":"484458784","endPos":"31519"}
[2026-01-29 11:08:48.050258] [debug] WebSocketServer: Broadcasting to 1 clients: {"server_time":"2026-01-29 11:08:48","timestamp":"1769674128050","isConnected":"False","numBoard":"0","numSteps":"22430","numSpeed":"-0.000000","numAccel":"158","numDecel":"87","currentPos":"112","startPos":"484458784","endPos":"31519"}
[2026-01-29 11:08:49.050600] [debug] WebSocketServer: Broadcasting to 1 clients: {"server_time":"2026-01-29 11:08:49","timestamp":"1769674129050","isConnected":"False","numBoard":"0","numSteps":"22430","numSpeed":"-0.000000","numAccel":"158","numDecel":"87","currentPos":"112","startPos":"484458784","endPos":"31519"}
[2026-01-29 11:08:50.050894] [debug] WebSocketServer: Broadcasting to 1 clients: {"server_time":"2026-01-29 11:08:50","timestamp":"1769674130050","isConnected":"False","numBoard":"0","numSteps":"22430","numSpeed":"-0.000000","numAccel":"158","numDecel":"87","currentPos":"112","startPos":"484458784","endPos":"31519"}
[2026-01-29 11:08:51.051188] [debug] WebSocketServer: Broadcasting to 1 clients: {"server_time":"2026-01-29 11:08:51","timestamp":"1769674131051","isConnected":"False","numBoard":"0","numSteps":"22430","numSpeed":"-0.000000","numAccel":"158","numDecel":"87","currentPos":"112","startPos":"484458784","endPos":"31519"}
[2026-01-29 11:08:51.200467] [info] WebSocket client disconnected (ENOTCONN)
[2026-01-29 11:08:51.200570] [info] Session removed. Active clients: 0
[2026-01-29 11:08:51.200604] [info] WebSocket session destroyed
[2026-01-29 11:11:31.559584] [info] RestApiServer created on port 8080
[2026-01-29 11:11:31.559756] [info] WebSocketServer created on port 8081
[2026-01-29 11:11:31.559852] [info] GrpcApiServer created on port 50051
[2026-01-29 11:11:31.560435] [info] MqttApiServer created. Broker: tcp://127.0.0.1:1883
[2026-01-29 11:11:31.560532] [info] WebSocketServer: Started auto updates with interval 1000ms
[2026-01-29 11:11:31.560522] [info] WebSocketServer starting on port 8081
[2026-01-29 11:11:31.560572] [info] WebSocketServer: Auto update worker started
[2026-01-29 11:11:31.560675] [info] Connecting to MQTT Broker...
[2026-01-29 11:11:31.560780] [info] Run RestApiServer on port 8080
[2026-01-29 11:11:31.562532] [info] Run gRPC Server on 0.0.0.0:50051
[2026-01-29 11:11:31.671315] [info] MQTT Connection established (callback)
[2026-01-29 11:11:31.671425] [info] MQTT Connection established (callback)
[2026-01-29 11:11:31.671454] [info] Connection Success via wait()
[2026-01-29 11:11:31.671495] [info] Subscribing to cancontroller/command/# ...
[2026-01-29 11:11:31.671667] [info] Subscription Active!
[2026-01-29 11:11:51.222045] [info] WebSocket client connected. Total clients: 1
[2026-01-29 11:11:51.563023] [debug] WebSocketServer: Broadcasting to 1 clients: {"server_time":"2026-01-29 11:11:51","timestamp":"1769674311562","isConnected":"False","numBoard":"0","numSteps":"25566","numSpeed":"0.000000","numAccel":"222","numDecel":"99","currentPos":"112","startPos":"440418592","endPos":"31094"}
[2026-01-29 11:11:52.563313] [debug] WebSocketServer: Broadcasting to 1 clients: {"server_time":"2026-01-29 11:11:52","timestamp":"1769674312563","isConnected":"False","numBoard":"0","numSteps":"25566","numSpeed":"0.000000","numAccel":"222","numDecel":"99","currentPos":"112","startPos":"440418592","endPos":"31094"}
[2026-01-29 11:11:53.240483] [info] RAW MQTT MSG: cancontroller/command/Connect | {}
[2026-01-29 11:11:53.240594] [info] MQTT received command: Connect Payload: {}
[2026-01-29 11:11:53.563782] [debug] WebSocketServer: Broadcasting to 1 clients: {"server_time":"2026-01-29 11:11:53","timestamp":"1769674313563","isConnected":"True","numBoard":"0","numSteps":"25566","numSpeed":"0.000000","numAccel":"222","numDecel":"99","currentPos":"112","startPos":"440418592","endPos":"31094"}
[2026-01-29 11:11:54.564070] [debug] WebSocketServer: Broadcasting to 1 clients: {"server_time":"2026-01-29 11:11:54","timestamp":"1769674314564","isConnected":"True","numBoard":"0","numSteps":"25566","numSpeed":"0.000000","numAccel":"222","numDecel":"99","currentPos":"112","startPos":"440418592","endPos":"31094"}
[2026-01-29 11:11:55.564373] [debug] WebSocketServer: Broadcasting to 1 clients: {"server_time":"2026-01-29 11:11:55","timestamp":"1769674315564","isConnected":"True","numBoard":"0","numSteps":"25566","numSpeed":"0.000000","numAccel":"222","numDecel":"99","currentPos":"112","startPos":"440418592","endPos":"31094"}
[2026-01-29 11:11:56.564674] [debug] WebSocketServer: Broadcasting to 1 clients: {"server_time":"2026-01-29 11:11:56","timestamp":"1769674316564","isConnected":"True","numBoard":"0","numSteps":"25566","numSpeed":"0.000000","numAccel":"222","numDecel":"99","currentPos":"112","startPos":"440418592","endPos":"31094"}
[2026-01-29 11:11:57.565234] [debug] WebSocketServer: Broadcasting to 1 clients: {"server_time":"2026-01-29 11:11:57","timestamp":"1769674317565","isConnected":"True","numBoard":"0","numSteps":"25566","numSpeed":"0.000000","numAccel":"222","numDecel":"99","currentPos":"112","startPos":"440418592","endPos":"31094"}
[2026-01-29 11:11:57.823881] [info] POST /api/board/set {"numBoard":0}
[2026-01-29 11:11:58.565655] [debug] WebSocketServer: Broadcasting to 1 clients: {"server_time":"2026-01-29 11:11:58","timestamp":"1769674318565","isConnected":"True","numBoard":"0","numSteps":"25566","numSpeed":"0.000000","numAccel":"222","numDecel":"99","currentPos":"112","startPos":"440418592","endPos":"31094"}
[2026-01-29 11:11:58.859849] [info] POST /api/steps/set {"numSteps":1000}
[2026-01-29 11:11:59.235848] [info] POST /api/speed/set {"numSpeed":10}
[2026-01-29 11:11:59.565908] [debug] WebSocketServer: Broadcasting to 1 clients: {"server_time":"2026-01-29 11:11:59","timestamp":"1769674319565","isConnected":"True","numBoard":"0","numSteps":"1000","numSpeed":"10.000000","numAccel":"222","numDecel":"99","currentPos":"112","startPos":"440418592","endPos":"31094"}
[2026-01-29 11:11:59.611849] [info] POST /api/accel/set {"numAccel":10}
[2026-01-29 11:11:59.915852] [info] POST /api/decel/set {"numDecel":10}
[2026-01-29 11:12:00.283854] [info] GET /api/move/forward
[2026-01-29 11:12:00.566176] [debug] WebSocketServer: Broadcasting to 1 clients: {"server_time":"2026-01-29 11:12:00","timestamp":"1769674320566","isConnected":"True","numBoard":"0","numSteps":"1000","numSpeed":"10.000000","numAccel":"10","numDecel":"10","currentPos":"112","startPos":"440418592","endPos":"31094"}
[2026-01-29 11:12:01.307857] [info] GET /api/move/backward
[2026-01-29 11:12:01.566475] [debug] WebSocketServer: Broadcasting to 1 clients: {"server_time":"2026-01-29 11:12:01","timestamp":"1769674321566","isConnected":"True","numBoard":"0","numSteps":"1000","numSpeed":"10.000000","numAccel":"10","numDecel":"10","currentPos":"112","startPos":"440418592","endPos":"31094"}
[2026-01-29 11:12:02.566764] [debug] WebSocketServer: Broadcasting to 1 clients: {"server_time":"2026-01-29 11:12:02","timestamp":"1769674322566","isConnected":"True","numBoard":"0","numSteps":"1000","numSpeed":"10.000000","numAccel":"10","numDecel":"10","currentPos":"112","startPos":"440418592","endPos":"31094"}
[2026-01-29 11:12:03.009028] [info] WebSocket client disconnected (ENOTCONN)
[2026-01-29 11:12:03.009143] [info] Session removed. Active clients: 0
[2026-01-29 11:12:03.009189] [info] WebSocket session destroyed
[2026-01-29 11:30:57.239750] [info] RestApiServer created on port 8080
[2026-01-29 11:30:57.239943] [info] WebSocketServer created on port 8081
[2026-01-29 11:30:57.240057] [info] GrpcApiServer created on port 50051
[2026-01-29 11:30:57.240825] [info] MqttApiServer created. Broker: tcp://127.0.0.1:1883
[2026-01-29 11:30:57.240935] [info] WebSocketServer: Started auto updates with interval 1000ms
[2026-01-29 11:30:57.240917] [info] WebSocketServer starting on port 8081
[2026-01-29 11:30:57.240972] [info] WebSocketServer: Auto update worker started
[2026-01-29 11:30:57.241052] [info] Connecting to MQTT Broker...
[2026-01-29 11:30:57.241144] [info] Run RestApiServer on port 8080
[2026-01-29 11:30:57.243417] [info] Run gRPC Server on 0.0.0.0:50051
[2026-01-29 11:30:57.351609] [info] MQTT Connection established (callback)
[2026-01-29 11:30:57.351734] [info] MQTT Connection established (callback)
[2026-01-29 11:30:57.351762] [info] Connection Success via wait()
[2026-01-29 11:30:57.351816] [info] Subscribing to cancontroller/command/# ...
[2026-01-29 11:30:57.352088] [info] Subscription Active!
[2026-01-29 11:31:00.843042] [info] WebSocket client connected. Total clients: 1
[2026-01-29 11:31:01.241564] [debug] WebSocketServer: Broadcasting to 1 clients: {"server_time":"2026-01-29 11:31:01","timestamp":"1769675461241","isConnected":"False","numBoard":"0","numSteps":"21914","numSpeed":"513783091962052608.000000","numAccel":"154","numDecel":"85","currentPos":"112","startPos":"654328096","endPos":"30222"}
[2026-01-29 11:31:02.242143] [debug] WebSocketServer: Broadcasting to 1 clients: {"server_time":"2026-01-29 11:31:02","timestamp":"1769675462242","isConnected":"False","numBoard":"0","numSteps":"21914","numSpeed":"513783091962052608.000000","numAccel":"154","numDecel":"85","currentPos":"112","startPos":"654328096","endPos":"30222"}
[2026-01-29 11:31:03.242459] [debug] WebSocketServer: Broadcasting to 1 clients: {"server_time":"2026-01-29 11:31:03","timestamp":"1769675463242","isConnected":"False","numBoard":"0","numSteps":"21914","numSpeed":"513783091962052608.000000","numAccel":"154","numDecel":"85","currentPos":"112","startPos":"654328096","endPos":"30222"}
[2026-01-29 11:31:03.452000] [info] GET /api/connect
[2026-01-29 11:31:04.242736] [debug] WebSocketServer: Broadcasting to 1 clients: {"server_time":"2026-01-29 11:31:04","timestamp":"1769675464242","isConnected":"True","numBoard":"0","numSteps":"21914","numSpeed":"513783091962052608.000000","numAccel":"154","numDecel":"85","currentPos":"112","startPos":"654328096","endPos":"30222"}
[2026-01-29 11:31:05.243249] [debug] WebSocketServer: Broadcasting to 1 clients: {"server_time":"2026-01-29 11:31:05","timestamp":"1769675465243","isConnected":"True","numBoard":"0","numSteps":"21914","numSpeed":"513783091962052608.000000","numAccel":"154","numDecel":"85","currentPos":"112","startPos":"654328096","endPos":"30222"}
[2026-01-29 11:31:06.243785] [debug] WebSocketServer: Broadcasting to 1 clients: {"server_time":"2026-01-29 11:31:06","timestamp":"1769675466243","isConnected":"True","numBoard":"0","numSteps":"21914","numSpeed":"513783091962052608.000000","numAccel":"154","numDecel":"85","currentPos":"112","startPos":"654328096","endPos":"30222"}
[2026-01-29 11:31:07.244082] [debug] WebSocketServer: Broadcasting to 1 clients: {"server_time":"2026-01-29 11:31:07","timestamp":"1769675467244","isConnected":"True","numBoard":"0","numSteps":"21914","numSpeed":"513783091962052608.000000","numAccel":"154","numDecel":"85","currentPos":"112","startPos":"654328096","endPos":"30222"}
[2026-01-29 11:31:08.122003] [info] WebSocket client disconnected (ENOTCONN)
[2026-01-29 11:31:08.122087] [info] Session removed. Active clients: 0
[2026-01-29 11:31:08.122123] [info] WebSocket session destroyed
[2026-01-29 11:31:10.601284] [info] RestApiServer created on port 8080
[2026-01-29 11:31:10.601523] [info] WebSocketServer created on port 8081
[2026-01-29 11:31:10.601738] [info] GrpcApiServer created on port 50051
[2026-01-29 11:31:10.602585] [info] MqttApiServer created. Broker: tcp://127.0.0.1:1883
[2026-01-29 11:31:10.602718] [info] WebSocketServer: Started auto updates with interval 1000ms
[2026-01-29 11:31:10.602995] [info] WebSocketServer: Auto update worker started
[2026-01-29 11:31:10.602957] [info] WebSocketServer starting on port 8081
[2026-01-29 11:31:10.603170] [info] Run RestApiServer on port 8080
[2026-01-29 11:31:10.603472] [info] Connecting to MQTT Broker...
[2026-01-29 11:31:10.606212] [info] Run gRPC Server on 0.0.0.0:50051
[2026-01-29 11:31:10.714197] [info] MQTT Connection established (callback)
[2026-01-29 11:31:10.714314] [info] MQTT Connection established (callback)
[2026-01-29 11:31:10.714336] [info] Connection Success via wait()
[2026-01-29 11:31:10.714389] [info] Subscribing to cancontroller/command/# ...
[2026-01-29 11:31:10.715064] [info] Subscription Active!
[2026-01-29 11:31:13.070548] [info] WebSocket client connected. Total clients: 1
[2026-01-29 11:31:13.603489] [debug] WebSocketServer: Broadcasting to 1 clients: {"server_time":"2026-01-29 11:31:13","timestamp":"1769675473603","isConnected":"False","numBoard":"0","numSteps":"22322","numSpeed":"-3425161498202270365338456140049022976.000000","numAccel":"50","numDecel":"87","currentPos":"112","startPos":"692076832","endPos":"31935"}
[2026-01-29 11:31:14.604067] [debug] WebSocketServer: Broadcasting to 1 clients: {"server_time":"2026-01-29 11:31:14","timestamp":"1769675474604","isConnected":"False","numBoard":"0","numSteps":"22322","numSpeed":"-3425161498202270365338456140049022976.000000","numAccel":"50","numDecel":"87","currentPos":"112","startPos":"692076832","endPos":"31935"}
[2026-01-29 11:31:15.506089] [info] RAW MQTT MSG: cancontroller/command/Connect | {}
[2026-01-29 11:31:15.506201] [info] MQTT received command: Connect Payload: {}
[2026-01-29 11:31:15.604374] [debug] WebSocketServer: Broadcasting to 1 clients: {"server_time":"2026-01-29 11:31:15","timestamp":"1769675475604","isConnected":"True","numBoard":"0","numSteps":"22322","numSpeed":"-3425161498202270365338456140049022976.000000","numAccel":"50","numDecel":"87","currentPos":"112","startPos":"692076832","endPos":"31935"}
[2026-01-29 11:31:16.604691] [debug] WebSocketServer: Broadcasting to 1 clients: {"server_time":"2026-01-29 11:31:16","timestamp":"1769675476604","isConnected":"True","numBoard":"0","numSteps":"22322","numSpeed":"-3425161498202270365338456140049022976.000000","numAccel":"50","numDecel":"87","currentPos":"112","startPos":"692076832","endPos":"31935"}
[2026-01-29 11:31:17.605001] [debug] WebSocketServer: Broadcasting to 1 clients: {"server_time":"2026-01-29 11:31:17","timestamp":"1769675477604","isConnected":"True","numBoard":"0","numSteps":"22322","numSpeed":"-3425161498202270365338456140049022976.000000","numAccel":"50","numDecel":"87","currentPos":"112","startPos":"692076832","endPos":"31935"}
[2026-01-29 11:31:18.241104] [info] POST /api/board/set {"numBoard":0}
[2026-01-29 11:31:18.605295] [debug] WebSocketServer: Broadcasting to 1 clients: {"server_time":"2026-01-29 11:31:18","timestamp":"1769675478605","isConnected":"True","numBoard":"0","numSteps":"22322","numSpeed":"-3425161498202270365338456140049022976.000000","numAccel":"50","numDecel":"87","currentPos":"112","startPos":"692076832","endPos":"31935"}
[2026-01-29 11:31:18.677084] [info] POST /api/steps/set {"numSteps":1000}
[2026-01-29 11:31:19.117091] [info] POST /api/speed/set {"numSpeed":10}
[2026-01-29 11:31:19.501088] [info] POST /api/accel/set {"numAccel":10}
[2026-01-29 11:31:19.605574] [debug] WebSocketServer: Broadcasting to 1 clients: {"server_time":"2026-01-29 11:31:19","timestamp":"1769675479605","isConnected":"True","numBoard":"0","numSteps":"1000","numSpeed":"10.000000","numAccel":"10","numDecel":"87","currentPos":"112","startPos":"692076832","endPos":"31935"}
[2026-01-29 11:31:19.893070] [info] POST /api/decel/set {"numDecel":10}
[2026-01-29 11:31:20.197074] [info] GET /api/move/forward
[2026-01-29 11:31:20.605997] [debug] WebSocketServer: Broadcasting to 1 clients: {"server_time":"2026-01-29 11:31:20","timestamp":"1769675480605","isConnected":"True","numBoard":"0","numSteps":"1000","numSpeed":"10.000000","numAccel":"10","numDecel":"10","currentPos":"112","startPos":"692076832","endPos":"31935"}
[2026-01-29 11:31:21.606312] [debug] WebSocketServer: Broadcasting to 1 clients: {"server_time":"2026-01-29 11:31:21","timestamp":"1769675481606","isConnected":"True","numBoard":"0","numSteps":"1000","numSpeed":"10.000000","numAccel":"10","numDecel":"10","currentPos":"112","startPos":"692076832","endPos":"31935"}
[2026-01-29 11:31:21.613071] [info] GET /api/move/backward
[2026-01-29 11:31:22.606606] [debug] WebSocketServer: Broadcasting to 1 clients: {"server_time":"2026-01-29 11:31:22","timestamp":"1769675482606","isConnected":"True","numBoard":"0","numSteps":"1000","numSpeed":"10.000000","numAccel":"10","numDecel":"10","currentPos":"112","startPos":"692076832","endPos":"31935"}
[2026-01-29 11:31:23.606900] [debug] WebSocketServer: Broadcasting to 1 clients: {"server_time":"2026-01-29 11:31:23","timestamp":"1769675483606","isConnected":"True","numBoard":"0","numSteps":"1000","numSpeed":"10.000000","numAccel":"10","numDecel":"10","currentPos":"112","startPos":"692076832","endPos":"31935"}
[2026-01-29 11:31:23.680991] [info] WebSocket client disconnected (ENOTCONN)
[2026-01-29 11:31:23.681100] [info] Session removed. Active clients: 0
[2026-01-29 11:31:23.681130] [info] WebSocket session destroyed
[2026-01-29 11:39:37.760670] [info] RestApiServer created on port 8080
[2026-01-29 11:39:37.760856] [info] WebSocketServer created on port 8081
[2026-01-29 11:39:37.760968] [info] GrpcApiServer created on port 50051
[2026-01-29 11:39:37.761711] [info] MqttApiServer created. Broker: tcp://127.0.0.1:1883
[2026-01-29 11:39:37.761833] [info] WebSocketServer: Started auto updates with interval 1000ms
[2026-01-29 11:39:37.761815] [info] WebSocketServer starting on port 8081
[2026-01-29 11:39:37.761874] [info] WebSocketServer: Auto update worker started
[2026-01-29 11:39:37.761952] [info] Connecting to MQTT Broker...
[2026-01-29 11:39:37.762026] [info] Run RestApiServer on port 8080
[2026-01-29 11:39:37.763885] [info] Run gRPC Server on 0.0.0.0:50051
[2026-01-29 11:39:37.772794] [info] MQTT Connection established (callback)
[2026-01-29 11:39:37.773128] [info] Connection Success via wait()
[2026-01-29 11:39:37.773117] [info] MQTT Connection established (callback)
[2026-01-29 11:39:37.773177] [info] Subscribing to cancontroller/command/# ...
[2026-01-29 11:39:37.773553] [info] Subscription Active!
[2026-01-29 11:40:43.919927] [info] RestApiServer created on port 8080
[2026-01-29 11:40:43.920096] [info] WebSocketServer created on port 8081
[2026-01-29 11:40:43.920191] [info] GrpcApiServer created on port 50051
[2026-01-29 11:40:43.920836] [info] MqttApiServer created. Broker: tcp://localhost:1883
[2026-01-29 11:40:43.920935] [info] WebSocketServer: Started auto updates with interval 1000ms
[2026-01-29 11:40:43.920921] [info] WebSocketServer starting on port 8081
[2026-01-29 11:40:43.920996] [info] WebSocketServer: Auto update worker started
[2026-01-29 11:40:43.921069] [info] Connecting to MQTT Broker...
[2026-01-29 11:40:43.921178] [info] Run RestApiServer on port 8080
[2026-01-29 11:40:43.923047] [info] Run gRPC Server on 0.0.0.0:50051
[2026-01-29 11:40:43.931760] [info] MQTT Connection established (callback)
[2026-01-29 11:40:43.931883] [info] MQTT Connection established (callback)
[2026-01-29 11:40:43.931898] [info] Connection Success via wait()
[2026-01-29 11:40:43.931949] [info] Subscribing to cancontroller/command/# ...
[2026-01-29 11:40:43.932100] [info] Subscription Active!
[2026-01-29 11:40:54.915765] [info] WebSocket client connected. Total clients: 1
[2026-01-29 11:40:54.922516] [debug] WebSocketServer: Broadcasting to 1 clients: {"server_time":"2026-01-29 11:40:54","timestamp":"1769676054922","isConnected":"False","numBoard":"0","numSteps":"23365","numSpeed":"-28441568652984057856.000000","numAccel":"69","numDecel":"91","currentPos":"112","startPos":"3013624096","endPos":"29863"}
[2026-01-29 11:40:55.922822] [debug] WebSocketServer: Broadcasting to 1 clients: {"server_time":"2026-01-29 11:40:55","timestamp":"1769676055922","isConnected":"False","numBoard":"0","numSteps":"23365","numSpeed":"-28441568652984057856.000000","numAccel":"69","numDecel":"91","currentPos":"112","startPos":"3013624096","endPos":"29863"}
[2026-01-29 11:40:56.257780] [info] RAW MQTT MSG: cancontroller/command/Connect | {}
[2026-01-29 11:40:56.257870] [info] MQTT received command: Connect Payload: {}
[2026-01-29 11:40:56.923092] [debug] WebSocketServer: Broadcasting to 1 clients: {"server_time":"2026-01-29 11:40:56","timestamp":"1769676056923","isConnected":"True","numBoard":"0","numSteps":"23365","numSpeed":"-28441568652984057856.000000","numAccel":"69","numDecel":"91","currentPos":"112","startPos":"3013624096","endPos":"29863"}
[2026-01-29 11:40:57.923723] [debug] WebSocketServer: Broadcasting to 1 clients: {"server_time":"2026-01-29 11:40:57","timestamp":"1769676057923","isConnected":"True","numBoard":"0","numSteps":"23365","numSpeed":"-28441568652984057856.000000","numAccel":"69","numDecel":"91","currentPos":"112","startPos":"3013624096","endPos":"29863"}
[2026-01-29 11:40:58.449261] [info] POST /api/board/set {"numBoard":0}
[2026-01-29 11:40:58.805247] [info] POST /api/steps/set {"numSteps":1000}
[2026-01-29 11:40:58.924037] [debug] WebSocketServer: Broadcasting to 1 clients: {"server_time":"2026-01-29 11:40:58","timestamp":"1769676058923","isConnected":"True","numBoard":"0","numSteps":"1000","numSpeed":"-28441568652984057856.000000","numAccel":"69","numDecel":"91","currentPos":"112","startPos":"3013624096","endPos":"29863"}
[2026-01-29 11:40:59.157245] [info] POST /api/speed/set {"numSpeed":10}
[2026-01-29 11:40:59.437494] [info] POST /api/accel/set {"numAccel":10}
[2026-01-29 11:40:59.821249] [info] POST /api/decel/set {"numDecel":10}
[2026-01-29 11:40:59.924336] [debug] WebSocketServer: Broadcasting to 1 clients: {"server_time":"2026-01-29 11:40:59","timestamp":"1769676059924","isConnected":"True","numBoard":"0","numSteps":"1000","numSpeed":"10.000000","numAccel":"10","numDecel":"10","currentPos":"112","startPos":"3013624096","endPos":"29863"}
[2026-01-29 11:41:00.141248] [info] GET /api/move/forward
[2026-01-29 11:41:00.924655] [debug] WebSocketServer: Broadcasting to 1 clients: {"server_time":"2026-01-29 11:41:00","timestamp":"1769676060924","isConnected":"True","numBoard":"0","numSteps":"1000","numSpeed":"10.000000","numAccel":"10","numDecel":"10","currentPos":"112","startPos":"3013624096","endPos":"29863"}
[2026-01-29 11:41:01.221249] [info] GET /api/move/backward
[2026-01-29 11:41:01.924900] [debug] WebSocketServer: Broadcasting to 1 clients: {"server_time":"2026-01-29 11:41:01","timestamp":"1769676061924","isConnected":"True","numBoard":"0","numSteps":"1000","numSpeed":"10.000000","numAccel":"10","numDecel":"10","currentPos":"112","startPos":"3013624096","endPos":"29863"}
[2026-01-29 11:41:02.882342] [info] WebSocket client disconnected (ENOTCONN)
[2026-01-29 11:41:02.882442] [info] Session removed. Active clients: 0
[2026-01-29 11:41:02.882483] [info] WebSocket session destroyed
[2026-01-29 11:43:42.727445] [info] RestApiServer created on port 8080
[2026-01-29 11:43:42.727641] [info] WebSocketServer created on port 8081
[2026-01-29 11:43:42.727764] [info] GrpcApiServer created on port 50051
[2026-01-29 11:43:42.728502] [info] MqttApiServer created. Broker: tcp://127.0.0.1:1883
[2026-01-29 11:43:42.728621] [info] WebSocketServer starting on port 8081
[2026-01-29 11:43:42.728624] [info] WebSocketServer: Started auto updates with interval 1000ms
[2026-01-29 11:43:42.728704] [info] WebSocketServer: Auto update worker started
[2026-01-29 11:43:42.728821] [info] Connecting to MQTT Broker...
[2026-01-29 11:43:42.728897] [info] Run RestApiServer on port 8080
[2026-01-29 11:43:42.730664] [info] Run gRPC Server on 0.0.0.0:50051
[2026-01-29 11:43:42.739366] [info] MQTT Connection established (callback)
[2026-01-29 11:43:42.739464] [info] MQTT Connection established (callback)
[2026-01-29 11:43:42.739483] [info] Connection Success via wait()
[2026-01-29 11:43:42.739540] [info] Subscribing to cancontroller/command/# ...
[2026-01-29 11:43:42.739726] [info] Subscription Active!
[2026-01-29 11:43:45.980719] [info] WebSocket client connected. Total clients: 1
[2026-01-29 11:43:46.729285] [debug] WebSocketServer: Broadcasting to 1 clients: {"server_time":"2026-01-29 11:43:46","timestamp":"1769676226729","isConnected":"False","numBoard":"0","numSteps":"24690","numSpeed":"0.000000","numAccel":"114","numDecel":"96","currentPos":"112","startPos":"3212853536","endPos":"30150"}
[2026-01-29 11:43:47.555084] [info] GET /api/connect
[2026-01-29 11:43:47.729610] [debug] WebSocketServer: Broadcasting to 1 clients: {"server_time":"2026-01-29 11:43:47","timestamp":"1769676227729","isConnected":"True","numBoard":"0","numSteps":"24690","numSpeed":"0.000000","numAccel":"114","numDecel":"96","currentPos":"112","startPos":"3212853536","endPos":"30150"}
[2026-01-29 11:43:48.729924] [debug] WebSocketServer: Broadcasting to 1 clients: {"server_time":"2026-01-29 11:43:48","timestamp":"1769676228729","isConnected":"True","numBoard":"0","numSteps":"24690","numSpeed":"0.000000","numAccel":"114","numDecel":"96","currentPos":"112","startPos":"3212853536","endPos":"30150"}
[2026-01-29 11:43:49.730252] [debug] WebSocketServer: Broadcasting to 1 clients: {"server_time":"2026-01-29 11:43:49","timestamp":"1769676229730","isConnected":"True","numBoard":"0","numSteps":"24690","numSpeed":"0.000000","numAccel":"114","numDecel":"96","currentPos":"112","startPos":"3212853536","endPos":"30150"}
[2026-01-29 11:43:50.730585] [debug] WebSocketServer: Broadcasting to 1 clients: {"server_time":"2026-01-29 11:43:50","timestamp":"1769676230730","isConnected":"True","numBoard":"0","numSteps":"24690","numSpeed":"0.000000","numAccel":"114","numDecel":"96","currentPos":"112","startPos":"3212853536","endPos":"30150"}
[2026-01-29 11:43:51.072039] [info] WebSocket client disconnected (ENOTCONN)
[2026-01-29 11:43:51.072153] [info] Session removed. Active clients: 0
[2026-01-29 11:43:51.072190] [info] WebSocket session destroyed
[2026-01-29 11:43:52.819243] [info] RestApiServer created on port 8080
[2026-01-29 11:43:52.819460] [info] WebSocketServer created on port 8081
[2026-01-29 11:43:52.819605] [info] GrpcApiServer created on port 50051
[2026-01-29 11:43:52.820542] [info] MqttApiServer created. Broker: tcp://127.0.0.1:1883
[2026-01-29 11:43:52.820671] [info] WebSocketServer: Started auto updates with interval 1000ms
[2026-01-29 11:43:52.820657] [info] WebSocketServer starting on port 8081
[2026-01-29 11:43:52.820704] [info] WebSocketServer: Auto update worker started
[2026-01-29 11:43:52.820819] [info] Connecting to MQTT Broker...
[2026-01-29 11:43:52.820940] [info] Run RestApiServer on port 8080
[2026-01-29 11:43:52.823035] [info] Run gRPC Server on 0.0.0.0:50051
[2026-01-29 11:43:52.832175] [info] MQTT Connection established (callback)
[2026-01-29 11:43:52.832415] [info] Connection Success via wait()
[2026-01-29 11:43:52.832397] [info] MQTT Connection established (callback)
[2026-01-29 11:43:52.832560] [info] Subscribing to cancontroller/command/# ...
[2026-01-29 11:43:52.832828] [info] Subscription Active!
[2026-01-29 11:43:55.217949] [info] WebSocket client connected. Total clients: 1
[2026-01-29 11:43:55.821444] [debug] WebSocketServer: Broadcasting to 1 clients: {"server_time":"2026-01-29 11:43:55","timestamp":"1769676235821","isConnected":"False","numBoard":"0","numSteps":"23859","numSpeed":"-812029952.000000","numAccel":"51","numDecel":"93","currentPos":"112","startPos":"920666400","endPos":"30511"}
[2026-01-29 11:43:56.821977] [debug] WebSocketServer: Broadcasting to 1 clients: {"server_time":"2026-01-29 11:43:56","timestamp":"1769676236821","isConnected":"False","numBoard":"0","numSteps":"23859","numSpeed":"-812029952.000000","numAccel":"51","numDecel":"93","currentPos":"112","startPos":"920666400","endPos":"30511"}
[2026-01-29 11:43:57.064749] [info] RAW MQTT MSG: cancontroller/command/Connect | {}
[2026-01-29 11:43:57.064847] [info] MQTT received command: Connect Payload: {}
[2026-01-29 11:43:57.822288] [debug] WebSocketServer: Broadcasting to 1 clients: {"server_time":"2026-01-29 11:43:57","timestamp":"1769676237822","isConnected":"True","numBoard":"0","numSteps":"23859","numSpeed":"-812029952.000000","numAccel":"51","numDecel":"93","currentPos":"112","startPos":"920666400","endPos":"30511"}
[2026-01-29 11:43:58.822693] [debug] WebSocketServer: Broadcasting to 1 clients: {"server_time":"2026-01-29 11:43:58","timestamp":"1769676238822","isConnected":"True","numBoard":"0","numSteps":"23859","numSpeed":"-812029952.000000","numAccel":"51","numDecel":"93","currentPos":"112","startPos":"920666400","endPos":"30511"}
[2026-01-29 11:43:59.823044] [debug] WebSocketServer: Broadcasting to 1 clients: {"server_time":"2026-01-29 11:43:59","timestamp":"1769676239822","isConnected":"True","numBoard":"0","numSteps":"23859","numSpeed":"-812029952.000000","numAccel":"51","numDecel":"93","currentPos":"112","startPos":"920666400","endPos":"30511"}
[2026-01-29 11:44:00.823342] [debug] WebSocketServer: Broadcasting to 1 clients: {"server_time":"2026-01-29 11:44:00","timestamp":"1769676240823","isConnected":"True","numBoard":"0","numSteps":"23859","numSpeed":"-812029952.000000","numAccel":"51","numDecel":"93","currentPos":"112","startPos":"920666400","endPos":"30511"}
[2026-01-29 11:44:01.823651] [debug] WebSocketServer: Broadcasting to 1 clients: {"server_time":"2026-01-29 11:44:01","timestamp":"1769676241823","isConnected":"True","numBoard":"0","numSteps":"23859","numSpeed":"-812029952.000000","numAccel":"51","numDecel":"93","currentPos":"112","startPos":"920666400","endPos":"30511"}
[2026-01-29 11:44:02.823949] [debug] WebSocketServer: Broadcasting to 1 clients: {"server_time":"2026-01-29 11:44:02","timestamp":"1769676242823","isConnected":"True","numBoard":"0","numSteps":"23859","numSpeed":"-812029952.000000","numAccel":"51","numDecel":"93","currentPos":"112","startPos":"920666400","endPos":"30511"}
[2026-01-29 11:44:03.824261] [debug] WebSocketServer: Broadcasting to 1 clients: {"server_time":"2026-01-29 11:44:03","timestamp":"1769676243824","isConnected":"True","numBoard":"0","numSteps":"23859","numSpeed":"-812029952.000000","numAccel":"51","numDecel":"93","currentPos":"112","startPos":"920666400","endPos":"30511"}
[2026-01-29 11:44:04.824518] [debug] WebSocketServer: Broadcasting to 1 clients: {"server_time":"2026-01-29 11:44:04","timestamp":"1769676244824","isConnected":"True","numBoard":"0","numSteps":"23859","numSpeed":"-812029952.000000","numAccel":"51","numDecel":"93","currentPos":"112","startPos":"920666400","endPos":"30511"}
[2026-01-29 11:44:05.824851] [debug] WebSocketServer: Broadcasting to 1 clients: {"server_time":"2026-01-29 11:44:05","timestamp":"1769676245824","isConnected":"True","numBoard":"0","numSteps":"23859","numSpeed":"-812029952.000000","numAccel":"51","numDecel":"93","currentPos":"112","startPos":"920666400","endPos":"30511"}
[2026-01-29 11:44:06.825169] [debug] WebSocketServer: Broadcasting to 1 clients: {"server_time":"2026-01-29 11:44:06","timestamp":"1769676246825","isConnected":"True","numBoard":"0","numSteps":"23859","numSpeed":"-812029952.000000","numAccel":"51","numDecel":"93","currentPos":"112","startPos":"920666400","endPos":"30511"}
[2026-01-29 11:44:07.351868] [info] POST /api/board/set {"numBoard":0}
[2026-01-29 11:44:07.825680] [debug] WebSocketServer: Broadcasting to 1 clients: {"server_time":"2026-01-29 11:44:07","timestamp":"1769676247825","isConnected":"True","numBoard":"0","numSteps":"23859","numSpeed":"-812029952.000000","numAccel":"51","numDecel":"93","currentPos":"112","startPos":"920666400","endPos":"30511"}
[2026-01-29 11:44:08.826187] [debug] WebSocketServer: Broadcasting to 1 clients: {"server_time":"2026-01-29 11:44:08","timestamp":"1769676248826","isConnected":"True","numBoard":"0","numSteps":"23859","numSpeed":"-812029952.000000","numAccel":"51","numDecel":"93","currentPos":"112","startPos":"920666400","endPos":"30511"}
[2026-01-29 11:44:09.826533] [debug] WebSocketServer: Broadcasting to 1 clients: {"server_time":"2026-01-29 11:44:09","timestamp":"1769676249826","isConnected":"True","numBoard":"0","numSteps":"23859","numSpeed":"-812029952.000000","numAccel":"51","numDecel":"93","currentPos":"112","startPos":"920666400","endPos":"30511"}
[2026-01-29 11:44:10.826906] [debug] WebSocketServer: Broadcasting to 1 clients: {"server_time":"2026-01-29 11:44:10","timestamp":"1769676250826","isConnected":"True","numBoard":"0","numSteps":"23859","numSpeed":"-812029952.000000","numAccel":"51","numDecel":"93","currentPos":"112","startPos":"920666400","endPos":"30511"}
[2026-01-29 11:44:11.827204] [debug] WebSocketServer: Broadcasting to 1 clients: {"server_time":"2026-01-29 11:44:11","timestamp":"1769676251827","isConnected":"True","numBoard":"0","numSteps":"23859","numSpeed":"-812029952.000000","numAccel":"51","numDecel":"93","currentPos":"112","startPos":"920666400","endPos":"30511"}
[2026-01-29 11:44:12.827716] [debug] WebSocketServer: Broadcasting to 1 clients: {"server_time":"2026-01-29 11:44:12","timestamp":"1769676252827","isConnected":"True","numBoard":"0","numSteps":"23859","numSpeed":"-812029952.000000","numAccel":"51","numDecel":"93","currentPos":"112","startPos":"920666400","endPos":"30511"}
[2026-01-29 11:44:13.828031] [debug] WebSocketServer: Broadcasting to 1 clients: {"server_time":"2026-01-29 11:44:13","timestamp":"1769676253827","isConnected":"True","numBoard":"0","numSteps":"23859","numSpeed":"-812029952.000000","numAccel":"51","numDecel":"93","currentPos":"112","startPos":"920666400","endPos":"30511"}
[2026-01-29 11:44:14.828534] [debug] WebSocketServer: Broadcasting to 1 clients: {"server_time":"2026-01-29 11:44:14","timestamp":"1769676254828","isConnected":"True","numBoard":"0","numSteps":"23859","numSpeed":"-812029952.000000","numAccel":"51","numDecel":"93","currentPos":"112","startPos":"920666400","endPos":"30511"}
[2026-01-29 11:44:15.828850] [debug] WebSocketServer: Broadcasting to 1 clients: {"server_time":"2026-01-29 11:44:15","timestamp":"1769676255828","isConnected":"True","numBoard":"0","numSteps":"23859","numSpeed":"-812029952.000000","numAccel":"51","numDecel":"93","currentPos":"112","startPos":"920666400","endPos":"30511"}
[2026-01-29 11:44:16.829184] [debug] WebSocketServer: Broadcasting to 1 clients: {"server_time":"2026-01-29 11:44:16","timestamp":"1769676256829","isConnected":"True","numBoard":"0","numSteps":"23859","numSpeed":"-812029952.000000","numAccel":"51","numDecel":"93","currentPos":"112","startPos":"920666400","endPos":"30511"}
[2026-01-29 11:44:17.829517] [debug] WebSocketServer: Broadcasting to 1 clients: {"server_time":"2026-01-29 11:44:17","timestamp":"1769676257829","isConnected":"True","numBoard":"0","numSteps":"23859","numSpeed":"-812029952.000000","numAccel":"51","numDecel":"93","currentPos":"112","startPos":"920666400","endPos":"30511"}
[2026-01-29 11:44:18.830026] [debug] WebSocketServer: Broadcasting to 1 clients: {"server_time":"2026-01-29 11:44:18","timestamp":"1769676258829","isConnected":"True","numBoard":"0","numSteps":"23859","numSpeed":"-812029952.000000","numAccel":"51","numDecel":"93","currentPos":"112","startPos":"920666400","endPos":"30511"}
[2026-01-29 11:44:19.830548] [debug] WebSocketServer: Broadcasting to 1 clients: {"server_time":"2026-01-29 11:44:19","timestamp":"1769676259830","isConnected":"True","numBoard":"0","numSteps":"23859","numSpeed":"-812029952.000000","numAccel":"51","numDecel":"93","currentPos":"112","startPos":"920666400","endPos":"30511"}
[2026-01-29 11:44:20.830942] [debug] WebSocketServer: Broadcasting to 1 clients: {"server_time":"2026-01-29 11:44:20","timestamp":"1769676260830","isConnected":"True","numBoard":"0","numSteps":"23859","numSpeed":"-812029952.000000","numAccel":"51","numDecel":"93","currentPos":"112","startPos":"920666400","endPos":"30511"}
[2026-01-29 11:44:21.831450] [debug] WebSocketServer: Broadcasting to 1 clients: {"server_time":"2026-01-29 11:44:21","timestamp":"1769676261831","isConnected":"True","numBoard":"0","numSteps":"23859","numSpeed":"-812029952.000000","numAccel":"51","numDecel":"93","currentPos":"112","startPos":"920666400","endPos":"30511"}
[2026-01-29 11:44:22.837157] [debug] WebSocketServer: Broadcasting to 1 clients: {"server_time":"2026-01-29 11:44:22","timestamp":"1769676262837","isConnected":"True","numBoard":"0","numSteps":"23859","numSpeed":"-812029952.000000","numAccel":"51","numDecel":"93","currentPos":"112","startPos":"920666400","endPos":"30511"}
[2026-01-29 11:44:23.837432] [debug] WebSocketServer: Broadcasting to 1 clients: {"server_time":"2026-01-29 11:44:23","timestamp":"1769676263837","isConnected":"True","numBoard":"0","numSteps":"23859","numSpeed":"-812029952.000000","numAccel":"51","numDecel":"93","currentPos":"112","startPos":"920666400","endPos":"30511"}
[2026-01-29 11:44:24.837746] [debug] WebSocketServer: Broadcasting to 1 clients: {"server_time":"2026-01-29 11:44:24","timestamp":"1769676264837","isConnected":"True","numBoard":"0","numSteps":"23859","numSpeed":"-812029952.000000","numAccel":"51","numDecel":"93","currentPos":"112","startPos":"920666400","endPos":"30511"}
[2026-01-29 11:44:24.888629] [info] WebSocket client disconnected (ENOTCONN)
[2026-01-29 11:44:24.888738] [info] Session removed. Active clients: 0
[2026-01-29 11:44:24.888770] [info] WebSocket session destroyed
[2026-01-29 11:44:28.689192] [info] RestApiServer created on port 8080
[2026-01-29 11:44:28.689374] [info] WebSocketServer created on port 8081
[2026-01-29 11:44:28.689460] [info] GrpcApiServer created on port 50051
[2026-01-29 11:44:28.690170] [info] MqttApiServer created. Broker: tcp://127.0.0.1:1883
[2026-01-29 11:44:28.690277] [info] WebSocketServer: Started auto updates with interval 1000ms
[2026-01-29 11:44:28.690254] [info] WebSocketServer starting on port 8081
[2026-01-29 11:44:28.690328] [info] WebSocketServer: Auto update worker started
[2026-01-29 11:44:28.690442] [info] Connecting to MQTT Broker...
[2026-01-29 11:44:28.690500] [info] Run RestApiServer on port 8080
[2026-01-29 11:44:28.692354] [info] Run gRPC Server on 0.0.0.0:50051
[2026-01-29 11:44:28.701262] [info] MQTT Connection established (callback)
[2026-01-29 11:44:28.701369] [info] MQTT Connection established (callback)
[2026-01-29 11:44:28.701595] [info] Connection Success via wait()
[2026-01-29 11:44:28.701636] [info] Subscribing to cancontroller/command/# ...
[2026-01-29 11:44:28.701922] [info] Subscription Active!
[2026-01-29 11:44:31.613364] [info] WebSocket client connected. Total clients: 1
[2026-01-29 11:44:31.690938] [debug] WebSocketServer: Broadcasting to 1 clients: {"server_time":"2026-01-29 11:44:31","timestamp":"1769676271690","isConnected":"False","numBoard":"0","numSteps":"24962","numSpeed":"0.000000","numAccel":"130","numDecel":"97","currentPos":"112","startPos":"488653088","endPos":"31493"}
[2026-01-29 11:44:32.691407] [debug] WebSocketServer: Broadcasting to 1 clients: {"server_time":"2026-01-29 11:44:32","timestamp":"1769676272691","isConnected":"False","numBoard":"0","numSteps":"24962","numSpeed":"0.000000","numAccel":"130","numDecel":"97","currentPos":"112","startPos":"488653088","endPos":"31493"}
[2026-01-29 11:44:33.106282] [info] RAW MQTT MSG: cancontroller/command/Connect | {}
[2026-01-29 11:44:33.106553] [info] MQTT received command: Connect Payload: {}
[2026-01-29 11:44:33.691681] [debug] WebSocketServer: Broadcasting to 1 clients: {"server_time":"2026-01-29 11:44:33","timestamp":"1769676273691","isConnected":"True","numBoard":"0","numSteps":"24962","numSpeed":"0.000000","numAccel":"130","numDecel":"97","currentPos":"112","startPos":"488653088","endPos":"31493"}
[2026-01-29 11:44:34.692045] [debug] WebSocketServer: Broadcasting to 1 clients: {"server_time":"2026-01-29 11:44:34","timestamp":"1769676274691","isConnected":"True","numBoard":"0","numSteps":"24962","numSpeed":"0.000000","numAccel":"130","numDecel":"97","currentPos":"112","startPos":"488653088","endPos":"31493"}
[2026-01-29 11:44:35.692351] [debug] WebSocketServer: Broadcasting to 1 clients: {"server_time":"2026-01-29 11:44:35","timestamp":"1769676275692","isConnected":"True","numBoard":"0","numSteps":"24962","numSpeed":"0.000000","numAccel":"130","numDecel":"97","currentPos":"112","startPos":"488653088","endPos":"31493"}
[2026-01-29 11:44:36.692653] [debug] WebSocketServer: Broadcasting to 1 clients: {"server_time":"2026-01-29 11:44:36","timestamp":"1769676276692","isConnected":"True","numBoard":"0","numSteps":"24962","numSpeed":"0.000000","numAccel":"130","numDecel":"97","currentPos":"112","startPos":"488653088","endPos":"31493"}
[2026-01-29 11:44:37.693276] [debug] WebSocketServer: Broadcasting to 1 clients: {"server_time":"2026-01-29 11:44:37","timestamp":"1769676277693","isConnected":"True","numBoard":"0","numSteps":"24962","numSpeed":"0.000000","numAccel":"130","numDecel":"97","currentPos":"112","startPos":"488653088","endPos":"31493"}
[2026-01-29 11:44:37.984960] [info] WebSocket client disconnected (ENOTCONN)
[2026-01-29 11:44:37.985061] [info] Session removed. Active clients: 0
[2026-01-29 11:44:37.985099] [info] WebSocket session destroyed
[2026-01-29 11:45:51.857270] [info] RestApiServer created on port 8080
[2026-01-29 11:45:51.857450] [info] WebSocketServer created on port 8081
[2026-01-29 11:45:51.857562] [info] GrpcApiServer created on port 50051
[2026-01-29 11:45:51.858380] [info] MqttApiServer created. Broker: tcp://127.0.0.1:1883
[2026-01-29 11:45:51.858514] [info] WebSocketServer: Started auto updates with interval 1000ms
[2026-01-29 11:45:51.858492] [info] WebSocketServer starting on port 8081
[2026-01-29 11:45:51.858557] [info] WebSocketServer: Auto update worker started
[2026-01-29 11:45:51.858681] [info] Connecting to MQTT Broker...
[2026-01-29 11:45:51.858769] [info] Run RestApiServer on port 8080
[2026-01-29 11:45:51.860662] [info] Run gRPC Server on 0.0.0.0:50051
[2026-01-29 11:45:51.869333] [info] MQTT Connection established (callback)
[2026-01-29 11:45:51.869749] [info] MQTT Connection established (callback)
[2026-01-29 11:45:51.869832] [info] Connection Success via wait()
[2026-01-29 11:45:51.869883] [info] Subscribing to cancontroller/command/# ...
[2026-01-29 11:45:51.870104] [info] Subscription Active!
[2026-01-29 11:45:54.505046] [info] WebSocket client connected. Total clients: 1
[2026-01-29 11:45:54.859095] [debug] WebSocketServer: Broadcasting to 1 clients: {"server_time":"2026-01-29 11:45:54","timestamp":"1769676354859","isConnected":"False","numBoard":"0","numSteps":"23907","numSpeed":"-202.915527","numAccel":"99","numDecel":"93","currentPos":"112","startPos":"3565175072","endPos":"29424"}
[2026-01-29 11:45:55.859427] [debug] WebSocketServer: Broadcasting to 1 clients: {"server_time":"2026-01-29 11:45:55","timestamp":"1769676355859","isConnected":"False","numBoard":"0","numSteps":"23907","numSpeed":"-202.915527","numAccel":"99","numDecel":"93","currentPos":"112","startPos":"3565175072","endPos":"29424"}
[2026-01-29 11:45:56.859788] [debug] WebSocketServer: Broadcasting to 1 clients: {"server_time":"2026-01-29 11:45:56","timestamp":"1769676356859","isConnected":"False","numBoard":"0","numSteps":"23907","numSpeed":"-202.915527","numAccel":"99","numDecel":"93","currentPos":"112","startPos":"3565175072","endPos":"29424"}
[2026-01-29 11:45:57.664022] [info] RAW MQTT MSG: cancontroller/command/Connect | {}
[2026-01-29 11:45:57.664148] [info] MQTT received command: Connect Payload: {}
[2026-01-29 11:45:57.860088] [debug] WebSocketServer: Broadcasting to 1 clients: {"server_time":"2026-01-29 11:45:57","timestamp":"1769676357860","isConnected":"True","numBoard":"0","numSteps":"23907","numSpeed":"-202.915527","numAccel":"99","numDecel":"93","currentPos":"112","startPos":"3565175072","endPos":"29424"}
[2026-01-29 11:45:58.860559] [debug] WebSocketServer: Broadcasting to 1 clients: {"server_time":"2026-01-29 11:45:58","timestamp":"1769676358860","isConnected":"True","numBoard":"0","numSteps":"23907","numSpeed":"-202.915527","numAccel":"99","numDecel":"93","currentPos":"112","startPos":"3565175072","endPos":"29424"}
[2026-01-29 11:45:59.860890] [debug] WebSocketServer: Broadcasting to 1 clients: {"server_time":"2026-01-29 11:45:59","timestamp":"1769676359860","isConnected":"True","numBoard":"0","numSteps":"23907","numSpeed":"-202.915527","numAccel":"99","numDecel":"93","currentPos":"112","startPos":"3565175072","endPos":"29424"}
[2026-01-29 11:46:00.861207] [debug] WebSocketServer: Broadcasting to 1 clients: {"server_time":"2026-01-29 11:46:00","timestamp":"1769676360861","isConnected":"True","numBoard":"0","numSteps":"23907","numSpeed":"-202.915527","numAccel":"99","numDecel":"93","currentPos":"112","startPos":"3565175072","endPos":"29424"}
[2026-01-29 11:46:01.861722] [debug] WebSocketServer: Broadcasting to 1 clients: {"server_time":"2026-01-29 11:46:01","timestamp":"1769676361861","isConnected":"True","numBoard":"0","numSteps":"23907","numSpeed":"-202.915527","numAccel":"99","numDecel":"93","currentPos":"112","startPos":"3565175072","endPos":"29424"}
[2026-01-29 11:46:02.862307] [debug] WebSocketServer: Broadcasting to 1 clients: {"server_time":"2026-01-29 11:46:02","timestamp":"1769676362862","isConnected":"True","numBoard":"0","numSteps":"23907","numSpeed":"-202.915527","numAccel":"99","numDecel":"93","currentPos":"112","startPos":"3565175072","endPos":"29424"}
[2026-01-29 11:46:03.862793] [debug] WebSocketServer: Broadcasting to 1 clients: {"server_time":"2026-01-29 11:46:03","timestamp":"1769676363862","isConnected":"True","numBoard":"0","numSteps":"23907","numSpeed":"-202.915527","numAccel":"99","numDecel":"93","currentPos":"112","startPos":"3565175072","endPos":"29424"}
[2026-01-29 11:46:04.863089] [debug] WebSocketServer: Broadcasting to 1 clients: {"server_time":"2026-01-29 11:46:04","timestamp":"1769676364863","isConnected":"True","numBoard":"0","numSteps":"23907","numSpeed":"-202.915527","numAccel":"99","numDecel":"93","currentPos":"112","startPos":"3565175072","endPos":"29424"}
[2026-01-29 11:46:05.863398] [debug] WebSocketServer: Broadcasting to 1 clients: {"server_time":"2026-01-29 11:46:05","timestamp":"1769676365863","isConnected":"True","numBoard":"0","numSteps":"23907","numSpeed":"-202.915527","numAccel":"99","numDecel":"93","currentPos":"112","startPos":"3565175072","endPos":"29424"}
[2026-01-29 11:46:06.864138] [debug] WebSocketServer: Broadcasting to 1 clients: {"server_time":"2026-01-29 11:46:06","timestamp":"1769676366864","isConnected":"True","numBoard":"0","numSteps":"23907","numSpeed":"-202.915527","numAccel":"99","numDecel":"93","currentPos":"112","startPos":"3565175072","endPos":"29424"}
[2026-01-29 11:46:07.864518] [debug] WebSocketServer: Broadcasting to 1 clients: {"server_time":"2026-01-29 11:46:07","timestamp":"1769676367864","isConnected":"True","numBoard":"0","numSteps":"23907","numSpeed":"-202.915527","numAccel":"99","numDecel":"93","currentPos":"112","startPos":"3565175072","endPos":"29424"}
[2026-01-29 11:46:08.864900] [debug] WebSocketServer: Broadcasting to 1 clients: {"server_time":"2026-01-29 11:46:08","timestamp":"1769676368864","isConnected":"True","numBoard":"0","numSteps":"23907","numSpeed":"-202.915527","numAccel":"99","numDecel":"93","currentPos":"112","startPos":"3565175072","endPos":"29424"}
[2026-01-29 11:46:09.865198] [debug] WebSocketServer: Broadcasting to 1 clients: {"server_time":"2026-01-29 11:46:09","timestamp":"1769676369865","isConnected":"True","numBoard":"0","numSteps":"23907","numSpeed":"-202.915527","numAccel":"99","numDecel":"93","currentPos":"112","startPos":"3565175072","endPos":"29424"}
[2026-01-29 11:46:10.865857] [debug] WebSocketServer: Broadcasting to 1 clients: {"server_time":"2026-01-29 11:46:10","timestamp":"1769676370865","isConnected":"True","numBoard":"0","numSteps":"23907","numSpeed":"-202.915527","numAccel":"99","numDecel":"93","currentPos":"112","startPos":"3565175072","endPos":"29424"}
[2026-01-29 11:46:11.866410] [debug] WebSocketServer: Broadcasting to 1 clients: {"server_time":"2026-01-29 11:46:11","timestamp":"1769676371866","isConnected":"True","numBoard":"0","numSteps":"23907","numSpeed":"-202.915527","numAccel":"99","numDecel":"93","currentPos":"112","startPos":"3565175072","endPos":"29424"}
[2026-01-29 11:46:12.866777] [debug] WebSocketServer: Broadcasting to 1 clients: {"server_time":"2026-01-29 11:46:12","timestamp":"1769676372866","isConnected":"True","numBoard":"0","numSteps":"23907","numSpeed":"-202.915527","numAccel":"99","numDecel":"93","currentPos":"112","startPos":"3565175072","endPos":"29424"}
[2026-01-29 11:46:13.867499] [debug] WebSocketServer: Broadcasting to 1 clients: {"server_time":"2026-01-29 11:46:13","timestamp":"1769676373867","isConnected":"True","numBoard":"0","numSteps":"23907","numSpeed":"-202.915527","numAccel":"99","numDecel":"93","currentPos":"112","startPos":"3565175072","endPos":"29424"}
[2026-01-29 11:46:14.867938] [debug] WebSocketServer: Broadcasting to 1 clients: {"server_time":"2026-01-29 11:46:14","timestamp":"1769676374867","isConnected":"True","numBoard":"0","numSteps":"23907","numSpeed":"-202.915527","numAccel":"99","numDecel":"93","currentPos":"112","startPos":"3565175072","endPos":"29424"}
[2026-01-29 11:46:15.868300] [debug] WebSocketServer: Broadcasting to 1 clients: {"server_time":"2026-01-29 11:46:15","timestamp":"1769676375868","isConnected":"True","numBoard":"0","numSteps":"23907","numSpeed":"-202.915527","numAccel":"99","numDecel":"93","currentPos":"112","startPos":"3565175072","endPos":"29424"}
[2026-01-29 11:46:16.868810] [debug] WebSocketServer: Broadcasting to 1 clients: {"server_time":"2026-01-29 11:46:16","timestamp":"1769676376868","isConnected":"True","numBoard":"0","numSteps":"23907","numSpeed":"-202.915527","numAccel":"99","numDecel":"93","currentPos":"112","startPos":"3565175072","endPos":"29424"}
[2026-01-29 11:46:17.869131] [debug] WebSocketServer: Broadcasting to 1 clients: {"server_time":"2026-01-29 11:46:17","timestamp":"1769676377869","isConnected":"True","numBoard":"0","numSteps":"23907","numSpeed":"-202.915527","numAccel":"99","numDecel":"93","currentPos":"112","startPos":"3565175072","endPos":"29424"}
[2026-01-29 11:46:18.869489] [debug] WebSocketServer: Broadcasting to 1 clients: {"server_time":"2026-01-29 11:46:18","timestamp":"1769676378869","isConnected":"True","numBoard":"0","numSteps":"23907","numSpeed":"-202.915527","numAccel":"99","numDecel":"93","currentPos":"112","startPos":"3565175072","endPos":"29424"}
[2026-01-29 11:46:19.869889] [debug] WebSocketServer: Broadcasting to 1 clients: {"server_time":"2026-01-29 11:46:19","timestamp":"1769676379869","isConnected":"True","numBoard":"0","numSteps":"23907","numSpeed":"-202.915527","numAccel":"99","numDecel":"93","currentPos":"112","startPos":"3565175072","endPos":"29424"}
[2026-01-29 11:46:20.870384] [debug] WebSocketServer: Broadcasting to 1 clients: {"server_time":"2026-01-29 11:46:20","timestamp":"1769676380870","isConnected":"True","numBoard":"0","numSteps":"23907","numSpeed":"-202.915527","numAccel":"99","numDecel":"93","currentPos":"112","startPos":"3565175072","endPos":"29424"}
[2026-01-29 11:46:21.870913] [debug] WebSocketServer: Broadcasting to 1 clients: {"server_time":"2026-01-29 11:46:21","timestamp":"1769676381870","isConnected":"True","numBoard":"0","numSteps":"23907","numSpeed":"-202.915527","numAccel":"99","numDecel":"93","currentPos":"112","startPos":"3565175072","endPos":"29424"}
[2026-01-29 11:46:22.871229] [debug] WebSocketServer: Broadcasting to 1 clients: {"server_time":"2026-01-29 11:46:22","timestamp":"1769676382871","isConnected":"True","numBoard":"0","numSteps":"23907","numSpeed":"-202.915527","numAccel":"99","numDecel":"93","currentPos":"112","startPos":"3565175072","endPos":"29424"}
[2026-01-29 11:46:23.871764] [debug] WebSocketServer: Broadcasting to 1 clients: {"server_time":"2026-01-29 11:46:23","timestamp":"1769676383871","isConnected":"True","numBoard":"0","numSteps":"23907","numSpeed":"-202.915527","numAccel":"99","numDecel":"93","currentPos":"112","startPos":"3565175072","endPos":"29424"}
[2026-01-29 11:46:24.872235] [debug] WebSocketServer: Broadcasting to 1 clients: {"server_time":"2026-01-29 11:46:24","timestamp":"1769676384872","isConnected":"True","numBoard":"0","numSteps":"23907","numSpeed":"-202.915527","numAccel":"99","numDecel":"93","currentPos":"112","startPos":"3565175072","endPos":"29424"}
[2026-01-29 11:46:25.872539] [debug] WebSocketServer: Broadcasting to 1 clients: {"server_time":"2026-01-29 11:46:25","timestamp":"1769676385872","isConnected":"True","numBoard":"0","numSteps":"23907","numSpeed":"-202.915527","numAccel":"99","numDecel":"93","currentPos":"112","startPos":"3565175072","endPos":"29424"}
[2026-01-29 11:46:26.872961] [debug] WebSocketServer: Broadcasting to 1 clients: {"server_time":"2026-01-29 11:46:26","timestamp":"1769676386872","isConnected":"True","numBoard":"0","numSteps":"23907","numSpeed":"-202.915527","numAccel":"99","numDecel":"93","currentPos":"112","startPos":"3565175072","endPos":"29424"}
[2026-01-29 11:46:27.873285] [debug] WebSocketServer: Broadcasting to 1 clients: {"server_time":"2026-01-29 11:46:27","timestamp":"1769676387873","isConnected":"True","numBoard":"0","numSteps":"23907","numSpeed":"-202.915527","numAccel":"99","numDecel":"93","currentPos":"112","startPos":"3565175072","endPos":"29424"}
[2026-01-29 11:46:28.873595] [debug] WebSocketServer: Broadcasting to 1 clients: {"server_time":"2026-01-29 11:46:28","timestamp":"1769676388873","isConnected":"True","numBoard":"0","numSteps":"23907","numSpeed":"-202.915527","numAccel":"99","numDecel":"93","currentPos":"112","startPos":"3565175072","endPos":"29424"}
[2026-01-29 11:46:29.874033] [debug] WebSocketServer: Broadcasting to 1 clients: {"server_time":"2026-01-29 11:46:29","timestamp":"1769676389873","isConnected":"True","numBoard":"0","numSteps":"23907","numSpeed":"-202.915527","numAccel":"99","numDecel":"93","currentPos":"112","startPos":"3565175072","endPos":"29424"}
[2026-01-29 11:46:30.874511] [debug] WebSocketServer: Broadcasting to 1 clients: {"server_time":"2026-01-29 11:46:30","timestamp":"1769676390874","isConnected":"True","numBoard":"0","numSteps":"23907","numSpeed":"-202.915527","numAccel":"99","numDecel":"93","currentPos":"112","startPos":"3565175072","endPos":"29424"}
[2026-01-29 11:46:31.874857] [debug] WebSocketServer: Broadcasting to 1 clients: {"server_time":"2026-01-29 11:46:31","timestamp":"1769676391874","isConnected":"True","numBoard":"0","numSteps":"23907","numSpeed":"-202.915527","numAccel":"99","numDecel":"93","currentPos":"112","startPos":"3565175072","endPos":"29424"}
[2026-01-29 11:46:32.875151] [debug] WebSocketServer: Broadcasting to 1 clients: {"server_time":"2026-01-29 11:46:32","timestamp":"1769676392875","isConnected":"True","numBoard":"0","numSteps":"23907","numSpeed":"-202.915527","numAccel":"99","numDecel":"93","currentPos":"112","startPos":"3565175072","endPos":"29424"}
[2026-01-29 11:46:33.875443] [debug] WebSocketServer: Broadcasting to 1 clients: {"server_time":"2026-01-29 11:46:33","timestamp":"1769676393875","isConnected":"True","numBoard":"0","numSteps":"23907","numSpeed":"-202.915527","numAccel":"99","numDecel":"93","currentPos":"112","startPos":"3565175072","endPos":"29424"}
[2026-01-29 11:46:34.875762] [debug] WebSocketServer: Broadcasting to 1 clients: {"server_time":"2026-01-29 11:46:34","timestamp":"1769676394875","isConnected":"True","numBoard":"0","numSteps":"23907","numSpeed":"-202.915527","numAccel":"99","numDecel":"93","currentPos":"112","startPos":"3565175072","endPos":"29424"}
[2026-01-29 11:46:35.876407] [debug] WebSocketServer: Broadcasting to 1 clients: {"server_time":"2026-01-29 11:46:35","timestamp":"1769676395876","isConnected":"True","numBoard":"0","numSteps":"23907","numSpeed":"-202.915527","numAccel":"99","numDecel":"93","currentPos":"112","startPos":"3565175072","endPos":"29424"}
[2026-01-29 11:46:36.876920] [debug] WebSocketServer: Broadcasting to 1 clients: {"server_time":"2026-01-29 11:46:36","timestamp":"1769676396876","isConnected":"True","numBoard":"0","numSteps":"23907","numSpeed":"-202.915527","numAccel":"99","numDecel":"93","currentPos":"112","startPos":"3565175072","endPos":"29424"}
[2026-01-29 11:46:37.877232] [debug] WebSocketServer: Broadcasting to 1 clients: {"server_time":"2026-01-29 11:46:37","timestamp":"1769676397877","isConnected":"True","numBoard":"0","numSteps":"23907","numSpeed":"-202.915527","numAccel":"99","numDecel":"93","currentPos":"112","startPos":"3565175072","endPos":"29424"}
[2026-01-29 11:46:38.877531] [debug] WebSocketServer: Broadcasting to 1 clients: {"server_time":"2026-01-29 11:46:38","timestamp":"1769676398877","isConnected":"True","numBoard":"0","numSteps":"23907","numSpeed":"-202.915527","numAccel":"99","numDecel":"93","currentPos":"112","startPos":"3565175072","endPos":"29424"}
[2026-01-29 11:46:39.877797] [debug] WebSocketServer: Broadcasting to 1 clients: {"server_time":"2026-01-29 11:46:39","timestamp":"1769676399877","isConnected":"True","numBoard":"0","numSteps":"23907","numSpeed":"-202.915527","numAccel":"99","numDecel":"93","currentPos":"112","startPos":"3565175072","endPos":"29424"}
[2026-01-29 11:46:40.878087] [debug] WebSocketServer: Broadcasting to 1 clients: {"server_time":"2026-01-29 11:46:40","timestamp":"1769676400878","isConnected":"True","numBoard":"0","numSteps":"23907","numSpeed":"-202.915527","numAccel":"99","numDecel":"93","currentPos":"112","startPos":"3565175072","endPos":"29424"}
[2026-01-29 11:46:41.878391] [debug] WebSocketServer: Broadcasting to 1 clients: {"server_time":"2026-01-29 11:46:41","timestamp":"1769676401878","isConnected":"True","numBoard":"0","numSteps":"23907","numSpeed":"-202.915527","numAccel":"99","numDecel":"93","currentPos":"112","startPos":"3565175072","endPos":"29424"}
[2026-01-29 11:46:42.878682] [debug] WebSocketServer: Broadcasting to 1 clients: {"server_time":"2026-01-29 11:46:42","timestamp":"1769676402878","isConnected":"True","numBoard":"0","numSteps":"23907","numSpeed":"-202.915527","numAccel":"99","numDecel":"93","currentPos":"112","startPos":"3565175072","endPos":"29424"}
[2026-01-29 11:46:43.881906] [debug] WebSocketServer: Broadcasting to 1 clients: {"server_time":"2026-01-29 11:46:43","timestamp":"1769676403881","isConnected":"True","numBoard":"0","numSteps":"23907","numSpeed":"-202.915527","numAccel":"99","numDecel":"93","currentPos":"112","startPos":"3565175072","endPos":"29424"}
[2026-01-29 11:46:44.655837] [info] WebSocket client disconnected (ENOTCONN)
[2026-01-29 11:46:44.655931] [info] Session removed. Active clients: 0
[2026-01-29 11:46:44.655978] [info] WebSocket session destroyed
[2026-01-29 12:00:45.181878] [info] RestApiServer created on port 8080
[2026-01-29 12:00:45.182105] [info] WebSocketServer created on port 8081
[2026-01-29 12:00:45.182209] [info] GrpcApiServer created on port 50051
[2026-01-29 12:00:45.182915] [info] MqttApiServer created. Broker: tcp://127.0.0.1:1883
[2026-01-29 12:00:45.183025] [info] WebSocketServer: Started auto updates with interval 1000ms
[2026-01-29 12:00:45.183012] [info] WebSocketServer starting on port 8081
[2026-01-29 12:00:45.183067] [info] WebSocketServer: Auto update worker started
[2026-01-29 12:00:45.183153] [info] Connecting to MQTT Broker...
[2026-01-29 12:00:45.183228] [info] Run RestApiServer on port 8080
[2026-01-29 12:00:45.184990] [info] Run gRPC Server on 0.0.0.0:50051
[2026-01-29 12:00:45.193717] [info] MQTT Connection established (callback)
[2026-01-29 12:00:45.194105] [info] Connection Success via wait()
[2026-01-29 12:00:45.194160] [info] Subscribing to cancontroller/command/# ...
[2026-01-29 12:00:45.194220] [info] MQTT Connection established (callback)
[2026-01-29 12:00:45.194751] [info] Subscription Active!
[2026-01-29 12:00:51.405796] [info] RestApiServer created on port 8080
[2026-01-29 12:00:51.405993] [info] WebSocketServer created on port 8081
[2026-01-29 12:00:51.406115] [info] GrpcApiServer created on port 50051
[2026-01-29 12:00:51.406990] [info] MqttApiServer created. Broker: tcp://127.0.0.1:1883
[2026-01-29 12:00:51.407098] [info] WebSocketServer starting on port 8081
[2026-01-29 12:00:51.407222] [info] WebSocketServer: Started auto updates with interval 1000ms
[2026-01-29 12:00:51.407452] [info] Connecting to MQTT Broker...
[2026-01-29 12:00:51.407502] [info] WebSocketServer: Auto update worker started
[2026-01-29 12:00:51.407585] [info] Run RestApiServer on port 8080
[2026-01-29 12:00:51.410509] [info] Run gRPC Server on 0.0.0.0:50051
[2026-01-29 12:00:51.518279] [info] MQTT Connection established (callback)
[2026-01-29 12:00:51.518386] [info] MQTT Connection established (callback)
[2026-01-29 12:00:51.518408] [info] Connection Success via wait()
[2026-01-29 12:00:51.518441] [info] Subscribing to cancontroller/command/# ...
[2026-01-29 12:00:51.518609] [info] Subscription Active!
[2026-01-29 12:00:56.713866] [info] WebSocket client connected. Total clients: 1
[2026-01-29 12:00:57.408358] [debug] WebSocketServer: Broadcasting to 1 clients: {"server_time":"2026-01-29 12:00:57","timestamp":"1769677257408","isConnected":"False","numBoard":"0","numSteps":"22529","numSpeed":"359.956055","numAccel":"1","numDecel":"88","currentPos":"112","startPos":"1889550624","endPos":"30079"}
[2026-01-29 12:00:58.408701] [debug] WebSocketServer: Broadcasting to 1 clients: {"server_time":"2026-01-29 12:00:58","timestamp":"1769677258408","isConnected":"False","numBoard":"0","numSteps":"22529","numSpeed":"359.956055","numAccel":"1","numDecel":"88","currentPos":"112","startPos":"1889550624","endPos":"30079"}
[2026-01-29 12:00:59.224361] [info] RAW MQTT MSG: cancontroller/command/Connect | {}
[2026-01-29 12:00:59.224456] [info] MQTT received command: Connect Payload: {}
[2026-01-29 12:00:59.408992] [debug] WebSocketServer: Broadcasting to 1 clients: {"server_time":"2026-01-29 12:00:59","timestamp":"1769677259408","isConnected":"True","numBoard":"0","numSteps":"22529","numSpeed":"359.956055","numAccel":"1","numDecel":"88","currentPos":"112","startPos":"1889550624","endPos":"30079"}
[2026-01-29 12:01:00.409293] [debug] WebSocketServer: Broadcasting to 1 clients: {"server_time":"2026-01-29 12:01:00","timestamp":"1769677260409","isConnected":"True","numBoard":"0","numSteps":"22529","numSpeed":"359.956055","numAccel":"1","numDecel":"88","currentPos":"112","startPos":"1889550624","endPos":"30079"}
[2026-01-29 12:01:01.409571] [debug] WebSocketServer: Broadcasting to 1 clients: {"server_time":"2026-01-29 12:01:01","timestamp":"1769677261409","isConnected":"True","numBoard":"0","numSteps":"22529","numSpeed":"359.956055","numAccel":"1","numDecel":"88","currentPos":"112","startPos":"1889550624","endPos":"30079"}
[2026-01-29 12:01:02.409845] [debug] WebSocketServer: Broadcasting to 1 clients: {"server_time":"2026-01-29 12:01:02","timestamp":"1769677262409","isConnected":"True","numBoard":"0","numSteps":"22529","numSpeed":"359.956055","numAccel":"1","numDecel":"88","currentPos":"112","startPos":"1889550624","endPos":"30079"}
[2026-01-29 12:01:03.410110] [debug] WebSocketServer: Broadcasting to 1 clients: {"server_time":"2026-01-29 12:01:03","timestamp":"1769677263410","isConnected":"True","numBoard":"0","numSteps":"22529","numSpeed":"359.956055","numAccel":"1","numDecel":"88","currentPos":"112","startPos":"1889550624","endPos":"30079"}
[2026-01-29 12:01:04.410394] [debug] WebSocketServer: Broadcasting to 1 clients: {"server_time":"2026-01-29 12:01:04","timestamp":"1769677264410","isConnected":"True","numBoard":"0","numSteps":"22529","numSpeed":"359.956055","numAccel":"1","numDecel":"88","currentPos":"112","startPos":"1889550624","endPos":"30079"}
[2026-01-29 12:01:05.410696] [debug] WebSocketServer: Broadcasting to 1 clients: {"server_time":"2026-01-29 12:01:05","timestamp":"1769677265410","isConnected":"True","numBoard":"0","numSteps":"22529","numSpeed":"359.956055","numAccel":"1","numDecel":"88","currentPos":"112","startPos":"1889550624","endPos":"30079"}
[2026-01-29 12:01:06.410978] [debug] WebSocketServer: Broadcasting to 1 clients: {"server_time":"2026-01-29 12:01:06","timestamp":"1769677266410","isConnected":"True","numBoard":"0","numSteps":"22529","numSpeed":"359.956055","numAccel":"1","numDecel":"88","currentPos":"112","startPos":"1889550624","endPos":"30079"}
[2026-01-29 12:01:07.411267] [debug] WebSocketServer: Broadcasting to 1 clients: {"server_time":"2026-01-29 12:01:07","timestamp":"1769677267411","isConnected":"True","numBoard":"0","numSteps":"22529","numSpeed":"359.956055","numAccel":"1","numDecel":"88","currentPos":"112","startPos":"1889550624","endPos":"30079"}
[2026-01-29 12:01:08.003594] [info] POST /api/board/set {"numBoard":0}
[2026-01-29 12:01:08.351495] [info] POST /api/steps/set {"numSteps":1000}
[2026-01-29 12:01:08.411607] [debug] WebSocketServer: Broadcasting to 1 clients: {"server_time":"2026-01-29 12:01:08","timestamp":"1769677268411","isConnected":"True","numBoard":"0","numSteps":"1000","numSpeed":"359.956055","numAccel":"1","numDecel":"88","currentPos":"112","startPos":"1889550624","endPos":"30079"}
[2026-01-29 12:01:08.711485] [info] POST /api/speed/set {"numSpeed":10}
[2026-01-29 12:01:09.303478] [info] POST /api/accel/set {"numAccel":10}
[2026-01-29 12:01:09.411899] [debug] WebSocketServer: Broadcasting to 1 clients: {"server_time":"2026-01-29 12:01:09","timestamp":"1769677269411","isConnected":"True","numBoard":"0","numSteps":"1000","numSpeed":"10.000000","numAccel":"10","numDecel":"88","currentPos":"112","startPos":"1889550624","endPos":"30079"}
[2026-01-29 12:01:09.599477] [info] POST /api/decel/set {"numDecel":10}
[2026-01-29 12:01:09.951476] [info] GET /api/move/forward
[2026-01-29 12:01:10.412211] [debug] WebSocketServer: Broadcasting to 1 clients: {"server_time":"2026-01-29 12:01:10","timestamp":"1769677270412","isConnected":"True","numBoard":"0","numSteps":"1000","numSpeed":"10.000000","numAccel":"10","numDecel":"10","currentPos":"112","startPos":"1889550624","endPos":"30079"}
[2026-01-29 12:01:10.751474] [info] GET /api/move/backward
[2026-01-29 12:01:11.159474] [info] GET /api/move/backward
[2026-01-29 12:01:11.412536] [debug] WebSocketServer: Broadcasting to 1 clients: {"server_time":"2026-01-29 12:01:11","timestamp":"1769677271412","isConnected":"True","numBoard":"0","numSteps":"1000","numSpeed":"10.000000","numAccel":"10","numDecel":"10","currentPos":"112","startPos":"1889550624","endPos":"30079"}
[2026-01-29 12:01:11.619468] [info] GET /api/move/backward
[2026-01-29 12:01:12.103475] [info] GET /api/move/backward
[2026-01-29 12:01:12.412905] [debug] WebSocketServer: Broadcasting to 1 clients: {"server_time":"2026-01-29 12:01:12","timestamp":"1769677272412","isConnected":"True","numBoard":"0","numSteps":"1000","numSpeed":"10.000000","numAccel":"10","numDecel":"10","currentPos":"112","startPos":"1889550624","endPos":"30079"}
[2026-01-29 12:01:12.727475] [info] GET /api/move/backward
[2026-01-29 12:01:13.359475] [info] GET /api/move/backward
[2026-01-29 12:01:13.413200] [debug] WebSocketServer: Broadcasting to 1 clients: {"server_time":"2026-01-29 12:01:13","timestamp":"1769677273413","isConnected":"True","numBoard":"0","numSteps":"1000","numSpeed":"10.000000","numAccel":"10","numDecel":"10","currentPos":"112","startPos":"1889550624","endPos":"30079"}
[2026-01-29 12:01:14.279481] [info] GET /api/move/backward
[2026-01-29 12:01:14.413485] [debug] WebSocketServer: Broadcasting to 1 clients: {"server_time":"2026-01-29 12:01:14","timestamp":"1769677274413","isConnected":"True","numBoard":"0","numSteps":"1000","numSpeed":"10.000000","numAccel":"10","numDecel":"10","currentPos":"112","startPos":"1889550624","endPos":"30079"}
[2026-01-29 12:01:14.943464] [info] GET /api/move/forward
[2026-01-29 12:01:15.413774] [debug] WebSocketServer: Broadcasting to 1 clients: {"server_time":"2026-01-29 12:01:15","timestamp":"1769677275413","isConnected":"True","numBoard":"0","numSteps":"1000","numSpeed":"10.000000","numAccel":"10","numDecel":"10","currentPos":"112","startPos":"1889550624","endPos":"30079"}
[2026-01-29 12:01:16.207467] [info] GET /api/move/backward
[2026-01-29 12:01:16.414068] [debug] WebSocketServer: Broadcasting to 1 clients: {"server_time":"2026-01-29 12:01:16","timestamp":"1769677276414","isConnected":"True","numBoard":"0","numSteps":"1000","numSpeed":"10.000000","numAccel":"10","numDecel":"10","currentPos":"112","startPos":"1889550624","endPos":"30079"}
[2026-01-29 12:01:17.414349] [debug] WebSocketServer: Broadcasting to 1 clients: {"server_time":"2026-01-29 12:01:17","timestamp":"1769677277414","isConnected":"True","numBoard":"0","numSteps":"1000","numSpeed":"10.000000","numAccel":"10","numDecel":"10","currentPos":"112","startPos":"1889550624","endPos":"30079"}
[2026-01-29 12:01:17.527457] [info] GET /api/move/backward
[2026-01-29 12:01:18.414608] [debug] WebSocketServer: Broadcasting to 1 clients: {"server_time":"2026-01-29 12:01:18","timestamp":"1769677278414","isConnected":"True","numBoard":"0","numSteps":"1000","numSpeed":"10.000000","numAccel":"10","numDecel":"10","currentPos":"112","startPos":"1889550624","endPos":"30079"}
[2026-01-29 12:01:18.599460] [info] GET /api/move/forward
[2026-01-29 12:01:19.414895] [debug] WebSocketServer: Broadcasting to 1 clients: {"server_time":"2026-01-29 12:01:19","timestamp":"1769677279414","isConnected":"True","numBoard":"0","numSteps":"1000","numSpeed":"10.000000","numAccel":"10","numDecel":"10","currentPos":"112","startPos":"1889550624","endPos":"30079"}
[2026-01-29 12:01:19.791455] [info] GET /api/move/forward
[2026-01-29 12:01:20.415169] [debug] WebSocketServer: Broadcasting to 1 clients: {"server_time":"2026-01-29 12:01:20","timestamp":"1769677280415","isConnected":"True","numBoard":"0","numSteps":"1000","numSpeed":"10.000000","numAccel":"10","numDecel":"10","currentPos":"112","startPos":"1889550624","endPos":"30079"}
[2026-01-29 12:01:21.015451] [info] GET /api/move/forward
[2026-01-29 12:01:21.415426] [debug] WebSocketServer: Broadcasting to 1 clients: {"server_time":"2026-01-29 12:01:21","timestamp":"1769677281415","isConnected":"True","numBoard":"0","numSteps":"1000","numSpeed":"10.000000","numAccel":"10","numDecel":"10","currentPos":"112","startPos":"1889550624","endPos":"30079"}
[2026-01-29 12:01:22.415695] [debug] WebSocketServer: Broadcasting to 1 clients: {"server_time":"2026-01-29 12:01:22","timestamp":"1769677282415","isConnected":"True","numBoard":"0","numSteps":"1000","numSpeed":"10.000000","numAccel":"10","numDecel":"10","currentPos":"112","startPos":"1889550624","endPos":"30079"}
[2026-01-29 12:01:22.647448] [info] GET /api/move/backward
[2026-01-29 12:01:23.415946] [debug] WebSocketServer: Broadcasting to 1 clients: {"server_time":"2026-01-29 12:01:23","timestamp":"1769677283415","isConnected":"True","numBoard":"0","numSteps":"1000","numSpeed":"10.000000","numAccel":"10","numDecel":"10","currentPos":"112","startPos":"1889550624","endPos":"30079"}
[2026-01-29 12:01:23.767449] [info] GET /api/move/backward
[2026-01-29 12:01:24.416213] [debug] WebSocketServer: Broadcasting to 1 clients: {"server_time":"2026-01-29 12:01:24","timestamp":"1769677284416","isConnected":"True","numBoard":"0","numSteps":"1000","numSpeed":"10.000000","numAccel":"10","numDecel":"10","currentPos":"112","startPos":"1889550624","endPos":"30079"}
[2026-01-29 12:01:24.919446] [info] GET /api/move/backward
[2026-01-29 12:01:25.416466] [debug] WebSocketServer: Broadcasting to 1 clients: {"server_time":"2026-01-29 12:01:25","timestamp":"1769677285416","isConnected":"True","numBoard":"0","numSteps":"1000","numSpeed":"10.000000","numAccel":"10","numDecel":"10","currentPos":"112","startPos":"1889550624","endPos":"30079"}
[2026-01-29 12:01:26.031437] [info] GET /api/move/backward
[2026-01-29 12:01:26.416740] [debug] WebSocketServer: Broadcasting to 1 clients: {"server_time":"2026-01-29 12:01:26","timestamp":"1769677286416","isConnected":"True","numBoard":"0","numSteps":"1000","numSpeed":"10.000000","numAccel":"10","numDecel":"10","currentPos":"112","startPos":"1889550624","endPos":"30079"}
[2026-01-29 12:01:27.417000] [debug] WebSocketServer: Broadcasting to 1 clients: {"server_time":"2026-01-29 12:01:27","timestamp":"1769677287416","isConnected":"True","numBoard":"0","numSteps":"1000","numSpeed":"10.000000","numAccel":"10","numDecel":"10","currentPos":"112","startPos":"1889550624","endPos":"30079"}
[2026-01-29 12:01:27.900574] [info] WebSocket client disconnected (ENOTCONN)
[2026-01-29 12:01:27.900691] [info] Session removed. Active clients: 0
[2026-01-29 12:01:27.900735] [info] WebSocket session destroyed
[2026-01-29 12:06:02.141626] [info] RestApiServer created on port 8080
[2026-01-29 12:06:02.141813] [info] WebSocketServer created on port 8081
[2026-01-29 12:06:02.141916] [info] GrpcApiServer created on port 50051
[2026-01-29 12:06:02.142620] [info] MqttApiServer created. Broker: tcp://127.0.0.1:1883
[2026-01-29 12:06:02.142753] [info] WebSocketServer: Started auto updates with interval 1000ms
[2026-01-29 12:06:02.142785] [info] WebSocketServer: Auto update worker started
[2026-01-29 12:06:02.142733] [info] WebSocketServer starting on port 8081
[2026-01-29 12:06:02.142886] [info] Connecting to MQTT Broker...
[2026-01-29 12:06:02.142952] [info] Run RestApiServer on port 8080
[2026-01-29 12:06:02.144878] [info] Run gRPC Server on 0.0.0.0:50051
[2026-01-29 12:06:02.153595] [info] MQTT Connection established (callback)
[2026-01-29 12:06:02.153752] [info] MQTT Connection established (callback)
[2026-01-29 12:06:02.153899] [info] Connection Success via wait()
[2026-01-29 12:06:02.153942] [info] Subscribing to cancontroller/command/# ...
[2026-01-29 12:06:02.154206] [info] Subscription Active!
[2026-01-29 12:06:06.494382] [info] WebSocket client connected. Total clients: 1
[2026-01-29 12:06:07.143555] [debug] WebSocketServer: Broadcasting to 1 clients: {"server_time":"2026-01-29 12:06:07","timestamp":"1769677567143","isConnected":"False","numBoard":"0","numSteps":"21981","numSpeed":"-0.000000","numAccel":"221","numDecel":"85","currentPos":"112","startPos":"1098924320","endPos":"32344"}
[2026-01-29 12:06:08.144056] [debug] WebSocketServer: Broadcasting to 1 clients: {"server_time":"2026-01-29 12:06:08","timestamp":"1769677568144","isConnected":"False","numBoard":"0","numSteps":"21981","numSpeed":"-0.000000","numAccel":"221","numDecel":"85","currentPos":"112","startPos":"1098924320","endPos":"32344"}
[2026-01-29 12:06:09.144417] [debug] WebSocketServer: Broadcasting to 1 clients: {"server_time":"2026-01-29 12:06:09","timestamp":"1769677569144","isConnected":"False","numBoard":"0","numSteps":"21981","numSpeed":"-0.000000","numAccel":"221","numDecel":"85","currentPos":"112","startPos":"1098924320","endPos":"32344"}
[2026-01-29 12:06:09.515370] [info] RAW MQTT MSG: cancontroller/command/Connect | {}
[2026-01-29 12:06:09.515487] [info] MQTT received command: Connect Payload: {}
[2026-01-29 12:06:10.144678] [debug] WebSocketServer: Broadcasting to 1 clients: {"server_time":"2026-01-29 12:06:10","timestamp":"1769677570144","isConnected":"True","numBoard":"0","numSteps":"21981","numSpeed":"-0.000000","numAccel":"221","numDecel":"85","currentPos":"112","startPos":"1098924320","endPos":"32344"}
[2026-01-29 12:06:11.144940] [debug] WebSocketServer: Broadcasting to 1 clients: {"server_time":"2026-01-29 12:06:11","timestamp":"1769677571144","isConnected":"True","numBoard":"0","numSteps":"21981","numSpeed":"-0.000000","numAccel":"221","numDecel":"85","currentPos":"112","startPos":"1098924320","endPos":"32344"}
[2026-01-29 12:06:12.145203] [debug] WebSocketServer: Broadcasting to 1 clients: {"server_time":"2026-01-29 12:06:12","timestamp":"1769677572145","isConnected":"True","numBoard":"0","numSteps":"21981","numSpeed":"-0.000000","numAccel":"221","numDecel":"85","currentPos":"112","startPos":"1098924320","endPos":"32344"}
[2026-01-29 12:06:13.145481] [debug] WebSocketServer: Broadcasting to 1 clients: {"server_time":"2026-01-29 12:06:13","timestamp":"1769677573145","isConnected":"True","numBoard":"0","numSteps":"21981","numSpeed":"-0.000000","numAccel":"221","numDecel":"85","currentPos":"112","startPos":"1098924320","endPos":"32344"}
[2026-01-29 12:06:14.145766] [debug] WebSocketServer: Broadcasting to 1 clients: {"server_time":"2026-01-29 12:06:14","timestamp":"1769677574145","isConnected":"True","numBoard":"0","numSteps":"21981","numSpeed":"-0.000000","numAccel":"221","numDecel":"85","currentPos":"112","startPos":"1098924320","endPos":"32344"}
[2026-01-29 12:06:15.146050] [debug] WebSocketServer: Broadcasting to 1 clients: {"server_time":"2026-01-29 12:06:15","timestamp":"1769677575145","isConnected":"True","numBoard":"0","numSteps":"21981","numSpeed":"-0.000000","numAccel":"221","numDecel":"85","currentPos":"112","startPos":"1098924320","endPos":"32344"}
[2026-01-29 12:06:16.146875] [debug] WebSocketServer: Broadcasting to 1 clients: {"server_time":"2026-01-29 12:06:16","timestamp":"1769677576146","isConnected":"True","numBoard":"0","numSteps":"21981","numSpeed":"-0.000000","numAccel":"221","numDecel":"85","currentPos":"112","startPos":"1098924320","endPos":"32344"}
[2026-01-29 12:06:17.147151] [debug] WebSocketServer: Broadcasting to 1 clients: {"server_time":"2026-01-29 12:06:17","timestamp":"1769677577147","isConnected":"True","numBoard":"0","numSteps":"21981","numSpeed":"-0.000000","numAccel":"221","numDecel":"85","currentPos":"112","startPos":"1098924320","endPos":"32344"}
[2026-01-29 12:06:18.147478] [debug] WebSocketServer: Broadcasting to 1 clients: {"server_time":"2026-01-29 12:06:18","timestamp":"1769677578147","isConnected":"True","numBoard":"0","numSteps":"21981","numSpeed":"-0.000000","numAccel":"221","numDecel":"85","currentPos":"112","startPos":"1098924320","endPos":"32344"}
[2026-01-29 12:06:19.147713] [debug] WebSocketServer: Broadcasting to 1 clients: {"server_time":"2026-01-29 12:06:19","timestamp":"1769677579147","isConnected":"True","numBoard":"0","numSteps":"21981","numSpeed":"-0.000000","numAccel":"221","numDecel":"85","currentPos":"112","startPos":"1098924320","endPos":"32344"}
[2026-01-29 12:06:20.148058] [debug] WebSocketServer: Broadcasting to 1 clients: {"server_time":"2026-01-29 12:06:20","timestamp":"1769677580147","isConnected":"True","numBoard":"0","numSteps":"21981","numSpeed":"-0.000000","numAccel":"221","numDecel":"85","currentPos":"112","startPos":"1098924320","endPos":"32344"}
[2026-01-29 12:06:21.148403] [debug] WebSocketServer: Broadcasting to 1 clients: {"server_time":"2026-01-29 12:06:21","timestamp":"1769677581148","isConnected":"True","numBoard":"0","numSteps":"21981","numSpeed":"-0.000000","numAccel":"221","numDecel":"85","currentPos":"112","startPos":"1098924320","endPos":"32344"}
[2026-01-29 12:06:21.730848] [info] POST /api/board/set {"numBoard":0}
[2026-01-29 12:06:22.038810] [info] POST /api/steps/set {"numSteps":1000}
[2026-01-29 12:06:22.148687] [debug] WebSocketServer: Broadcasting to 1 clients: {"server_time":"2026-01-29 12:06:22","timestamp":"1769677582148","isConnected":"True","numBoard":"0","numSteps":"1000","numSpeed":"-0.000000","numAccel":"221","numDecel":"85","currentPos":"112","startPos":"1098924320","endPos":"32344"}
[2026-01-29 12:06:22.502807] [info] POST /api/speed/set {"numSpeed":10}
[2026-01-29 12:06:22.950806] [info] POST /api/accel/set {"numAccel":10}
[2026-01-29 12:06:23.149048] [debug] WebSocketServer: Broadcasting to 1 clients: {"server_time":"2026-01-29 12:06:23","timestamp":"1769677583148","isConnected":"True","numBoard":"0","numSteps":"1000","numSpeed":"10.000000","numAccel":"10","numDecel":"85","currentPos":"112","startPos":"1098924320","endPos":"32344"}
[2026-01-29 12:06:23.246805] [info] POST /api/decel/set {"numDecel":10}
[2026-01-29 12:06:23.606808] [info] GET /api/move/forward
[2026-01-29 12:06:24.149335] [debug] WebSocketServer: Broadcasting to 1 clients: {"server_time":"2026-01-29 12:06:24","timestamp":"1769677584149","isConnected":"True","numBoard":"0","numSteps":"1000","numSpeed":"10.000000","numAccel":"10","numDecel":"10","currentPos":"112","startPos":"1098924320","endPos":"32344"}
[2026-01-29 12:06:24.638803] [info] GET /api/move/backward
[2026-01-29 12:06:25.149639] [debug] WebSocketServer: Broadcasting to 1 clients: {"server_time":"2026-01-29 12:06:25","timestamp":"1769677585149","isConnected":"True","numBoard":"0","numSteps":"1000","numSpeed":"10.000000","numAccel":"10","numDecel":"10","currentPos":"112","startPos":"1098924320","endPos":"32344"}
[2026-01-29 12:06:25.964010] [info] WebSocket client disconnected (ENOTCONN)
[2026-01-29 12:06:25.964106] [info] Session removed. Active clients: 0
[2026-01-29 12:06:25.964149] [info] WebSocket session destroyed
[2026-01-29 12:10:21.764234] [info] RestApiServer created on port 8080
[2026-01-29 12:10:21.764388] [info] WebSocketServer created on port 8081
[2026-01-29 12:10:21.764475] [info] GrpcApiServer created on port 50051
[2026-01-29 12:10:21.765105] [info] MqttApiServer created. Broker: tcp://127.0.0.1:1883
[2026-01-29 12:10:21.765211] [info] WebSocketServer: Started auto updates with interval 1000ms
[2026-01-29 12:10:21.765199] [info] WebSocketServer starting on port 8081
[2026-01-29 12:10:21.765248] [info] WebSocketServer: Auto update worker started
[2026-01-29 12:10:21.765328] [info] Connecting to MQTT Broker...
[2026-01-29 12:10:21.765395] [info] Run RestApiServer on port 8080
[2026-01-29 12:10:21.767521] [info] Run gRPC Server on 0.0.0.0:50051
[2026-01-29 12:10:21.776121] [info] MQTT Connection established (callback)
[2026-01-29 12:10:21.776257] [info] Connection Success via wait()
[2026-01-29 12:10:21.776248] [info] MQTT Connection established (callback)
[2026-01-29 12:10:21.776539] [info] Subscribing to cancontroller/command/# ...
[2026-01-29 12:10:21.776791] [info] Subscription Active!
[2026-01-29 12:17:46.073289] [info] RestApiServer created on port 8080
[2026-01-29 12:17:46.073493] [info] WebSocketServer created on port 8081
[2026-01-29 12:17:46.073619] [info] GrpcApiServer created on port 50051
[2026-01-29 12:17:46.074495] [info] MqttApiServer created. Broker: tcp://127.0.0.1:1883
[2026-01-29 12:17:46.074606] [info] WebSocketServer starting on port 8081
[2026-01-29 12:17:46.074776] [info] WebSocketServer: Started auto updates with interval 1000ms
[2026-01-29 12:17:46.074929] [info] WebSocketServer: Auto update worker started
[2026-01-29 12:17:46.075063] [info] Connecting to MQTT Broker...
[2026-01-29 12:17:46.075159] [info] Run RestApiServer on port 8080
[2026-01-29 12:17:46.077952] [info] Run gRPC Server on 0.0.0.0:50051
[2026-01-29 12:17:46.086065] [info] MQTT Connection established (callback)
[2026-01-29 12:17:46.086222] [info] MQTT Connection established (callback)
[2026-01-29 12:17:46.086278] [info] Connection Success via wait()
[2026-01-29 12:17:46.086317] [info] Subscribing to cancontroller/command/# ...
[2026-01-29 12:17:46.086488] [info] Subscription Active!
[2026-01-29 12:17:49.640363] [info] WebSocket client connected. Total clients: 1
[2026-01-29 12:17:50.075505] [debug] WebSocketServer: Broadcasting to 1 clients: {"server_time":"2026-01-29 12:17:50","timestamp":"1769678270075","isConnected":"False","numBoard":"0","numSteps":"25435","numSpeed":"-0.000000","numAccel":"91","numDecel":"99","currentPos":"112","startPos":"3867164960","endPos":"31171"}
[2026-01-29 12:17:51.075835] [debug] WebSocketServer: Broadcasting to 1 clients: {"server_time":"2026-01-29 12:17:51","timestamp":"1769678271075","isConnected":"False","numBoard":"0","numSteps":"25435","numSpeed":"-0.000000","numAccel":"91","numDecel":"99","currentPos":"112","startPos":"3867164960","endPos":"31171"}
[2026-01-29 12:17:52.076167] [debug] WebSocketServer: Broadcasting to 1 clients: {"server_time":"2026-01-29 12:17:52","timestamp":"1769678272076","isConnected":"False","numBoard":"0","numSteps":"25435","numSpeed":"-0.000000","numAccel":"91","numDecel":"99","currentPos":"112","startPos":"3867164960","endPos":"31171"}
[2026-01-29 12:17:52.547209] [info] RAW MQTT MSG: cancontroller/command/Connect | {}
[2026-01-29 12:17:52.547313] [info] MQTT received command: Connect Payload: {}
[2026-01-29 12:17:53.076497] [debug] WebSocketServer: Broadcasting to 1 clients: {"server_time":"2026-01-29 12:17:53","timestamp":"1769678273076","isConnected":"True","numBoard":"0","numSteps":"25435","numSpeed":"-0.000000","numAccel":"91","numDecel":"99","currentPos":"112","startPos":"3867164960","endPos":"31171"}
[2026-01-29 12:17:54.076847] [debug] WebSocketServer: Broadcasting to 1 clients: {"server_time":"2026-01-29 12:17:54","timestamp":"1769678274076","isConnected":"True","numBoard":"0","numSteps":"25435","numSpeed":"-0.000000","numAccel":"91","numDecel":"99","currentPos":"112","startPos":"3867164960","endPos":"31171"}
[2026-01-29 12:17:55.077183] [debug] WebSocketServer: Broadcasting to 1 clients: {"server_time":"2026-01-29 12:17:55","timestamp":"1769678275077","isConnected":"True","numBoard":"0","numSteps":"25435","numSpeed":"-0.000000","numAccel":"91","numDecel":"99","currentPos":"112","startPos":"3867164960","endPos":"31171"}
[2026-01-29 12:17:56.077499] [debug] WebSocketServer: Broadcasting to 1 clients: {"server_time":"2026-01-29 12:17:56","timestamp":"1769678276077","isConnected":"True","numBoard":"0","numSteps":"25435","numSpeed":"-0.000000","numAccel":"91","numDecel":"99","currentPos":"112","startPos":"3867164960","endPos":"31171"}
[2026-01-29 12:17:57.077833] [debug] WebSocketServer: Broadcasting to 1 clients: {"server_time":"2026-01-29 12:17:57","timestamp":"1769678277077","isConnected":"True","numBoard":"0","numSteps":"25435","numSpeed":"-0.000000","numAccel":"91","numDecel":"99","currentPos":"112","startPos":"3867164960","endPos":"31171"}
[2026-01-29 12:17:58.078161] [debug] WebSocketServer: Broadcasting to 1 clients: {"server_time":"2026-01-29 12:17:58","timestamp":"1769678278078","isConnected":"True","numBoard":"0","numSteps":"25435","numSpeed":"-0.000000","numAccel":"91","numDecel":"99","currentPos":"112","startPos":"3867164960","endPos":"31171"}
[2026-01-29 12:17:59.078499] [debug] WebSocketServer: Broadcasting to 1 clients: {"server_time":"2026-01-29 12:17:59","timestamp":"1769678279078","isConnected":"True","numBoard":"0","numSteps":"25435","numSpeed":"-0.000000","numAccel":"91","numDecel":"99","currentPos":"112","startPos":"3867164960","endPos":"31171"}
[2026-01-29 12:18:00.078781] [debug] WebSocketServer: Broadcasting to 1 clients: {"server_time":"2026-01-29 12:18:00","timestamp":"1769678280078","isConnected":"True","numBoard":"0","numSteps":"25435","numSpeed":"-0.000000","numAccel":"91","numDecel":"99","currentPos":"112","startPos":"3867164960","endPos":"31171"}
[2026-01-29 12:18:01.079051] [debug] WebSocketServer: Broadcasting to 1 clients: {"server_time":"2026-01-29 12:18:01","timestamp":"1769678281078","isConnected":"True","numBoard":"0","numSteps":"25435","numSpeed":"-0.000000","numAccel":"91","numDecel":"99","currentPos":"112","startPos":"3867164960","endPos":"31171"}
[2026-01-29 12:18:02.079350] [debug] WebSocketServer: Broadcasting to 1 clients: {"server_time":"2026-01-29 12:18:02","timestamp":"1769678282079","isConnected":"True","numBoard":"0","numSteps":"25435","numSpeed":"-0.000000","numAccel":"91","numDecel":"99","currentPos":"112","startPos":"3867164960","endPos":"31171"}
[2026-01-29 12:18:03.079639] [debug] WebSocketServer: Broadcasting to 1 clients: {"server_time":"2026-01-29 12:18:03","timestamp":"1769678283079","isConnected":"True","numBoard":"0","numSteps":"25435","numSpeed":"-0.000000","numAccel":"91","numDecel":"99","currentPos":"112","startPos":"3867164960","endPos":"31171"}
[2026-01-29 12:18:04.079917] [debug] WebSocketServer: Broadcasting to 1 clients: {"server_time":"2026-01-29 12:18:04","timestamp":"1769678284079","isConnected":"True","numBoard":"0","numSteps":"25435","numSpeed":"-0.000000","numAccel":"91","numDecel":"99","currentPos":"112","startPos":"3867164960","endPos":"31171"}
[2026-01-29 12:18:04.246661] [info] gRPC cancontroller.CanControllerService/Board: 0
[2026-01-29 12:18:05.080258] [debug] WebSocketServer: Broadcasting to 1 clients: {"server_time":"2026-01-29 12:18:05","timestamp":"1769678285080","isConnected":"True","numBoard":"0","numSteps":"25435","numSpeed":"-0.000000","numAccel":"91","numDecel":"99","currentPos":"112","startPos":"3867164960","endPos":"31171"}
[2026-01-29 12:18:06.080607] [debug] WebSocketServer: Broadcasting to 1 clients: {"server_time":"2026-01-29 12:18:06","timestamp":"1769678286080","isConnected":"True","numBoard":"0","numSteps":"25435","numSpeed":"-0.000000","numAccel":"91","numDecel":"99","currentPos":"112","startPos":"3867164960","endPos":"31171"}
[2026-01-29 12:18:07.080900] [debug] WebSocketServer: Broadcasting to 1 clients: {"server_time":"2026-01-29 12:18:07","timestamp":"1769678287080","isConnected":"True","numBoard":"0","numSteps":"25435","numSpeed":"-0.000000","numAccel":"91","numDecel":"99","currentPos":"112","startPos":"3867164960","endPos":"31171"}
[2026-01-29 12:18:08.081165] [debug] WebSocketServer: Broadcasting to 1 clients: {"server_time":"2026-01-29 12:18:08","timestamp":"1769678288081","isConnected":"True","numBoard":"0","numSteps":"25435","numSpeed":"-0.000000","numAccel":"91","numDecel":"99","currentPos":"112","startPos":"3867164960","endPos":"31171"}
[2026-01-29 12:18:09.081451] [debug] WebSocketServer: Broadcasting to 1 clients: {"server_time":"2026-01-29 12:18:09","timestamp":"1769678289081","isConnected":"True","numBoard":"0","numSteps":"25435","numSpeed":"-0.000000","numAccel":"91","numDecel":"99","currentPos":"112","startPos":"3867164960","endPos":"31171"}
[2026-01-29 12:18:10.081911] [debug] WebSocketServer: Broadcasting to 1 clients: {"server_time":"2026-01-29 12:18:10","timestamp":"1769678290081","isConnected":"True","numBoard":"0","numSteps":"25435","numSpeed":"-0.000000","numAccel":"91","numDecel":"99","currentPos":"112","startPos":"3867164960","endPos":"31171"}
[2026-01-29 12:18:11.082678] [debug] WebSocketServer: Broadcasting to 1 clients: {"server_time":"2026-01-29 12:18:11","timestamp":"1769678291082","isConnected":"True","numBoard":"0","numSteps":"25435","numSpeed":"-0.000000","numAccel":"91","numDecel":"99","currentPos":"112","startPos":"3867164960","endPos":"31171"}
[2026-01-29 12:18:12.082959] [debug] WebSocketServer: Broadcasting to 1 clients: {"server_time":"2026-01-29 12:18:12","timestamp":"1769678292082","isConnected":"True","numBoard":"0","numSteps":"25435","numSpeed":"-0.000000","numAccel":"91","numDecel":"99","currentPos":"112","startPos":"3867164960","endPos":"31171"}
[2026-01-29 12:18:13.083540] [debug] WebSocketServer: Broadcasting to 1 clients: {"server_time":"2026-01-29 12:18:13","timestamp":"1769678293083","isConnected":"True","numBoard":"0","numSteps":"25435","numSpeed":"-0.000000","numAccel":"91","numDecel":"99","currentPos":"112","startPos":"3867164960","endPos":"31171"}
[2026-01-29 12:18:14.083950] [debug] WebSocketServer: Broadcasting to 1 clients: {"server_time":"2026-01-29 12:18:14","timestamp":"1769678294083","isConnected":"True","numBoard":"0","numSteps":"25435","numSpeed":"-0.000000","numAccel":"91","numDecel":"99","currentPos":"112","startPos":"3867164960","endPos":"31171"}
[2026-01-29 12:18:15.084206] [debug] WebSocketServer: Broadcasting to 1 clients: {"server_time":"2026-01-29 12:18:15","timestamp":"1769678295084","isConnected":"True","numBoard":"0","numSteps":"25435","numSpeed":"-0.000000","numAccel":"91","numDecel":"99","currentPos":"112","startPos":"3867164960","endPos":"31171"}
[2026-01-29 12:18:16.084504] [debug] WebSocketServer: Broadcasting to 1 clients: {"server_time":"2026-01-29 12:18:16","timestamp":"1769678296084","isConnected":"True","numBoard":"0","numSteps":"25435","numSpeed":"-0.000000","numAccel":"91","numDecel":"99","currentPos":"112","startPos":"3867164960","endPos":"31171"}
[2026-01-29 12:18:17.084869] [debug] WebSocketServer: Broadcasting to 1 clients: {"server_time":"2026-01-29 12:18:17","timestamp":"1769678297084","isConnected":"True","numBoard":"0","numSteps":"25435","numSpeed":"-0.000000","numAccel":"91","numDecel":"99","currentPos":"112","startPos":"3867164960","endPos":"31171"}
[2026-01-29 12:18:18.085357] [debug] WebSocketServer: Broadcasting to 1 clients: {"server_time":"2026-01-29 12:18:18","timestamp":"1769678298085","isConnected":"True","numBoard":"0","numSteps":"25435","numSpeed":"-0.000000","numAccel":"91","numDecel":"99","currentPos":"112","startPos":"3867164960","endPos":"31171"}
[2026-01-29 12:18:19.012126] [info] WebSocket client disconnected (ENOTCONN)
[2026-01-29 12:18:19.012209] [info] Session removed. Active clients: 0
[2026-01-29 12:18:19.012245] [info] WebSocket session destroyed
[2026-01-29 12:19:36.038380] [info] RestApiServer created on port 8080
[2026-01-29 12:19:36.038590] [info] WebSocketServer created on port 8081
[2026-01-29 12:19:36.038712] [info] GrpcApiServer created on port 50051
[2026-01-29 12:19:36.039514] [info] MqttApiServer created. Broker: tcp://127.0.0.1:1883
[2026-01-29 12:19:36.039612] [info] WebSocketServer starting on port 8081
[2026-01-29 12:19:36.039641] [info] WebSocketServer: Started auto updates with interval 1000ms
[2026-01-29 12:19:36.039673] [info] WebSocketServer: Auto update worker started
[2026-01-29 12:19:36.039756] [info] Connecting to MQTT Broker...
[2026-01-29 12:19:36.039859] [info] Run RestApiServer on port 8080
[2026-01-29 12:19:36.041675] [info] Run gRPC Server on 0.0.0.0:50051
[2026-01-29 12:19:36.050378] [info] MQTT Connection success
[2026-01-29 12:19:36.050529] [info] MQTT Connection success
[2026-01-29 12:19:36.050546] [info] Connection Success via wait()
[2026-01-29 12:19:36.050591] [info] Subscribing to cancontroller/command/# ...
[2026-01-29 12:19:36.050811] [info] Subscription Active!
[2026-01-29 12:19:40.185398] [info] WebSocket client connected. Total clients: 1
[2026-01-29 12:19:41.040435] [debug] WebSocketServer: Broadcasting to 1 clients: {"server_time":"2026-01-29 12:19:41","timestamp":"1769678381040","isConnected":"False","numBoard":"0","numSteps":"23931","numSpeed":"0.000000","numAccel":"123","numDecel":"93","currentPos":"112","startPos":"2355118368","endPos":"29803"}
[2026-01-29 12:19:41.772007] [info] MQTT Connect: {}
[2026-01-29 12:19:42.040896] [debug] WebSocketServer: Broadcasting to 1 clients: {"server_time":"2026-01-29 12:19:42","timestamp":"1769678382040","isConnected":"True","numBoard":"0","numSteps":"23931","numSpeed":"0.000000","numAccel":"123","numDecel":"93","currentPos":"112","startPos":"2355118368","endPos":"29803"}
[2026-01-29 12:19:43.041178] [debug] WebSocketServer: Broadcasting to 1 clients: {"server_time":"2026-01-29 12:19:43","timestamp":"1769678383041","isConnected":"True","numBoard":"0","numSteps":"23931","numSpeed":"0.000000","numAccel":"123","numDecel":"93","currentPos":"112","startPos":"2355118368","endPos":"29803"}
[2026-01-29 12:19:44.041452] [debug] WebSocketServer: Broadcasting to 1 clients: {"server_time":"2026-01-29 12:19:44","timestamp":"1769678384041","isConnected":"True","numBoard":"0","numSteps":"23931","numSpeed":"0.000000","numAccel":"123","numDecel":"93","currentPos":"112","startPos":"2355118368","endPos":"29803"}
[2026-01-29 12:19:45.041718] [debug] WebSocketServer: Broadcasting to 1 clients: {"server_time":"2026-01-29 12:19:45","timestamp":"1769678385041","isConnected":"True","numBoard":"0","numSteps":"23931","numSpeed":"0.000000","numAccel":"123","numDecel":"93","currentPos":"112","startPos":"2355118368","endPos":"29803"}
[2026-01-29 12:19:46.042013] [debug] WebSocketServer: Broadcasting to 1 clients: {"server_time":"2026-01-29 12:19:46","timestamp":"1769678386041","isConnected":"True","numBoard":"0","numSteps":"23931","numSpeed":"0.000000","numAccel":"123","numDecel":"93","currentPos":"112","startPos":"2355118368","endPos":"29803"}
[2026-01-29 12:19:47.042322] [debug] WebSocketServer: Broadcasting to 1 clients: {"server_time":"2026-01-29 12:19:47","timestamp":"1769678387042","isConnected":"True","numBoard":"0","numSteps":"23931","numSpeed":"0.000000","numAccel":"123","numDecel":"93","currentPos":"112","startPos":"2355118368","endPos":"29803"}
[2026-01-29 12:19:48.042609] [debug] WebSocketServer: Broadcasting to 1 clients: {"server_time":"2026-01-29 12:19:48","timestamp":"1769678388042","isConnected":"True","numBoard":"0","numSteps":"23931","numSpeed":"0.000000","numAccel":"123","numDecel":"93","currentPos":"112","startPos":"2355118368","endPos":"29803"}
[2026-01-29 12:19:49.042950] [debug] WebSocketServer: Broadcasting to 1 clients: {"server_time":"2026-01-29 12:19:49","timestamp":"1769678389042","isConnected":"True","numBoard":"0","numSteps":"23931","numSpeed":"0.000000","numAccel":"123","numDecel":"93","currentPos":"112","startPos":"2355118368","endPos":"29803"}
[2026-01-29 12:19:50.043544] [debug] WebSocketServer: Broadcasting to 1 clients: {"server_time":"2026-01-29 12:19:50","timestamp":"1769678390043","isConnected":"True","numBoard":"0","numSteps":"23931","numSpeed":"0.000000","numAccel":"123","numDecel":"93","currentPos":"112","startPos":"2355118368","endPos":"29803"}
[2026-01-29 12:19:51.044010] [debug] WebSocketServer: Broadcasting to 1 clients: {"server_time":"2026-01-29 12:19:51","timestamp":"1769678391043","isConnected":"True","numBoard":"0","numSteps":"23931","numSpeed":"0.000000","numAccel":"123","numDecel":"93","currentPos":"112","startPos":"2355118368","endPos":"29803"}
[2026-01-29 12:19:51.531893] [info] WebSocket client disconnected (ENOTCONN)
[2026-01-29 12:19:51.532000] [info] Session removed. Active clients: 0
[2026-01-29 12:19:51.532040] [info] WebSocket session destroyed
[2026-01-29 13:44:19.155619] [info] RestApiServer created on port 8080
[2026-01-29 13:44:19.155816] [info] WebSocketServer created on port 8081
[2026-01-29 13:44:19.155947] [info] GrpcApiServer created on port 50051
[2026-01-29 13:44:19.156640] [info] MqttApiServer created. Broker: tcp://127.0.0.1:1883
[2026-01-29 13:44:19.156749] [info] WebSocketServer: Started auto updates with interval 1000ms
[2026-01-29 13:44:19.156738] [info] WebSocketServer starting on port 8081
[2026-01-29 13:44:19.156783] [info] WebSocketServer: Auto update worker started
[2026-01-29 13:44:19.156887] [info] Connecting to MQTT Broker...
[2026-01-29 13:44:19.156950] [info] Run RestApiServer on port 8080
[2026-01-29 13:44:19.158889] [info] Run gRPC Server on 0.0.0.0:50051
[2026-01-29 13:44:19.167496] [info] MQTT Connection success
[2026-01-29 13:44:19.167600] [info] MQTT Connection success
[2026-01-29 13:44:19.167616] [info] Connection Success via wait()
[2026-01-29 13:44:19.167658] [info] Subscribing to cancontroller/command/# ...
[2026-01-29 13:44:19.167802] [info] Subscription Active!
[2026-01-29 13:44:24.094591] [info] WebSocket client connected. Total clients: 1
[2026-01-29 13:44:24.157465] [debug] WebSocketServer: Broadcasting to 1 clients: {"server_time":"2026-01-29 13:44:24","timestamp":"1769683464157","isConnected":"False","numBoard":"0","numSteps":"22111","numSpeed":"-569288427623264292962304.000000","numAccel":"95","numDecel":"86","currentPos":"112","startPos":"39862560","endPos":"30743"}
[2026-01-29 13:44:25.157700] [debug] WebSocketServer: Broadcasting to 1 clients: {"server_time":"2026-01-29 13:44:25","timestamp":"1769683465157","isConnected":"False","numBoard":"0","numSteps":"22111","numSpeed":"-569288427623264292962304.000000","numAccel":"95","numDecel":"86","currentPos":"112","startPos":"39862560","endPos":"30743"}
[2026-01-29 13:44:25.817128] [info] MQTT cancontroller/command/Connect Connect: {}
[2026-01-29 13:44:26.157980] [debug] WebSocketServer: Broadcasting to 1 clients: {"server_time":"2026-01-29 13:44:26","timestamp":"1769683466157","isConnected":"True","numBoard":"0","numSteps":"22111","numSpeed":"-569288427623264292962304.000000","numAccel":"95","numDecel":"86","currentPos":"112","startPos":"39862560","endPos":"30743"}
[2026-01-29 13:44:27.158299] [debug] WebSocketServer: Broadcasting to 1 clients: {"server_time":"2026-01-29 13:44:27","timestamp":"1769683467158","isConnected":"True","numBoard":"0","numSteps":"22111","numSpeed":"-569288427623264292962304.000000","numAccel":"95","numDecel":"86","currentPos":"112","startPos":"39862560","endPos":"30743"}
[2026-01-29 13:44:28.158722] [debug] WebSocketServer: Broadcasting to 1 clients: {"server_time":"2026-01-29 13:44:28","timestamp":"1769683468158","isConnected":"True","numBoard":"0","numSteps":"22111","numSpeed":"-569288427623264292962304.000000","numAccel":"95","numDecel":"86","currentPos":"112","startPos":"39862560","endPos":"30743"}
[2026-01-29 13:44:29.159161] [debug] WebSocketServer: Broadcasting to 1 clients: {"server_time":"2026-01-29 13:44:29","timestamp":"1769683469159","isConnected":"True","numBoard":"0","numSteps":"22111","numSpeed":"-569288427623264292962304.000000","numAccel":"95","numDecel":"86","currentPos":"112","startPos":"39862560","endPos":"30743"}
[2026-01-29 13:44:30.159482] [debug] WebSocketServer: Broadcasting to 1 clients: {"server_time":"2026-01-29 13:44:30","timestamp":"1769683470159","isConnected":"True","numBoard":"0","numSteps":"22111","numSpeed":"-569288427623264292962304.000000","numAccel":"95","numDecel":"86","currentPos":"112","startPos":"39862560","endPos":"30743"}
[2026-01-29 13:44:31.159820] [debug] WebSocketServer: Broadcasting to 1 clients: {"server_time":"2026-01-29 13:44:31","timestamp":"1769683471159","isConnected":"True","numBoard":"0","numSteps":"22111","numSpeed":"-569288427623264292962304.000000","numAccel":"95","numDecel":"86","currentPos":"112","startPos":"39862560","endPos":"30743"}
[2026-01-29 13:44:32.160197] [debug] WebSocketServer: Broadcasting to 1 clients: {"server_time":"2026-01-29 13:44:32","timestamp":"1769683472160","isConnected":"True","numBoard":"0","numSteps":"22111","numSpeed":"-569288427623264292962304.000000","numAccel":"95","numDecel":"86","currentPos":"112","startPos":"39862560","endPos":"30743"}
[2026-01-29 13:44:33.160539] [debug] WebSocketServer: Broadcasting to 1 clients: {"server_time":"2026-01-29 13:44:33","timestamp":"1769683473160","isConnected":"True","numBoard":"0","numSteps":"22111","numSpeed":"-569288427623264292962304.000000","numAccel":"95","numDecel":"86","currentPos":"112","startPos":"39862560","endPos":"30743"}
[2026-01-29 13:44:34.160835] [debug] WebSocketServer: Broadcasting to 1 clients: {"server_time":"2026-01-29 13:44:34","timestamp":"1769683474160","isConnected":"True","numBoard":"0","numSteps":"22111","numSpeed":"-569288427623264292962304.000000","numAccel":"95","numDecel":"86","currentPos":"112","startPos":"39862560","endPos":"30743"}
[2026-01-29 13:44:35.161111] [debug] WebSocketServer: Broadcasting to 1 clients: {"server_time":"2026-01-29 13:44:35","timestamp":"1769683475161","isConnected":"True","numBoard":"0","numSteps":"22111","numSpeed":"-569288427623264292962304.000000","numAccel":"95","numDecel":"86","currentPos":"112","startPos":"39862560","endPos":"30743"}
[2026-01-29 13:44:36.161510] [debug] WebSocketServer: Broadcasting to 1 clients: {"server_time":"2026-01-29 13:44:36","timestamp":"1769683476161","isConnected":"True","numBoard":"0","numSteps":"22111","numSpeed":"-569288427623264292962304.000000","numAccel":"95","numDecel":"86","currentPos":"112","startPos":"39862560","endPos":"30743"}
[2026-01-29 13:44:37.161818] [debug] WebSocketServer: Broadcasting to 1 clients: {"server_time":"2026-01-29 13:44:37","timestamp":"1769683477161","isConnected":"True","numBoard":"0","numSteps":"22111","numSpeed":"-569288427623264292962304.000000","numAccel":"95","numDecel":"86","currentPos":"112","startPos":"39862560","endPos":"30743"}
[2026-01-29 13:44:38.162118] [debug] WebSocketServer: Broadcasting to 1 clients: {"server_time":"2026-01-29 13:44:38","timestamp":"1769683478162","isConnected":"True","numBoard":"0","numSteps":"22111","numSpeed":"-569288427623264292962304.000000","numAccel":"95","numDecel":"86","currentPos":"112","startPos":"39862560","endPos":"30743"}
[2026-01-29 13:44:39.162421] [debug] WebSocketServer: Broadcasting to 1 clients: {"server_time":"2026-01-29 13:44:39","timestamp":"1769683479162","isConnected":"True","numBoard":"0","numSteps":"22111","numSpeed":"-569288427623264292962304.000000","numAccel":"95","numDecel":"86","currentPos":"112","startPos":"39862560","endPos":"30743"}
[2026-01-29 13:44:40.162703] [debug] WebSocketServer: Broadcasting to 1 clients: {"server_time":"2026-01-29 13:44:40","timestamp":"1769683480162","isConnected":"True","numBoard":"0","numSteps":"22111","numSpeed":"-569288427623264292962304.000000","numAccel":"95","numDecel":"86","currentPos":"112","startPos":"39862560","endPos":"30743"}
[2026-01-29 13:44:41.163004] [debug] WebSocketServer: Broadcasting to 1 clients: {"server_time":"2026-01-29 13:44:41","timestamp":"1769683481162","isConnected":"True","numBoard":"0","numSteps":"22111","numSpeed":"-569288427623264292962304.000000","numAccel":"95","numDecel":"86","currentPos":"112","startPos":"39862560","endPos":"30743"}
[2026-01-29 13:44:42.163351] [debug] WebSocketServer: Broadcasting to 1 clients: {"server_time":"2026-01-29 13:44:42","timestamp":"1769683482163","isConnected":"True","numBoard":"0","numSteps":"22111","numSpeed":"-569288427623264292962304.000000","numAccel":"95","numDecel":"86","currentPos":"112","startPos":"39862560","endPos":"30743"}
[2026-01-29 13:44:43.163678] [debug] WebSocketServer: Broadcasting to 1 clients: {"server_time":"2026-01-29 13:44:43","timestamp":"1769683483163","isConnected":"True","numBoard":"0","numSteps":"22111","numSpeed":"-569288427623264292962304.000000","numAccel":"95","numDecel":"86","currentPos":"112","startPos":"39862560","endPos":"30743"}
[2026-01-29 13:44:44.163996] [debug] WebSocketServer: Broadcasting to 1 clients: {"server_time":"2026-01-29 13:44:44","timestamp":"1769683484163","isConnected":"True","numBoard":"0","numSteps":"22111","numSpeed":"-569288427623264292962304.000000","numAccel":"95","numDecel":"86","currentPos":"112","startPos":"39862560","endPos":"30743"}
[2026-01-29 13:44:45.164405] [debug] WebSocketServer: Broadcasting to 1 clients: {"server_time":"2026-01-29 13:44:45","timestamp":"1769683485164","isConnected":"True","numBoard":"0","numSteps":"22111","numSpeed":"-569288427623264292962304.000000","numAccel":"95","numDecel":"86","currentPos":"112","startPos":"39862560","endPos":"30743"}
[2026-01-29 13:44:46.164845] [debug] WebSocketServer: Broadcasting to 1 clients: {"server_time":"2026-01-29 13:44:46","timestamp":"1769683486164","isConnected":"True","numBoard":"0","numSteps":"22111","numSpeed":"-569288427623264292962304.000000","numAccel":"95","numDecel":"86","currentPos":"112","startPos":"39862560","endPos":"30743"}
[2026-01-29 13:44:47.165175] [debug] WebSocketServer: Broadcasting to 1 clients: {"server_time":"2026-01-29 13:44:47","timestamp":"1769683487165","isConnected":"True","numBoard":"0","numSteps":"22111","numSpeed":"-569288427623264292962304.000000","numAccel":"95","numDecel":"86","currentPos":"112","startPos":"39862560","endPos":"30743"}
[2026-01-29 13:44:48.165482] [debug] WebSocketServer: Broadcasting to 1 clients: {"server_time":"2026-01-29 13:44:48","timestamp":"1769683488165","isConnected":"True","numBoard":"0","numSteps":"22111","numSpeed":"-569288427623264292962304.000000","numAccel":"95","numDecel":"86","currentPos":"112","startPos":"39862560","endPos":"30743"}
[2026-01-29 13:44:49.165892] [debug] WebSocketServer: Broadcasting to 1 clients: {"server_time":"2026-01-29 13:44:49","timestamp":"1769683489165","isConnected":"True","numBoard":"0","numSteps":"22111","numSpeed":"-569288427623264292962304.000000","numAccel":"95","numDecel":"86","currentPos":"112","startPos":"39862560","endPos":"30743"}
[2026-01-29 13:44:50.166324] [debug] WebSocketServer: Broadcasting to 1 clients: {"server_time":"2026-01-29 13:44:50","timestamp":"1769683490166","isConnected":"True","numBoard":"0","numSteps":"22111","numSpeed":"-569288427623264292962304.000000","numAccel":"95","numDecel":"86","currentPos":"112","startPos":"39862560","endPos":"30743"}
[2026-01-29 13:44:51.166645] [debug] WebSocketServer: Broadcasting to 1 clients: {"server_time":"2026-01-29 13:44:51","timestamp":"1769683491166","isConnected":"True","numBoard":"0","numSteps":"22111","numSpeed":"-569288427623264292962304.000000","numAccel":"95","numDecel":"86","currentPos":"112","startPos":"39862560","endPos":"30743"}
[2026-01-29 13:44:52.166929] [debug] WebSocketServer: Broadcasting to 1 clients: {"server_time":"2026-01-29 13:44:52","timestamp":"1769683492166","isConnected":"True","numBoard":"0","numSteps":"22111","numSpeed":"-569288427623264292962304.000000","numAccel":"95","numDecel":"86","currentPos":"112","startPos":"39862560","endPos":"30743"}
[2026-01-29 13:44:53.167220] [debug] WebSocketServer: Broadcasting to 1 clients: {"server_time":"2026-01-29 13:44:53","timestamp":"1769683493167","isConnected":"True","numBoard":"0","numSteps":"22111","numSpeed":"-569288427623264292962304.000000","numAccel":"95","numDecel":"86","currentPos":"112","startPos":"39862560","endPos":"30743"}
[2026-01-29 13:44:54.167500] [debug] WebSocketServer: Broadcasting to 1 clients: {"server_time":"2026-01-29 13:44:54","timestamp":"1769683494167","isConnected":"True","numBoard":"0","numSteps":"22111","numSpeed":"-569288427623264292962304.000000","numAccel":"95","numDecel":"86","currentPos":"112","startPos":"39862560","endPos":"30743"}
[2026-01-29 13:44:55.167789] [debug] WebSocketServer: Broadcasting to 1 clients: {"server_time":"2026-01-29 13:44:55","timestamp":"1769683495167","isConnected":"True","numBoard":"0","numSteps":"22111","numSpeed":"-569288427623264292962304.000000","numAccel":"95","numDecel":"86","currentPos":"112","startPos":"39862560","endPos":"30743"}
[2026-01-29 13:44:56.168066] [debug] WebSocketServer: Broadcasting to 1 clients: {"server_time":"2026-01-29 13:44:56","timestamp":"1769683496168","isConnected":"True","numBoard":"0","numSteps":"22111","numSpeed":"-569288427623264292962304.000000","numAccel":"95","numDecel":"86","currentPos":"112","startPos":"39862560","endPos":"30743"}
[2026-01-29 13:44:57.168363] [debug] WebSocketServer: Broadcasting to 1 clients: {"server_time":"2026-01-29 13:44:57","timestamp":"1769683497168","isConnected":"True","numBoard":"0","numSteps":"22111","numSpeed":"-569288427623264292962304.000000","numAccel":"95","numDecel":"86","currentPos":"112","startPos":"39862560","endPos":"30743"}
[2026-01-29 13:44:58.168656] [debug] WebSocketServer: Broadcasting to 1 clients: {"server_time":"2026-01-29 13:44:58","timestamp":"1769683498168","isConnected":"True","numBoard":"0","numSteps":"22111","numSpeed":"-569288427623264292962304.000000","numAccel":"95","numDecel":"86","currentPos":"112","startPos":"39862560","endPos":"30743"}
[2026-01-29 13:44:59.168964] [debug] WebSocketServer: Broadcasting to 1 clients: {"server_time":"2026-01-29 13:44:59","timestamp":"1769683499168","isConnected":"True","numBoard":"0","numSteps":"22111","numSpeed":"-569288427623264292962304.000000","numAccel":"95","numDecel":"86","currentPos":"112","startPos":"39862560","endPos":"30743"}
[2026-01-29 13:45:00.169262] [debug] WebSocketServer: Broadcasting to 1 clients: {"server_time":"2026-01-29 13:45:00","timestamp":"1769683500169","isConnected":"True","numBoard":"0","numSteps":"22111","numSpeed":"-569288427623264292962304.000000","numAccel":"95","numDecel":"86","currentPos":"112","startPos":"39862560","endPos":"30743"}
[2026-01-29 13:45:01.169545] [debug] WebSocketServer: Broadcasting to 1 clients: {"server_time":"2026-01-29 13:45:01","timestamp":"1769683501169","isConnected":"True","numBoard":"0","numSteps":"22111","numSpeed":"-569288427623264292962304.000000","numAccel":"95","numDecel":"86","currentPos":"112","startPos":"39862560","endPos":"30743"}
[2026-01-29 13:45:02.169858] [debug] WebSocketServer: Broadcasting to 1 clients: {"server_time":"2026-01-29 13:45:02","timestamp":"1769683502169","isConnected":"True","numBoard":"0","numSteps":"22111","numSpeed":"-569288427623264292962304.000000","numAccel":"95","numDecel":"86","currentPos":"112","startPos":"39862560","endPos":"30743"}
[2026-01-29 13:45:03.170187] [debug] WebSocketServer: Broadcasting to 1 clients: {"server_time":"2026-01-29 13:45:03","timestamp":"1769683503170","isConnected":"True","numBoard":"0","numSteps":"22111","numSpeed":"-569288427623264292962304.000000","numAccel":"95","numDecel":"86","currentPos":"112","startPos":"39862560","endPos":"30743"}
[2026-01-29 13:45:04.170492] [debug] WebSocketServer: Broadcasting to 1 clients: {"server_time":"2026-01-29 13:45:04","timestamp":"1769683504170","isConnected":"True","numBoard":"0","numSteps":"22111","numSpeed":"-569288427623264292962304.000000","numAccel":"95","numDecel":"86","currentPos":"112","startPos":"39862560","endPos":"30743"}
[2026-01-29 13:45:05.170792] [debug] WebSocketServer: Broadcasting to 1 clients: {"server_time":"2026-01-29 13:45:05","timestamp":"1769683505170","isConnected":"True","numBoard":"0","numSteps":"22111","numSpeed":"-569288427623264292962304.000000","numAccel":"95","numDecel":"86","currentPos":"112","startPos":"39862560","endPos":"30743"}
[2026-01-29 13:45:06.171075] [debug] WebSocketServer: Broadcasting to 1 clients: {"server_time":"2026-01-29 13:45:06","timestamp":"1769683506171","isConnected":"True","numBoard":"0","numSteps":"22111","numSpeed":"-569288427623264292962304.000000","numAccel":"95","numDecel":"86","currentPos":"112","startPos":"39862560","endPos":"30743"}
[2026-01-29 13:45:07.171360] [debug] WebSocketServer: Broadcasting to 1 clients: {"server_time":"2026-01-29 13:45:07","timestamp":"1769683507171","isConnected":"True","numBoard":"0","numSteps":"22111","numSpeed":"-569288427623264292962304.000000","numAccel":"95","numDecel":"86","currentPos":"112","startPos":"39862560","endPos":"30743"}
[2026-01-29 13:45:08.171702] [debug] WebSocketServer: Broadcasting to 1 clients: {"server_time":"2026-01-29 13:45:08","timestamp":"1769683508171","isConnected":"True","numBoard":"0","numSteps":"22111","numSpeed":"-569288427623264292962304.000000","numAccel":"95","numDecel":"86","currentPos":"112","startPos":"39862560","endPos":"30743"}
[2026-01-29 13:45:09.171975] [debug] WebSocketServer: Broadcasting to 1 clients: {"server_time":"2026-01-29 13:45:09","timestamp":"1769683509171","isConnected":"True","numBoard":"0","numSteps":"22111","numSpeed":"-569288427623264292962304.000000","numAccel":"95","numDecel":"86","currentPos":"112","startPos":"39862560","endPos":"30743"}
[2026-01-29 13:45:10.172250] [debug] WebSocketServer: Broadcasting to 1 clients: {"server_time":"2026-01-29 13:45:10","timestamp":"1769683510172","isConnected":"True","numBoard":"0","numSteps":"22111","numSpeed":"-569288427623264292962304.000000","numAccel":"95","numDecel":"86","currentPos":"112","startPos":"39862560","endPos":"30743"}
[2026-01-29 13:45:11.172551] [debug] WebSocketServer: Broadcasting to 1 clients: {"server_time":"2026-01-29 13:45:11","timestamp":"1769683511172","isConnected":"True","numBoard":"0","numSteps":"22111","numSpeed":"-569288427623264292962304.000000","numAccel":"95","numDecel":"86","currentPos":"112","startPos":"39862560","endPos":"30743"}
[2026-01-29 13:45:12.172850] [debug] WebSocketServer: Broadcasting to 1 clients: {"server_time":"2026-01-29 13:45:12","timestamp":"1769683512172","isConnected":"True","numBoard":"0","numSteps":"22111","numSpeed":"-569288427623264292962304.000000","numAccel":"95","numDecel":"86","currentPos":"112","startPos":"39862560","endPos":"30743"}
[2026-01-29 13:45:13.173149] [debug] WebSocketServer: Broadcasting to 1 clients: {"server_time":"2026-01-29 13:45:13","timestamp":"1769683513173","isConnected":"True","numBoard":"0","numSteps":"22111","numSpeed":"-569288427623264292962304.000000","numAccel":"95","numDecel":"86","currentPos":"112","startPos":"39862560","endPos":"30743"}
[2026-01-29 13:45:14.173409] [debug] WebSocketServer: Broadcasting to 1 clients: {"server_time":"2026-01-29 13:45:14","timestamp":"1769683514173","isConnected":"True","numBoard":"0","numSteps":"22111","numSpeed":"-569288427623264292962304.000000","numAccel":"95","numDecel":"86","currentPos":"112","startPos":"39862560","endPos":"30743"}
[2026-01-29 13:45:15.173680] [debug] WebSocketServer: Broadcasting to 1 clients: {"server_time":"2026-01-29 13:45:15","timestamp":"1769683515173","isConnected":"True","numBoard":"0","numSteps":"22111","numSpeed":"-569288427623264292962304.000000","numAccel":"95","numDecel":"86","currentPos":"112","startPos":"39862560","endPos":"30743"}
[2026-01-29 13:45:16.173999] [debug] WebSocketServer: Broadcasting to 1 clients: {"server_time":"2026-01-29 13:45:16","timestamp":"1769683516173","isConnected":"True","numBoard":"0","numSteps":"22111","numSpeed":"-569288427623264292962304.000000","numAccel":"95","numDecel":"86","currentPos":"112","startPos":"39862560","endPos":"30743"}
[2026-01-29 13:45:17.174319] [debug] WebSocketServer: Broadcasting to 1 clients: {"server_time":"2026-01-29 13:45:17","timestamp":"1769683517174","isConnected":"True","numBoard":"0","numSteps":"22111","numSpeed":"-569288427623264292962304.000000","numAccel":"95","numDecel":"86","currentPos":"112","startPos":"39862560","endPos":"30743"}
[2026-01-29 13:45:18.174838] [debug] WebSocketServer: Broadcasting to 1 clients: {"server_time":"2026-01-29 13:45:18","timestamp":"1769683518174","isConnected":"True","numBoard":"0","numSteps":"22111","numSpeed":"-569288427623264292962304.000000","numAccel":"95","numDecel":"86","currentPos":"112","startPos":"39862560","endPos":"30743"}
[2026-01-29 13:45:19.175141] [debug] WebSocketServer: Broadcasting to 1 clients: {"server_time":"2026-01-29 13:45:19","timestamp":"1769683519175","isConnected":"True","numBoard":"0","numSteps":"22111","numSpeed":"-569288427623264292962304.000000","numAccel":"95","numDecel":"86","currentPos":"112","startPos":"39862560","endPos":"30743"}
[2026-01-29 13:45:20.175440] [debug] WebSocketServer: Broadcasting to 1 clients: {"server_time":"2026-01-29 13:45:20","timestamp":"1769683520175","isConnected":"True","numBoard":"0","numSteps":"22111","numSpeed":"-569288427623264292962304.000000","numAccel":"95","numDecel":"86","currentPos":"112","startPos":"39862560","endPos":"30743"}
[2026-01-29 13:45:21.175829] [debug] WebSocketServer: Broadcasting to 1 clients: {"server_time":"2026-01-29 13:45:21","timestamp":"1769683521175","isConnected":"True","numBoard":"0","numSteps":"22111","numSpeed":"-569288427623264292962304.000000","numAccel":"95","numDecel":"86","currentPos":"112","startPos":"39862560","endPos":"30743"}
[2026-01-29 13:45:22.176142] [debug] WebSocketServer: Broadcasting to 1 clients: {"server_time":"2026-01-29 13:45:22","timestamp":"1769683522176","isConnected":"True","numBoard":"0","numSteps":"22111","numSpeed":"-569288427623264292962304.000000","numAccel":"95","numDecel":"86","currentPos":"112","startPos":"39862560","endPos":"30743"}
[2026-01-29 13:45:23.176446] [debug] WebSocketServer: Broadcasting to 1 clients: {"server_time":"2026-01-29 13:45:23","timestamp":"1769683523176","isConnected":"True","numBoard":"0","numSteps":"22111","numSpeed":"-569288427623264292962304.000000","numAccel":"95","numDecel":"86","currentPos":"112","startPos":"39862560","endPos":"30743"}
[2026-01-29 13:45:24.176714] [debug] WebSocketServer: Broadcasting to 1 clients: {"server_time":"2026-01-29 13:45:24","timestamp":"1769683524176","isConnected":"True","numBoard":"0","numSteps":"22111","numSpeed":"-569288427623264292962304.000000","numAccel":"95","numDecel":"86","currentPos":"112","startPos":"39862560","endPos":"30743"}
[2026-01-29 13:45:25.176994] [debug] WebSocketServer: Broadcasting to 1 clients: {"server_time":"2026-01-29 13:45:25","timestamp":"1769683525176","isConnected":"True","numBoard":"0","numSteps":"22111","numSpeed":"-569288427623264292962304.000000","numAccel":"95","numDecel":"86","currentPos":"112","startPos":"39862560","endPos":"30743"}
[2026-01-29 13:45:26.177276] [debug] WebSocketServer: Broadcasting to 1 clients: {"server_time":"2026-01-29 13:45:26","timestamp":"1769683526177","isConnected":"True","numBoard":"0","numSteps":"22111","numSpeed":"-569288427623264292962304.000000","numAccel":"95","numDecel":"86","currentPos":"112","startPos":"39862560","endPos":"30743"}
[2026-01-29 13:45:27.177558] [debug] WebSocketServer: Broadcasting to 1 clients: {"server_time":"2026-01-29 13:45:27","timestamp":"1769683527177","isConnected":"True","numBoard":"0","numSteps":"22111","numSpeed":"-569288427623264292962304.000000","numAccel":"95","numDecel":"86","currentPos":"112","startPos":"39862560","endPos":"30743"}
[2026-01-29 13:45:28.177850] [debug] WebSocketServer: Broadcasting to 1 clients: {"server_time":"2026-01-29 13:45:28","timestamp":"1769683528177","isConnected":"True","numBoard":"0","numSteps":"22111","numSpeed":"-569288427623264292962304.000000","numAccel":"95","numDecel":"86","currentPos":"112","startPos":"39862560","endPos":"30743"}
[2026-01-29 13:45:29.178173] [debug] WebSocketServer: Broadcasting to 1 clients: {"server_time":"2026-01-29 13:45:29","timestamp":"1769683529178","isConnected":"True","numBoard":"0","numSteps":"22111","numSpeed":"-569288427623264292962304.000000","numAccel":"95","numDecel":"86","currentPos":"112","startPos":"39862560","endPos":"30743"}
[2026-01-29 13:45:30.178438] [debug] WebSocketServer: Broadcasting to 1 clients: {"server_time":"2026-01-29 13:45:30","timestamp":"1769683530178","isConnected":"True","numBoard":"0","numSteps":"22111","numSpeed":"-569288427623264292962304.000000","numAccel":"95","numDecel":"86","currentPos":"112","startPos":"39862560","endPos":"30743"}
[2026-01-29 13:45:31.178698] [debug] WebSocketServer: Broadcasting to 1 clients: {"server_time":"2026-01-29 13:45:31","timestamp":"1769683531178","isConnected":"True","numBoard":"0","numSteps":"22111","numSpeed":"-569288427623264292962304.000000","numAccel":"95","numDecel":"86","currentPos":"112","startPos":"39862560","endPos":"30743"}
[2026-01-29 13:45:32.178970] [debug] WebSocketServer: Broadcasting to 1 clients: {"server_time":"2026-01-29 13:45:32","timestamp":"1769683532178","isConnected":"True","numBoard":"0","numSteps":"22111","numSpeed":"-569288427623264292962304.000000","numAccel":"95","numDecel":"86","currentPos":"112","startPos":"39862560","endPos":"30743"}
[2026-01-29 13:45:33.179307] [debug] WebSocketServer: Broadcasting to 1 clients: {"server_time":"2026-01-29 13:45:33","timestamp":"1769683533179","isConnected":"True","numBoard":"0","numSteps":"22111","numSpeed":"-569288427623264292962304.000000","numAccel":"95","numDecel":"86","currentPos":"112","startPos":"39862560","endPos":"30743"}
[2026-01-29 13:45:34.179647] [debug] WebSocketServer: Broadcasting to 1 clients: {"server_time":"2026-01-29 13:45:34","timestamp":"1769683534179","isConnected":"True","numBoard":"0","numSteps":"22111","numSpeed":"-569288427623264292962304.000000","numAccel":"95","numDecel":"86","currentPos":"112","startPos":"39862560","endPos":"30743"}
[2026-01-29 13:45:35.180072] [debug] WebSocketServer: Broadcasting to 1 clients: {"server_time":"2026-01-29 13:45:35","timestamp":"1769683535180","isConnected":"True","numBoard":"0","numSteps":"22111","numSpeed":"-569288427623264292962304.000000","numAccel":"95","numDecel":"86","currentPos":"112","startPos":"39862560","endPos":"30743"}
[2026-01-29 13:45:36.180357] [debug] WebSocketServer: Broadcasting to 1 clients: {"server_time":"2026-01-29 13:45:36","timestamp":"1769683536180","isConnected":"True","numBoard":"0","numSteps":"22111","numSpeed":"-569288427623264292962304.000000","numAccel":"95","numDecel":"86","currentPos":"112","startPos":"39862560","endPos":"30743"}
[2026-01-29 13:45:37.180650] [debug] WebSocketServer: Broadcasting to 1 clients: {"server_time":"2026-01-29 13:45:37","timestamp":"1769683537180","isConnected":"True","numBoard":"0","numSteps":"22111","numSpeed":"-569288427623264292962304.000000","numAccel":"95","numDecel":"86","currentPos":"112","startPos":"39862560","endPos":"30743"}
[2026-01-29 13:45:38.180928] [debug] WebSocketServer: Broadcasting to 1 clients: {"server_time":"2026-01-29 13:45:38","timestamp":"1769683538180","isConnected":"True","numBoard":"0","numSteps":"22111","numSpeed":"-569288427623264292962304.000000","numAccel":"95","numDecel":"86","currentPos":"112","startPos":"39862560","endPos":"30743"}
[2026-01-29 13:45:39.181196] [debug] WebSocketServer: Broadcasting to 1 clients: {"server_time":"2026-01-29 13:45:39","timestamp":"1769683539181","isConnected":"True","numBoard":"0","numSteps":"22111","numSpeed":"-569288427623264292962304.000000","numAccel":"95","numDecel":"86","currentPos":"112","startPos":"39862560","endPos":"30743"}
[2026-01-29 13:45:40.181469] [debug] WebSocketServer: Broadcasting to 1 clients: {"server_time":"2026-01-29 13:45:40","timestamp":"1769683540181","isConnected":"True","numBoard":"0","numSteps":"22111","numSpeed":"-569288427623264292962304.000000","numAccel":"95","numDecel":"86","currentPos":"112","startPos":"39862560","endPos":"30743"}
[2026-01-29 13:45:41.181714] [debug] WebSocketServer: Broadcasting to 1 clients: {"server_time":"2026-01-29 13:45:41","timestamp":"1769683541181","isConnected":"True","numBoard":"0","numSteps":"22111","numSpeed":"-569288427623264292962304.000000","numAccel":"95","numDecel":"86","currentPos":"112","startPos":"39862560","endPos":"30743"}
[2026-01-29 13:45:42.182017] [debug] WebSocketServer: Broadcasting to 1 clients: {"server_time":"2026-01-29 13:45:42","timestamp":"1769683542181","isConnected":"True","numBoard":"0","numSteps":"22111","numSpeed":"-569288427623264292962304.000000","numAccel":"95","numDecel":"86","currentPos":"112","startPos":"39862560","endPos":"30743"}
[2026-01-29 13:45:43.182323] [debug] WebSocketServer: Broadcasting to 1 clients: {"server_time":"2026-01-29 13:45:43","timestamp":"1769683543182","isConnected":"True","numBoard":"0","numSteps":"22111","numSpeed":"-569288427623264292962304.000000","numAccel":"95","numDecel":"86","currentPos":"112","startPos":"39862560","endPos":"30743"}
[2026-01-29 13:45:44.182619] [debug] WebSocketServer: Broadcasting to 1 clients: {"server_time":"2026-01-29 13:45:44","timestamp":"1769683544182","isConnected":"True","numBoard":"0","numSteps":"22111","numSpeed":"-569288427623264292962304.000000","numAccel":"95","numDecel":"86","currentPos":"112","startPos":"39862560","endPos":"30743"}
[2026-01-29 13:45:45.182967] [debug] WebSocketServer: Broadcasting to 1 clients: {"server_time":"2026-01-29 13:45:45","timestamp":"1769683545182","isConnected":"True","numBoard":"0","numSteps":"22111","numSpeed":"-569288427623264292962304.000000","numAccel":"95","numDecel":"86","currentPos":"112","startPos":"39862560","endPos":"30743"}
[2026-01-29 13:45:46.183318] [debug] WebSocketServer: Broadcasting to 1 clients: {"server_time":"2026-01-29 13:45:46","timestamp":"1769683546183","isConnected":"True","numBoard":"0","numSteps":"22111","numSpeed":"-569288427623264292962304.000000","numAccel":"95","numDecel":"86","currentPos":"112","startPos":"39862560","endPos":"30743"}
[2026-01-29 13:45:47.183621] [debug] WebSocketServer: Broadcasting to 1 clients: {"server_time":"2026-01-29 13:45:47","timestamp":"1769683547183","isConnected":"True","numBoard":"0","numSteps":"22111","numSpeed":"-569288427623264292962304.000000","numAccel":"95","numDecel":"86","currentPos":"112","startPos":"39862560","endPos":"30743"}
[2026-01-29 13:45:48.183925] [debug] WebSocketServer: Broadcasting to 1 clients: {"server_time":"2026-01-29 13:45:48","timestamp":"1769683548183","isConnected":"True","numBoard":"0","numSteps":"22111","numSpeed":"-569288427623264292962304.000000","numAccel":"95","numDecel":"86","currentPos":"112","startPos":"39862560","endPos":"30743"}
[2026-01-29 13:45:49.184204] [debug] WebSocketServer: Broadcasting to 1 clients: {"server_time":"2026-01-29 13:45:49","timestamp":"1769683549184","isConnected":"True","numBoard":"0","numSteps":"22111","numSpeed":"-569288427623264292962304.000000","numAccel":"95","numDecel":"86","currentPos":"112","startPos":"39862560","endPos":"30743"}
[2026-01-29 13:45:50.184476] [debug] WebSocketServer: Broadcasting to 1 clients: {"server_time":"2026-01-29 13:45:50","timestamp":"1769683550184","isConnected":"True","numBoard":"0","numSteps":"22111","numSpeed":"-569288427623264292962304.000000","numAccel":"95","numDecel":"86","currentPos":"112","startPos":"39862560","endPos":"30743"}
[2026-01-29 13:45:51.184706] [debug] WebSocketServer: Broadcasting to 1 clients: {"server_time":"2026-01-29 13:45:51","timestamp":"1769683551184","isConnected":"True","numBoard":"0","numSteps":"22111","numSpeed":"-569288427623264292962304.000000","numAccel":"95","numDecel":"86","currentPos":"112","startPos":"39862560","endPos":"30743"}
[2026-01-29 13:45:52.184983] [debug] WebSocketServer: Broadcasting to 1 clients: {"server_time":"2026-01-29 13:45:52","timestamp":"1769683552184","isConnected":"True","numBoard":"0","numSteps":"22111","numSpeed":"-569288427623264292962304.000000","numAccel":"95","numDecel":"86","currentPos":"112","startPos":"39862560","endPos":"30743"}
[2026-01-29 13:45:53.185265] [debug] WebSocketServer: Broadcasting to 1 clients: {"server_time":"2026-01-29 13:45:53","timestamp":"1769683553185","isConnected":"True","numBoard":"0","numSteps":"22111","numSpeed":"-569288427623264292962304.000000","numAccel":"95","numDecel":"86","currentPos":"112","startPos":"39862560","endPos":"30743"}
[2026-01-29 13:45:54.185540] [debug] WebSocketServer: Broadcasting to 1 clients: {"server_time":"2026-01-29 13:45:54","timestamp":"1769683554185","isConnected":"True","numBoard":"0","numSteps":"22111","numSpeed":"-569288427623264292962304.000000","numAccel":"95","numDecel":"86","currentPos":"112","startPos":"39862560","endPos":"30743"}
[2026-01-29 13:45:55.185824] [debug] WebSocketServer: Broadcasting to 1 clients: {"server_time":"2026-01-29 13:45:55","timestamp":"1769683555185","isConnected":"True","numBoard":"0","numSteps":"22111","numSpeed":"-569288427623264292962304.000000","numAccel":"95","numDecel":"86","currentPos":"112","startPos":"39862560","endPos":"30743"}
[2026-01-29 13:45:56.186089] [debug] WebSocketServer: Broadcasting to 1 clients: {"server_time":"2026-01-29 13:45:56","timestamp":"1769683556186","isConnected":"True","numBoard":"0","numSteps":"22111","numSpeed":"-569288427623264292962304.000000","numAccel":"95","numDecel":"86","currentPos":"112","startPos":"39862560","endPos":"30743"}
[2026-01-29 13:45:57.186346] [debug] WebSocketServer: Broadcasting to 1 clients: {"server_time":"2026-01-29 13:45:57","timestamp":"1769683557186","isConnected":"True","numBoard":"0","numSteps":"22111","numSpeed":"-569288427623264292962304.000000","numAccel":"95","numDecel":"86","currentPos":"112","startPos":"39862560","endPos":"30743"}
[2026-01-29 13:45:58.186657] [debug] WebSocketServer: Broadcasting to 1 clients: {"server_time":"2026-01-29 13:45:58","timestamp":"1769683558186","isConnected":"True","numBoard":"0","numSteps":"22111","numSpeed":"-569288427623264292962304.000000","numAccel":"95","numDecel":"86","currentPos":"112","startPos":"39862560","endPos":"30743"}
[2026-01-29 13:45:59.186964] [debug] WebSocketServer: Broadcasting to 1 clients: {"server_time":"2026-01-29 13:45:59","timestamp":"1769683559186","isConnected":"True","numBoard":"0","numSteps":"22111","numSpeed":"-569288427623264292962304.000000","numAccel":"95","numDecel":"86","currentPos":"112","startPos":"39862560","endPos":"30743"}
[2026-01-29 13:46:00.187260] [debug] WebSocketServer: Broadcasting to 1 clients: {"server_time":"2026-01-29 13:46:00","timestamp":"1769683560187","isConnected":"True","numBoard":"0","numSteps":"22111","numSpeed":"-569288427623264292962304.000000","numAccel":"95","numDecel":"86","currentPos":"112","startPos":"39862560","endPos":"30743"}
[2026-01-29 13:46:01.187513] [debug] WebSocketServer: Broadcasting to 1 clients: {"server_time":"2026-01-29 13:46:01","timestamp":"1769683561187","isConnected":"True","numBoard":"0","numSteps":"22111","numSpeed":"-569288427623264292962304.000000","numAccel":"95","numDecel":"86","currentPos":"112","startPos":"39862560","endPos":"30743"}
[2026-01-29 13:46:02.187780] [debug] WebSocketServer: Broadcasting to 1 clients: {"server_time":"2026-01-29 13:46:02","timestamp":"1769683562187","isConnected":"True","numBoard":"0","numSteps":"22111","numSpeed":"-569288427623264292962304.000000","numAccel":"95","numDecel":"86","currentPos":"112","startPos":"39862560","endPos":"30743"}
[2026-01-29 13:46:03.188053] [debug] WebSocketServer: Broadcasting to 1 clients: {"server_time":"2026-01-29 13:46:03","timestamp":"1769683563187","isConnected":"True","numBoard":"0","numSteps":"22111","numSpeed":"-569288427623264292962304.000000","numAccel":"95","numDecel":"86","currentPos":"112","startPos":"39862560","endPos":"30743"}
[2026-01-29 13:46:04.188529] [debug] WebSocketServer: Broadcasting to 1 clients: {"server_time":"2026-01-29 13:46:04","timestamp":"1769683564188","isConnected":"True","numBoard":"0","numSteps":"22111","numSpeed":"-569288427623264292962304.000000","numAccel":"95","numDecel":"86","currentPos":"112","startPos":"39862560","endPos":"30743"}
[2026-01-29 13:46:05.189018] [debug] WebSocketServer: Broadcasting to 1 clients: {"server_time":"2026-01-29 13:46:05","timestamp":"1769683565188","isConnected":"True","numBoard":"0","numSteps":"22111","numSpeed":"-569288427623264292962304.000000","numAccel":"95","numDecel":"86","currentPos":"112","startPos":"39862560","endPos":"30743"}
[2026-01-29 13:46:06.189336] [debug] WebSocketServer: Broadcasting to 1 clients: {"server_time":"2026-01-29 13:46:06","timestamp":"1769683566189","isConnected":"True","numBoard":"0","numSteps":"22111","numSpeed":"-569288427623264292962304.000000","numAccel":"95","numDecel":"86","currentPos":"112","startPos":"39862560","endPos":"30743"}
[2026-01-29 13:46:07.189654] [debug] WebSocketServer: Broadcasting to 1 clients: {"server_time":"2026-01-29 13:46:07","timestamp":"1769683567189","isConnected":"True","numBoard":"0","numSteps":"22111","numSpeed":"-569288427623264292962304.000000","numAccel":"95","numDecel":"86","currentPos":"112","startPos":"39862560","endPos":"30743"}
[2026-01-29 13:46:08.189968] [debug] WebSocketServer: Broadcasting to 1 clients: {"server_time":"2026-01-29 13:46:08","timestamp":"1769683568189","isConnected":"True","numBoard":"0","numSteps":"22111","numSpeed":"-569288427623264292962304.000000","numAccel":"95","numDecel":"86","currentPos":"112","startPos":"39862560","endPos":"30743"}
[2026-01-29 13:46:09.190233] [debug] WebSocketServer: Broadcasting to 1 clients: {"server_time":"2026-01-29 13:46:09","timestamp":"1769683569190","isConnected":"True","numBoard":"0","numSteps":"22111","numSpeed":"-569288427623264292962304.000000","numAccel":"95","numDecel":"86","currentPos":"112","startPos":"39862560","endPos":"30743"}
[2026-01-29 13:46:10.190516] [debug] WebSocketServer: Broadcasting to 1 clients: {"server_time":"2026-01-29 13:46:10","timestamp":"1769683570190","isConnected":"True","numBoard":"0","numSteps":"22111","numSpeed":"-569288427623264292962304.000000","numAccel":"95","numDecel":"86","currentPos":"112","startPos":"39862560","endPos":"30743"}
[2026-01-29 13:46:11.190800] [debug] WebSocketServer: Broadcasting to 1 clients: {"server_time":"2026-01-29 13:46:11","timestamp":"1769683571190","isConnected":"True","numBoard":"0","numSteps":"22111","numSpeed":"-569288427623264292962304.000000","numAccel":"95","numDecel":"86","currentPos":"112","startPos":"39862560","endPos":"30743"}
[2026-01-29 13:46:12.191080] [debug] WebSocketServer: Broadcasting to 1 clients: {"server_time":"2026-01-29 13:46:12","timestamp":"1769683572191","isConnected":"True","numBoard":"0","numSteps":"22111","numSpeed":"-569288427623264292962304.000000","numAccel":"95","numDecel":"86","currentPos":"112","startPos":"39862560","endPos":"30743"}
[2026-01-29 13:46:13.191357] [debug] WebSocketServer: Broadcasting to 1 clients: {"server_time":"2026-01-29 13:46:13","timestamp":"1769683573191","isConnected":"True","numBoard":"0","numSteps":"22111","numSpeed":"-569288427623264292962304.000000","numAccel":"95","numDecel":"86","currentPos":"112","startPos":"39862560","endPos":"30743"}
[2026-01-29 13:46:14.191626] [debug] WebSocketServer: Broadcasting to 1 clients: {"server_time":"2026-01-29 13:46:14","timestamp":"1769683574191","isConnected":"True","numBoard":"0","numSteps":"22111","numSpeed":"-569288427623264292962304.000000","numAccel":"95","numDecel":"86","currentPos":"112","startPos":"39862560","endPos":"30743"}
[2026-01-29 13:46:15.191903] [debug] WebSocketServer: Broadcasting to 1 clients: {"server_time":"2026-01-29 13:46:15","timestamp":"1769683575191","isConnected":"True","numBoard":"0","numSteps":"22111","numSpeed":"-569288427623264292962304.000000","numAccel":"95","numDecel":"86","currentPos":"112","startPos":"39862560","endPos":"30743"}
[2026-01-29 13:46:16.192219] [debug] WebSocketServer: Broadcasting to 1 clients: {"server_time":"2026-01-29 13:46:16","timestamp":"1769683576192","isConnected":"True","numBoard":"0","numSteps":"22111","numSpeed":"-569288427623264292962304.000000","numAccel":"95","numDecel":"86","currentPos":"112","startPos":"39862560","endPos":"30743"}
[2026-01-29 13:46:17.192587] [debug] WebSocketServer: Broadcasting to 1 clients: {"server_time":"2026-01-29 13:46:17","timestamp":"1769683577192","isConnected":"True","numBoard":"0","numSteps":"22111","numSpeed":"-569288427623264292962304.000000","numAccel":"95","numDecel":"86","currentPos":"112","startPos":"39862560","endPos":"30743"}
[2026-01-29 13:46:18.192881] [debug] WebSocketServer: Broadcasting to 1 clients: {"server_time":"2026-01-29 13:46:18","timestamp":"1769683578192","isConnected":"True","numBoard":"0","numSteps":"22111","numSpeed":"-569288427623264292962304.000000","numAccel":"95","numDecel":"86","currentPos":"112","startPos":"39862560","endPos":"30743"}
[2026-01-29 13:46:19.193214] [debug] WebSocketServer: Broadcasting to 1 clients: {"server_time":"2026-01-29 13:46:19","timestamp":"1769683579193","isConnected":"True","numBoard":"0","numSteps":"22111","numSpeed":"-569288427623264292962304.000000","numAccel":"95","numDecel":"86","currentPos":"112","startPos":"39862560","endPos":"30743"}
[2026-01-29 13:46:20.193684] [debug] WebSocketServer: Broadcasting to 1 clients: {"server_time":"2026-01-29 13:46:20","timestamp":"1769683580193","isConnected":"True","numBoard":"0","numSteps":"22111","numSpeed":"-569288427623264292962304.000000","numAccel":"95","numDecel":"86","currentPos":"112","startPos":"39862560","endPos":"30743"}
[2026-01-29 13:46:21.194145] [debug] WebSocketServer: Broadcasting to 1 clients: {"server_time":"2026-01-29 13:46:21","timestamp":"1769683581194","isConnected":"True","numBoard":"0","numSteps":"22111","numSpeed":"-569288427623264292962304.000000","numAccel":"95","numDecel":"86","currentPos":"112","startPos":"39862560","endPos":"30743"}
[2026-01-29 13:46:22.194496] [debug] WebSocketServer: Broadcasting to 1 clients: {"server_time":"2026-01-29 13:46:22","timestamp":"1769683582194","isConnected":"True","numBoard":"0","numSteps":"22111","numSpeed":"-569288427623264292962304.000000","numAccel":"95","numDecel":"86","currentPos":"112","startPos":"39862560","endPos":"30743"}
[2026-01-29 13:46:23.194844] [debug] WebSocketServer: Broadcasting to 1 clients: {"server_time":"2026-01-29 13:46:23","timestamp":"1769683583194","isConnected":"True","numBoard":"0","numSteps":"22111","numSpeed":"-569288427623264292962304.000000","numAccel":"95","numDecel":"86","currentPos":"112","startPos":"39862560","endPos":"30743"}
[2026-01-29 13:46:24.195474] [debug] WebSocketServer: Broadcasting to 1 clients: {"server_time":"2026-01-29 13:46:24","timestamp":"1769683584195","isConnected":"True","numBoard":"0","numSteps":"22111","numSpeed":"-569288427623264292962304.000000","numAccel":"95","numDecel":"86","currentPos":"112","startPos":"39862560","endPos":"30743"}
[2026-01-29 13:46:25.195856] [debug] WebSocketServer: Broadcasting to 1 clients: {"server_time":"2026-01-29 13:46:25","timestamp":"1769683585195","isConnected":"True","numBoard":"0","numSteps":"22111","numSpeed":"-569288427623264292962304.000000","numAccel":"95","numDecel":"86","currentPos":"112","startPos":"39862560","endPos":"30743"}
[2026-01-29 13:46:26.196112] [debug] WebSocketServer: Broadcasting to 1 clients: {"server_time":"2026-01-29 13:46:26","timestamp":"1769683586196","isConnected":"True","numBoard":"0","numSteps":"22111","numSpeed":"-569288427623264292962304.000000","numAccel":"95","numDecel":"86","currentPos":"112","startPos":"39862560","endPos":"30743"}
[2026-01-29 13:46:27.196378] [debug] WebSocketServer: Broadcasting to 1 clients: {"server_time":"2026-01-29 13:46:27","timestamp":"1769683587196","isConnected":"True","numBoard":"0","numSteps":"22111","numSpeed":"-569288427623264292962304.000000","numAccel":"95","numDecel":"86","currentPos":"112","startPos":"39862560","endPos":"30743"}
[2026-01-29 13:46:28.196687] [debug] WebSocketServer: Broadcasting to 1 clients: {"server_time":"2026-01-29 13:46:28","timestamp":"1769683588196","isConnected":"True","numBoard":"0","numSteps":"22111","numSpeed":"-569288427623264292962304.000000","numAccel":"95","numDecel":"86","currentPos":"112","startPos":"39862560","endPos":"30743"}
[2026-01-29 13:46:29.197021] [debug] WebSocketServer: Broadcasting to 1 clients: {"server_time":"2026-01-29 13:46:29","timestamp":"1769683589196","isConnected":"True","numBoard":"0","numSteps":"22111","numSpeed":"-569288427623264292962304.000000","numAccel":"95","numDecel":"86","currentPos":"112","startPos":"39862560","endPos":"30743"}
[2026-01-29 13:46:30.197311] [debug] WebSocketServer: Broadcasting to 1 clients: {"server_time":"2026-01-29 13:46:30","timestamp":"1769683590197","isConnected":"True","numBoard":"0","numSteps":"22111","numSpeed":"-569288427623264292962304.000000","numAccel":"95","numDecel":"86","currentPos":"112","startPos":"39862560","endPos":"30743"}
[2026-01-29 13:46:31.197610] [debug] WebSocketServer: Broadcasting to 1 clients: {"server_time":"2026-01-29 13:46:31","timestamp":"1769683591197","isConnected":"True","numBoard":"0","numSteps":"22111","numSpeed":"-569288427623264292962304.000000","numAccel":"95","numDecel":"86","currentPos":"112","startPos":"39862560","endPos":"30743"}
[2026-01-29 13:46:32.198113] [debug] WebSocketServer: Broadcasting to 1 clients: {"server_time":"2026-01-29 13:46:32","timestamp":"1769683592198","isConnected":"True","numBoard":"0","numSteps":"22111","numSpeed":"-569288427623264292962304.000000","numAccel":"95","numDecel":"86","currentPos":"112","startPos":"39862560","endPos":"30743"}
[2026-01-29 13:46:33.198479] [debug] WebSocketServer: Broadcasting to 1 clients: {"server_time":"2026-01-29 13:46:33","timestamp":"1769683593198","isConnected":"True","numBoard":"0","numSteps":"22111","numSpeed":"-569288427623264292962304.000000","numAccel":"95","numDecel":"86","currentPos":"112","startPos":"39862560","endPos":"30743"}
[2026-01-29 13:46:34.198803] [debug] WebSocketServer: Broadcasting to 1 clients: {"server_time":"2026-01-29 13:46:34","timestamp":"1769683594198","isConnected":"True","numBoard":"0","numSteps":"22111","numSpeed":"-569288427623264292962304.000000","numAccel":"95","numDecel":"86","currentPos":"112","startPos":"39862560","endPos":"30743"}
[2026-01-29 13:46:35.199077] [debug] WebSocketServer: Broadcasting to 1 clients: {"server_time":"2026-01-29 13:46:35","timestamp":"1769683595199","isConnected":"True","numBoard":"0","numSteps":"22111","numSpeed":"-569288427623264292962304.000000","numAccel":"95","numDecel":"86","currentPos":"112","startPos":"39862560","endPos":"30743"}
[2026-01-29 13:46:36.199348] [debug] WebSocketServer: Broadcasting to 1 clients: {"server_time":"2026-01-29 13:46:36","timestamp":"1769683596199","isConnected":"True","numBoard":"0","numSteps":"22111","numSpeed":"-569288427623264292962304.000000","numAccel":"95","numDecel":"86","currentPos":"112","startPos":"39862560","endPos":"30743"}
[2026-01-29 13:46:37.199642] [debug] WebSocketServer: Broadcasting to 1 clients: {"server_time":"2026-01-29 13:46:37","timestamp":"1769683597199","isConnected":"True","numBoard":"0","numSteps":"22111","numSpeed":"-569288427623264292962304.000000","numAccel":"95","numDecel":"86","currentPos":"112","startPos":"39862560","endPos":"30743"}
[2026-01-29 13:46:38.199959] [debug] WebSocketServer: Broadcasting to 1 clients: {"server_time":"2026-01-29 13:46:38","timestamp":"1769683598199","isConnected":"True","numBoard":"0","numSteps":"22111","numSpeed":"-569288427623264292962304.000000","numAccel":"95","numDecel":"86","currentPos":"112","startPos":"39862560","endPos":"30743"}
[2026-01-29 13:46:39.200230] [debug] WebSocketServer: Broadcasting to 1 clients: {"server_time":"2026-01-29 13:46:39","timestamp":"1769683599200","isConnected":"True","numBoard":"0","numSteps":"22111","numSpeed":"-569288427623264292962304.000000","numAccel":"95","numDecel":"86","currentPos":"112","startPos":"39862560","endPos":"30743"}
[2026-01-29 13:46:40.200504] [debug] WebSocketServer: Broadcasting to 1 clients: {"server_time":"2026-01-29 13:46:40","timestamp":"1769683600200","isConnected":"True","numBoard":"0","numSteps":"22111","numSpeed":"-569288427623264292962304.000000","numAccel":"95","numDecel":"86","currentPos":"112","startPos":"39862560","endPos":"30743"}
[2026-01-29 13:46:41.200794] [debug] WebSocketServer: Broadcasting to 1 clients: {"server_time":"2026-01-29 13:46:41","timestamp":"1769683601200","isConnected":"True","numBoard":"0","numSteps":"22111","numSpeed":"-569288427623264292962304.000000","numAccel":"95","numDecel":"86","currentPos":"112","startPos":"39862560","endPos":"30743"}
[2026-01-29 13:46:42.201145] [debug] WebSocketServer: Broadcasting to 1 clients: {"server_time":"2026-01-29 13:46:42","timestamp":"1769683602201","isConnected":"True","numBoard":"0","numSteps":"22111","numSpeed":"-569288427623264292962304.000000","numAccel":"95","numDecel":"86","currentPos":"112","startPos":"39862560","endPos":"30743"}
[2026-01-29 13:46:43.201681] [debug] WebSocketServer: Broadcasting to 1 clients: {"server_time":"2026-01-29 13:46:43","timestamp":"1769683603201","isConnected":"True","numBoard":"0","numSteps":"22111","numSpeed":"-569288427623264292962304.000000","numAccel":"95","numDecel":"86","currentPos":"112","startPos":"39862560","endPos":"30743"}
[2026-01-29 13:46:44.202182] [debug] WebSocketServer: Broadcasting to 1 clients: {"server_time":"2026-01-29 13:46:44","timestamp":"1769683604202","isConnected":"True","numBoard":"0","numSteps":"22111","numSpeed":"-569288427623264292962304.000000","numAccel":"95","numDecel":"86","currentPos":"112","startPos":"39862560","endPos":"30743"}
[2026-01-29 13:46:45.202777] [debug] WebSocketServer: Broadcasting to 1 clients: {"server_time":"2026-01-29 13:46:45","timestamp":"1769683605202","isConnected":"True","numBoard":"0","numSteps":"22111","numSpeed":"-569288427623264292962304.000000","numAccel":"95","numDecel":"86","currentPos":"112","startPos":"39862560","endPos":"30743"}
[2026-01-29 13:46:46.203208] [debug] WebSocketServer: Broadcasting to 1 clients: {"server_time":"2026-01-29 13:46:46","timestamp":"1769683606203","isConnected":"True","numBoard":"0","numSteps":"22111","numSpeed":"-569288427623264292962304.000000","numAccel":"95","numDecel":"86","currentPos":"112","startPos":"39862560","endPos":"30743"}
[2026-01-29 13:46:47.203527] [debug] WebSocketServer: Broadcasting to 1 clients: {"server_time":"2026-01-29 13:46:47","timestamp":"1769683607203","isConnected":"True","numBoard":"0","numSteps":"22111","numSpeed":"-569288427623264292962304.000000","numAccel":"95","numDecel":"86","currentPos":"112","startPos":"39862560","endPos":"30743"}
[2026-01-29 13:46:48.204027] [debug] WebSocketServer: Broadcasting to 1 clients: {"server_time":"2026-01-29 13:46:48","timestamp":"1769683608203","isConnected":"True","numBoard":"0","numSteps":"22111","numSpeed":"-569288427623264292962304.000000","numAccel":"95","numDecel":"86","currentPos":"112","startPos":"39862560","endPos":"30743"}
[2026-01-29 13:46:49.204313] [debug] WebSocketServer: Broadcasting to 1 clients: {"server_time":"2026-01-29 13:46:49","timestamp":"1769683609204","isConnected":"True","numBoard":"0","numSteps":"22111","numSpeed":"-569288427623264292962304.000000","numAccel":"95","numDecel":"86","currentPos":"112","startPos":"39862560","endPos":"30743"}
[2026-01-29 13:46:50.204575] [debug] WebSocketServer: Broadcasting to 1 clients: {"server_time":"2026-01-29 13:46:50","timestamp":"1769683610204","isConnected":"True","numBoard":"0","numSteps":"22111","numSpeed":"-569288427623264292962304.000000","numAccel":"95","numDecel":"86","currentPos":"112","startPos":"39862560","endPos":"30743"}
[2026-01-29 13:46:51.204859] [debug] WebSocketServer: Broadcasting to 1 clients: {"server_time":"2026-01-29 13:46:51","timestamp":"1769683611204","isConnected":"True","numBoard":"0","numSteps":"22111","numSpeed":"-569288427623264292962304.000000","numAccel":"95","numDecel":"86","currentPos":"112","startPos":"39862560","endPos":"30743"}
[2026-01-29 13:46:52.205137] [debug] WebSocketServer: Broadcasting to 1 clients: {"server_time":"2026-01-29 13:46:52","timestamp":"1769683612205","isConnected":"True","numBoard":"0","numSteps":"22111","numSpeed":"-569288427623264292962304.000000","numAccel":"95","numDecel":"86","currentPos":"112","startPos":"39862560","endPos":"30743"}
[2026-01-29 13:46:53.205524] [debug] WebSocketServer: Broadcasting to 1 clients: {"server_time":"2026-01-29 13:46:53","timestamp":"1769683613205","isConnected":"True","numBoard":"0","numSteps":"22111","numSpeed":"-569288427623264292962304.000000","numAccel":"95","numDecel":"86","currentPos":"112","startPos":"39862560","endPos":"30743"}
[2026-01-29 13:46:54.206008] [debug] WebSocketServer: Broadcasting to 1 clients: {"server_time":"2026-01-29 13:46:54","timestamp":"1769683614205","isConnected":"True","numBoard":"0","numSteps":"22111","numSpeed":"-569288427623264292962304.000000","numAccel":"95","numDecel":"86","currentPos":"112","startPos":"39862560","endPos":"30743"}
[2026-01-29 13:46:55.206318] [debug] WebSocketServer: Broadcasting to 1 clients: {"server_time":"2026-01-29 13:46:55","timestamp":"1769683615206","isConnected":"True","numBoard":"0","numSteps":"22111","numSpeed":"-569288427623264292962304.000000","numAccel":"95","numDecel":"86","currentPos":"112","startPos":"39862560","endPos":"30743"}
[2026-01-29 13:46:56.206709] [debug] WebSocketServer: Broadcasting to 1 clients: {"server_time":"2026-01-29 13:46:56","timestamp":"1769683616206","isConnected":"True","numBoard":"0","numSteps":"22111","numSpeed":"-569288427623264292962304.000000","numAccel":"95","numDecel":"86","currentPos":"112","startPos":"39862560","endPos":"30743"}
[2026-01-29 13:46:57.207012] [debug] WebSocketServer: Broadcasting to 1 clients: {"server_time":"2026-01-29 13:46:57","timestamp":"1769683617206","isConnected":"True","numBoard":"0","numSteps":"22111","numSpeed":"-569288427623264292962304.000000","numAccel":"95","numDecel":"86","currentPos":"112","startPos":"39862560","endPos":"30743"}
[2026-01-29 13:46:58.207517] [debug] WebSocketServer: Broadcasting to 1 clients: {"server_time":"2026-01-29 13:46:58","timestamp":"1769683618207","isConnected":"True","numBoard":"0","numSteps":"22111","numSpeed":"-569288427623264292962304.000000","numAccel":"95","numDecel":"86","currentPos":"112","startPos":"39862560","endPos":"30743"}
[2026-01-29 13:46:59.207808] [debug] WebSocketServer: Broadcasting to 1 clients: {"server_time":"2026-01-29 13:46:59","timestamp":"1769683619207","isConnected":"True","numBoard":"0","numSteps":"22111","numSpeed":"-569288427623264292962304.000000","numAccel":"95","numDecel":"86","currentPos":"112","startPos":"39862560","endPos":"30743"}
[2026-01-29 13:47:00.208083] [debug] WebSocketServer: Broadcasting to 1 clients: {"server_time":"2026-01-29 13:47:00","timestamp":"1769683620208","isConnected":"True","numBoard":"0","numSteps":"22111","numSpeed":"-569288427623264292962304.000000","numAccel":"95","numDecel":"86","currentPos":"112","startPos":"39862560","endPos":"30743"}
[2026-01-29 13:47:01.208405] [debug] WebSocketServer: Broadcasting to 1 clients: {"server_time":"2026-01-29 13:47:01","timestamp":"1769683621208","isConnected":"True","numBoard":"0","numSteps":"22111","numSpeed":"-569288427623264292962304.000000","numAccel":"95","numDecel":"86","currentPos":"112","startPos":"39862560","endPos":"30743"}
[2026-01-29 13:47:02.208704] [debug] WebSocketServer: Broadcasting to 1 clients: {"server_time":"2026-01-29 13:47:02","timestamp":"1769683622208","isConnected":"True","numBoard":"0","numSteps":"22111","numSpeed":"-569288427623264292962304.000000","numAccel":"95","numDecel":"86","currentPos":"112","startPos":"39862560","endPos":"30743"}
[2026-01-29 13:47:03.209006] [debug] WebSocketServer: Broadcasting to 1 clients: {"server_time":"2026-01-29 13:47:03","timestamp":"1769683623208","isConnected":"True","numBoard":"0","numSteps":"22111","numSpeed":"-569288427623264292962304.000000","numAccel":"95","numDecel":"86","currentPos":"112","startPos":"39862560","endPos":"30743"}
[2026-01-29 13:47:04.209312] [debug] WebSocketServer: Broadcasting to 1 clients: {"server_time":"2026-01-29 13:47:04","timestamp":"1769683624209","isConnected":"True","numBoard":"0","numSteps":"22111","numSpeed":"-569288427623264292962304.000000","numAccel":"95","numDecel":"86","currentPos":"112","startPos":"39862560","endPos":"30743"}
[2026-01-29 13:47:05.209595] [debug] WebSocketServer: Broadcasting to 1 clients: {"server_time":"2026-01-29 13:47:05","timestamp":"1769683625209","isConnected":"True","numBoard":"0","numSteps":"22111","numSpeed":"-569288427623264292962304.000000","numAccel":"95","numDecel":"86","currentPos":"112","startPos":"39862560","endPos":"30743"}
[2026-01-29 13:47:06.209896] [debug] WebSocketServer: Broadcasting to 1 clients: {"server_time":"2026-01-29 13:47:06","timestamp":"1769683626209","isConnected":"True","numBoard":"0","numSteps":"22111","numSpeed":"-569288427623264292962304.000000","numAccel":"95","numDecel":"86","currentPos":"112","startPos":"39862560","endPos":"30743"}
[2026-01-29 13:47:07.210218] [debug] WebSocketServer: Broadcasting to 1 clients: {"server_time":"2026-01-29 13:47:07","timestamp":"1769683627210","isConnected":"True","numBoard":"0","numSteps":"22111","numSpeed":"-569288427623264292962304.000000","numAccel":"95","numDecel":"86","currentPos":"112","startPos":"39862560","endPos":"30743"}
[2026-01-29 13:47:08.210554] [debug] WebSocketServer: Broadcasting to 1 clients: {"server_time":"2026-01-29 13:47:08","timestamp":"1769683628210","isConnected":"True","numBoard":"0","numSteps":"22111","numSpeed":"-569288427623264292962304.000000","numAccel":"95","numDecel":"86","currentPos":"112","startPos":"39862560","endPos":"30743"}
[2026-01-29 13:47:09.210952] [debug] WebSocketServer: Broadcasting to 1 clients: {"server_time":"2026-01-29 13:47:09","timestamp":"1769683629210","isConnected":"True","numBoard":"0","numSteps":"22111","numSpeed":"-569288427623264292962304.000000","numAccel":"95","numDecel":"86","currentPos":"112","startPos":"39862560","endPos":"30743"}
[2026-01-29 13:47:10.211282] [debug] WebSocketServer: Broadcasting to 1 clients: {"server_time":"2026-01-29 13:47:10","timestamp":"1769683630211","isConnected":"True","numBoard":"0","numSteps":"22111","numSpeed":"-569288427623264292962304.000000","numAccel":"95","numDecel":"86","currentPos":"112","startPos":"39862560","endPos":"30743"}
[2026-01-29 13:47:11.211608] [debug] WebSocketServer: Broadcasting to 1 clients: {"server_time":"2026-01-29 13:47:11","timestamp":"1769683631211","isConnected":"True","numBoard":"0","numSteps":"22111","numSpeed":"-569288427623264292962304.000000","numAccel":"95","numDecel":"86","currentPos":"112","startPos":"39862560","endPos":"30743"}
[2026-01-29 13:47:12.211927] [debug] WebSocketServer: Broadcasting to 1 clients: {"server_time":"2026-01-29 13:47:12","timestamp":"1769683632211","isConnected":"True","numBoard":"0","numSteps":"22111","numSpeed":"-569288427623264292962304.000000","numAccel":"95","numDecel":"86","currentPos":"112","startPos":"39862560","endPos":"30743"}
[2026-01-29 13:47:13.212272] [debug] WebSocketServer: Broadcasting to 1 clients: {"server_time":"2026-01-29 13:47:13","timestamp":"1769683633212","isConnected":"True","numBoard":"0","numSteps":"22111","numSpeed":"-569288427623264292962304.000000","numAccel":"95","numDecel":"86","currentPos":"112","startPos":"39862560","endPos":"30743"}
[2026-01-29 13:47:14.212675] [debug] WebSocketServer: Broadcasting to 1 clients: {"server_time":"2026-01-29 13:47:14","timestamp":"1769683634212","isConnected":"True","numBoard":"0","numSteps":"22111","numSpeed":"-569288427623264292962304.000000","numAccel":"95","numDecel":"86","currentPos":"112","startPos":"39862560","endPos":"30743"}
[2026-01-29 13:47:15.212951] [debug] WebSocketServer: Broadcasting to 1 clients: {"server_time":"2026-01-29 13:47:15","timestamp":"1769683635212","isConnected":"True","numBoard":"0","numSteps":"22111","numSpeed":"-569288427623264292962304.000000","numAccel":"95","numDecel":"86","currentPos":"112","startPos":"39862560","endPos":"30743"}
[2026-01-29 13:47:16.213261] [debug] WebSocketServer: Broadcasting to 1 clients: {"server_time":"2026-01-29 13:47:16","timestamp":"1769683636213","isConnected":"True","numBoard":"0","numSteps":"22111","numSpeed":"-569288427623264292962304.000000","numAccel":"95","numDecel":"86","currentPos":"112","startPos":"39862560","endPos":"30743"}
[2026-01-29 13:47:17.213719] [debug] WebSocketServer: Broadcasting to 1 clients: {"server_time":"2026-01-29 13:47:17","timestamp":"1769683637213","isConnected":"True","numBoard":"0","numSteps":"22111","numSpeed":"-569288427623264292962304.000000","numAccel":"95","numDecel":"86","currentPos":"112","startPos":"39862560","endPos":"30743"}
[2026-01-29 13:47:18.214009] [debug] WebSocketServer: Broadcasting to 1 clients: {"server_time":"2026-01-29 13:47:18","timestamp":"1769683638213","isConnected":"True","numBoard":"0","numSteps":"22111","numSpeed":"-569288427623264292962304.000000","numAccel":"95","numDecel":"86","currentPos":"112","startPos":"39862560","endPos":"30743"}
[2026-01-29 13:47:19.214278] [debug] WebSocketServer: Broadcasting to 1 clients: {"server_time":"2026-01-29 13:47:19","timestamp":"1769683639214","isConnected":"True","numBoard":"0","numSteps":"22111","numSpeed":"-569288427623264292962304.000000","numAccel":"95","numDecel":"86","currentPos":"112","startPos":"39862560","endPos":"30743"}
[2026-01-29 13:47:20.214556] [debug] WebSocketServer: Broadcasting to 1 clients: {"server_time":"2026-01-29 13:47:20","timestamp":"1769683640214","isConnected":"True","numBoard":"0","numSteps":"22111","numSpeed":"-569288427623264292962304.000000","numAccel":"95","numDecel":"86","currentPos":"112","startPos":"39862560","endPos":"30743"}
[2026-01-29 13:47:21.214841] [debug] WebSocketServer: Broadcasting to 1 clients: {"server_time":"2026-01-29 13:47:21","timestamp":"1769683641214","isConnected":"True","numBoard":"0","numSteps":"22111","numSpeed":"-569288427623264292962304.000000","numAccel":"95","numDecel":"86","currentPos":"112","startPos":"39862560","endPos":"30743"}
[2026-01-29 13:47:22.215424] [debug] WebSocketServer: Broadcasting to 1 clients: {"server_time":"2026-01-29 13:47:22","timestamp":"1769683642215","isConnected":"True","numBoard":"0","numSteps":"22111","numSpeed":"-569288427623264292962304.000000","numAccel":"95","numDecel":"86","currentPos":"112","startPos":"39862560","endPos":"30743"}
[2026-01-29 13:47:23.215816] [debug] WebSocketServer: Broadcasting to 1 clients: {"server_time":"2026-01-29 13:47:23","timestamp":"1769683643215","isConnected":"True","numBoard":"0","numSteps":"22111","numSpeed":"-569288427623264292962304.000000","numAccel":"95","numDecel":"86","currentPos":"112","startPos":"39862560","endPos":"30743"}
[2026-01-29 13:47:24.216114] [debug] WebSocketServer: Broadcasting to 1 clients: {"server_time":"2026-01-29 13:47:24","timestamp":"1769683644216","isConnected":"True","numBoard":"0","numSteps":"22111","numSpeed":"-569288427623264292962304.000000","numAccel":"95","numDecel":"86","currentPos":"112","startPos":"39862560","endPos":"30743"}
[2026-01-29 13:47:25.216408] [debug] WebSocketServer: Broadcasting to 1 clients: {"server_time":"2026-01-29 13:47:25","timestamp":"1769683645216","isConnected":"True","numBoard":"0","numSteps":"22111","numSpeed":"-569288427623264292962304.000000","numAccel":"95","numDecel":"86","currentPos":"112","startPos":"39862560","endPos":"30743"}
[2026-01-29 13:47:26.216708] [debug] WebSocketServer: Broadcasting to 1 clients: {"server_time":"2026-01-29 13:47:26","timestamp":"1769683646216","isConnected":"True","numBoard":"0","numSteps":"22111","numSpeed":"-569288427623264292962304.000000","numAccel":"95","numDecel":"86","currentPos":"112","startPos":"39862560","endPos":"30743"}
[2026-01-29 13:47:27.217089] [debug] WebSocketServer: Broadcasting to 1 clients: {"server_time":"2026-01-29 13:47:27","timestamp":"1769683647216","isConnected":"True","numBoard":"0","numSteps":"22111","numSpeed":"-569288427623264292962304.000000","numAccel":"95","numDecel":"86","currentPos":"112","startPos":"39862560","endPos":"30743"}
[2026-01-29 13:47:28.217449] [debug] WebSocketServer: Broadcasting to 1 clients: {"server_time":"2026-01-29 13:47:28","timestamp":"1769683648217","isConnected":"True","numBoard":"0","numSteps":"22111","numSpeed":"-569288427623264292962304.000000","numAccel":"95","numDecel":"86","currentPos":"112","startPos":"39862560","endPos":"30743"}
[2026-01-29 13:47:29.217934] [debug] WebSocketServer: Broadcasting to 1 clients: {"server_time":"2026-01-29 13:47:29","timestamp":"1769683649217","isConnected":"True","numBoard":"0","numSteps":"22111","numSpeed":"-569288427623264292962304.000000","numAccel":"95","numDecel":"86","currentPos":"112","startPos":"39862560","endPos":"30743"}
[2026-01-29 13:47:30.218421] [debug] WebSocketServer: Broadcasting to 1 clients: {"server_time":"2026-01-29 13:47:30","timestamp":"1769683650218","isConnected":"True","numBoard":"0","numSteps":"22111","numSpeed":"-569288427623264292962304.000000","numAccel":"95","numDecel":"86","currentPos":"112","startPos":"39862560","endPos":"30743"}
[2026-01-29 13:47:31.218720] [debug] WebSocketServer: Broadcasting to 1 clients: {"server_time":"2026-01-29 13:47:31","timestamp":"1769683651218","isConnected":"True","numBoard":"0","numSteps":"22111","numSpeed":"-569288427623264292962304.000000","numAccel":"95","numDecel":"86","currentPos":"112","startPos":"39862560","endPos":"30743"}
[2026-01-29 13:47:32.218996] [debug] WebSocketServer: Broadcasting to 1 clients: {"server_time":"2026-01-29 13:47:32","timestamp":"1769683652218","isConnected":"True","numBoard":"0","numSteps":"22111","numSpeed":"-569288427623264292962304.000000","numAccel":"95","numDecel":"86","currentPos":"112","startPos":"39862560","endPos":"30743"}
[2026-01-29 13:47:33.219314] [debug] WebSocketServer: Broadcasting to 1 clients: {"server_time":"2026-01-29 13:47:33","timestamp":"1769683653219","isConnected":"True","numBoard":"0","numSteps":"22111","numSpeed":"-569288427623264292962304.000000","numAccel":"95","numDecel":"86","currentPos":"112","startPos":"39862560","endPos":"30743"}
[2026-01-29 13:47:34.219857] [debug] WebSocketServer: Broadcasting to 1 clients: {"server_time":"2026-01-29 13:47:34","timestamp":"1769683654219","isConnected":"True","numBoard":"0","numSteps":"22111","numSpeed":"-569288427623264292962304.000000","numAccel":"95","numDecel":"86","currentPos":"112","startPos":"39862560","endPos":"30743"}
[2026-01-29 13:47:35.220173] [debug] WebSocketServer: Broadcasting to 1 clients: {"server_time":"2026-01-29 13:47:35","timestamp":"1769683655220","isConnected":"True","numBoard":"0","numSteps":"22111","numSpeed":"-569288427623264292962304.000000","numAccel":"95","numDecel":"86","currentPos":"112","startPos":"39862560","endPos":"30743"}
[2026-01-29 13:47:36.220746] [debug] WebSocketServer: Broadcasting to 1 clients: {"server_time":"2026-01-29 13:47:36","timestamp":"1769683656220","isConnected":"True","numBoard":"0","numSteps":"22111","numSpeed":"-569288427623264292962304.000000","numAccel":"95","numDecel":"86","currentPos":"112","startPos":"39862560","endPos":"30743"}
[2026-01-29 13:47:37.221049] [debug] WebSocketServer: Broadcasting to 1 clients: {"server_time":"2026-01-29 13:47:37","timestamp":"1769683657220","isConnected":"True","numBoard":"0","numSteps":"22111","numSpeed":"-569288427623264292962304.000000","numAccel":"95","numDecel":"86","currentPos":"112","startPos":"39862560","endPos":"30743"}
[2026-01-29 13:47:38.221372] [debug] WebSocketServer: Broadcasting to 1 clients: {"server_time":"2026-01-29 13:47:38","timestamp":"1769683658221","isConnected":"True","numBoard":"0","numSteps":"22111","numSpeed":"-569288427623264292962304.000000","numAccel":"95","numDecel":"86","currentPos":"112","startPos":"39862560","endPos":"30743"}
[2026-01-29 13:47:39.221712] [debug] WebSocketServer: Broadcasting to 1 clients: {"server_time":"2026-01-29 13:47:39","timestamp":"1769683659221","isConnected":"True","numBoard":"0","numSteps":"22111","numSpeed":"-569288427623264292962304.000000","numAccel":"95","numDecel":"86","currentPos":"112","startPos":"39862560","endPos":"30743"}
[2026-01-29 13:47:40.222004] [debug] WebSocketServer: Broadcasting to 1 clients: {"server_time":"2026-01-29 13:47:40","timestamp":"1769683660221","isConnected":"True","numBoard":"0","numSteps":"22111","numSpeed":"-569288427623264292962304.000000","numAccel":"95","numDecel":"86","currentPos":"112","startPos":"39862560","endPos":"30743"}
[2026-01-29 13:47:41.222303] [debug] WebSocketServer: Broadcasting to 1 clients: {"server_time":"2026-01-29 13:47:41","timestamp":"1769683661222","isConnected":"True","numBoard":"0","numSteps":"22111","numSpeed":"-569288427623264292962304.000000","numAccel":"95","numDecel":"86","currentPos":"112","startPos":"39862560","endPos":"30743"}
[2026-01-29 13:47:42.222891] [debug] WebSocketServer: Broadcasting to 1 clients: {"server_time":"2026-01-29 13:47:42","timestamp":"1769683662222","isConnected":"True","numBoard":"0","numSteps":"22111","numSpeed":"-569288427623264292962304.000000","numAccel":"95","numDecel":"86","currentPos":"112","startPos":"39862560","endPos":"30743"}
[2026-01-29 13:47:43.223167] [debug] WebSocketServer: Broadcasting to 1 clients: {"server_time":"2026-01-29 13:47:43","timestamp":"1769683663223","isConnected":"True","numBoard":"0","numSteps":"22111","numSpeed":"-569288427623264292962304.000000","numAccel":"95","numDecel":"86","currentPos":"112","startPos":"39862560","endPos":"30743"}
[2026-01-29 13:47:44.223453] [debug] WebSocketServer: Broadcasting to 1 clients: {"server_time":"2026-01-29 13:47:44","timestamp":"1769683664223","isConnected":"True","numBoard":"0","numSteps":"22111","numSpeed":"-569288427623264292962304.000000","numAccel":"95","numDecel":"86","currentPos":"112","startPos":"39862560","endPos":"30743"}
[2026-01-29 13:47:45.223714] [debug] WebSocketServer: Broadcasting to 1 clients: {"server_time":"2026-01-29 13:47:45","timestamp":"1769683665223","isConnected":"True","numBoard":"0","numSteps":"22111","numSpeed":"-569288427623264292962304.000000","numAccel":"95","numDecel":"86","currentPos":"112","startPos":"39862560","endPos":"30743"}
[2026-01-29 13:47:46.224007] [debug] WebSocketServer: Broadcasting to 1 clients: {"server_time":"2026-01-29 13:47:46","timestamp":"1769683666223","isConnected":"True","numBoard":"0","numSteps":"22111","numSpeed":"-569288427623264292962304.000000","numAccel":"95","numDecel":"86","currentPos":"112","startPos":"39862560","endPos":"30743"}
[2026-01-29 13:47:47.224319] [debug] WebSocketServer: Broadcasting to 1 clients: {"server_time":"2026-01-29 13:47:47","timestamp":"1769683667224","isConnected":"True","numBoard":"0","numSteps":"22111","numSpeed":"-569288427623264292962304.000000","numAccel":"95","numDecel":"86","currentPos":"112","startPos":"39862560","endPos":"30743"}
[2026-01-29 13:47:48.224702] [debug] WebSocketServer: Broadcasting to 1 clients: {"server_time":"2026-01-29 13:47:48","timestamp":"1769683668224","isConnected":"True","numBoard":"0","numSteps":"22111","numSpeed":"-569288427623264292962304.000000","numAccel":"95","numDecel":"86","currentPos":"112","startPos":"39862560","endPos":"30743"}
[2026-01-29 13:47:49.225006] [debug] WebSocketServer: Broadcasting to 1 clients: {"server_time":"2026-01-29 13:47:49","timestamp":"1769683669224","isConnected":"True","numBoard":"0","numSteps":"22111","numSpeed":"-569288427623264292962304.000000","numAccel":"95","numDecel":"86","currentPos":"112","startPos":"39862560","endPos":"30743"}
[2026-01-29 13:47:50.225311] [debug] WebSocketServer: Broadcasting to 1 clients: {"server_time":"2026-01-29 13:47:50","timestamp":"1769683670225","isConnected":"True","numBoard":"0","numSteps":"22111","numSpeed":"-569288427623264292962304.000000","numAccel":"95","numDecel":"86","currentPos":"112","startPos":"39862560","endPos":"30743"}
[2026-01-29 13:47:51.225651] [debug] WebSocketServer: Broadcasting to 1 clients: {"server_time":"2026-01-29 13:47:51","timestamp":"1769683671225","isConnected":"True","numBoard":"0","numSteps":"22111","numSpeed":"-569288427623264292962304.000000","numAccel":"95","numDecel":"86","currentPos":"112","startPos":"39862560","endPos":"30743"}
[2026-01-29 13:47:52.226168] [debug] WebSocketServer: Broadcasting to 1 clients: {"server_time":"2026-01-29 13:47:52","timestamp":"1769683672226","isConnected":"True","numBoard":"0","numSteps":"22111","numSpeed":"-569288427623264292962304.000000","numAccel":"95","numDecel":"86","currentPos":"112","startPos":"39862560","endPos":"30743"}
[2026-01-29 13:47:53.226500] [debug] WebSocketServer: Broadcasting to 1 clients: {"server_time":"2026-01-29 13:47:53","timestamp":"1769683673226","isConnected":"True","numBoard":"0","numSteps":"22111","numSpeed":"-569288427623264292962304.000000","numAccel":"95","numDecel":"86","currentPos":"112","startPos":"39862560","endPos":"30743"}
[2026-01-29 13:47:54.226798] [debug] WebSocketServer: Broadcasting to 1 clients: {"server_time":"2026-01-29 13:47:54","timestamp":"1769683674226","isConnected":"True","numBoard":"0","numSteps":"22111","numSpeed":"-569288427623264292962304.000000","numAccel":"95","numDecel":"86","currentPos":"112","startPos":"39862560","endPos":"30743"}
[2026-01-29 13:47:55.227069] [debug] WebSocketServer: Broadcasting to 1 clients: {"server_time":"2026-01-29 13:47:55","timestamp":"1769683675227","isConnected":"True","numBoard":"0","numSteps":"22111","numSpeed":"-569288427623264292962304.000000","numAccel":"95","numDecel":"86","currentPos":"112","startPos":"39862560","endPos":"30743"}
[2026-01-29 13:47:56.227365] [debug] WebSocketServer: Broadcasting to 1 clients: {"server_time":"2026-01-29 13:47:56","timestamp":"1769683676227","isConnected":"True","numBoard":"0","numSteps":"22111","numSpeed":"-569288427623264292962304.000000","numAccel":"95","numDecel":"86","currentPos":"112","startPos":"39862560","endPos":"30743"}
[2026-01-29 13:47:57.227879] [debug] WebSocketServer: Broadcasting to 1 clients: {"server_time":"2026-01-29 13:47:57","timestamp":"1769683677227","isConnected":"True","numBoard":"0","numSteps":"22111","numSpeed":"-569288427623264292962304.000000","numAccel":"95","numDecel":"86","currentPos":"112","startPos":"39862560","endPos":"30743"}
[2026-01-29 13:47:58.228217] [debug] WebSocketServer: Broadcasting to 1 clients: {"server_time":"2026-01-29 13:47:58","timestamp":"1769683678228","isConnected":"True","numBoard":"0","numSteps":"22111","numSpeed":"-569288427623264292962304.000000","numAccel":"95","numDecel":"86","currentPos":"112","startPos":"39862560","endPos":"30743"}
[2026-01-29 13:47:59.228740] [debug] WebSocketServer: Broadcasting to 1 clients: {"server_time":"2026-01-29 13:47:59","timestamp":"1769683679228","isConnected":"True","numBoard":"0","numSteps":"22111","numSpeed":"-569288427623264292962304.000000","numAccel":"95","numDecel":"86","currentPos":"112","startPos":"39862560","endPos":"30743"}
[2026-01-29 13:48:00.229031] [debug] WebSocketServer: Broadcasting to 1 clients: {"server_time":"2026-01-29 13:48:00","timestamp":"1769683680228","isConnected":"True","numBoard":"0","numSteps":"22111","numSpeed":"-569288427623264292962304.000000","numAccel":"95","numDecel":"86","currentPos":"112","startPos":"39862560","endPos":"30743"}
[2026-01-29 13:48:01.229354] [debug] WebSocketServer: Broadcasting to 1 clients: {"server_time":"2026-01-29 13:48:01","timestamp":"1769683681229","isConnected":"True","numBoard":"0","numSteps":"22111","numSpeed":"-569288427623264292962304.000000","numAccel":"95","numDecel":"86","currentPos":"112","startPos":"39862560","endPos":"30743"}
[2026-01-29 13:48:02.229651] [debug] WebSocketServer: Broadcasting to 1 clients: {"server_time":"2026-01-29 13:48:02","timestamp":"1769683682229","isConnected":"True","numBoard":"0","numSteps":"22111","numSpeed":"-569288427623264292962304.000000","numAccel":"95","numDecel":"86","currentPos":"112","startPos":"39862560","endPos":"30743"}
[2026-01-29 13:48:03.229937] [debug] WebSocketServer: Broadcasting to 1 clients: {"server_time":"2026-01-29 13:48:03","timestamp":"1769683683229","isConnected":"True","numBoard":"0","numSteps":"22111","numSpeed":"-569288427623264292962304.000000","numAccel":"95","numDecel":"86","currentPos":"112","startPos":"39862560","endPos":"30743"}
[2026-01-29 13:48:04.230239] [debug] WebSocketServer: Broadcasting to 1 clients: {"server_time":"2026-01-29 13:48:04","timestamp":"1769683684230","isConnected":"True","numBoard":"0","numSteps":"22111","numSpeed":"-569288427623264292962304.000000","numAccel":"95","numDecel":"86","currentPos":"112","startPos":"39862560","endPos":"30743"}
[2026-01-29 13:48:05.230530] [debug] WebSocketServer: Broadcasting to 1 clients: {"server_time":"2026-01-29 13:48:05","timestamp":"1769683685230","isConnected":"True","numBoard":"0","numSteps":"22111","numSpeed":"-569288427623264292962304.000000","numAccel":"95","numDecel":"86","currentPos":"112","startPos":"39862560","endPos":"30743"}
[2026-01-29 13:48:06.230832] [debug] WebSocketServer: Broadcasting to 1 clients: {"server_time":"2026-01-29 13:48:06","timestamp":"1769683686230","isConnected":"True","numBoard":"0","numSteps":"22111","numSpeed":"-569288427623264292962304.000000","numAccel":"95","numDecel":"86","currentPos":"112","startPos":"39862560","endPos":"30743"}
[2026-01-29 13:48:07.231127] [debug] WebSocketServer: Broadcasting to 1 clients: {"server_time":"2026-01-29 13:48:07","timestamp":"1769683687231","isConnected":"True","numBoard":"0","numSteps":"22111","numSpeed":"-569288427623264292962304.000000","numAccel":"95","numDecel":"86","currentPos":"112","startPos":"39862560","endPos":"30743"}
[2026-01-29 13:48:08.231415] [debug] WebSocketServer: Broadcasting to 1 clients: {"server_time":"2026-01-29 13:48:08","timestamp":"1769683688231","isConnected":"True","numBoard":"0","numSteps":"22111","numSpeed":"-569288427623264292962304.000000","numAccel":"95","numDecel":"86","currentPos":"112","startPos":"39862560","endPos":"30743"}
[2026-01-29 13:48:09.231737] [debug] WebSocketServer: Broadcasting to 1 clients: {"server_time":"2026-01-29 13:48:09","timestamp":"1769683689231","isConnected":"True","numBoard":"0","numSteps":"22111","numSpeed":"-569288427623264292962304.000000","numAccel":"95","numDecel":"86","currentPos":"112","startPos":"39862560","endPos":"30743"}
[2026-01-29 13:48:10.232067] [debug] WebSocketServer: Broadcasting to 1 clients: {"server_time":"2026-01-29 13:48:10","timestamp":"1769683690231","isConnected":"True","numBoard":"0","numSteps":"22111","numSpeed":"-569288427623264292962304.000000","numAccel":"95","numDecel":"86","currentPos":"112","startPos":"39862560","endPos":"30743"}
[2026-01-29 13:48:11.232421] [debug] WebSocketServer: Broadcasting to 1 clients: {"server_time":"2026-01-29 13:48:11","timestamp":"1769683691232","isConnected":"True","numBoard":"0","numSteps":"22111","numSpeed":"-569288427623264292962304.000000","numAccel":"95","numDecel":"86","currentPos":"112","startPos":"39862560","endPos":"30743"}
[2026-01-29 13:48:12.232712] [debug] WebSocketServer: Broadcasting to 1 clients: {"server_time":"2026-01-29 13:48:12","timestamp":"1769683692232","isConnected":"True","numBoard":"0","numSteps":"22111","numSpeed":"-569288427623264292962304.000000","numAccel":"95","numDecel":"86","currentPos":"112","startPos":"39862560","endPos":"30743"}
[2026-01-29 13:48:13.232998] [debug] WebSocketServer: Broadcasting to 1 clients: {"server_time":"2026-01-29 13:48:13","timestamp":"1769683693232","isConnected":"True","numBoard":"0","numSteps":"22111","numSpeed":"-569288427623264292962304.000000","numAccel":"95","numDecel":"86","currentPos":"112","startPos":"39862560","endPos":"30743"}
[2026-01-29 13:48:14.233265] [debug] WebSocketServer: Broadcasting to 1 clients: {"server_time":"2026-01-29 13:48:14","timestamp":"1769683694233","isConnected":"True","numBoard":"0","numSteps":"22111","numSpeed":"-569288427623264292962304.000000","numAccel":"95","numDecel":"86","currentPos":"112","startPos":"39862560","endPos":"30743"}
[2026-01-29 13:48:15.233527] [debug] WebSocketServer: Broadcasting to 1 clients: {"server_time":"2026-01-29 13:48:15","timestamp":"1769683695233","isConnected":"True","numBoard":"0","numSteps":"22111","numSpeed":"-569288427623264292962304.000000","numAccel":"95","numDecel":"86","currentPos":"112","startPos":"39862560","endPos":"30743"}
[2026-01-29 13:48:16.233808] [debug] WebSocketServer: Broadcasting to 1 clients: {"server_time":"2026-01-29 13:48:16","timestamp":"1769683696233","isConnected":"True","numBoard":"0","numSteps":"22111","numSpeed":"-569288427623264292962304.000000","numAccel":"95","numDecel":"86","currentPos":"112","startPos":"39862560","endPos":"30743"}
[2026-01-29 13:48:17.234136] [debug] WebSocketServer: Broadcasting to 1 clients: {"server_time":"2026-01-29 13:48:17","timestamp":"1769683697234","isConnected":"True","numBoard":"0","numSteps":"22111","numSpeed":"-569288427623264292962304.000000","numAccel":"95","numDecel":"86","currentPos":"112","startPos":"39862560","endPos":"30743"}
[2026-01-29 13:48:18.234497] [debug] WebSocketServer: Broadcasting to 1 clients: {"server_time":"2026-01-29 13:48:18","timestamp":"1769683698234","isConnected":"True","numBoard":"0","numSteps":"22111","numSpeed":"-569288427623264292962304.000000","numAccel":"95","numDecel":"86","currentPos":"112","startPos":"39862560","endPos":"30743"}
[2026-01-29 13:48:19.234991] [debug] WebSocketServer: Broadcasting to 1 clients: {"server_time":"2026-01-29 13:48:19","timestamp":"1769683699234","isConnected":"True","numBoard":"0","numSteps":"22111","numSpeed":"-569288427623264292962304.000000","numAccel":"95","numDecel":"86","currentPos":"112","startPos":"39862560","endPos":"30743"}
[2026-01-29 13:48:20.235561] [debug] WebSocketServer: Broadcasting to 1 clients: {"server_time":"2026-01-29 13:48:20","timestamp":"1769683700235","isConnected":"True","numBoard":"0","numSteps":"22111","numSpeed":"-569288427623264292962304.000000","numAccel":"95","numDecel":"86","currentPos":"112","startPos":"39862560","endPos":"30743"}
[2026-01-29 13:48:21.235884] [debug] WebSocketServer: Broadcasting to 1 clients: {"server_time":"2026-01-29 13:48:21","timestamp":"1769683701235","isConnected":"True","numBoard":"0","numSteps":"22111","numSpeed":"-569288427623264292962304.000000","numAccel":"95","numDecel":"86","currentPos":"112","startPos":"39862560","endPos":"30743"}
[2026-01-29 13:48:22.236468] [debug] WebSocketServer: Broadcasting to 1 clients: {"server_time":"2026-01-29 13:48:22","timestamp":"1769683702236","isConnected":"True","numBoard":"0","numSteps":"22111","numSpeed":"-569288427623264292962304.000000","numAccel":"95","numDecel":"86","currentPos":"112","startPos":"39862560","endPos":"30743"}
[2026-01-29 13:48:23.236779] [debug] WebSocketServer: Broadcasting to 1 clients: {"server_time":"2026-01-29 13:48:23","timestamp":"1769683703236","isConnected":"True","numBoard":"0","numSteps":"22111","numSpeed":"-569288427623264292962304.000000","numAccel":"95","numDecel":"86","currentPos":"112","startPos":"39862560","endPos":"30743"}
[2026-01-29 13:48:24.237066] [debug] WebSocketServer: Broadcasting to 1 clients: {"server_time":"2026-01-29 13:48:24","timestamp":"1769683704237","isConnected":"True","numBoard":"0","numSteps":"22111","numSpeed":"-569288427623264292962304.000000","numAccel":"95","numDecel":"86","currentPos":"112","startPos":"39862560","endPos":"30743"}
[2026-01-29 13:48:25.237431] [debug] WebSocketServer: Broadcasting to 1 clients: {"server_time":"2026-01-29 13:48:25","timestamp":"1769683705237","isConnected":"True","numBoard":"0","numSteps":"22111","numSpeed":"-569288427623264292962304.000000","numAccel":"95","numDecel":"86","currentPos":"112","startPos":"39862560","endPos":"30743"}
[2026-01-29 13:48:26.237878] [debug] WebSocketServer: Broadcasting to 1 clients: {"server_time":"2026-01-29 13:48:26","timestamp":"1769683706237","isConnected":"True","numBoard":"0","numSteps":"22111","numSpeed":"-569288427623264292962304.000000","numAccel":"95","numDecel":"86","currentPos":"112","startPos":"39862560","endPos":"30743"}
[2026-01-29 13:48:27.238218] [debug] WebSocketServer: Broadcasting to 1 clients: {"server_time":"2026-01-29 13:48:27","timestamp":"1769683707238","isConnected":"True","numBoard":"0","numSteps":"22111","numSpeed":"-569288427623264292962304.000000","numAccel":"95","numDecel":"86","currentPos":"112","startPos":"39862560","endPos":"30743"}
[2026-01-29 13:48:28.238530] [debug] WebSocketServer: Broadcasting to 1 clients: {"server_time":"2026-01-29 13:48:28","timestamp":"1769683708238","isConnected":"True","numBoard":"0","numSteps":"22111","numSpeed":"-569288427623264292962304.000000","numAccel":"95","numDecel":"86","currentPos":"112","startPos":"39862560","endPos":"30743"}
[2026-01-29 13:48:29.238829] [debug] WebSocketServer: Broadcasting to 1 clients: {"server_time":"2026-01-29 13:48:29","timestamp":"1769683709238","isConnected":"True","numBoard":"0","numSteps":"22111","numSpeed":"-569288427623264292962304.000000","numAccel":"95","numDecel":"86","currentPos":"112","startPos":"39862560","endPos":"30743"}
[2026-01-29 13:48:30.239107] [debug] WebSocketServer: Broadcasting to 1 clients: {"server_time":"2026-01-29 13:48:30","timestamp":"1769683710239","isConnected":"True","numBoard":"0","numSteps":"22111","numSpeed":"-569288427623264292962304.000000","numAccel":"95","numDecel":"86","currentPos":"112","startPos":"39862560","endPos":"30743"}
[2026-01-29 13:48:31.239449] [debug] WebSocketServer: Broadcasting to 1 clients: {"server_time":"2026-01-29 13:48:31","timestamp":"1769683711239","isConnected":"True","numBoard":"0","numSteps":"22111","numSpeed":"-569288427623264292962304.000000","numAccel":"95","numDecel":"86","currentPos":"112","startPos":"39862560","endPos":"30743"}
[2026-01-29 13:48:32.239778] [debug] WebSocketServer: Broadcasting to 1 clients: {"server_time":"2026-01-29 13:48:32","timestamp":"1769683712239","isConnected":"True","numBoard":"0","numSteps":"22111","numSpeed":"-569288427623264292962304.000000","numAccel":"95","numDecel":"86","currentPos":"112","startPos":"39862560","endPos":"30743"}
[2026-01-29 13:48:33.240048] [debug] WebSocketServer: Broadcasting to 1 clients: {"server_time":"2026-01-29 13:48:33","timestamp":"1769683713239","isConnected":"True","numBoard":"0","numSteps":"22111","numSpeed":"-569288427623264292962304.000000","numAccel":"95","numDecel":"86","currentPos":"112","startPos":"39862560","endPos":"30743"}
[2026-01-29 13:48:34.240562] [debug] WebSocketServer: Broadcasting to 1 clients: {"server_time":"2026-01-29 13:48:34","timestamp":"1769683714240","isConnected":"True","numBoard":"0","numSteps":"22111","numSpeed":"-569288427623264292962304.000000","numAccel":"95","numDecel":"86","currentPos":"112","startPos":"39862560","endPos":"30743"}
[2026-01-29 13:48:35.240875] [debug] WebSocketServer: Broadcasting to 1 clients: {"server_time":"2026-01-29 13:48:35","timestamp":"1769683715240","isConnected":"True","numBoard":"0","numSteps":"22111","numSpeed":"-569288427623264292962304.000000","numAccel":"95","numDecel":"86","currentPos":"112","startPos":"39862560","endPos":"30743"}
[2026-01-29 13:48:36.241339] [debug] WebSocketServer: Broadcasting to 1 clients: {"server_time":"2026-01-29 13:48:36","timestamp":"1769683716241","isConnected":"True","numBoard":"0","numSteps":"22111","numSpeed":"-569288427623264292962304.000000","numAccel":"95","numDecel":"86","currentPos":"112","startPos":"39862560","endPos":"30743"}
[2026-01-29 13:48:37.241628] [debug] WebSocketServer: Broadcasting to 1 clients: {"server_time":"2026-01-29 13:48:37","timestamp":"1769683717241","isConnected":"True","numBoard":"0","numSteps":"22111","numSpeed":"-569288427623264292962304.000000","numAccel":"95","numDecel":"86","currentPos":"112","startPos":"39862560","endPos":"30743"}
[2026-01-29 13:48:38.241913] [debug] WebSocketServer: Broadcasting to 1 clients: {"server_time":"2026-01-29 13:48:38","timestamp":"1769683718241","isConnected":"True","numBoard":"0","numSteps":"22111","numSpeed":"-569288427623264292962304.000000","numAccel":"95","numDecel":"86","currentPos":"112","startPos":"39862560","endPos":"30743"}
[2026-01-29 13:48:39.242189] [debug] WebSocketServer: Broadcasting to 1 clients: {"server_time":"2026-01-29 13:48:39","timestamp":"1769683719242","isConnected":"True","numBoard":"0","numSteps":"22111","numSpeed":"-569288427623264292962304.000000","numAccel":"95","numDecel":"86","currentPos":"112","startPos":"39862560","endPos":"30743"}
[2026-01-29 13:48:40.242468] [debug] WebSocketServer: Broadcasting to 1 clients: {"server_time":"2026-01-29 13:48:40","timestamp":"1769683720242","isConnected":"True","numBoard":"0","numSteps":"22111","numSpeed":"-569288427623264292962304.000000","numAccel":"95","numDecel":"86","currentPos":"112","startPos":"39862560","endPos":"30743"}
[2026-01-29 13:48:41.242776] [debug] WebSocketServer: Broadcasting to 1 clients: {"server_time":"2026-01-29 13:48:41","timestamp":"1769683721242","isConnected":"True","numBoard":"0","numSteps":"22111","numSpeed":"-569288427623264292962304.000000","numAccel":"95","numDecel":"86","currentPos":"112","startPos":"39862560","endPos":"30743"}
[2026-01-29 13:48:42.243107] [debug] WebSocketServer: Broadcasting to 1 clients: {"server_time":"2026-01-29 13:48:42","timestamp":"1769683722243","isConnected":"True","numBoard":"0","numSteps":"22111","numSpeed":"-569288427623264292962304.000000","numAccel":"95","numDecel":"86","currentPos":"112","startPos":"39862560","endPos":"30743"}
[2026-01-29 13:48:43.243647] [debug] WebSocketServer: Broadcasting to 1 clients: {"server_time":"2026-01-29 13:48:43","timestamp":"1769683723243","isConnected":"True","numBoard":"0","numSteps":"22111","numSpeed":"-569288427623264292962304.000000","numAccel":"95","numDecel":"86","currentPos":"112","startPos":"39862560","endPos":"30743"}
[2026-01-29 13:48:44.243963] [debug] WebSocketServer: Broadcasting to 1 clients: {"server_time":"2026-01-29 13:48:44","timestamp":"1769683724243","isConnected":"True","numBoard":"0","numSteps":"22111","numSpeed":"-569288427623264292962304.000000","numAccel":"95","numDecel":"86","currentPos":"112","startPos":"39862560","endPos":"30743"}
[2026-01-29 13:48:45.244242] [debug] WebSocketServer: Broadcasting to 1 clients: {"server_time":"2026-01-29 13:48:45","timestamp":"1769683725244","isConnected":"True","numBoard":"0","numSteps":"22111","numSpeed":"-569288427623264292962304.000000","numAccel":"95","numDecel":"86","currentPos":"112","startPos":"39862560","endPos":"30743"}
[2026-01-29 13:48:46.244495] [debug] WebSocketServer: Broadcasting to 1 clients: {"server_time":"2026-01-29 13:48:46","timestamp":"1769683726244","isConnected":"True","numBoard":"0","numSteps":"22111","numSpeed":"-569288427623264292962304.000000","numAccel":"95","numDecel":"86","currentPos":"112","startPos":"39862560","endPos":"30743"}
[2026-01-29 13:48:47.244810] [debug] WebSocketServer: Broadcasting to 1 clients: {"server_time":"2026-01-29 13:48:47","timestamp":"1769683727244","isConnected":"True","numBoard":"0","numSteps":"22111","numSpeed":"-569288427623264292962304.000000","numAccel":"95","numDecel":"86","currentPos":"112","startPos":"39862560","endPos":"30743"}
[2026-01-29 13:48:48.245215] [debug] WebSocketServer: Broadcasting to 1 clients: {"server_time":"2026-01-29 13:48:48","timestamp":"1769683728245","isConnected":"True","numBoard":"0","numSteps":"22111","numSpeed":"-569288427623264292962304.000000","numAccel":"95","numDecel":"86","currentPos":"112","startPos":"39862560","endPos":"30743"}
[2026-01-29 13:48:49.245482] [debug] WebSocketServer: Broadcasting to 1 clients: {"server_time":"2026-01-29 13:48:49","timestamp":"1769683729245","isConnected":"True","numBoard":"0","numSteps":"22111","numSpeed":"-569288427623264292962304.000000","numAccel":"95","numDecel":"86","currentPos":"112","startPos":"39862560","endPos":"30743"}
[2026-01-29 13:48:50.245772] [debug] WebSocketServer: Broadcasting to 1 clients: {"server_time":"2026-01-29 13:48:50","timestamp":"1769683730245","isConnected":"True","numBoard":"0","numSteps":"22111","numSpeed":"-569288427623264292962304.000000","numAccel":"95","numDecel":"86","currentPos":"112","startPos":"39862560","endPos":"30743"}
[2026-01-29 13:48:51.246080] [debug] WebSocketServer: Broadcasting to 1 clients: {"server_time":"2026-01-29 13:48:51","timestamp":"1769683731246","isConnected":"True","numBoard":"0","numSteps":"22111","numSpeed":"-569288427623264292962304.000000","numAccel":"95","numDecel":"86","currentPos":"112","startPos":"39862560","endPos":"30743"}
[2026-01-29 13:48:52.246743] [debug] WebSocketServer: Broadcasting to 1 clients: {"server_time":"2026-01-29 13:48:52","timestamp":"1769683732246","isConnected":"True","numBoard":"0","numSteps":"22111","numSpeed":"-569288427623264292962304.000000","numAccel":"95","numDecel":"86","currentPos":"112","startPos":"39862560","endPos":"30743"}
[2026-01-29 13:48:53.247130] [debug] WebSocketServer: Broadcasting to 1 clients: {"server_time":"2026-01-29 13:48:53","timestamp":"1769683733247","isConnected":"True","numBoard":"0","numSteps":"22111","numSpeed":"-569288427623264292962304.000000","numAccel":"95","numDecel":"86","currentPos":"112","startPos":"39862560","endPos":"30743"}
[2026-01-29 13:48:54.247407] [debug] WebSocketServer: Broadcasting to 1 clients: {"server_time":"2026-01-29 13:48:54","timestamp":"1769683734247","isConnected":"True","numBoard":"0","numSteps":"22111","numSpeed":"-569288427623264292962304.000000","numAccel":"95","numDecel":"86","currentPos":"112","startPos":"39862560","endPos":"30743"}
[2026-01-29 13:48:55.247692] [debug] WebSocketServer: Broadcasting to 1 clients: {"server_time":"2026-01-29 13:48:55","timestamp":"1769683735247","isConnected":"True","numBoard":"0","numSteps":"22111","numSpeed":"-569288427623264292962304.000000","numAccel":"95","numDecel":"86","currentPos":"112","startPos":"39862560","endPos":"30743"}
[2026-01-29 13:48:56.247999] [debug] WebSocketServer: Broadcasting to 1 clients: {"server_time":"2026-01-29 13:48:56","timestamp":"1769683736247","isConnected":"True","numBoard":"0","numSteps":"22111","numSpeed":"-569288427623264292962304.000000","numAccel":"95","numDecel":"86","currentPos":"112","startPos":"39862560","endPos":"30743"}
[2026-01-29 13:48:57.248258] [debug] WebSocketServer: Broadcasting to 1 clients: {"server_time":"2026-01-29 13:48:57","timestamp":"1769683737248","isConnected":"True","numBoard":"0","numSteps":"22111","numSpeed":"-569288427623264292962304.000000","numAccel":"95","numDecel":"86","currentPos":"112","startPos":"39862560","endPos":"30743"}
[2026-01-29 13:48:58.248536] [debug] WebSocketServer: Broadcasting to 1 clients: {"server_time":"2026-01-29 13:48:58","timestamp":"1769683738248","isConnected":"True","numBoard":"0","numSteps":"22111","numSpeed":"-569288427623264292962304.000000","numAccel":"95","numDecel":"86","currentPos":"112","startPos":"39862560","endPos":"30743"}
[2026-01-29 13:48:59.248821] [debug] WebSocketServer: Broadcasting to 1 clients: {"server_time":"2026-01-29 13:48:59","timestamp":"1769683739248","isConnected":"True","numBoard":"0","numSteps":"22111","numSpeed":"-569288427623264292962304.000000","numAccel":"95","numDecel":"86","currentPos":"112","startPos":"39862560","endPos":"30743"}
[2026-01-29 13:49:00.249166] [debug] WebSocketServer: Broadcasting to 1 clients: {"server_time":"2026-01-29 13:49:00","timestamp":"1769683740249","isConnected":"True","numBoard":"0","numSteps":"22111","numSpeed":"-569288427623264292962304.000000","numAccel":"95","numDecel":"86","currentPos":"112","startPos":"39862560","endPos":"30743"}
[2026-01-29 13:49:01.249690] [debug] WebSocketServer: Broadcasting to 1 clients: {"server_time":"2026-01-29 13:49:01","timestamp":"1769683741249","isConnected":"True","numBoard":"0","numSteps":"22111","numSpeed":"-569288427623264292962304.000000","numAccel":"95","numDecel":"86","currentPos":"112","startPos":"39862560","endPos":"30743"}
[2026-01-29 13:49:02.249977] [debug] WebSocketServer: Broadcasting to 1 clients: {"server_time":"2026-01-29 13:49:02","timestamp":"1769683742249","isConnected":"True","numBoard":"0","numSteps":"22111","numSpeed":"-569288427623264292962304.000000","numAccel":"95","numDecel":"86","currentPos":"112","startPos":"39862560","endPos":"30743"}
[2026-01-29 13:49:03.250603] [debug] WebSocketServer: Broadcasting to 1 clients: {"server_time":"2026-01-29 13:49:03","timestamp":"1769683743250","isConnected":"True","numBoard":"0","numSteps":"22111","numSpeed":"-569288427623264292962304.000000","numAccel":"95","numDecel":"86","currentPos":"112","startPos":"39862560","endPos":"30743"}
[2026-01-29 13:49:04.251222] [debug] WebSocketServer: Broadcasting to 1 clients: {"server_time":"2026-01-29 13:49:04","timestamp":"1769683744251","isConnected":"True","numBoard":"0","numSteps":"22111","numSpeed":"-569288427623264292962304.000000","numAccel":"95","numDecel":"86","currentPos":"112","startPos":"39862560","endPos":"30743"}
[2026-01-29 13:49:05.251716] [debug] WebSocketServer: Broadcasting to 1 clients: {"server_time":"2026-01-29 13:49:05","timestamp":"1769683745251","isConnected":"True","numBoard":"0","numSteps":"22111","numSpeed":"-569288427623264292962304.000000","numAccel":"95","numDecel":"86","currentPos":"112","startPos":"39862560","endPos":"30743"}
[2026-01-29 13:49:06.252266] [debug] WebSocketServer: Broadcasting to 1 clients: {"server_time":"2026-01-29 13:49:06","timestamp":"1769683746252","isConnected":"True","numBoard":"0","numSteps":"22111","numSpeed":"-569288427623264292962304.000000","numAccel":"95","numDecel":"86","currentPos":"112","startPos":"39862560","endPos":"30743"}
[2026-01-29 13:49:07.252540] [debug] WebSocketServer: Broadcasting to 1 clients: {"server_time":"2026-01-29 13:49:07","timestamp":"1769683747252","isConnected":"True","numBoard":"0","numSteps":"22111","numSpeed":"-569288427623264292962304.000000","numAccel":"95","numDecel":"86","currentPos":"112","startPos":"39862560","endPos":"30743"}
[2026-01-29 13:49:08.252844] [debug] WebSocketServer: Broadcasting to 1 clients: {"server_time":"2026-01-29 13:49:08","timestamp":"1769683748252","isConnected":"True","numBoard":"0","numSteps":"22111","numSpeed":"-569288427623264292962304.000000","numAccel":"95","numDecel":"86","currentPos":"112","startPos":"39862560","endPos":"30743"}
[2026-01-29 13:49:09.253154] [debug] WebSocketServer: Broadcasting to 1 clients: {"server_time":"2026-01-29 13:49:09","timestamp":"1769683749253","isConnected":"True","numBoard":"0","numSteps":"22111","numSpeed":"-569288427623264292962304.000000","numAccel":"95","numDecel":"86","currentPos":"112","startPos":"39862560","endPos":"30743"}
[2026-01-29 13:49:10.253439] [debug] WebSocketServer: Broadcasting to 1 clients: {"server_time":"2026-01-29 13:49:10","timestamp":"1769683750253","isConnected":"True","numBoard":"0","numSteps":"22111","numSpeed":"-569288427623264292962304.000000","numAccel":"95","numDecel":"86","currentPos":"112","startPos":"39862560","endPos":"30743"}
[2026-01-29 13:49:11.253709] [debug] WebSocketServer: Broadcasting to 1 clients: {"server_time":"2026-01-29 13:49:11","timestamp":"1769683751253","isConnected":"True","numBoard":"0","numSteps":"22111","numSpeed":"-569288427623264292962304.000000","numAccel":"95","numDecel":"86","currentPos":"112","startPos":"39862560","endPos":"30743"}
[2026-01-29 13:49:12.254002] [debug] WebSocketServer: Broadcasting to 1 clients: {"server_time":"2026-01-29 13:49:12","timestamp":"1769683752253","isConnected":"True","numBoard":"0","numSteps":"22111","numSpeed":"-569288427623264292962304.000000","numAccel":"95","numDecel":"86","currentPos":"112","startPos":"39862560","endPos":"30743"}
[2026-01-29 13:49:13.254534] [debug] WebSocketServer: Broadcasting to 1 clients: {"server_time":"2026-01-29 13:49:13","timestamp":"1769683753254","isConnected":"True","numBoard":"0","numSteps":"22111","numSpeed":"-569288427623264292962304.000000","numAccel":"95","numDecel":"86","currentPos":"112","startPos":"39862560","endPos":"30743"}
[2026-01-29 13:49:14.254960] [debug] WebSocketServer: Broadcasting to 1 clients: {"server_time":"2026-01-29 13:49:14","timestamp":"1769683754254","isConnected":"True","numBoard":"0","numSteps":"22111","numSpeed":"-569288427623264292962304.000000","numAccel":"95","numDecel":"86","currentPos":"112","startPos":"39862560","endPos":"30743"}
[2026-01-29 13:49:15.255474] [debug] WebSocketServer: Broadcasting to 1 clients: {"server_time":"2026-01-29 13:49:15","timestamp":"1769683755255","isConnected":"True","numBoard":"0","numSteps":"22111","numSpeed":"-569288427623264292962304.000000","numAccel":"95","numDecel":"86","currentPos":"112","startPos":"39862560","endPos":"30743"}
[2026-01-29 13:49:16.256047] [debug] WebSocketServer: Broadcasting to 1 clients: {"server_time":"2026-01-29 13:49:16","timestamp":"1769683756255","isConnected":"True","numBoard":"0","numSteps":"22111","numSpeed":"-569288427623264292962304.000000","numAccel":"95","numDecel":"86","currentPos":"112","startPos":"39862560","endPos":"30743"}
[2026-01-29 13:49:17.256435] [debug] WebSocketServer: Broadcasting to 1 clients: {"server_time":"2026-01-29 13:49:17","timestamp":"1769683757256","isConnected":"True","numBoard":"0","numSteps":"22111","numSpeed":"-569288427623264292962304.000000","numAccel":"95","numDecel":"86","currentPos":"112","startPos":"39862560","endPos":"30743"}
[2026-01-29 13:49:18.256720] [debug] WebSocketServer: Broadcasting to 1 clients: {"server_time":"2026-01-29 13:49:18","timestamp":"1769683758256","isConnected":"True","numBoard":"0","numSteps":"22111","numSpeed":"-569288427623264292962304.000000","numAccel":"95","numDecel":"86","currentPos":"112","startPos":"39862560","endPos":"30743"}
[2026-01-29 13:49:19.257138] [debug] WebSocketServer: Broadcasting to 1 clients: {"server_time":"2026-01-29 13:49:19","timestamp":"1769683759257","isConnected":"True","numBoard":"0","numSteps":"22111","numSpeed":"-569288427623264292962304.000000","numAccel":"95","numDecel":"86","currentPos":"112","startPos":"39862560","endPos":"30743"}
[2026-01-29 13:49:20.257541] [debug] WebSocketServer: Broadcasting to 1 clients: {"server_time":"2026-01-29 13:49:20","timestamp":"1769683760257","isConnected":"True","numBoard":"0","numSteps":"22111","numSpeed":"-569288427623264292962304.000000","numAccel":"95","numDecel":"86","currentPos":"112","startPos":"39862560","endPos":"30743"}
[2026-01-29 13:49:21.257887] [debug] WebSocketServer: Broadcasting to 1 clients: {"server_time":"2026-01-29 13:49:21","timestamp":"1769683761257","isConnected":"True","numBoard":"0","numSteps":"22111","numSpeed":"-569288427623264292962304.000000","numAccel":"95","numDecel":"86","currentPos":"112","startPos":"39862560","endPos":"30743"}
[2026-01-29 13:49:22.258200] [debug] WebSocketServer: Broadcasting to 1 clients: {"server_time":"2026-01-29 13:49:22","timestamp":"1769683762258","isConnected":"True","numBoard":"0","numSteps":"22111","numSpeed":"-569288427623264292962304.000000","numAccel":"95","numDecel":"86","currentPos":"112","startPos":"39862560","endPos":"30743"}
[2026-01-29 13:49:23.258479] [debug] WebSocketServer: Broadcasting to 1 clients: {"server_time":"2026-01-29 13:49:23","timestamp":"1769683763258","isConnected":"True","numBoard":"0","numSteps":"22111","numSpeed":"-569288427623264292962304.000000","numAccel":"95","numDecel":"86","currentPos":"112","startPos":"39862560","endPos":"30743"}
[2026-01-29 13:49:24.258788] [debug] WebSocketServer: Broadcasting to 1 clients: {"server_time":"2026-01-29 13:49:24","timestamp":"1769683764258","isConnected":"True","numBoard":"0","numSteps":"22111","numSpeed":"-569288427623264292962304.000000","numAccel":"95","numDecel":"86","currentPos":"112","startPos":"39862560","endPos":"30743"}
[2026-01-29 13:49:25.259080] [debug] WebSocketServer: Broadcasting to 1 clients: {"server_time":"2026-01-29 13:49:25","timestamp":"1769683765259","isConnected":"True","numBoard":"0","numSteps":"22111","numSpeed":"-569288427623264292962304.000000","numAccel":"95","numDecel":"86","currentPos":"112","startPos":"39862560","endPos":"30743"}
[2026-01-29 13:49:26.259347] [debug] WebSocketServer: Broadcasting to 1 clients: {"server_time":"2026-01-29 13:49:26","timestamp":"1769683766259","isConnected":"True","numBoard":"0","numSteps":"22111","numSpeed":"-569288427623264292962304.000000","numAccel":"95","numDecel":"86","currentPos":"112","startPos":"39862560","endPos":"30743"}
[2026-01-29 13:49:27.259650] [debug] WebSocketServer: Broadcasting to 1 clients: {"server_time":"2026-01-29 13:49:27","timestamp":"1769683767259","isConnected":"True","numBoard":"0","numSteps":"22111","numSpeed":"-569288427623264292962304.000000","numAccel":"95","numDecel":"86","currentPos":"112","startPos":"39862560","endPos":"30743"}
[2026-01-29 13:49:28.259920] [debug] WebSocketServer: Broadcasting to 1 clients: {"server_time":"2026-01-29 13:49:28","timestamp":"1769683768259","isConnected":"True","numBoard":"0","numSteps":"22111","numSpeed":"-569288427623264292962304.000000","numAccel":"95","numDecel":"86","currentPos":"112","startPos":"39862560","endPos":"30743"}
[2026-01-29 13:49:29.260487] [debug] WebSocketServer: Broadcasting to 1 clients: {"server_time":"2026-01-29 13:49:29","timestamp":"1769683769260","isConnected":"True","numBoard":"0","numSteps":"22111","numSpeed":"-569288427623264292962304.000000","numAccel":"95","numDecel":"86","currentPos":"112","startPos":"39862560","endPos":"30743"}
[2026-01-29 13:49:30.260815] [debug] WebSocketServer: Broadcasting to 1 clients: {"server_time":"2026-01-29 13:49:30","timestamp":"1769683770260","isConnected":"True","numBoard":"0","numSteps":"22111","numSpeed":"-569288427623264292962304.000000","numAccel":"95","numDecel":"86","currentPos":"112","startPos":"39862560","endPos":"30743"}
[2026-01-29 13:49:31.261311] [debug] WebSocketServer: Broadcasting to 1 clients: {"server_time":"2026-01-29 13:49:31","timestamp":"1769683771261","isConnected":"True","numBoard":"0","numSteps":"22111","numSpeed":"-569288427623264292962304.000000","numAccel":"95","numDecel":"86","currentPos":"112","startPos":"39862560","endPos":"30743"}
[2026-01-29 13:49:32.261673] [debug] WebSocketServer: Broadcasting to 1 clients: {"server_time":"2026-01-29 13:49:32","timestamp":"1769683772261","isConnected":"True","numBoard":"0","numSteps":"22111","numSpeed":"-569288427623264292962304.000000","numAccel":"95","numDecel":"86","currentPos":"112","startPos":"39862560","endPos":"30743"}
[2026-01-29 13:49:33.261950] [debug] WebSocketServer: Broadcasting to 1 clients: {"server_time":"2026-01-29 13:49:33","timestamp":"1769683773261","isConnected":"True","numBoard":"0","numSteps":"22111","numSpeed":"-569288427623264292962304.000000","numAccel":"95","numDecel":"86","currentPos":"112","startPos":"39862560","endPos":"30743"}
[2026-01-29 13:49:34.262239] [debug] WebSocketServer: Broadcasting to 1 clients: {"server_time":"2026-01-29 13:49:34","timestamp":"1769683774262","isConnected":"True","numBoard":"0","numSteps":"22111","numSpeed":"-569288427623264292962304.000000","numAccel":"95","numDecel":"86","currentPos":"112","startPos":"39862560","endPos":"30743"}
[2026-01-29 13:49:35.262518] [debug] WebSocketServer: Broadcasting to 1 clients: {"server_time":"2026-01-29 13:49:35","timestamp":"1769683775262","isConnected":"True","numBoard":"0","numSteps":"22111","numSpeed":"-569288427623264292962304.000000","numAccel":"95","numDecel":"86","currentPos":"112","startPos":"39862560","endPos":"30743"}
[2026-01-29 13:49:36.262830] [debug] WebSocketServer: Broadcasting to 1 clients: {"server_time":"2026-01-29 13:49:36","timestamp":"1769683776262","isConnected":"True","numBoard":"0","numSteps":"22111","numSpeed":"-569288427623264292962304.000000","numAccel":"95","numDecel":"86","currentPos":"112","startPos":"39862560","endPos":"30743"}
[2026-01-29 13:49:37.263096] [debug] WebSocketServer: Broadcasting to 1 clients: {"server_time":"2026-01-29 13:49:37","timestamp":"1769683777263","isConnected":"True","numBoard":"0","numSteps":"22111","numSpeed":"-569288427623264292962304.000000","numAccel":"95","numDecel":"86","currentPos":"112","startPos":"39862560","endPos":"30743"}
[2026-01-29 13:49:38.263397] [debug] WebSocketServer: Broadcasting to 1 clients: {"server_time":"2026-01-29 13:49:38","timestamp":"1769683778263","isConnected":"True","numBoard":"0","numSteps":"22111","numSpeed":"-569288427623264292962304.000000","numAccel":"95","numDecel":"86","currentPos":"112","startPos":"39862560","endPos":"30743"}
[2026-01-29 13:49:39.263705] [debug] WebSocketServer: Broadcasting to 1 clients: {"server_time":"2026-01-29 13:49:39","timestamp":"1769683779263","isConnected":"True","numBoard":"0","numSteps":"22111","numSpeed":"-569288427623264292962304.000000","numAccel":"95","numDecel":"86","currentPos":"112","startPos":"39862560","endPos":"30743"}
[2026-01-29 13:49:40.264003] [debug] WebSocketServer: Broadcasting to 1 clients: {"server_time":"2026-01-29 13:49:40","timestamp":"1769683780263","isConnected":"True","numBoard":"0","numSteps":"22111","numSpeed":"-569288427623264292962304.000000","numAccel":"95","numDecel":"86","currentPos":"112","startPos":"39862560","endPos":"30743"}
[2026-01-29 13:49:41.264310] [debug] WebSocketServer: Broadcasting to 1 clients: {"server_time":"2026-01-29 13:49:41","timestamp":"1769683781264","isConnected":"True","numBoard":"0","numSteps":"22111","numSpeed":"-569288427623264292962304.000000","numAccel":"95","numDecel":"86","currentPos":"112","startPos":"39862560","endPos":"30743"}
[2026-01-29 13:49:42.264669] [debug] WebSocketServer: Broadcasting to 1 clients: {"server_time":"2026-01-29 13:49:42","timestamp":"1769683782264","isConnected":"True","numBoard":"0","numSteps":"22111","numSpeed":"-569288427623264292962304.000000","numAccel":"95","numDecel":"86","currentPos":"112","startPos":"39862560","endPos":"30743"}
[2026-01-29 13:49:43.265077] [debug] WebSocketServer: Broadcasting to 1 clients: {"server_time":"2026-01-29 13:49:43","timestamp":"1769683783265","isConnected":"True","numBoard":"0","numSteps":"22111","numSpeed":"-569288427623264292962304.000000","numAccel":"95","numDecel":"86","currentPos":"112","startPos":"39862560","endPos":"30743"}
[2026-01-29 13:49:44.265357] [debug] WebSocketServer: Broadcasting to 1 clients: {"server_time":"2026-01-29 13:49:44","timestamp":"1769683784265","isConnected":"True","numBoard":"0","numSteps":"22111","numSpeed":"-569288427623264292962304.000000","numAccel":"95","numDecel":"86","currentPos":"112","startPos":"39862560","endPos":"30743"}
[2026-01-29 13:49:45.265937] [debug] WebSocketServer: Broadcasting to 1 clients: {"server_time":"2026-01-29 13:49:45","timestamp":"1769683785265","isConnected":"True","numBoard":"0","numSteps":"22111","numSpeed":"-569288427623264292962304.000000","numAccel":"95","numDecel":"86","currentPos":"112","startPos":"39862560","endPos":"30743"}
[2026-01-29 13:49:46.266326] [debug] WebSocketServer: Broadcasting to 1 clients: {"server_time":"2026-01-29 13:49:46","timestamp":"1769683786266","isConnected":"True","numBoard":"0","numSteps":"22111","numSpeed":"-569288427623264292962304.000000","numAccel":"95","numDecel":"86","currentPos":"112","startPos":"39862560","endPos":"30743"}
[2026-01-29 13:49:47.266882] [debug] WebSocketServer: Broadcasting to 1 clients: {"server_time":"2026-01-29 13:49:47","timestamp":"1769683787266","isConnected":"True","numBoard":"0","numSteps":"22111","numSpeed":"-569288427623264292962304.000000","numAccel":"95","numDecel":"86","currentPos":"112","startPos":"39862560","endPos":"30743"}
[2026-01-29 13:49:48.267479] [debug] WebSocketServer: Broadcasting to 1 clients: {"server_time":"2026-01-29 13:49:48","timestamp":"1769683788267","isConnected":"True","numBoard":"0","numSteps":"22111","numSpeed":"-569288427623264292962304.000000","numAccel":"95","numDecel":"86","currentPos":"112","startPos":"39862560","endPos":"30743"}
[2026-01-29 13:49:49.267819] [debug] WebSocketServer: Broadcasting to 1 clients: {"server_time":"2026-01-29 13:49:49","timestamp":"1769683789267","isConnected":"True","numBoard":"0","numSteps":"22111","numSpeed":"-569288427623264292962304.000000","numAccel":"95","numDecel":"86","currentPos":"112","startPos":"39862560","endPos":"30743"}
[2026-01-29 13:49:50.268534] [debug] WebSocketServer: Broadcasting to 1 clients: {"server_time":"2026-01-29 13:49:50","timestamp":"1769683790268","isConnected":"True","numBoard":"0","numSteps":"22111","numSpeed":"-569288427623264292962304.000000","numAccel":"95","numDecel":"86","currentPos":"112","startPos":"39862560","endPos":"30743"}
[2026-01-29 13:49:51.268977] [debug] WebSocketServer: Broadcasting to 1 clients: {"server_time":"2026-01-29 13:49:51","timestamp":"1769683791268","isConnected":"True","numBoard":"0","numSteps":"22111","numSpeed":"-569288427623264292962304.000000","numAccel":"95","numDecel":"86","currentPos":"112","startPos":"39862560","endPos":"30743"}
[2026-01-29 13:49:52.269304] [debug] WebSocketServer: Broadcasting to 1 clients: {"server_time":"2026-01-29 13:49:52","timestamp":"1769683792269","isConnected":"True","numBoard":"0","numSteps":"22111","numSpeed":"-569288427623264292962304.000000","numAccel":"95","numDecel":"86","currentPos":"112","startPos":"39862560","endPos":"30743"}
[2026-01-29 13:49:53.269842] [debug] WebSocketServer: Broadcasting to 1 clients: {"server_time":"2026-01-29 13:49:53","timestamp":"1769683793269","isConnected":"True","numBoard":"0","numSteps":"22111","numSpeed":"-569288427623264292962304.000000","numAccel":"95","numDecel":"86","currentPos":"112","startPos":"39862560","endPos":"30743"}
[2026-01-29 13:49:54.270135] [debug] WebSocketServer: Broadcasting to 1 clients: {"server_time":"2026-01-29 13:49:54","timestamp":"1769683794270","isConnected":"True","numBoard":"0","numSteps":"22111","numSpeed":"-569288427623264292962304.000000","numAccel":"95","numDecel":"86","currentPos":"112","startPos":"39862560","endPos":"30743"}
[2026-01-29 13:49:55.270448] [debug] WebSocketServer: Broadcasting to 1 clients: {"server_time":"2026-01-29 13:49:55","timestamp":"1769683795270","isConnected":"True","numBoard":"0","numSteps":"22111","numSpeed":"-569288427623264292962304.000000","numAccel":"95","numDecel":"86","currentPos":"112","startPos":"39862560","endPos":"30743"}
[2026-01-29 13:49:56.270725] [debug] WebSocketServer: Broadcasting to 1 clients: {"server_time":"2026-01-29 13:49:56","timestamp":"1769683796270","isConnected":"True","numBoard":"0","numSteps":"22111","numSpeed":"-569288427623264292962304.000000","numAccel":"95","numDecel":"86","currentPos":"112","startPos":"39862560","endPos":"30743"}
[2026-01-29 13:49:57.270968] [debug] WebSocketServer: Broadcasting to 1 clients: {"server_time":"2026-01-29 13:49:57","timestamp":"1769683797270","isConnected":"True","numBoard":"0","numSteps":"22111","numSpeed":"-569288427623264292962304.000000","numAccel":"95","numDecel":"86","currentPos":"112","startPos":"39862560","endPos":"30743"}
[2026-01-29 13:49:58.271254] [debug] WebSocketServer: Broadcasting to 1 clients: {"server_time":"2026-01-29 13:49:58","timestamp":"1769683798271","isConnected":"True","numBoard":"0","numSteps":"22111","numSpeed":"-569288427623264292962304.000000","numAccel":"95","numDecel":"86","currentPos":"112","startPos":"39862560","endPos":"30743"}
[2026-01-29 13:49:59.271528] [debug] WebSocketServer: Broadcasting to 1 clients: {"server_time":"2026-01-29 13:49:59","timestamp":"1769683799271","isConnected":"True","numBoard":"0","numSteps":"22111","numSpeed":"-569288427623264292962304.000000","numAccel":"95","numDecel":"86","currentPos":"112","startPos":"39862560","endPos":"30743"}
[2026-01-29 13:50:00.271846] [debug] WebSocketServer: Broadcasting to 1 clients: {"server_time":"2026-01-29 13:50:00","timestamp":"1769683800271","isConnected":"True","numBoard":"0","numSteps":"22111","numSpeed":"-569288427623264292962304.000000","numAccel":"95","numDecel":"86","currentPos":"112","startPos":"39862560","endPos":"30743"}
[2026-01-29 13:50:01.272765] [debug] WebSocketServer: Broadcasting to 1 clients: {"server_time":"2026-01-29 13:50:01","timestamp":"1769683801272","isConnected":"True","numBoard":"0","numSteps":"22111","numSpeed":"-569288427623264292962304.000000","numAccel":"95","numDecel":"86","currentPos":"112","startPos":"39862560","endPos":"30743"}
[2026-01-29 13:50:02.273217] [debug] WebSocketServer: Broadcasting to 1 clients: {"server_time":"2026-01-29 13:50:02","timestamp":"1769683802273","isConnected":"True","numBoard":"0","numSteps":"22111","numSpeed":"-569288427623264292962304.000000","numAccel":"95","numDecel":"86","currentPos":"112","startPos":"39862560","endPos":"30743"}
[2026-01-29 13:50:03.273496] [debug] WebSocketServer: Broadcasting to 1 clients: {"server_time":"2026-01-29 13:50:03","timestamp":"1769683803273","isConnected":"True","numBoard":"0","numSteps":"22111","numSpeed":"-569288427623264292962304.000000","numAccel":"95","numDecel":"86","currentPos":"112","startPos":"39862560","endPos":"30743"}
[2026-01-29 13:50:04.273912] [debug] WebSocketServer: Broadcasting to 1 clients: {"server_time":"2026-01-29 13:50:04","timestamp":"1769683804273","isConnected":"True","numBoard":"0","numSteps":"22111","numSpeed":"-569288427623264292962304.000000","numAccel":"95","numDecel":"86","currentPos":"112","startPos":"39862560","endPos":"30743"}
[2026-01-29 13:50:05.274195] [debug] WebSocketServer: Broadcasting to 1 clients: {"server_time":"2026-01-29 13:50:05","timestamp":"1769683805274","isConnected":"True","numBoard":"0","numSteps":"22111","numSpeed":"-569288427623264292962304.000000","numAccel":"95","numDecel":"86","currentPos":"112","startPos":"39862560","endPos":"30743"}
[2026-01-29 13:50:06.274486] [debug] WebSocketServer: Broadcasting to 1 clients: {"server_time":"2026-01-29 13:50:06","timestamp":"1769683806274","isConnected":"True","numBoard":"0","numSteps":"22111","numSpeed":"-569288427623264292962304.000000","numAccel":"95","numDecel":"86","currentPos":"112","startPos":"39862560","endPos":"30743"}
[2026-01-29 13:50:07.274836] [debug] WebSocketServer: Broadcasting to 1 clients: {"server_time":"2026-01-29 13:50:07","timestamp":"1769683807274","isConnected":"True","numBoard":"0","numSteps":"22111","numSpeed":"-569288427623264292962304.000000","numAccel":"95","numDecel":"86","currentPos":"112","startPos":"39862560","endPos":"30743"}
[2026-01-29 13:50:08.275102] [debug] WebSocketServer: Broadcasting to 1 clients: {"server_time":"2026-01-29 13:50:08","timestamp":"1769683808275","isConnected":"True","numBoard":"0","numSteps":"22111","numSpeed":"-569288427623264292962304.000000","numAccel":"95","numDecel":"86","currentPos":"112","startPos":"39862560","endPos":"30743"}
[2026-01-29 13:50:09.275368] [debug] WebSocketServer: Broadcasting to 1 clients: {"server_time":"2026-01-29 13:50:09","timestamp":"1769683809275","isConnected":"True","numBoard":"0","numSteps":"22111","numSpeed":"-569288427623264292962304.000000","numAccel":"95","numDecel":"86","currentPos":"112","startPos":"39862560","endPos":"30743"}
[2026-01-29 13:50:10.275657] [debug] WebSocketServer: Broadcasting to 1 clients: {"server_time":"2026-01-29 13:50:10","timestamp":"1769683810275","isConnected":"True","numBoard":"0","numSteps":"22111","numSpeed":"-569288427623264292962304.000000","numAccel":"95","numDecel":"86","currentPos":"112","startPos":"39862560","endPos":"30743"}
[2026-01-29 13:50:11.275974] [debug] WebSocketServer: Broadcasting to 1 clients: {"server_time":"2026-01-29 13:50:11","timestamp":"1769683811275","isConnected":"True","numBoard":"0","numSteps":"22111","numSpeed":"-569288427623264292962304.000000","numAccel":"95","numDecel":"86","currentPos":"112","startPos":"39862560","endPos":"30743"}
[2026-01-29 13:50:12.276466] [debug] WebSocketServer: Broadcasting to 1 clients: {"server_time":"2026-01-29 13:50:12","timestamp":"1769683812276","isConnected":"True","numBoard":"0","numSteps":"22111","numSpeed":"-569288427623264292962304.000000","numAccel":"95","numDecel":"86","currentPos":"112","startPos":"39862560","endPos":"30743"}
[2026-01-29 13:50:13.277022] [debug] WebSocketServer: Broadcasting to 1 clients: {"server_time":"2026-01-29 13:50:13","timestamp":"1769683813276","isConnected":"True","numBoard":"0","numSteps":"22111","numSpeed":"-569288427623264292962304.000000","numAccel":"95","numDecel":"86","currentPos":"112","startPos":"39862560","endPos":"30743"}
[2026-01-29 13:50:14.277309] [debug] WebSocketServer: Broadcasting to 1 clients: {"server_time":"2026-01-29 13:50:14","timestamp":"1769683814277","isConnected":"True","numBoard":"0","numSteps":"22111","numSpeed":"-569288427623264292962304.000000","numAccel":"95","numDecel":"86","currentPos":"112","startPos":"39862560","endPos":"30743"}
[2026-01-29 13:50:15.277704] [debug] WebSocketServer: Broadcasting to 1 clients: {"server_time":"2026-01-29 13:50:15","timestamp":"1769683815277","isConnected":"True","numBoard":"0","numSteps":"22111","numSpeed":"-569288427623264292962304.000000","numAccel":"95","numDecel":"86","currentPos":"112","startPos":"39862560","endPos":"30743"}
[2026-01-29 13:50:16.278069] [debug] WebSocketServer: Broadcasting to 1 clients: {"server_time":"2026-01-29 13:50:16","timestamp":"1769683816278","isConnected":"True","numBoard":"0","numSteps":"22111","numSpeed":"-569288427623264292962304.000000","numAccel":"95","numDecel":"86","currentPos":"112","startPos":"39862560","endPos":"30743"}
[2026-01-29 13:50:17.278388] [debug] WebSocketServer: Broadcasting to 1 clients: {"server_time":"2026-01-29 13:50:17","timestamp":"1769683817278","isConnected":"True","numBoard":"0","numSteps":"22111","numSpeed":"-569288427623264292962304.000000","numAccel":"95","numDecel":"86","currentPos":"112","startPos":"39862560","endPos":"30743"}
[2026-01-29 13:50:18.278694] [debug] WebSocketServer: Broadcasting to 1 clients: {"server_time":"2026-01-29 13:50:18","timestamp":"1769683818278","isConnected":"True","numBoard":"0","numSteps":"22111","numSpeed":"-569288427623264292962304.000000","numAccel":"95","numDecel":"86","currentPos":"112","startPos":"39862560","endPos":"30743"}
[2026-01-29 13:50:19.278976] [debug] WebSocketServer: Broadcasting to 1 clients: {"server_time":"2026-01-29 13:50:19","timestamp":"1769683819278","isConnected":"True","numBoard":"0","numSteps":"22111","numSpeed":"-569288427623264292962304.000000","numAccel":"95","numDecel":"86","currentPos":"112","startPos":"39862560","endPos":"30743"}
[2026-01-29 13:50:20.279242] [debug] WebSocketServer: Broadcasting to 1 clients: {"server_time":"2026-01-29 13:50:20","timestamp":"1769683820279","isConnected":"True","numBoard":"0","numSteps":"22111","numSpeed":"-569288427623264292962304.000000","numAccel":"95","numDecel":"86","currentPos":"112","startPos":"39862560","endPos":"30743"}
[2026-01-29 13:50:21.279614] [debug] WebSocketServer: Broadcasting to 1 clients: {"server_time":"2026-01-29 13:50:21","timestamp":"1769683821279","isConnected":"True","numBoard":"0","numSteps":"22111","numSpeed":"-569288427623264292962304.000000","numAccel":"95","numDecel":"86","currentPos":"112","startPos":"39862560","endPos":"30743"}
[2026-01-29 13:50:22.279958] [debug] WebSocketServer: Broadcasting to 1 clients: {"server_time":"2026-01-29 13:50:22","timestamp":"1769683822279","isConnected":"True","numBoard":"0","numSteps":"22111","numSpeed":"-569288427623264292962304.000000","numAccel":"95","numDecel":"86","currentPos":"112","startPos":"39862560","endPos":"30743"}
[2026-01-29 13:50:23.280649] [debug] WebSocketServer: Broadcasting to 1 clients: {"server_time":"2026-01-29 13:50:23","timestamp":"1769683823280","isConnected":"True","numBoard":"0","numSteps":"22111","numSpeed":"-569288427623264292962304.000000","numAccel":"95","numDecel":"86","currentPos":"112","startPos":"39862560","endPos":"30743"}
[2026-01-29 13:50:24.281227] [debug] WebSocketServer: Broadcasting to 1 clients: {"server_time":"2026-01-29 13:50:24","timestamp":"1769683824281","isConnected":"True","numBoard":"0","numSteps":"22111","numSpeed":"-569288427623264292962304.000000","numAccel":"95","numDecel":"86","currentPos":"112","startPos":"39862560","endPos":"30743"}
[2026-01-29 13:50:25.281532] [debug] WebSocketServer: Broadcasting to 1 clients: {"server_time":"2026-01-29 13:50:25","timestamp":"1769683825281","isConnected":"True","numBoard":"0","numSteps":"22111","numSpeed":"-569288427623264292962304.000000","numAccel":"95","numDecel":"86","currentPos":"112","startPos":"39862560","endPos":"30743"}
[2026-01-29 13:50:26.281817] [debug] WebSocketServer: Broadcasting to 1 clients: {"server_time":"2026-01-29 13:50:26","timestamp":"1769683826281","isConnected":"True","numBoard":"0","numSteps":"22111","numSpeed":"-569288427623264292962304.000000","numAccel":"95","numDecel":"86","currentPos":"112","startPos":"39862560","endPos":"30743"}
[2026-01-29 13:50:27.282107] [debug] WebSocketServer: Broadcasting to 1 clients: {"server_time":"2026-01-29 13:50:27","timestamp":"1769683827282","isConnected":"True","numBoard":"0","numSteps":"22111","numSpeed":"-569288427623264292962304.000000","numAccel":"95","numDecel":"86","currentPos":"112","startPos":"39862560","endPos":"30743"}
[2026-01-29 13:50:28.282392] [debug] WebSocketServer: Broadcasting to 1 clients: {"server_time":"2026-01-29 13:50:28","timestamp":"1769683828282","isConnected":"True","numBoard":"0","numSteps":"22111","numSpeed":"-569288427623264292962304.000000","numAccel":"95","numDecel":"86","currentPos":"112","startPos":"39862560","endPos":"30743"}
[2026-01-29 13:50:29.282693] [debug] WebSocketServer: Broadcasting to 1 clients: {"server_time":"2026-01-29 13:50:29","timestamp":"1769683829282","isConnected":"True","numBoard":"0","numSteps":"22111","numSpeed":"-569288427623264292962304.000000","numAccel":"95","numDecel":"86","currentPos":"112","startPos":"39862560","endPos":"30743"}
[2026-01-29 13:50:30.282994] [debug] WebSocketServer: Broadcasting to 1 clients: {"server_time":"2026-01-29 13:50:30","timestamp":"1769683830282","isConnected":"True","numBoard":"0","numSteps":"22111","numSpeed":"-569288427623264292962304.000000","numAccel":"95","numDecel":"86","currentPos":"112","startPos":"39862560","endPos":"30743"}
[2026-01-29 13:50:31.283274] [debug] WebSocketServer: Broadcasting to 1 clients: {"server_time":"2026-01-29 13:50:31","timestamp":"1769683831283","isConnected":"True","numBoard":"0","numSteps":"22111","numSpeed":"-569288427623264292962304.000000","numAccel":"95","numDecel":"86","currentPos":"112","startPos":"39862560","endPos":"30743"}
[2026-01-29 13:50:32.283581] [debug] WebSocketServer: Broadcasting to 1 clients: {"server_time":"2026-01-29 13:50:32","timestamp":"1769683832283","isConnected":"True","numBoard":"0","numSteps":"22111","numSpeed":"-569288427623264292962304.000000","numAccel":"95","numDecel":"86","currentPos":"112","startPos":"39862560","endPos":"30743"}
[2026-01-29 13:50:33.283877] [debug] WebSocketServer: Broadcasting to 1 clients: {"server_time":"2026-01-29 13:50:33","timestamp":"1769683833283","isConnected":"True","numBoard":"0","numSteps":"22111","numSpeed":"-569288427623264292962304.000000","numAccel":"95","numDecel":"86","currentPos":"112","startPos":"39862560","endPos":"30743"}
[2026-01-29 13:50:34.284144] [debug] WebSocketServer: Broadcasting to 1 clients: {"server_time":"2026-01-29 13:50:34","timestamp":"1769683834284","isConnected":"True","numBoard":"0","numSteps":"22111","numSpeed":"-569288427623264292962304.000000","numAccel":"95","numDecel":"86","currentPos":"112","startPos":"39862560","endPos":"30743"}
[2026-01-29 13:50:35.284513] [debug] WebSocketServer: Broadcasting to 1 clients: {"server_time":"2026-01-29 13:50:35","timestamp":"1769683835284","isConnected":"True","numBoard":"0","numSteps":"22111","numSpeed":"-569288427623264292962304.000000","numAccel":"95","numDecel":"86","currentPos":"112","startPos":"39862560","endPos":"30743"}
[2026-01-29 13:50:36.284749] [debug] WebSocketServer: Broadcasting to 1 clients: {"server_time":"2026-01-29 13:50:36","timestamp":"1769683836284","isConnected":"True","numBoard":"0","numSteps":"22111","numSpeed":"-569288427623264292962304.000000","numAccel":"95","numDecel":"86","currentPos":"112","startPos":"39862560","endPos":"30743"}
[2026-01-29 13:50:37.285035] [debug] WebSocketServer: Broadcasting to 1 clients: {"server_time":"2026-01-29 13:50:37","timestamp":"1769683837284","isConnected":"True","numBoard":"0","numSteps":"22111","numSpeed":"-569288427623264292962304.000000","numAccel":"95","numDecel":"86","currentPos":"112","startPos":"39862560","endPos":"30743"}
[2026-01-29 13:50:38.285345] [debug] WebSocketServer: Broadcasting to 1 clients: {"server_time":"2026-01-29 13:50:38","timestamp":"1769683838285","isConnected":"True","numBoard":"0","numSteps":"22111","numSpeed":"-569288427623264292962304.000000","numAccel":"95","numDecel":"86","currentPos":"112","startPos":"39862560","endPos":"30743"}
[2026-01-29 13:50:39.285621] [debug] WebSocketServer: Broadcasting to 1 clients: {"server_time":"2026-01-29 13:50:39","timestamp":"1769683839285","isConnected":"True","numBoard":"0","numSteps":"22111","numSpeed":"-569288427623264292962304.000000","numAccel":"95","numDecel":"86","currentPos":"112","startPos":"39862560","endPos":"30743"}
[2026-01-29 13:50:40.285892] [debug] WebSocketServer: Broadcasting to 1 clients: {"server_time":"2026-01-29 13:50:40","timestamp":"1769683840285","isConnected":"True","numBoard":"0","numSteps":"22111","numSpeed":"-569288427623264292962304.000000","numAccel":"95","numDecel":"86","currentPos":"112","startPos":"39862560","endPos":"30743"}
[2026-01-29 13:50:41.286152] [debug] WebSocketServer: Broadcasting to 1 clients: {"server_time":"2026-01-29 13:50:41","timestamp":"1769683841286","isConnected":"True","numBoard":"0","numSteps":"22111","numSpeed":"-569288427623264292962304.000000","numAccel":"95","numDecel":"86","currentPos":"112","startPos":"39862560","endPos":"30743"}
[2026-01-29 13:50:42.286427] [debug] WebSocketServer: Broadcasting to 1 clients: {"server_time":"2026-01-29 13:50:42","timestamp":"1769683842286","isConnected":"True","numBoard":"0","numSteps":"22111","numSpeed":"-569288427623264292962304.000000","numAccel":"95","numDecel":"86","currentPos":"112","startPos":"39862560","endPos":"30743"}
[2026-01-29 13:50:43.286704] [debug] WebSocketServer: Broadcasting to 1 clients: {"server_time":"2026-01-29 13:50:43","timestamp":"1769683843286","isConnected":"True","numBoard":"0","numSteps":"22111","numSpeed":"-569288427623264292962304.000000","numAccel":"95","numDecel":"86","currentPos":"112","startPos":"39862560","endPos":"30743"}
[2026-01-29 13:50:44.286971] [debug] WebSocketServer: Broadcasting to 1 clients: {"server_time":"2026-01-29 13:50:44","timestamp":"1769683844286","isConnected":"True","numBoard":"0","numSteps":"22111","numSpeed":"-569288427623264292962304.000000","numAccel":"95","numDecel":"86","currentPos":"112","startPos":"39862560","endPos":"30743"}
[2026-01-29 13:50:45.287784] [debug] WebSocketServer: Broadcasting to 1 clients: {"server_time":"2026-01-29 13:50:45","timestamp":"1769683845287","isConnected":"True","numBoard":"0","numSteps":"22111","numSpeed":"-569288427623264292962304.000000","numAccel":"95","numDecel":"86","currentPos":"112","startPos":"39862560","endPos":"30743"}
[2026-01-29 13:50:46.288158] [debug] WebSocketServer: Broadcasting to 1 clients: {"server_time":"2026-01-29 13:50:46","timestamp":"1769683846288","isConnected":"True","numBoard":"0","numSteps":"22111","numSpeed":"-569288427623264292962304.000000","numAccel":"95","numDecel":"86","currentPos":"112","startPos":"39862560","endPos":"30743"}
[2026-01-29 13:50:47.288500] [debug] WebSocketServer: Broadcasting to 1 clients: {"server_time":"2026-01-29 13:50:47","timestamp":"1769683847288","isConnected":"True","numBoard":"0","numSteps":"22111","numSpeed":"-569288427623264292962304.000000","numAccel":"95","numDecel":"86","currentPos":"112","startPos":"39862560","endPos":"30743"}
[2026-01-29 13:50:48.288877] [debug] WebSocketServer: Broadcasting to 1 clients: {"server_time":"2026-01-29 13:50:48","timestamp":"1769683848288","isConnected":"True","numBoard":"0","numSteps":"22111","numSpeed":"-569288427623264292962304.000000","numAccel":"95","numDecel":"86","currentPos":"112","startPos":"39862560","endPos":"30743"}
[2026-01-29 13:50:49.289163] [debug] WebSocketServer: Broadcasting to 1 clients: {"server_time":"2026-01-29 13:50:49","timestamp":"1769683849289","isConnected":"True","numBoard":"0","numSteps":"22111","numSpeed":"-569288427623264292962304.000000","numAccel":"95","numDecel":"86","currentPos":"112","startPos":"39862560","endPos":"30743"}
[2026-01-29 13:50:50.289478] [debug] WebSocketServer: Broadcasting to 1 clients: {"server_time":"2026-01-29 13:50:50","timestamp":"1769683850289","isConnected":"True","numBoard":"0","numSteps":"22111","numSpeed":"-569288427623264292962304.000000","numAccel":"95","numDecel":"86","currentPos":"112","startPos":"39862560","endPos":"30743"}
[2026-01-29 13:50:51.289764] [debug] WebSocketServer: Broadcasting to 1 clients: {"server_time":"2026-01-29 13:50:51","timestamp":"1769683851289","isConnected":"True","numBoard":"0","numSteps":"22111","numSpeed":"-569288427623264292962304.000000","numAccel":"95","numDecel":"86","currentPos":"112","startPos":"39862560","endPos":"30743"}
[2026-01-29 13:50:52.290063] [debug] WebSocketServer: Broadcasting to 1 clients: {"server_time":"2026-01-29 13:50:52","timestamp":"1769683852289","isConnected":"True","numBoard":"0","numSteps":"22111","numSpeed":"-569288427623264292962304.000000","numAccel":"95","numDecel":"86","currentPos":"112","startPos":"39862560","endPos":"30743"}
[2026-01-29 13:50:53.290343] [debug] WebSocketServer: Broadcasting to 1 clients: {"server_time":"2026-01-29 13:50:53","timestamp":"1769683853290","isConnected":"True","numBoard":"0","numSteps":"22111","numSpeed":"-569288427623264292962304.000000","numAccel":"95","numDecel":"86","currentPos":"112","startPos":"39862560","endPos":"30743"}
[2026-01-29 13:50:54.290601] [debug] WebSocketServer: Broadcasting to 1 clients: {"server_time":"2026-01-29 13:50:54","timestamp":"1769683854290","isConnected":"True","numBoard":"0","numSteps":"22111","numSpeed":"-569288427623264292962304.000000","numAccel":"95","numDecel":"86","currentPos":"112","startPos":"39862560","endPos":"30743"}
[2026-01-29 13:50:55.290892] [debug] WebSocketServer: Broadcasting to 1 clients: {"server_time":"2026-01-29 13:50:55","timestamp":"1769683855290","isConnected":"True","numBoard":"0","numSteps":"22111","numSpeed":"-569288427623264292962304.000000","numAccel":"95","numDecel":"86","currentPos":"112","startPos":"39862560","endPos":"30743"}
[2026-01-29 13:50:56.291161] [debug] WebSocketServer: Broadcasting to 1 clients: {"server_time":"2026-01-29 13:50:56","timestamp":"1769683856291","isConnected":"True","numBoard":"0","numSteps":"22111","numSpeed":"-569288427623264292962304.000000","numAccel":"95","numDecel":"86","currentPos":"112","startPos":"39862560","endPos":"30743"}
[2026-01-29 13:50:57.291444] [debug] WebSocketServer: Broadcasting to 1 clients: {"server_time":"2026-01-29 13:50:57","timestamp":"1769683857291","isConnected":"True","numBoard":"0","numSteps":"22111","numSpeed":"-569288427623264292962304.000000","numAccel":"95","numDecel":"86","currentPos":"112","startPos":"39862560","endPos":"30743"}
[2026-01-29 13:50:58.291745] [debug] WebSocketServer: Broadcasting to 1 clients: {"server_time":"2026-01-29 13:50:58","timestamp":"1769683858291","isConnected":"True","numBoard":"0","numSteps":"22111","numSpeed":"-569288427623264292962304.000000","numAccel":"95","numDecel":"86","currentPos":"112","startPos":"39862560","endPos":"30743"}
[2026-01-29 13:50:59.292215] [debug] WebSocketServer: Broadcasting to 1 clients: {"server_time":"2026-01-29 13:50:59","timestamp":"1769683859292","isConnected":"True","numBoard":"0","numSteps":"22111","numSpeed":"-569288427623264292962304.000000","numAccel":"95","numDecel":"86","currentPos":"112","startPos":"39862560","endPos":"30743"}
[2026-01-29 13:51:00.292521] [debug] WebSocketServer: Broadcasting to 1 clients: {"server_time":"2026-01-29 13:51:00","timestamp":"1769683860292","isConnected":"True","numBoard":"0","numSteps":"22111","numSpeed":"-569288427623264292962304.000000","numAccel":"95","numDecel":"86","currentPos":"112","startPos":"39862560","endPos":"30743"}
[2026-01-29 13:51:01.292831] [debug] WebSocketServer: Broadcasting to 1 clients: {"server_time":"2026-01-29 13:51:01","timestamp":"1769683861292","isConnected":"True","numBoard":"0","numSteps":"22111","numSpeed":"-569288427623264292962304.000000","numAccel":"95","numDecel":"86","currentPos":"112","startPos":"39862560","endPos":"30743"}
[2026-01-29 13:51:02.293107] [debug] WebSocketServer: Broadcasting to 1 clients: {"server_time":"2026-01-29 13:51:02","timestamp":"1769683862293","isConnected":"True","numBoard":"0","numSteps":"22111","numSpeed":"-569288427623264292962304.000000","numAccel":"95","numDecel":"86","currentPos":"112","startPos":"39862560","endPos":"30743"}
[2026-01-29 13:51:03.293362] [debug] WebSocketServer: Broadcasting to 1 clients: {"server_time":"2026-01-29 13:51:03","timestamp":"1769683863293","isConnected":"True","numBoard":"0","numSteps":"22111","numSpeed":"-569288427623264292962304.000000","numAccel":"95","numDecel":"86","currentPos":"112","startPos":"39862560","endPos":"30743"}
[2026-01-29 13:51:04.293629] [debug] WebSocketServer: Broadcasting to 1 clients: {"server_time":"2026-01-29 13:51:04","timestamp":"1769683864293","isConnected":"True","numBoard":"0","numSteps":"22111","numSpeed":"-569288427623264292962304.000000","numAccel":"95","numDecel":"86","currentPos":"112","startPos":"39862560","endPos":"30743"}
[2026-01-29 13:51:05.293936] [debug] WebSocketServer: Broadcasting to 1 clients: {"server_time":"2026-01-29 13:51:05","timestamp":"1769683865293","isConnected":"True","numBoard":"0","numSteps":"22111","numSpeed":"-569288427623264292962304.000000","numAccel":"95","numDecel":"86","currentPos":"112","startPos":"39862560","endPos":"30743"}
[2026-01-29 13:51:06.294192] [debug] WebSocketServer: Broadcasting to 1 clients: {"server_time":"2026-01-29 13:51:06","timestamp":"1769683866294","isConnected":"True","numBoard":"0","numSteps":"22111","numSpeed":"-569288427623264292962304.000000","numAccel":"95","numDecel":"86","currentPos":"112","startPos":"39862560","endPos":"30743"}
[2026-01-29 13:51:07.294456] [debug] WebSocketServer: Broadcasting to 1 clients: {"server_time":"2026-01-29 13:51:07","timestamp":"1769683867294","isConnected":"True","numBoard":"0","numSteps":"22111","numSpeed":"-569288427623264292962304.000000","numAccel":"95","numDecel":"86","currentPos":"112","startPos":"39862560","endPos":"30743"}
[2026-01-29 13:51:08.294736] [debug] WebSocketServer: Broadcasting to 1 clients: {"server_time":"2026-01-29 13:51:08","timestamp":"1769683868294","isConnected":"True","numBoard":"0","numSteps":"22111","numSpeed":"-569288427623264292962304.000000","numAccel":"95","numDecel":"86","currentPos":"112","startPos":"39862560","endPos":"30743"}
[2026-01-29 13:51:09.295006] [debug] WebSocketServer: Broadcasting to 1 clients: {"server_time":"2026-01-29 13:51:09","timestamp":"1769683869294","isConnected":"True","numBoard":"0","numSteps":"22111","numSpeed":"-569288427623264292962304.000000","numAccel":"95","numDecel":"86","currentPos":"112","startPos":"39862560","endPos":"30743"}
[2026-01-29 13:51:10.295275] [debug] WebSocketServer: Broadcasting to 1 clients: {"server_time":"2026-01-29 13:51:10","timestamp":"1769683870295","isConnected":"True","numBoard":"0","numSteps":"22111","numSpeed":"-569288427623264292962304.000000","numAccel":"95","numDecel":"86","currentPos":"112","startPos":"39862560","endPos":"30743"}
[2026-01-29 13:51:11.295565] [debug] WebSocketServer: Broadcasting to 1 clients: {"server_time":"2026-01-29 13:51:11","timestamp":"1769683871295","isConnected":"True","numBoard":"0","numSteps":"22111","numSpeed":"-569288427623264292962304.000000","numAccel":"95","numDecel":"86","currentPos":"112","startPos":"39862560","endPos":"30743"}
[2026-01-29 13:51:12.295861] [debug] WebSocketServer: Broadcasting to 1 clients: {"server_time":"2026-01-29 13:51:12","timestamp":"1769683872295","isConnected":"True","numBoard":"0","numSteps":"22111","numSpeed":"-569288427623264292962304.000000","numAccel":"95","numDecel":"86","currentPos":"112","startPos":"39862560","endPos":"30743"}
[2026-01-29 13:51:13.296161] [debug] WebSocketServer: Broadcasting to 1 clients: {"server_time":"2026-01-29 13:51:13","timestamp":"1769683873296","isConnected":"True","numBoard":"0","numSteps":"22111","numSpeed":"-569288427623264292962304.000000","numAccel":"95","numDecel":"86","currentPos":"112","startPos":"39862560","endPos":"30743"}
[2026-01-29 13:51:14.296455] [debug] WebSocketServer: Broadcasting to 1 clients: {"server_time":"2026-01-29 13:51:14","timestamp":"1769683874296","isConnected":"True","numBoard":"0","numSteps":"22111","numSpeed":"-569288427623264292962304.000000","numAccel":"95","numDecel":"86","currentPos":"112","startPos":"39862560","endPos":"30743"}
[2026-01-29 13:51:15.296702] [debug] WebSocketServer: Broadcasting to 1 clients: {"server_time":"2026-01-29 13:51:15","timestamp":"1769683875296","isConnected":"True","numBoard":"0","numSteps":"22111","numSpeed":"-569288427623264292962304.000000","numAccel":"95","numDecel":"86","currentPos":"112","startPos":"39862560","endPos":"30743"}
[2026-01-29 13:51:16.297000] [debug] WebSocketServer: Broadcasting to 1 clients: {"server_time":"2026-01-29 13:51:16","timestamp":"1769683876296","isConnected":"True","numBoard":"0","numSteps":"22111","numSpeed":"-569288427623264292962304.000000","numAccel":"95","numDecel":"86","currentPos":"112","startPos":"39862560","endPos":"30743"}
[2026-01-29 13:51:17.297293] [debug] WebSocketServer: Broadcasting to 1 clients: {"server_time":"2026-01-29 13:51:17","timestamp":"1769683877297","isConnected":"True","numBoard":"0","numSteps":"22111","numSpeed":"-569288427623264292962304.000000","numAccel":"95","numDecel":"86","currentPos":"112","startPos":"39862560","endPos":"30743"}
[2026-01-29 13:51:18.297603] [debug] WebSocketServer: Broadcasting to 1 clients: {"server_time":"2026-01-29 13:51:18","timestamp":"1769683878297","isConnected":"True","numBoard":"0","numSteps":"22111","numSpeed":"-569288427623264292962304.000000","numAccel":"95","numDecel":"86","currentPos":"112","startPos":"39862560","endPos":"30743"}
[2026-01-29 13:51:19.297892] [debug] WebSocketServer: Broadcasting to 1 clients: {"server_time":"2026-01-29 13:51:19","timestamp":"1769683879297","isConnected":"True","numBoard":"0","numSteps":"22111","numSpeed":"-569288427623264292962304.000000","numAccel":"95","numDecel":"86","currentPos":"112","startPos":"39862560","endPos":"30743"}
[2026-01-29 13:51:20.298210] [debug] WebSocketServer: Broadcasting to 1 clients: {"server_time":"2026-01-29 13:51:20","timestamp":"1769683880298","isConnected":"True","numBoard":"0","numSteps":"22111","numSpeed":"-569288427623264292962304.000000","numAccel":"95","numDecel":"86","currentPos":"112","startPos":"39862560","endPos":"30743"}
[2026-01-29 13:51:21.298533] [debug] WebSocketServer: Broadcasting to 1 clients: {"server_time":"2026-01-29 13:51:21","timestamp":"1769683881298","isConnected":"True","numBoard":"0","numSteps":"22111","numSpeed":"-569288427623264292962304.000000","numAccel":"95","numDecel":"86","currentPos":"112","startPos":"39862560","endPos":"30743"}
[2026-01-29 13:51:22.298821] [debug] WebSocketServer: Broadcasting to 1 clients: {"server_time":"2026-01-29 13:51:22","timestamp":"1769683882298","isConnected":"True","numBoard":"0","numSteps":"22111","numSpeed":"-569288427623264292962304.000000","numAccel":"95","numDecel":"86","currentPos":"112","startPos":"39862560","endPos":"30743"}
[2026-01-29 13:51:23.299109] [debug] WebSocketServer: Broadcasting to 1 clients: {"server_time":"2026-01-29 13:51:23","timestamp":"1769683883299","isConnected":"True","numBoard":"0","numSteps":"22111","numSpeed":"-569288427623264292962304.000000","numAccel":"95","numDecel":"86","currentPos":"112","startPos":"39862560","endPos":"30743"}
[2026-01-29 13:51:24.299378] [debug] WebSocketServer: Broadcasting to 1 clients: {"server_time":"2026-01-29 13:51:24","timestamp":"1769683884299","isConnected":"True","numBoard":"0","numSteps":"22111","numSpeed":"-569288427623264292962304.000000","numAccel":"95","numDecel":"86","currentPos":"112","startPos":"39862560","endPos":"30743"}
[2026-01-29 13:51:25.299655] [debug] WebSocketServer: Broadcasting to 1 clients: {"server_time":"2026-01-29 13:51:25","timestamp":"1769683885299","isConnected":"True","numBoard":"0","numSteps":"22111","numSpeed":"-569288427623264292962304.000000","numAccel":"95","numDecel":"86","currentPos":"112","startPos":"39862560","endPos":"30743"}
[2026-01-29 13:51:26.299978] [debug] WebSocketServer: Broadcasting to 1 clients: {"server_time":"2026-01-29 13:51:26","timestamp":"1769683886299","isConnected":"True","numBoard":"0","numSteps":"22111","numSpeed":"-569288427623264292962304.000000","numAccel":"95","numDecel":"86","currentPos":"112","startPos":"39862560","endPos":"30743"}
[2026-01-29 13:51:27.300595] [debug] WebSocketServer: Broadcasting to 1 clients: {"server_time":"2026-01-29 13:51:27","timestamp":"1769683887300","isConnected":"True","numBoard":"0","numSteps":"22111","numSpeed":"-569288427623264292962304.000000","numAccel":"95","numDecel":"86","currentPos":"112","startPos":"39862560","endPos":"30743"}
[2026-01-29 13:51:28.300969] [debug] WebSocketServer: Broadcasting to 1 clients: {"server_time":"2026-01-29 13:51:28","timestamp":"1769683888300","isConnected":"True","numBoard":"0","numSteps":"22111","numSpeed":"-569288427623264292962304.000000","numAccel":"95","numDecel":"86","currentPos":"112","startPos":"39862560","endPos":"30743"}
[2026-01-29 13:51:29.301499] [debug] WebSocketServer: Broadcasting to 1 clients: {"server_time":"2026-01-29 13:51:29","timestamp":"1769683889301","isConnected":"True","numBoard":"0","numSteps":"22111","numSpeed":"-569288427623264292962304.000000","numAccel":"95","numDecel":"86","currentPos":"112","startPos":"39862560","endPos":"30743"}
[2026-01-29 13:51:30.302005] [debug] WebSocketServer: Broadcasting to 1 clients: {"server_time":"2026-01-29 13:51:30","timestamp":"1769683890301","isConnected":"True","numBoard":"0","numSteps":"22111","numSpeed":"-569288427623264292962304.000000","numAccel":"95","numDecel":"86","currentPos":"112","startPos":"39862560","endPos":"30743"}
[2026-01-29 13:51:31.302313] [debug] WebSocketServer: Broadcasting to 1 clients: {"server_time":"2026-01-29 13:51:31","timestamp":"1769683891302","isConnected":"True","numBoard":"0","numSteps":"22111","numSpeed":"-569288427623264292962304.000000","numAccel":"95","numDecel":"86","currentPos":"112","startPos":"39862560","endPos":"30743"}
[2026-01-29 13:51:32.302608] [debug] WebSocketServer: Broadcasting to 1 clients: {"server_time":"2026-01-29 13:51:32","timestamp":"1769683892302","isConnected":"True","numBoard":"0","numSteps":"22111","numSpeed":"-569288427623264292962304.000000","numAccel":"95","numDecel":"86","currentPos":"112","startPos":"39862560","endPos":"30743"}
[2026-01-29 13:51:33.302901] [debug] WebSocketServer: Broadcasting to 1 clients: {"server_time":"2026-01-29 13:51:33","timestamp":"1769683893302","isConnected":"True","numBoard":"0","numSteps":"22111","numSpeed":"-569288427623264292962304.000000","numAccel":"95","numDecel":"86","currentPos":"112","startPos":"39862560","endPos":"30743"}
[2026-01-29 13:51:34.303238] [debug] WebSocketServer: Broadcasting to 1 clients: {"server_time":"2026-01-29 13:51:34","timestamp":"1769683894303","isConnected":"True","numBoard":"0","numSteps":"22111","numSpeed":"-569288427623264292962304.000000","numAccel":"95","numDecel":"86","currentPos":"112","startPos":"39862560","endPos":"30743"}
[2026-01-29 13:51:35.303529] [debug] WebSocketServer: Broadcasting to 1 clients: {"server_time":"2026-01-29 13:51:35","timestamp":"1769683895303","isConnected":"True","numBoard":"0","numSteps":"22111","numSpeed":"-569288427623264292962304.000000","numAccel":"95","numDecel":"86","currentPos":"112","startPos":"39862560","endPos":"30743"}
[2026-01-29 13:51:36.303832] [debug] WebSocketServer: Broadcasting to 1 clients: {"server_time":"2026-01-29 13:51:36","timestamp":"1769683896303","isConnected":"True","numBoard":"0","numSteps":"22111","numSpeed":"-569288427623264292962304.000000","numAccel":"95","numDecel":"86","currentPos":"112","startPos":"39862560","endPos":"30743"}
[2026-01-29 13:51:37.304116] [debug] WebSocketServer: Broadcasting to 1 clients: {"server_time":"2026-01-29 13:51:37","timestamp":"1769683897304","isConnected":"True","numBoard":"0","numSteps":"22111","numSpeed":"-569288427623264292962304.000000","numAccel":"95","numDecel":"86","currentPos":"112","startPos":"39862560","endPos":"30743"}
[2026-01-29 13:51:38.304407] [debug] WebSocketServer: Broadcasting to 1 clients: {"server_time":"2026-01-29 13:51:38","timestamp":"1769683898304","isConnected":"True","numBoard":"0","numSteps":"22111","numSpeed":"-569288427623264292962304.000000","numAccel":"95","numDecel":"86","currentPos":"112","startPos":"39862560","endPos":"30743"}
[2026-01-29 13:51:39.304920] [debug] WebSocketServer: Broadcasting to 1 clients: {"server_time":"2026-01-29 13:51:39","timestamp":"1769683899304","isConnected":"True","numBoard":"0","numSteps":"22111","numSpeed":"-569288427623264292962304.000000","numAccel":"95","numDecel":"86","currentPos":"112","startPos":"39862560","endPos":"30743"}
[2026-01-29 13:51:40.305227] [debug] WebSocketServer: Broadcasting to 1 clients: {"server_time":"2026-01-29 13:51:40","timestamp":"1769683900305","isConnected":"True","numBoard":"0","numSteps":"22111","numSpeed":"-569288427623264292962304.000000","numAccel":"95","numDecel":"86","currentPos":"112","startPos":"39862560","endPos":"30743"}
[2026-01-29 13:51:41.305515] [debug] WebSocketServer: Broadcasting to 1 clients: {"server_time":"2026-01-29 13:51:41","timestamp":"1769683901305","isConnected":"True","numBoard":"0","numSteps":"22111","numSpeed":"-569288427623264292962304.000000","numAccel":"95","numDecel":"86","currentPos":"112","startPos":"39862560","endPos":"30743"}
[2026-01-29 13:51:42.305864] [debug] WebSocketServer: Broadcasting to 1 clients: {"server_time":"2026-01-29 13:51:42","timestamp":"1769683902305","isConnected":"True","numBoard":"0","numSteps":"22111","numSpeed":"-569288427623264292962304.000000","numAccel":"95","numDecel":"86","currentPos":"112","startPos":"39862560","endPos":"30743"}
[2026-01-29 13:51:43.306228] [debug] WebSocketServer: Broadcasting to 1 clients: {"server_time":"2026-01-29 13:51:43","timestamp":"1769683903306","isConnected":"True","numBoard":"0","numSteps":"22111","numSpeed":"-569288427623264292962304.000000","numAccel":"95","numDecel":"86","currentPos":"112","startPos":"39862560","endPos":"30743"}
[2026-01-29 13:51:44.306797] [debug] WebSocketServer: Broadcasting to 1 clients: {"server_time":"2026-01-29 13:51:44","timestamp":"1769683904306","isConnected":"True","numBoard":"0","numSteps":"22111","numSpeed":"-569288427623264292962304.000000","numAccel":"95","numDecel":"86","currentPos":"112","startPos":"39862560","endPos":"30743"}
[2026-01-29 13:51:45.307277] [debug] WebSocketServer: Broadcasting to 1 clients: {"server_time":"2026-01-29 13:51:45","timestamp":"1769683905307","isConnected":"True","numBoard":"0","numSteps":"22111","numSpeed":"-569288427623264292962304.000000","numAccel":"95","numDecel":"86","currentPos":"112","startPos":"39862560","endPos":"30743"}
[2026-01-29 13:51:46.307680] [debug] WebSocketServer: Broadcasting to 1 clients: {"server_time":"2026-01-29 13:51:46","timestamp":"1769683906307","isConnected":"True","numBoard":"0","numSteps":"22111","numSpeed":"-569288427623264292962304.000000","numAccel":"95","numDecel":"86","currentPos":"112","startPos":"39862560","endPos":"30743"}
[2026-01-29 13:51:47.307943] [debug] WebSocketServer: Broadcasting to 1 clients: {"server_time":"2026-01-29 13:51:47","timestamp":"1769683907307","isConnected":"True","numBoard":"0","numSteps":"22111","numSpeed":"-569288427623264292962304.000000","numAccel":"95","numDecel":"86","currentPos":"112","startPos":"39862560","endPos":"30743"}
[2026-01-29 13:51:48.308223] [debug] WebSocketServer: Broadcasting to 1 clients: {"server_time":"2026-01-29 13:51:48","timestamp":"1769683908308","isConnected":"True","numBoard":"0","numSteps":"22111","numSpeed":"-569288427623264292962304.000000","numAccel":"95","numDecel":"86","currentPos":"112","startPos":"39862560","endPos":"30743"}
[2026-01-29 13:51:49.308521] [debug] WebSocketServer: Broadcasting to 1 clients: {"server_time":"2026-01-29 13:51:49","timestamp":"1769683909308","isConnected":"True","numBoard":"0","numSteps":"22111","numSpeed":"-569288427623264292962304.000000","numAccel":"95","numDecel":"86","currentPos":"112","startPos":"39862560","endPos":"30743"}
[2026-01-29 13:51:50.308834] [debug] WebSocketServer: Broadcasting to 1 clients: {"server_time":"2026-01-29 13:51:50","timestamp":"1769683910308","isConnected":"True","numBoard":"0","numSteps":"22111","numSpeed":"-569288427623264292962304.000000","numAccel":"95","numDecel":"86","currentPos":"112","startPos":"39862560","endPos":"30743"}
[2026-01-29 13:51:51.309107] [debug] WebSocketServer: Broadcasting to 1 clients: {"server_time":"2026-01-29 13:51:51","timestamp":"1769683911309","isConnected":"True","numBoard":"0","numSteps":"22111","numSpeed":"-569288427623264292962304.000000","numAccel":"95","numDecel":"86","currentPos":"112","startPos":"39862560","endPos":"30743"}
[2026-01-29 13:51:52.309388] [debug] WebSocketServer: Broadcasting to 1 clients: {"server_time":"2026-01-29 13:51:52","timestamp":"1769683912309","isConnected":"True","numBoard":"0","numSteps":"22111","numSpeed":"-569288427623264292962304.000000","numAccel":"95","numDecel":"86","currentPos":"112","startPos":"39862560","endPos":"30743"}
[2026-01-29 13:51:53.309857] [debug] WebSocketServer: Broadcasting to 1 clients: {"server_time":"2026-01-29 13:51:53","timestamp":"1769683913309","isConnected":"True","numBoard":"0","numSteps":"22111","numSpeed":"-569288427623264292962304.000000","numAccel":"95","numDecel":"86","currentPos":"112","startPos":"39862560","endPos":"30743"}
[2026-01-29 13:51:54.310170] [debug] WebSocketServer: Broadcasting to 1 clients: {"server_time":"2026-01-29 13:51:54","timestamp":"1769683914310","isConnected":"True","numBoard":"0","numSteps":"22111","numSpeed":"-569288427623264292962304.000000","numAccel":"95","numDecel":"86","currentPos":"112","startPos":"39862560","endPos":"30743"}
[2026-01-29 13:51:55.310476] [debug] WebSocketServer: Broadcasting to 1 clients: {"server_time":"2026-01-29 13:51:55","timestamp":"1769683915310","isConnected":"True","numBoard":"0","numSteps":"22111","numSpeed":"-569288427623264292962304.000000","numAccel":"95","numDecel":"86","currentPos":"112","startPos":"39862560","endPos":"30743"}
[2026-01-29 13:51:56.310833] [debug] WebSocketServer: Broadcasting to 1 clients: {"server_time":"2026-01-29 13:51:56","timestamp":"1769683916310","isConnected":"True","numBoard":"0","numSteps":"22111","numSpeed":"-569288427623264292962304.000000","numAccel":"95","numDecel":"86","currentPos":"112","startPos":"39862560","endPos":"30743"}
[2026-01-29 13:51:57.311359] [debug] WebSocketServer: Broadcasting to 1 clients: {"server_time":"2026-01-29 13:51:57","timestamp":"1769683917311","isConnected":"True","numBoard":"0","numSteps":"22111","numSpeed":"-569288427623264292962304.000000","numAccel":"95","numDecel":"86","currentPos":"112","startPos":"39862560","endPos":"30743"}
[2026-01-29 13:51:58.311692] [debug] WebSocketServer: Broadcasting to 1 clients: {"server_time":"2026-01-29 13:51:58","timestamp":"1769683918311","isConnected":"True","numBoard":"0","numSteps":"22111","numSpeed":"-569288427623264292962304.000000","numAccel":"95","numDecel":"86","currentPos":"112","startPos":"39862560","endPos":"30743"}
[2026-01-29 13:51:59.311978] [debug] WebSocketServer: Broadcasting to 1 clients: {"server_time":"2026-01-29 13:51:59","timestamp":"1769683919311","isConnected":"True","numBoard":"0","numSteps":"22111","numSpeed":"-569288427623264292962304.000000","numAccel":"95","numDecel":"86","currentPos":"112","startPos":"39862560","endPos":"30743"}
[2026-01-29 13:52:00.312268] [debug] WebSocketServer: Broadcasting to 1 clients: {"server_time":"2026-01-29 13:52:00","timestamp":"1769683920312","isConnected":"True","numBoard":"0","numSteps":"22111","numSpeed":"-569288427623264292962304.000000","numAccel":"95","numDecel":"86","currentPos":"112","startPos":"39862560","endPos":"30743"}
[2026-01-29 13:52:01.312579] [debug] WebSocketServer: Broadcasting to 1 clients: {"server_time":"2026-01-29 13:52:01","timestamp":"1769683921312","isConnected":"True","numBoard":"0","numSteps":"22111","numSpeed":"-569288427623264292962304.000000","numAccel":"95","numDecel":"86","currentPos":"112","startPos":"39862560","endPos":"30743"}
[2026-01-29 13:52:02.312896] [debug] WebSocketServer: Broadcasting to 1 clients: {"server_time":"2026-01-29 13:52:02","timestamp":"1769683922312","isConnected":"True","numBoard":"0","numSteps":"22111","numSpeed":"-569288427623264292962304.000000","numAccel":"95","numDecel":"86","currentPos":"112","startPos":"39862560","endPos":"30743"}
[2026-01-29 13:52:03.313230] [debug] WebSocketServer: Broadcasting to 1 clients: {"server_time":"2026-01-29 13:52:03","timestamp":"1769683923313","isConnected":"True","numBoard":"0","numSteps":"22111","numSpeed":"-569288427623264292962304.000000","numAccel":"95","numDecel":"86","currentPos":"112","startPos":"39862560","endPos":"30743"}
[2026-01-29 13:52:04.314237] [debug] WebSocketServer: Broadcasting to 1 clients: {"server_time":"2026-01-29 13:52:04","timestamp":"1769683924314","isConnected":"True","numBoard":"0","numSteps":"22111","numSpeed":"-569288427623264292962304.000000","numAccel":"95","numDecel":"86","currentPos":"112","startPos":"39862560","endPos":"30743"}
[2026-01-29 13:52:05.314858] [debug] WebSocketServer: Broadcasting to 1 clients: {"server_time":"2026-01-29 13:52:05","timestamp":"1769683925314","isConnected":"True","numBoard":"0","numSteps":"22111","numSpeed":"-569288427623264292962304.000000","numAccel":"95","numDecel":"86","currentPos":"112","startPos":"39862560","endPos":"30743"}
[2026-01-29 13:52:06.315253] [debug] WebSocketServer: Broadcasting to 1 clients: {"server_time":"2026-01-29 13:52:06","timestamp":"1769683926315","isConnected":"True","numBoard":"0","numSteps":"22111","numSpeed":"-569288427623264292962304.000000","numAccel":"95","numDecel":"86","currentPos":"112","startPos":"39862560","endPos":"30743"}
[2026-01-29 13:52:07.315552] [debug] WebSocketServer: Broadcasting to 1 clients: {"server_time":"2026-01-29 13:52:07","timestamp":"1769683927315","isConnected":"True","numBoard":"0","numSteps":"22111","numSpeed":"-569288427623264292962304.000000","numAccel":"95","numDecel":"86","currentPos":"112","startPos":"39862560","endPos":"30743"}
[2026-01-29 13:52:08.315921] [debug] WebSocketServer: Broadcasting to 1 clients: {"server_time":"2026-01-29 13:52:08","timestamp":"1769683928315","isConnected":"True","numBoard":"0","numSteps":"22111","numSpeed":"-569288427623264292962304.000000","numAccel":"95","numDecel":"86","currentPos":"112","startPos":"39862560","endPos":"30743"}
[2026-01-29 13:52:09.316297] [debug] WebSocketServer: Broadcasting to 1 clients: {"server_time":"2026-01-29 13:52:09","timestamp":"1769683929316","isConnected":"True","numBoard":"0","numSteps":"22111","numSpeed":"-569288427623264292962304.000000","numAccel":"95","numDecel":"86","currentPos":"112","startPos":"39862560","endPos":"30743"}
[2026-01-29 13:52:10.316677] [debug] WebSocketServer: Broadcasting to 1 clients: {"server_time":"2026-01-29 13:52:10","timestamp":"1769683930316","isConnected":"True","numBoard":"0","numSteps":"22111","numSpeed":"-569288427623264292962304.000000","numAccel":"95","numDecel":"86","currentPos":"112","startPos":"39862560","endPos":"30743"}
[2026-01-29 13:52:11.317156] [debug] WebSocketServer: Broadcasting to 1 clients: {"server_time":"2026-01-29 13:52:11","timestamp":"1769683931317","isConnected":"True","numBoard":"0","numSteps":"22111","numSpeed":"-569288427623264292962304.000000","numAccel":"95","numDecel":"86","currentPos":"112","startPos":"39862560","endPos":"30743"}
[2026-01-29 13:52:12.317443] [debug] WebSocketServer: Broadcasting to 1 clients: {"server_time":"2026-01-29 13:52:12","timestamp":"1769683932317","isConnected":"True","numBoard":"0","numSteps":"22111","numSpeed":"-569288427623264292962304.000000","numAccel":"95","numDecel":"86","currentPos":"112","startPos":"39862560","endPos":"30743"}
[2026-01-29 13:52:13.317992] [debug] WebSocketServer: Broadcasting to 1 clients: {"server_time":"2026-01-29 13:52:13","timestamp":"1769683933317","isConnected":"True","numBoard":"0","numSteps":"22111","numSpeed":"-569288427623264292962304.000000","numAccel":"95","numDecel":"86","currentPos":"112","startPos":"39862560","endPos":"30743"}
[2026-01-29 13:52:14.318286] [debug] WebSocketServer: Broadcasting to 1 clients: {"server_time":"2026-01-29 13:52:14","timestamp":"1769683934318","isConnected":"True","numBoard":"0","numSteps":"22111","numSpeed":"-569288427623264292962304.000000","numAccel":"95","numDecel":"86","currentPos":"112","startPos":"39862560","endPos":"30743"}
[2026-01-29 13:52:15.318588] [debug] WebSocketServer: Broadcasting to 1 clients: {"server_time":"2026-01-29 13:52:15","timestamp":"1769683935318","isConnected":"True","numBoard":"0","numSteps":"22111","numSpeed":"-569288427623264292962304.000000","numAccel":"95","numDecel":"86","currentPos":"112","startPos":"39862560","endPos":"30743"}
[2026-01-29 13:52:16.318992] [debug] WebSocketServer: Broadcasting to 1 clients: {"server_time":"2026-01-29 13:52:16","timestamp":"1769683936318","isConnected":"True","numBoard":"0","numSteps":"22111","numSpeed":"-569288427623264292962304.000000","numAccel":"95","numDecel":"86","currentPos":"112","startPos":"39862560","endPos":"30743"}
[2026-01-29 13:52:17.319440] [debug] WebSocketServer: Broadcasting to 1 clients: {"server_time":"2026-01-29 13:52:17","timestamp":"1769683937319","isConnected":"True","numBoard":"0","numSteps":"22111","numSpeed":"-569288427623264292962304.000000","numAccel":"95","numDecel":"86","currentPos":"112","startPos":"39862560","endPos":"30743"}
[2026-01-29 13:52:18.319919] [debug] WebSocketServer: Broadcasting to 1 clients: {"server_time":"2026-01-29 13:52:18","timestamp":"1769683938319","isConnected":"True","numBoard":"0","numSteps":"22111","numSpeed":"-569288427623264292962304.000000","numAccel":"95","numDecel":"86","currentPos":"112","startPos":"39862560","endPos":"30743"}
[2026-01-29 13:52:19.320304] [debug] WebSocketServer: Broadcasting to 1 clients: {"server_time":"2026-01-29 13:52:19","timestamp":"1769683939320","isConnected":"True","numBoard":"0","numSteps":"22111","numSpeed":"-569288427623264292962304.000000","numAccel":"95","numDecel":"86","currentPos":"112","startPos":"39862560","endPos":"30743"}
[2026-01-29 13:52:20.320903] [debug] WebSocketServer: Broadcasting to 1 clients: {"server_time":"2026-01-29 13:52:20","timestamp":"1769683940320","isConnected":"True","numBoard":"0","numSteps":"22111","numSpeed":"-569288427623264292962304.000000","numAccel":"95","numDecel":"86","currentPos":"112","startPos":"39862560","endPos":"30743"}
[2026-01-29 13:52:21.321278] [debug] WebSocketServer: Broadcasting to 1 clients: {"server_time":"2026-01-29 13:52:21","timestamp":"1769683941321","isConnected":"True","numBoard":"0","numSteps":"22111","numSpeed":"-569288427623264292962304.000000","numAccel":"95","numDecel":"86","currentPos":"112","startPos":"39862560","endPos":"30743"}
[2026-01-29 13:52:22.321811] [debug] WebSocketServer: Broadcasting to 1 clients: {"server_time":"2026-01-29 13:52:22","timestamp":"1769683942321","isConnected":"True","numBoard":"0","numSteps":"22111","numSpeed":"-569288427623264292962304.000000","numAccel":"95","numDecel":"86","currentPos":"112","startPos":"39862560","endPos":"30743"}
[2026-01-29 13:52:23.322213] [debug] WebSocketServer: Broadcasting to 1 clients: {"server_time":"2026-01-29 13:52:23","timestamp":"1769683943322","isConnected":"True","numBoard":"0","numSteps":"22111","numSpeed":"-569288427623264292962304.000000","numAccel":"95","numDecel":"86","currentPos":"112","startPos":"39862560","endPos":"30743"}
[2026-01-29 13:52:24.322513] [debug] WebSocketServer: Broadcasting to 1 clients: {"server_time":"2026-01-29 13:52:24","timestamp":"1769683944322","isConnected":"True","numBoard":"0","numSteps":"22111","numSpeed":"-569288427623264292962304.000000","numAccel":"95","numDecel":"86","currentPos":"112","startPos":"39862560","endPos":"30743"}
[2026-01-29 13:52:25.322873] [debug] WebSocketServer: Broadcasting to 1 clients: {"server_time":"2026-01-29 13:52:25","timestamp":"1769683945322","isConnected":"True","numBoard":"0","numSteps":"22111","numSpeed":"-569288427623264292962304.000000","numAccel":"95","numDecel":"86","currentPos":"112","startPos":"39862560","endPos":"30743"}
[2026-01-29 13:52:26.323190] [debug] WebSocketServer: Broadcasting to 1 clients: {"server_time":"2026-01-29 13:52:26","timestamp":"1769683946323","isConnected":"True","numBoard":"0","numSteps":"22111","numSpeed":"-569288427623264292962304.000000","numAccel":"95","numDecel":"86","currentPos":"112","startPos":"39862560","endPos":"30743"}
[2026-01-29 13:52:27.323499] [debug] WebSocketServer: Broadcasting to 1 clients: {"server_time":"2026-01-29 13:52:27","timestamp":"1769683947323","isConnected":"True","numBoard":"0","numSteps":"22111","numSpeed":"-569288427623264292962304.000000","numAccel":"95","numDecel":"86","currentPos":"112","startPos":"39862560","endPos":"30743"}
[2026-01-29 13:52:28.323799] [debug] WebSocketServer: Broadcasting to 1 clients: {"server_time":"2026-01-29 13:52:28","timestamp":"1769683948323","isConnected":"True","numBoard":"0","numSteps":"22111","numSpeed":"-569288427623264292962304.000000","numAccel":"95","numDecel":"86","currentPos":"112","startPos":"39862560","endPos":"30743"}
[2026-01-29 13:52:29.324097] [debug] WebSocketServer: Broadcasting to 1 clients: {"server_time":"2026-01-29 13:52:29","timestamp":"1769683949324","isConnected":"True","numBoard":"0","numSteps":"22111","numSpeed":"-569288427623264292962304.000000","numAccel":"95","numDecel":"86","currentPos":"112","startPos":"39862560","endPos":"30743"}
[2026-01-29 13:52:30.324472] [debug] WebSocketServer: Broadcasting to 1 clients: {"server_time":"2026-01-29 13:52:30","timestamp":"1769683950324","isConnected":"True","numBoard":"0","numSteps":"22111","numSpeed":"-569288427623264292962304.000000","numAccel":"95","numDecel":"86","currentPos":"112","startPos":"39862560","endPos":"30743"}
[2026-01-29 13:52:31.324793] [debug] WebSocketServer: Broadcasting to 1 clients: {"server_time":"2026-01-29 13:52:31","timestamp":"1769683951324","isConnected":"True","numBoard":"0","numSteps":"22111","numSpeed":"-569288427623264292962304.000000","numAccel":"95","numDecel":"86","currentPos":"112","startPos":"39862560","endPos":"30743"}
[2026-01-29 13:52:32.325310] [debug] WebSocketServer: Broadcasting to 1 clients: {"server_time":"2026-01-29 13:52:32","timestamp":"1769683952325","isConnected":"True","numBoard":"0","numSteps":"22111","numSpeed":"-569288427623264292962304.000000","numAccel":"95","numDecel":"86","currentPos":"112","startPos":"39862560","endPos":"30743"}
[2026-01-29 13:52:33.325622] [debug] WebSocketServer: Broadcasting to 1 clients: {"server_time":"2026-01-29 13:52:33","timestamp":"1769683953325","isConnected":"True","numBoard":"0","numSteps":"22111","numSpeed":"-569288427623264292962304.000000","numAccel":"95","numDecel":"86","currentPos":"112","startPos":"39862560","endPos":"30743"}
[2026-01-29 13:52:34.325945] [debug] WebSocketServer: Broadcasting to 1 clients: {"server_time":"2026-01-29 13:52:34","timestamp":"1769683954325","isConnected":"True","numBoard":"0","numSteps":"22111","numSpeed":"-569288427623264292962304.000000","numAccel":"95","numDecel":"86","currentPos":"112","startPos":"39862560","endPos":"30743"}
[2026-01-29 13:52:35.326230] [debug] WebSocketServer: Broadcasting to 1 clients: {"server_time":"2026-01-29 13:52:35","timestamp":"1769683955326","isConnected":"True","numBoard":"0","numSteps":"22111","numSpeed":"-569288427623264292962304.000000","numAccel":"95","numDecel":"86","currentPos":"112","startPos":"39862560","endPos":"30743"}
[2026-01-29 13:52:36.326719] [debug] WebSocketServer: Broadcasting to 1 clients: {"server_time":"2026-01-29 13:52:36","timestamp":"1769683956326","isConnected":"True","numBoard":"0","numSteps":"22111","numSpeed":"-569288427623264292962304.000000","numAccel":"95","numDecel":"86","currentPos":"112","startPos":"39862560","endPos":"30743"}
[2026-01-29 13:52:37.326999] [debug] WebSocketServer: Broadcasting to 1 clients: {"server_time":"2026-01-29 13:52:37","timestamp":"1769683957326","isConnected":"True","numBoard":"0","numSteps":"22111","numSpeed":"-569288427623264292962304.000000","numAccel":"95","numDecel":"86","currentPos":"112","startPos":"39862560","endPos":"30743"}
[2026-01-29 13:52:38.327295] [debug] WebSocketServer: Broadcasting to 1 clients: {"server_time":"2026-01-29 13:52:38","timestamp":"1769683958327","isConnected":"True","numBoard":"0","numSteps":"22111","numSpeed":"-569288427623264292962304.000000","numAccel":"95","numDecel":"86","currentPos":"112","startPos":"39862560","endPos":"30743"}
[2026-01-29 13:52:39.327595] [debug] WebSocketServer: Broadcasting to 1 clients: {"server_time":"2026-01-29 13:52:39","timestamp":"1769683959327","isConnected":"True","numBoard":"0","numSteps":"22111","numSpeed":"-569288427623264292962304.000000","numAccel":"95","numDecel":"86","currentPos":"112","startPos":"39862560","endPos":"30743"}
[2026-01-29 13:52:40.327892] [debug] WebSocketServer: Broadcasting to 1 clients: {"server_time":"2026-01-29 13:52:40","timestamp":"1769683960327","isConnected":"True","numBoard":"0","numSteps":"22111","numSpeed":"-569288427623264292962304.000000","numAccel":"95","numDecel":"86","currentPos":"112","startPos":"39862560","endPos":"30743"}
[2026-01-29 13:52:41.328307] [debug] WebSocketServer: Broadcasting to 1 clients: {"server_time":"2026-01-29 13:52:41","timestamp":"1769683961328","isConnected":"True","numBoard":"0","numSteps":"22111","numSpeed":"-569288427623264292962304.000000","numAccel":"95","numDecel":"86","currentPos":"112","startPos":"39862560","endPos":"30743"}
[2026-01-29 13:52:42.328684] [debug] WebSocketServer: Broadcasting to 1 clients: {"server_time":"2026-01-29 13:52:42","timestamp":"1769683962328","isConnected":"True","numBoard":"0","numSteps":"22111","numSpeed":"-569288427623264292962304.000000","numAccel":"95","numDecel":"86","currentPos":"112","startPos":"39862560","endPos":"30743"}
[2026-01-29 13:52:43.328965] [debug] WebSocketServer: Broadcasting to 1 clients: {"server_time":"2026-01-29 13:52:43","timestamp":"1769683963328","isConnected":"True","numBoard":"0","numSteps":"22111","numSpeed":"-569288427623264292962304.000000","numAccel":"95","numDecel":"86","currentPos":"112","startPos":"39862560","endPos":"30743"}
[2026-01-29 13:52:44.329278] [debug] WebSocketServer: Broadcasting to 1 clients: {"server_time":"2026-01-29 13:52:44","timestamp":"1769683964329","isConnected":"True","numBoard":"0","numSteps":"22111","numSpeed":"-569288427623264292962304.000000","numAccel":"95","numDecel":"86","currentPos":"112","startPos":"39862560","endPos":"30743"}
[2026-01-29 13:52:45.329673] [debug] WebSocketServer: Broadcasting to 1 clients: {"server_time":"2026-01-29 13:52:45","timestamp":"1769683965329","isConnected":"True","numBoard":"0","numSteps":"22111","numSpeed":"-569288427623264292962304.000000","numAccel":"95","numDecel":"86","currentPos":"112","startPos":"39862560","endPos":"30743"}
[2026-01-29 13:52:46.329914] [debug] WebSocketServer: Broadcasting to 1 clients: {"server_time":"2026-01-29 13:52:46","timestamp":"1769683966329","isConnected":"True","numBoard":"0","numSteps":"22111","numSpeed":"-569288427623264292962304.000000","numAccel":"95","numDecel":"86","currentPos":"112","startPos":"39862560","endPos":"30743"}
[2026-01-29 13:52:47.330207] [debug] WebSocketServer: Broadcasting to 1 clients: {"server_time":"2026-01-29 13:52:47","timestamp":"1769683967330","isConnected":"True","numBoard":"0","numSteps":"22111","numSpeed":"-569288427623264292962304.000000","numAccel":"95","numDecel":"86","currentPos":"112","startPos":"39862560","endPos":"30743"}
[2026-01-29 13:52:48.330686] [debug] WebSocketServer: Broadcasting to 1 clients: {"server_time":"2026-01-29 13:52:48","timestamp":"1769683968330","isConnected":"True","numBoard":"0","numSteps":"22111","numSpeed":"-569288427623264292962304.000000","numAccel":"95","numDecel":"86","currentPos":"112","startPos":"39862560","endPos":"30743"}
[2026-01-29 13:52:49.330949] [debug] WebSocketServer: Broadcasting to 1 clients: {"server_time":"2026-01-29 13:52:49","timestamp":"1769683969330","isConnected":"True","numBoard":"0","numSteps":"22111","numSpeed":"-569288427623264292962304.000000","numAccel":"95","numDecel":"86","currentPos":"112","startPos":"39862560","endPos":"30743"}
[2026-01-29 13:52:50.331226] [debug] WebSocketServer: Broadcasting to 1 clients: {"server_time":"2026-01-29 13:52:50","timestamp":"1769683970331","isConnected":"True","numBoard":"0","numSteps":"22111","numSpeed":"-569288427623264292962304.000000","numAccel":"95","numDecel":"86","currentPos":"112","startPos":"39862560","endPos":"30743"}
[2026-01-29 13:52:51.331536] [debug] WebSocketServer: Broadcasting to 1 clients: {"server_time":"2026-01-29 13:52:51","timestamp":"1769683971331","isConnected":"True","numBoard":"0","numSteps":"22111","numSpeed":"-569288427623264292962304.000000","numAccel":"95","numDecel":"86","currentPos":"112","startPos":"39862560","endPos":"30743"}
[2026-01-29 13:52:52.331904] [debug] WebSocketServer: Broadcasting to 1 clients: {"server_time":"2026-01-29 13:52:52","timestamp":"1769683972331","isConnected":"True","numBoard":"0","numSteps":"22111","numSpeed":"-569288427623264292962304.000000","numAccel":"95","numDecel":"86","currentPos":"112","startPos":"39862560","endPos":"30743"}
[2026-01-29 13:52:53.332239] [debug] WebSocketServer: Broadcasting to 1 clients: {"server_time":"2026-01-29 13:52:53","timestamp":"1769683973332","isConnected":"True","numBoard":"0","numSteps":"22111","numSpeed":"-569288427623264292962304.000000","numAccel":"95","numDecel":"86","currentPos":"112","startPos":"39862560","endPos":"30743"}
[2026-01-29 13:52:54.332516] [debug] WebSocketServer: Broadcasting to 1 clients: {"server_time":"2026-01-29 13:52:54","timestamp":"1769683974332","isConnected":"True","numBoard":"0","numSteps":"22111","numSpeed":"-569288427623264292962304.000000","numAccel":"95","numDecel":"86","currentPos":"112","startPos":"39862560","endPos":"30743"}
[2026-01-29 13:52:55.332812] [debug] WebSocketServer: Broadcasting to 1 clients: {"server_time":"2026-01-29 13:52:55","timestamp":"1769683975332","isConnected":"True","numBoard":"0","numSteps":"22111","numSpeed":"-569288427623264292962304.000000","numAccel":"95","numDecel":"86","currentPos":"112","startPos":"39862560","endPos":"30743"}
[2026-01-29 13:52:56.333095] [debug] WebSocketServer: Broadcasting to 1 clients: {"server_time":"2026-01-29 13:52:56","timestamp":"1769683976333","isConnected":"True","numBoard":"0","numSteps":"22111","numSpeed":"-569288427623264292962304.000000","numAccel":"95","numDecel":"86","currentPos":"112","startPos":"39862560","endPos":"30743"}
[2026-01-29 13:52:57.333380] [debug] WebSocketServer: Broadcasting to 1 clients: {"server_time":"2026-01-29 13:52:57","timestamp":"1769683977333","isConnected":"True","numBoard":"0","numSteps":"22111","numSpeed":"-569288427623264292962304.000000","numAccel":"95","numDecel":"86","currentPos":"112","startPos":"39862560","endPos":"30743"}
[2026-01-29 13:59:13.541989] [info] RestApiServer created on port 8080
[2026-01-29 13:59:13.542157] [info] WebSocketServer created on port 8081
[2026-01-29 13:59:13.542241] [info] GrpcApiServer created on port 50051
[2026-01-29 13:59:13.542917] [info] MqttApiServer created. Broker: tcp://127.0.0.1:1883
[2026-01-29 13:59:13.543040] [info] WebSocketServer: Started auto updates with interval 1000ms
[2026-01-29 13:59:13.543032] [info] WebSocketServer starting on port 8081
[2026-01-29 13:59:13.543091] [info] WebSocketServer: Auto update worker started
[2026-01-29 13:59:13.543201] [info] Connecting to MQTT Broker...
[2026-01-29 13:59:13.543290] [info] Run RestApiServer on port 8080
[2026-01-29 13:59:13.545880] [info] Run gRPC Server on 0.0.0.0:50051
[2026-01-29 13:59:13.554673] [info] MQTT Connection success
[2026-01-29 13:59:13.554848] [info] Connection Success via wait()
[2026-01-29 13:59:13.554887] [info] Subscribing to cancontroller/command/# ...
[2026-01-29 13:59:13.555099] [info] MQTT Connection success
[2026-01-29 13:59:13.555325] [info] Subscription Active!
[2026-01-29 13:59:20.753448] [info] WebSocket client connected. Total clients: 1
[2026-01-29 13:59:21.544277] [debug] WebSocketServer: Broadcasting to 1 clients: {"server_time":"2026-01-29 13:59:21","timestamp":"1769684361544","isConnected":"False","numBoard":"0","numSteps":"24415","numSpeed":"4949296.000000","numAccel":"95","numDecel":"95","currentPos":"112","startPos":"2451587360","endPos":"29203"}
[2026-01-29 13:59:22.544729] [debug] WebSocketServer: Broadcasting to 1 clients: {"server_time":"2026-01-29 13:59:22","timestamp":"1769684362544","isConnected":"False","numBoard":"0","numSteps":"24415","numSpeed":"4949296.000000","numAccel":"95","numDecel":"95","currentPos":"112","startPos":"2451587360","endPos":"29203"}
[2026-01-29 13:59:23.545161] [debug] WebSocketServer: Broadcasting to 1 clients: {"server_time":"2026-01-29 13:59:23","timestamp":"1769684363545","isConnected":"False","numBoard":"0","numSteps":"24415","numSpeed":"4949296.000000","numAccel":"95","numDecel":"95","currentPos":"112","startPos":"2451587360","endPos":"29203"}
[2026-01-29 13:59:24.545627] [debug] WebSocketServer: Broadcasting to 1 clients: {"server_time":"2026-01-29 13:59:24","timestamp":"1769684364545","isConnected":"False","numBoard":"0","numSteps":"24415","numSpeed":"4949296.000000","numAccel":"95","numDecel":"95","currentPos":"112","startPos":"2451587360","endPos":"29203"}
[2026-01-29 13:59:24.564779] [info] MQTT cancontroller/command/Connect: {}
[2026-01-29 13:59:25.545935] [debug] WebSocketServer: Broadcasting to 1 clients: {"server_time":"2026-01-29 13:59:25","timestamp":"1769684365545","isConnected":"True","numBoard":"0","numSteps":"24415","numSpeed":"4949296.000000","numAccel":"95","numDecel":"95","currentPos":"112","startPos":"2451587360","endPos":"29203"}
[2026-01-29 13:59:26.546218] [debug] WebSocketServer: Broadcasting to 1 clients: {"server_time":"2026-01-29 13:59:26","timestamp":"1769684366546","isConnected":"True","numBoard":"0","numSteps":"24415","numSpeed":"4949296.000000","numAccel":"95","numDecel":"95","currentPos":"112","startPos":"2451587360","endPos":"29203"}
[2026-01-29 13:59:27.546496] [debug] WebSocketServer: Broadcasting to 1 clients: {"server_time":"2026-01-29 13:59:27","timestamp":"1769684367546","isConnected":"True","numBoard":"0","numSteps":"24415","numSpeed":"4949296.000000","numAccel":"95","numDecel":"95","currentPos":"112","startPos":"2451587360","endPos":"29203"}
[2026-01-29 13:59:28.546787] [debug] WebSocketServer: Broadcasting to 1 clients: {"server_time":"2026-01-29 13:59:28","timestamp":"1769684368546","isConnected":"True","numBoard":"0","numSteps":"24415","numSpeed":"4949296.000000","numAccel":"95","numDecel":"95","currentPos":"112","startPos":"2451587360","endPos":"29203"}
[2026-01-29 13:59:29.246960] [info] POST /api/board/set {"numBoard":0}
[2026-01-29 13:59:29.547075] [debug] WebSocketServer: Broadcasting to 1 clients: {"server_time":"2026-01-29 13:59:29","timestamp":"1769684369547","isConnected":"True","numBoard":"0","numSteps":"24415","numSpeed":"4949296.000000","numAccel":"95","numDecel":"95","currentPos":"112","startPos":"2451587360","endPos":"29203"}
[2026-01-29 13:59:29.578898] [info] POST /api/steps/set {"numSteps":1000}
[2026-01-29 13:59:30.002887] [info] POST /api/speed/set {"numSpeed":10}
[2026-01-29 13:59:30.394877] [info] POST /api/accel/set {"numAccel":10}
[2026-01-29 13:59:30.547359] [debug] WebSocketServer: Broadcasting to 1 clients: {"server_time":"2026-01-29 13:59:30","timestamp":"1769684370547","isConnected":"True","numBoard":"0","numSteps":"1000","numSpeed":"10.000000","numAccel":"10","numDecel":"95","currentPos":"112","startPos":"2451587360","endPos":"29203"}
[2026-01-29 13:59:30.802879] [info] POST /api/decel/set {"numDecel":10}
[2026-01-29 13:59:31.154883] [info] GET /api/move/forward
[2026-01-29 13:59:31.547628] [debug] WebSocketServer: Broadcasting to 1 clients: {"server_time":"2026-01-29 13:59:31","timestamp":"1769684371547","isConnected":"True","numBoard":"0","numSteps":"1000","numSpeed":"10.000000","numAccel":"10","numDecel":"10","currentPos":"112","startPos":"2451587360","endPos":"29203"}
[2026-01-29 13:59:32.322881] [info] GET /api/move/backward
[2026-01-29 13:59:32.547926] [debug] WebSocketServer: Broadcasting to 1 clients: {"server_time":"2026-01-29 13:59:32","timestamp":"1769684372547","isConnected":"True","numBoard":"0","numSteps":"1000","numSpeed":"10.000000","numAccel":"10","numDecel":"10","currentPos":"112","startPos":"2451587360","endPos":"29203"}
[2026-01-29 13:59:33.548337] [debug] WebSocketServer: Broadcasting to 1 clients: {"server_time":"2026-01-29 13:59:33","timestamp":"1769684373548","isConnected":"True","numBoard":"0","numSteps":"1000","numSpeed":"10.000000","numAccel":"10","numDecel":"10","currentPos":"112","startPos":"2451587360","endPos":"29203"}
[2026-01-29 13:59:33.656102] [info] WebSocket client disconnected (ENOTCONN)
[2026-01-29 13:59:33.656225] [info] Session removed. Active clients: 0
[2026-01-29 13:59:33.656271] [info] WebSocket session destroyed
[2026-01-29 14:00:55.520999] [info] RestApiServer created on port 8080
[2026-01-29 14:00:55.521218] [info] WebSocketServer created on port 8081
[2026-01-29 14:00:55.521346] [info] GrpcApiServer created on port 50051
[2026-01-29 14:00:55.522462] [info] MqttApiServer created. Broker: tcp://127.0.0.1:1883
[2026-01-29 14:00:55.522641] [info] WebSocketServer starting on port 8081
[2026-01-29 14:00:55.522753] [info] WebSocketServer: Started auto updates with interval 1000ms
[2026-01-29 14:00:55.523070] [info] Connecting to MQTT Broker...
[2026-01-29 14:00:55.523386] [info] WebSocketServer: Auto update worker started
[2026-01-29 14:00:55.523166] [info] Run RestApiServer on port 8080
[2026-01-29 14:00:55.526272] [info] Run gRPC Server on 0.0.0.0:50051
[2026-01-29 14:00:55.534594] [info] MQTT Connection success
[2026-01-29 14:00:55.534765] [info] Connection Success via wait()
[2026-01-29 14:00:55.534737] [info] MQTT Connection success
[2026-01-29 14:00:55.534867] [info] Subscribing to cancontroller/command/# ...
[2026-01-29 14:00:55.535072] [info] Subscription Active!
[2026-01-29 14:01:02.984364] [info] WebSocket client connected. Total clients: 1
[2026-01-29 14:01:03.524491] [debug] WebSocketServer: Broadcasting to 1 clients: {"server_time":"2026-01-29 14:01:03","timestamp":"1769684463524","isConnected":"False","numBoard":"0","numSteps":"24093","numSpeed":"0.000000","numAccel":"29","numDecel":"94","currentPos":"112","startPos":"1805664544","endPos":"29855"}
[2026-01-29 14:01:04.524798] [debug] WebSocketServer: Broadcasting to 1 clients: {"server_time":"2026-01-29 14:01:04","timestamp":"1769684464524","isConnected":"False","numBoard":"0","numSteps":"24093","numSpeed":"0.000000","numAccel":"29","numDecel":"94","currentPos":"112","startPos":"1805664544","endPos":"29855"}
[2026-01-29 14:01:05.525058] [debug] WebSocketServer: Broadcasting to 1 clients: {"server_time":"2026-01-29 14:01:05","timestamp":"1769684465525","isConnected":"False","numBoard":"0","numSteps":"24093","numSpeed":"0.000000","numAccel":"29","numDecel":"94","currentPos":"112","startPos":"1805664544","endPos":"29855"}
[2026-01-29 14:01:06.525322] [debug] WebSocketServer: Broadcasting to 1 clients: {"server_time":"2026-01-29 14:01:06","timestamp":"1769684466525","isConnected":"False","numBoard":"0","numSteps":"24093","numSpeed":"0.000000","numAccel":"29","numDecel":"94","currentPos":"112","startPos":"1805664544","endPos":"29855"}
[2026-01-29 14:01:07.207308] [info] MQTT cancontroller/command/Connect: {}
[2026-01-29 14:01:07.525603] [debug] WebSocketServer: Broadcasting to 1 clients: {"server_time":"2026-01-29 14:01:07","timestamp":"1769684467525","isConnected":"True","numBoard":"0","numSteps":"24093","numSpeed":"0.000000","numAccel":"29","numDecel":"94","currentPos":"112","startPos":"1805664544","endPos":"29855"}
[2026-01-29 14:01:08.525884] [debug] WebSocketServer: Broadcasting to 1 clients: {"server_time":"2026-01-29 14:01:08","timestamp":"1769684468525","isConnected":"True","numBoard":"0","numSteps":"24093","numSpeed":"0.000000","numAccel":"29","numDecel":"94","currentPos":"112","startPos":"1805664544","endPos":"29855"}
[2026-01-29 14:01:09.526149] [debug] WebSocketServer: Broadcasting to 1 clients: {"server_time":"2026-01-29 14:01:09","timestamp":"1769684469526","isConnected":"True","numBoard":"0","numSteps":"24093","numSpeed":"0.000000","numAccel":"29","numDecel":"94","currentPos":"112","startPos":"1805664544","endPos":"29855"}
[2026-01-29 14:01:10.526435] [debug] WebSocketServer: Broadcasting to 1 clients: {"server_time":"2026-01-29 14:01:10","timestamp":"1769684470526","isConnected":"True","numBoard":"0","numSteps":"24093","numSpeed":"0.000000","numAccel":"29","numDecel":"94","currentPos":"112","startPos":"1805664544","endPos":"29855"}
[2026-01-29 14:01:11.526704] [debug] WebSocketServer: Broadcasting to 1 clients: {"server_time":"2026-01-29 14:01:11","timestamp":"1769684471526","isConnected":"True","numBoard":"0","numSteps":"24093","numSpeed":"0.000000","numAccel":"29","numDecel":"94","currentPos":"112","startPos":"1805664544","endPos":"29855"}
[2026-01-29 14:01:12.526983] [debug] WebSocketServer: Broadcasting to 1 clients: {"server_time":"2026-01-29 14:01:12","timestamp":"1769684472526","isConnected":"True","numBoard":"0","numSteps":"24093","numSpeed":"0.000000","numAccel":"29","numDecel":"94","currentPos":"112","startPos":"1805664544","endPos":"29855"}
[2026-01-29 14:01:12.786686] [info] gRPC cancontroller.CanControllerService/Board: 0
[2026-01-29 14:01:13.250712] [info] gRPC cancontroller.CanControllerService/Steps: 1000
[2026-01-29 14:01:13.527272] [debug] WebSocketServer: Broadcasting to 1 clients: {"server_time":"2026-01-29 14:01:13","timestamp":"1769684473527","isConnected":"True","numBoard":"0","numSteps":"1000","numSpeed":"0.000000","numAccel":"29","numDecel":"94","currentPos":"112","startPos":"1805664544","endPos":"29855"}
[2026-01-29 14:01:14.022650] [info] gRPC cancontroller.CanControllerService/Speed: 10
[2026-01-29 14:01:14.394647] [info] gRPC cancontroller.CanControllerService/Accel: 10
[2026-01-29 14:01:14.527576] [debug] WebSocketServer: Broadcasting to 1 clients: {"server_time":"2026-01-29 14:01:14","timestamp":"1769684474527","isConnected":"True","numBoard":"0","numSteps":"1000","numSpeed":"10.000000","numAccel":"10","numDecel":"94","currentPos":"112","startPos":"1805664544","endPos":"29855"}
[2026-01-29 14:01:14.730660] [info] gRPC cancontroller.CanControllerService/Decel: 10
[2026-01-29 14:01:15.046638] [info] gRPC cancontroller.CanControllerService/Forward
[2026-01-29 14:01:15.527910] [debug] WebSocketServer: Broadcasting to 1 clients: {"server_time":"2026-01-29 14:01:15","timestamp":"1769684475527","isConnected":"True","numBoard":"0","numSteps":"1000","numSpeed":"10.000000","numAccel":"10","numDecel":"10","currentPos":"112","startPos":"1805664544","endPos":"29855"}
[2026-01-29 14:01:16.282649] [info] gRPC cancontroller.CanControllerService/Backward
[2026-01-29 14:01:16.528223] [debug] WebSocketServer: Broadcasting to 1 clients: {"server_time":"2026-01-29 14:01:16","timestamp":"1769684476528","isConnected":"True","numBoard":"0","numSteps":"1000","numSpeed":"10.000000","numAccel":"10","numDecel":"10","currentPos":"112","startPos":"1805664544","endPos":"29855"}
[2026-01-29 14:01:17.528502] [debug] WebSocketServer: Broadcasting to 1 clients: {"server_time":"2026-01-29 14:01:17","timestamp":"1769684477528","isConnected":"True","numBoard":"0","numSteps":"1000","numSpeed":"10.000000","numAccel":"10","numDecel":"10","currentPos":"112","startPos":"1805664544","endPos":"29855"}
[2026-01-29 14:01:17.719867] [info] WebSocket client disconnected (ENOTCONN)
[2026-01-29 14:01:17.719956] [info] Session removed. Active clients: 0
[2026-01-29 14:01:17.719988] [info] WebSocket session destroyed
[2026-01-29 14:15:16.334168] [info] RestApiServer created on port 8080
[2026-01-29 14:15:16.334427] [info] WebSocketServer created on port 8081
[2026-01-29 14:15:16.334545] [info] GrpcApiServer created on port 50051
[2026-01-29 14:15:16.335335] [info] MqttApiServer created. Broker on port 1883
[2026-01-29 14:15:16.335494] [info] WebSocketServer: Started auto updates with interval 1000ms
[2026-01-29 14:15:16.335493] [info] WebSocketServer starting on port 8081
[2026-01-29 14:15:16.335542] [info] WebSocketServer: Auto update worker started
[2026-01-29 14:15:16.335696] [info] Connecting to MQTT Broker...
[2026-01-29 14:15:16.335763] [info] Run RestApiServer on port 8080
[2026-01-29 14:15:16.338472] [info] Run gRPC Server on 0.0.0.0:50051
[2026-01-29 14:15:16.346278] [info] MQTT Connection success
[2026-01-29 14:15:16.346382] [info] MQTT Connection success
[2026-01-29 14:15:16.346437] [info] Connection Success via wait()
[2026-01-29 14:15:16.346483] [info] Subscribing to cancontroller/command/# ...
[2026-01-29 14:15:16.346652] [info] Subscription Active!
[2026-01-29 14:15:31.407412] [info] WebSocket client connected. Total clients: 1
[2026-01-29 14:15:32.338429] [debug] WebSocketServer: Broadcasting to 1 clients: {"server_time":"2026-01-29 14:15:32","timestamp":"1769685332338","isConnected":"False","numBoard":"0","numSteps":"24245","numSpeed":"-0.000000","numAccel":"181","numDecel":"94","currentPos":"112","startPos":"2730508576","endPos":"30990"}
[2026-01-29 14:15:33.338941] [debug] WebSocketServer: Broadcasting to 1 clients: {"server_time":"2026-01-29 14:15:33","timestamp":"1769685333338","isConnected":"False","numBoard":"0","numSteps":"24245","numSpeed":"-0.000000","numAccel":"181","numDecel":"94","currentPos":"112","startPos":"2730508576","endPos":"30990"}
[2026-01-29 14:15:34.339232] [debug] WebSocketServer: Broadcasting to 1 clients: {"server_time":"2026-01-29 14:15:34","timestamp":"1769685334339","isConnected":"False","numBoard":"0","numSteps":"24245","numSpeed":"-0.000000","numAccel":"181","numDecel":"94","currentPos":"112","startPos":"2730508576","endPos":"30990"}
[2026-01-29 14:15:35.339525] [debug] WebSocketServer: Broadcasting to 1 clients: {"server_time":"2026-01-29 14:15:35","timestamp":"1769685335339","isConnected":"False","numBoard":"0","numSteps":"24245","numSpeed":"-0.000000","numAccel":"181","numDecel":"94","currentPos":"112","startPos":"2730508576","endPos":"30990"}
[2026-01-29 14:15:35.468425] [info] MQTT cancontroller/command/Connect: {}
[2026-01-29 14:15:36.339835] [debug] WebSocketServer: Broadcasting to 1 clients: {"server_time":"2026-01-29 14:15:36","timestamp":"1769685336339","isConnected":"True","numBoard":"0","numSteps":"24245","numSpeed":"-0.000000","numAccel":"181","numDecel":"94","currentPos":"112","startPos":"2730508576","endPos":"30990"}
[2026-01-29 14:15:37.340151] [debug] WebSocketServer: Broadcasting to 1 clients: {"server_time":"2026-01-29 14:15:37","timestamp":"1769685337340","isConnected":"True","numBoard":"0","numSteps":"24245","numSpeed":"-0.000000","numAccel":"181","numDecel":"94","currentPos":"112","startPos":"2730508576","endPos":"30990"}
[2026-01-29 14:15:38.340464] [debug] WebSocketServer: Broadcasting to 1 clients: {"server_time":"2026-01-29 14:15:38","timestamp":"1769685338340","isConnected":"True","numBoard":"0","numSteps":"24245","numSpeed":"-0.000000","numAccel":"181","numDecel":"94","currentPos":"112","startPos":"2730508576","endPos":"30990"}
[2026-01-29 14:15:39.332833] [info] gRPC cancontroller.CanControllerService/Board: 0
[2026-01-29 14:15:39.340868] [debug] WebSocketServer: Broadcasting to 1 clients: {"server_time":"2026-01-29 14:15:39","timestamp":"1769685339340","isConnected":"True","numBoard":"0","numSteps":"24245","numSpeed":"-0.000000","numAccel":"181","numDecel":"94","currentPos":"112","startPos":"2730508576","endPos":"30990"}
[2026-01-29 14:15:39.628797] [info] gRPC cancontroller.CanControllerService/Steps: 1000
[2026-01-29 14:15:39.976790] [info] gRPC cancontroller.CanControllerService/Speed: 10
[2026-01-29 14:15:40.341197] [debug] WebSocketServer: Broadcasting to 1 clients: {"server_time":"2026-01-29 14:15:40","timestamp":"1769685340341","isConnected":"True","numBoard":"0","numSteps":"1000","numSpeed":"10.000000","numAccel":"181","numDecel":"94","currentPos":"112","startPos":"2730508576","endPos":"30990"}
[2026-01-29 14:15:40.432788] [info] gRPC cancontroller.CanControllerService/Accel: 10
[2026-01-29 14:15:40.812777] [info] gRPC cancontroller.CanControllerService/Decel: 10
[2026-01-29 14:15:41.208777] [info] gRPC cancontroller.CanControllerService/Forward
[2026-01-29 14:15:41.341541] [debug] WebSocketServer: Broadcasting to 1 clients: {"server_time":"2026-01-29 14:15:41","timestamp":"1769685341341","isConnected":"True","numBoard":"0","numSteps":"1000","numSpeed":"10.000000","numAccel":"10","numDecel":"10","currentPos":"112","startPos":"2730508576","endPos":"30990"}
[2026-01-29 14:15:42.341852] [debug] WebSocketServer: Broadcasting to 1 clients: {"server_time":"2026-01-29 14:15:42","timestamp":"1769685342341","isConnected":"True","numBoard":"0","numSteps":"1000","numSpeed":"10.000000","numAccel":"10","numDecel":"10","currentPos":"112","startPos":"2730508576","endPos":"30990"}
[2026-01-29 14:15:42.704776] [info] gRPC cancontroller.CanControllerService/Backward
[2026-01-29 14:15:43.342147] [debug] WebSocketServer: Broadcasting to 1 clients: {"server_time":"2026-01-29 14:15:43","timestamp":"1769685343342","isConnected":"True","numBoard":"0","numSteps":"1000","numSpeed":"10.000000","numAccel":"10","numDecel":"10","currentPos":"112","startPos":"2730508576","endPos":"30990"}
[2026-01-29 14:15:43.949843] [info] WebSocket client disconnected (ENOTCONN)
[2026-01-29 14:15:43.949943] [info] Session removed. Active clients: 0
[2026-01-29 14:15:43.949969] [info] WebSocket session destroyed
[2026-01-29 14:32:19.739218] [info] RestApiServer created on port 8080
[2026-01-29 14:32:19.739404] [info] WebSocketServer created on port 8081
[2026-01-29 14:32:19.739512] [info] GrpcApiServer created on port 50051
[2026-01-29 14:32:19.740428] [info] MqttApiServer created on port 1883
[2026-01-29 14:32:19.740560] [info] WebSocketServer: Started auto updates with interval 1000ms
[2026-01-29 14:32:19.740549] [info] WebSocketServer starting on port 8081
[2026-01-29 14:32:19.740605] [info] WebSocketServer: Auto update worker started
[2026-01-29 14:32:19.740678] [info] Connecting to MQTT Broker...
[2026-01-29 14:32:19.740755] [info] Run RestApiServer on port 8080
[2026-01-29 14:32:19.742758] [info] Run gRPC Server on 0.0.0.0:50051
[2026-01-29 14:32:19.751241] [info] MQTT Connection success
[2026-01-29 14:32:19.751342] [info] MQTT Connection success
[2026-01-29 14:32:19.751358] [info] Connection Success via wait()
[2026-01-29 14:32:19.751404] [info] Subscribing to cancontroller/command/# ...
[2026-01-29 14:32:19.751566] [info] Subscription Active!
[2026-01-29 14:32:23.677426] [info] WebSocket client connected. Total clients: 1
[2026-01-29 14:32:23.741220] [debug] WebSocketServer: Broadcasting to 1 clients: {"server_time":"2026-01-29 14:32:23","timestamp":"1769686343741","isConnected":"False","numBoard":"0","numSteps":"25882","numSpeed":"-4086283894784.000000","numAccel":"26","numDecel":"101","currentPos":"112","startPos":"1891647776","endPos":"32651"}
[2026-01-29 14:32:24.741528] [debug] WebSocketServer: Broadcasting to 1 clients: {"server_time":"2026-01-29 14:32:24","timestamp":"1769686344741","isConnected":"False","numBoard":"0","numSteps":"25882","numSpeed":"-4086283894784.000000","numAccel":"26","numDecel":"101","currentPos":"112","startPos":"1891647776","endPos":"32651"}
[2026-01-29 14:32:25.741846] [debug] WebSocketServer: Broadcasting to 1 clients: {"server_time":"2026-01-29 14:32:25","timestamp":"1769686345741","isConnected":"False","numBoard":"0","numSteps":"25882","numSpeed":"-4086283894784.000000","numAccel":"26","numDecel":"101","currentPos":"112","startPos":"1891647776","endPos":"32651"}
[2026-01-29 14:32:26.723439] [info] MQTT cancontroller/command/Connect: {}
[2026-01-29 14:32:26.742152] [debug] WebSocketServer: Broadcasting to 1 clients: {"server_time":"2026-01-29 14:32:26","timestamp":"1769686346742","isConnected":"False","numBoard":"0","numSteps":"25882","numSpeed":"-4086283894784.000000","numAccel":"26","numDecel":"101","currentPos":"112","startPos":"1891647776","endPos":"32651"}
[2026-01-29 14:32:27.742453] [debug] WebSocketServer: Broadcasting to 1 clients: {"server_time":"2026-01-29 14:32:27","timestamp":"1769686347742","isConnected":"True","numBoard":"0","numSteps":"25882","numSpeed":"-4086283894784.000000","numAccel":"26","numDecel":"101","currentPos":"112","startPos":"1891647776","endPos":"32651"}
[2026-01-29 14:32:28.742779] [debug] WebSocketServer: Broadcasting to 1 clients: {"server_time":"2026-01-29 14:32:28","timestamp":"1769686348742","isConnected":"True","numBoard":"0","numSteps":"25882","numSpeed":"-4086283894784.000000","numAccel":"26","numDecel":"101","currentPos":"112","startPos":"1891647776","endPos":"32651"}
[2026-01-29 14:32:29.282619] [info] gRPC cancontroller.CanControllerService/Board: 0
[2026-01-29 14:32:29.586586] [info] gRPC cancontroller.CanControllerService/Steps: 1000
[2026-01-29 14:32:29.743055] [debug] WebSocketServer: Broadcasting to 1 clients: {"server_time":"2026-01-29 14:32:29","timestamp":"1769686349742","isConnected":"True","numBoard":"0","numSteps":"1000","numSpeed":"-4086283894784.000000","numAccel":"26","numDecel":"101","currentPos":"112","startPos":"1891647776","endPos":"32651"}
[2026-01-29 14:32:29.970579] [info] gRPC cancontroller.CanControllerService/Speed: 10
[2026-01-29 14:32:30.290580] [info] gRPC cancontroller.CanControllerService/Accel: 10
[2026-01-29 14:32:30.594590] [info] gRPC cancontroller.CanControllerService/Decel: 10
[2026-01-29 14:32:30.743349] [debug] WebSocketServer: Broadcasting to 1 clients: {"server_time":"2026-01-29 14:32:30","timestamp":"1769686350743","isConnected":"True","numBoard":"0","numSteps":"1000","numSpeed":"10.000000","numAccel":"10","numDecel":"10","currentPos":"112","startPos":"1891647776","endPos":"32651"}
[2026-01-29 14:32:31.078565] [info] gRPC cancontroller.CanControllerService/Forward
[2026-01-29 14:32:31.743700] [debug] WebSocketServer: Broadcasting to 1 clients: {"server_time":"2026-01-29 14:32:31","timestamp":"1769686351743","isConnected":"True","numBoard":"0","numSteps":"1000","numSpeed":"10.000000","numAccel":"10","numDecel":"10","currentPos":"112","startPos":"1891647776","endPos":"32651"}
[2026-01-29 14:32:32.355968] [info] WebSocket client disconnected (ENOTCONN)
[2026-01-29 14:32:32.356064] [info] Session removed. Active clients: 0
[2026-01-29 14:32:32.356102] [info] WebSocket session destroyed
[2026-01-29 14:37:03.086012] [info] WebSocket client connected. Total clients: 1
[2026-01-29 14:37:03.789020] [debug] WebSocketServer: Broadcasting to 1 clients: {"server_time":"2026-01-29 14:37:03","timestamp":"1769686623788","isConnected":"True","numBoard":"0","numSteps":"1000","numSpeed":"10.000000","numAccel":"10","numDecel":"10","currentPos":"112","startPos":"1891647776","endPos":"32651"}
[2026-01-29 14:37:04.789442] [debug] WebSocketServer: Broadcasting to 1 clients: {"server_time":"2026-01-29 14:37:04","timestamp":"1769686624789","isConnected":"True","numBoard":"0","numSteps":"1000","numSpeed":"10.000000","numAccel":"10","numDecel":"10","currentPos":"112","startPos":"1891647776","endPos":"32651"}
[2026-01-29 14:37:04.872021] [info] POST /api/board/set {"numBoard":0}
[2026-01-29 14:37:05.789707] [debug] WebSocketServer: Broadcasting to 1 clients: {"server_time":"2026-01-29 14:37:05","timestamp":"1769686625789","isConnected":"True","numBoard":"0","numSteps":"1000","numSpeed":"10.000000","numAccel":"10","numDecel":"10","currentPos":"112","startPos":"1891647776","endPos":"32651"}
[2026-01-29 14:37:05.936006] [info] POST /api/board/set {"numBoard":0}
[2026-01-29 14:37:06.495995] [info] POST /api/board/set {"numBoard":0}
[2026-01-29 14:37:06.790008] [debug] WebSocketServer: Broadcasting to 1 clients: {"server_time":"2026-01-29 14:37:06","timestamp":"1769686626789","isConnected":"True","numBoard":"0","numSteps":"1000","numSpeed":"10.000000","numAccel":"10","numDecel":"10","currentPos":"112","startPos":"1891647776","endPos":"32651"}
[2026-01-29 14:37:07.048037] [info] POST /api/board/set {"numBoard":0}
[2026-01-29 14:37:07.360025] [info] POST /api/board/set {"numBoard":0}
[2026-01-29 14:37:07.790319] [debug] WebSocketServer: Broadcasting to 1 clients: {"server_time":"2026-01-29 14:37:07","timestamp":"1769686627790","isConnected":"True","numBoard":"0","numSteps":"1000","numSpeed":"10.000000","numAccel":"10","numDecel":"10","currentPos":"112","startPos":"1891647776","endPos":"32651"}
[2026-01-29 14:37:07.951994] [info] POST /api/board/set {"numBoard":0}
[2026-01-29 14:37:08.200001] [info] POST /api/board/set {"numBoard":0}
[2026-01-29 14:37:08.400004] [info] POST /api/board/set {"numBoard":0}
[2026-01-29 14:37:08.790614] [debug] WebSocketServer: Broadcasting to 1 clients: {"server_time":"2026-01-29 14:37:08","timestamp":"1769686628790","isConnected":"True","numBoard":"0","numSteps":"1000","numSpeed":"10.000000","numAccel":"10","numDecel":"10","currentPos":"112","startPos":"1891647776","endPos":"32651"}
[2026-01-29 14:37:09.790895] [debug] WebSocketServer: Broadcasting to 1 clients: {"server_time":"2026-01-29 14:37:09","timestamp":"1769686629790","isConnected":"True","numBoard":"0","numSteps":"1000","numSpeed":"10.000000","numAccel":"10","numDecel":"10","currentPos":"112","startPos":"1891647776","endPos":"32651"}
[2026-01-29 14:37:10.791175] [debug] WebSocketServer: Broadcasting to 1 clients: {"server_time":"2026-01-29 14:37:10","timestamp":"1769686630791","isConnected":"True","numBoard":"0","numSteps":"1000","numSpeed":"10.000000","numAccel":"10","numDecel":"10","currentPos":"112","startPos":"1891647776","endPos":"32651"}
[2026-01-29 14:37:11.791458] [debug] WebSocketServer: Broadcasting to 1 clients: {"server_time":"2026-01-29 14:37:11","timestamp":"1769686631791","isConnected":"True","numBoard":"0","numSteps":"1000","numSpeed":"10.000000","numAccel":"10","numDecel":"10","currentPos":"112","startPos":"1891647776","endPos":"32651"}
[2026-01-29 14:37:12.791742] [debug] WebSocketServer: Broadcasting to 1 clients: {"server_time":"2026-01-29 14:37:12","timestamp":"1769686632791","isConnected":"True","numBoard":"0","numSteps":"1000","numSpeed":"10.000000","numAccel":"10","numDecel":"10","currentPos":"112","startPos":"1891647776","endPos":"32651"}
[2026-01-29 14:37:13.792045] [debug] WebSocketServer: Broadcasting to 1 clients: {"server_time":"2026-01-29 14:37:13","timestamp":"1769686633791","isConnected":"True","numBoard":"0","numSteps":"1000","numSpeed":"10.000000","numAccel":"10","numDecel":"10","currentPos":"112","startPos":"1891647776","endPos":"32651"}
[2026-01-29 14:37:14.792391] [debug] WebSocketServer: Broadcasting to 1 clients: {"server_time":"2026-01-29 14:37:14","timestamp":"1769686634792","isConnected":"True","numBoard":"0","numSteps":"1000","numSpeed":"10.000000","numAccel":"10","numDecel":"10","currentPos":"112","startPos":"1891647776","endPos":"32651"}
[2026-01-29 14:37:15.792713] [debug] WebSocketServer: Broadcasting to 1 clients: {"server_time":"2026-01-29 14:37:15","timestamp":"1769686635792","isConnected":"True","numBoard":"0","numSteps":"1000","numSpeed":"10.000000","numAccel":"10","numDecel":"10","currentPos":"112","startPos":"1891647776","endPos":"32651"}
[2026-01-29 14:37:16.792999] [debug] WebSocketServer: Broadcasting to 1 clients: {"server_time":"2026-01-29 14:37:16","timestamp":"1769686636792","isConnected":"True","numBoard":"0","numSteps":"1000","numSpeed":"10.000000","numAccel":"10","numDecel":"10","currentPos":"112","startPos":"1891647776","endPos":"32651"}
[2026-01-29 14:37:17.793316] [debug] WebSocketServer: Broadcasting to 1 clients: {"server_time":"2026-01-29 14:37:17","timestamp":"1769686637793","isConnected":"True","numBoard":"0","numSteps":"1000","numSpeed":"10.000000","numAccel":"10","numDecel":"10","currentPos":"112","startPos":"1891647776","endPos":"32651"}
[2026-01-29 14:37:18.793620] [debug] WebSocketServer: Broadcasting to 1 clients: {"server_time":"2026-01-29 14:37:18","timestamp":"1769686638793","isConnected":"True","numBoard":"0","numSteps":"1000","numSpeed":"10.000000","numAccel":"10","numDecel":"10","currentPos":"112","startPos":"1891647776","endPos":"32651"}
[2026-01-29 14:37:19.794018] [debug] WebSocketServer: Broadcasting to 1 clients: {"server_time":"2026-01-29 14:37:19","timestamp":"1769686639793","isConnected":"True","numBoard":"0","numSteps":"1000","numSpeed":"10.000000","numAccel":"10","numDecel":"10","currentPos":"112","startPos":"1891647776","endPos":"32651"}
[2026-01-29 14:37:20.794393] [debug] WebSocketServer: Broadcasting to 1 clients: {"server_time":"2026-01-29 14:37:20","timestamp":"1769686640794","isConnected":"True","numBoard":"0","numSteps":"1000","numSpeed":"10.000000","numAccel":"10","numDecel":"10","currentPos":"112","startPos":"1891647776","endPos":"32651"}
[2026-01-29 14:37:21.794762] [debug] WebSocketServer: Broadcasting to 1 clients: {"server_time":"2026-01-29 14:37:21","timestamp":"1769686641794","isConnected":"True","numBoard":"0","numSteps":"1000","numSpeed":"10.000000","numAccel":"10","numDecel":"10","currentPos":"112","startPos":"1891647776","endPos":"32651"}
[2026-01-29 14:37:22.795044] [debug] WebSocketServer: Broadcasting to 1 clients: {"server_time":"2026-01-29 14:37:22","timestamp":"1769686642794","isConnected":"True","numBoard":"0","numSteps":"1000","numSpeed":"10.000000","numAccel":"10","numDecel":"10","currentPos":"112","startPos":"1891647776","endPos":"32651"}
[2026-01-29 14:37:23.795343] [debug] WebSocketServer: Broadcasting to 1 clients: {"server_time":"2026-01-29 14:37:23","timestamp":"1769686643795","isConnected":"True","numBoard":"0","numSteps":"1000","numSpeed":"10.000000","numAccel":"10","numDecel":"10","currentPos":"112","startPos":"1891647776","endPos":"32651"}
[2026-01-29 14:37:24.795644] [debug] WebSocketServer: Broadcasting to 1 clients: {"server_time":"2026-01-29 14:37:24","timestamp":"1769686644795","isConnected":"True","numBoard":"0","numSteps":"1000","numSpeed":"10.000000","numAccel":"10","numDecel":"10","currentPos":"112","startPos":"1891647776","endPos":"32651"}
[2026-01-29 14:37:25.795919] [debug] WebSocketServer: Broadcasting to 1 clients: {"server_time":"2026-01-29 14:37:25","timestamp":"1769686645795","isConnected":"True","numBoard":"0","numSteps":"1000","numSpeed":"10.000000","numAccel":"10","numDecel":"10","currentPos":"112","startPos":"1891647776","endPos":"32651"}
[2026-01-29 14:37:26.796236] [debug] WebSocketServer: Broadcasting to 1 clients: {"server_time":"2026-01-29 14:37:26","timestamp":"1769686646796","isConnected":"True","numBoard":"0","numSteps":"1000","numSpeed":"10.000000","numAccel":"10","numDecel":"10","currentPos":"112","startPos":"1891647776","endPos":"32651"}
[2026-01-29 14:37:27.796532] [debug] WebSocketServer: Broadcasting to 1 clients: {"server_time":"2026-01-29 14:37:27","timestamp":"1769686647796","isConnected":"True","numBoard":"0","numSteps":"1000","numSpeed":"10.000000","numAccel":"10","numDecel":"10","currentPos":"112","startPos":"1891647776","endPos":"32651"}
[2026-01-29 14:37:28.796854] [debug] WebSocketServer: Broadcasting to 1 clients: {"server_time":"2026-01-29 14:37:28","timestamp":"1769686648796","isConnected":"True","numBoard":"0","numSteps":"1000","numSpeed":"10.000000","numAccel":"10","numDecel":"10","currentPos":"112","startPos":"1891647776","endPos":"32651"}
[2026-01-29 14:37:29.797138] [debug] WebSocketServer: Broadcasting to 1 clients: {"server_time":"2026-01-29 14:37:29","timestamp":"1769686649797","isConnected":"True","numBoard":"0","numSteps":"1000","numSpeed":"10.000000","numAccel":"10","numDecel":"10","currentPos":"112","startPos":"1891647776","endPos":"32651"}
[2026-01-29 14:37:30.797447] [debug] WebSocketServer: Broadcasting to 1 clients: {"server_time":"2026-01-29 14:37:30","timestamp":"1769686650797","isConnected":"True","numBoard":"0","numSteps":"1000","numSpeed":"10.000000","numAccel":"10","numDecel":"10","currentPos":"112","startPos":"1891647776","endPos":"32651"}
[2026-01-29 14:37:31.797775] [debug] WebSocketServer: Broadcasting to 1 clients: {"server_time":"2026-01-29 14:37:31","timestamp":"1769686651797","isConnected":"True","numBoard":"0","numSteps":"1000","numSpeed":"10.000000","numAccel":"10","numDecel":"10","currentPos":"112","startPos":"1891647776","endPos":"32651"}
[2026-01-29 14:37:32.798053] [debug] WebSocketServer: Broadcasting to 1 clients: {"server_time":"2026-01-29 14:37:32","timestamp":"1769686652797","isConnected":"True","numBoard":"0","numSteps":"1000","numSpeed":"10.000000","numAccel":"10","numDecel":"10","currentPos":"112","startPos":"1891647776","endPos":"32651"}
[2026-01-29 14:37:32.913180] [info] MQTT cancontroller/command/Board: {"numBoard":0}
[2026-01-29 14:37:33.798346] [debug] WebSocketServer: Broadcasting to 1 clients: {"server_time":"2026-01-29 14:37:33","timestamp":"1769686653798","isConnected":"True","numBoard":"0","numSteps":"1000","numSpeed":"10.000000","numAccel":"10","numDecel":"10","currentPos":"112","startPos":"1891647776","endPos":"32651"}
[2026-01-29 14:37:34.798710] [debug] WebSocketServer: Broadcasting to 1 clients: {"server_time":"2026-01-29 14:37:34","timestamp":"1769686654798","isConnected":"True","numBoard":"0","numSteps":"1000","numSpeed":"10.000000","numAccel":"10","numDecel":"10","currentPos":"112","startPos":"1891647776","endPos":"32651"}
[2026-01-29 14:37:35.799047] [debug] WebSocketServer: Broadcasting to 1 clients: {"server_time":"2026-01-29 14:37:35","timestamp":"1769686655798","isConnected":"True","numBoard":"0","numSteps":"1000","numSpeed":"10.000000","numAccel":"10","numDecel":"10","currentPos":"112","startPos":"1891647776","endPos":"32651"}
[2026-01-29 14:37:36.799339] [debug] WebSocketServer: Broadcasting to 1 clients: {"server_time":"2026-01-29 14:37:36","timestamp":"1769686656799","isConnected":"True","numBoard":"0","numSteps":"1000","numSpeed":"10.000000","numAccel":"10","numDecel":"10","currentPos":"112","startPos":"1891647776","endPos":"32651"}
[2026-01-29 14:37:37.799660] [debug] WebSocketServer: Broadcasting to 1 clients: {"server_time":"2026-01-29 14:37:37","timestamp":"1769686657799","isConnected":"True","numBoard":"0","numSteps":"1000","numSpeed":"10.000000","numAccel":"10","numDecel":"10","currentPos":"112","startPos":"1891647776","endPos":"32651"}
[2026-01-29 14:37:38.799959] [debug] WebSocketServer: Broadcasting to 1 clients: {"server_time":"2026-01-29 14:37:38","timestamp":"1769686658799","isConnected":"True","numBoard":"0","numSteps":"1000","numSpeed":"10.000000","numAccel":"10","numDecel":"10","currentPos":"112","startPos":"1891647776","endPos":"32651"}
[2026-01-29 14:37:39.800242] [debug] WebSocketServer: Broadcasting to 1 clients: {"server_time":"2026-01-29 14:37:39","timestamp":"1769686659800","isConnected":"True","numBoard":"0","numSteps":"1000","numSpeed":"10.000000","numAccel":"10","numDecel":"10","currentPos":"112","startPos":"1891647776","endPos":"32651"}
[2026-01-29 14:37:40.800522] [debug] WebSocketServer: Broadcasting to 1 clients: {"server_time":"2026-01-29 14:37:40","timestamp":"1769686660800","isConnected":"True","numBoard":"0","numSteps":"1000","numSpeed":"10.000000","numAccel":"10","numDecel":"10","currentPos":"112","startPos":"1891647776","endPos":"32651"}
[2026-01-29 14:37:41.800814] [debug] WebSocketServer: Broadcasting to 1 clients: {"server_time":"2026-01-29 14:37:41","timestamp":"1769686661800","isConnected":"True","numBoard":"0","numSteps":"1000","numSpeed":"10.000000","numAccel":"10","numDecel":"10","currentPos":"112","startPos":"1891647776","endPos":"32651"}
[2026-01-29 14:37:42.801288] [debug] WebSocketServer: Broadcasting to 1 clients: {"server_time":"2026-01-29 14:37:42","timestamp":"1769686662801","isConnected":"True","numBoard":"0","numSteps":"1000","numSpeed":"10.000000","numAccel":"10","numDecel":"10","currentPos":"112","startPos":"1891647776","endPos":"32651"}
[2026-01-29 14:37:43.801599] [debug] WebSocketServer: Broadcasting to 1 clients: {"server_time":"2026-01-29 14:37:43","timestamp":"1769686663801","isConnected":"True","numBoard":"0","numSteps":"1000","numSpeed":"10.000000","numAccel":"10","numDecel":"10","currentPos":"112","startPos":"1891647776","endPos":"32651"}
[2026-01-29 14:37:44.801973] [debug] WebSocketServer: Broadcasting to 1 clients: {"server_time":"2026-01-29 14:37:44","timestamp":"1769686664801","isConnected":"True","numBoard":"0","numSteps":"1000","numSpeed":"10.000000","numAccel":"10","numDecel":"10","currentPos":"112","startPos":"1891647776","endPos":"32651"}
[2026-01-29 14:37:45.048735] [info] WebSocket client disconnected (ENOTCONN)
[2026-01-29 14:37:45.048853] [info] Session removed. Active clients: 0
[2026-01-29 14:37:45.048902] [info] WebSocket session destroyed
[2026-01-29 14:46:50.075175] [info] WebSocket client connected. Total clients: 1
[2026-01-29 14:46:50.889757] [debug] WebSocketServer: Broadcasting to 1 clients: {"server_time":"2026-01-29 14:46:50","timestamp":"1769687210889","isConnected":"True","numBoard":"0","numSteps":"1000","numSpeed":"10.000000","numAccel":"10","numDecel":"10","currentPos":"112","startPos":"1891647776","endPos":"32651"}
[2026-01-29 14:46:51.890227] [debug] WebSocketServer: Broadcasting to 1 clients: {"server_time":"2026-01-29 14:46:51","timestamp":"1769687211890","isConnected":"True","numBoard":"0","numSteps":"1000","numSpeed":"10.000000","numAccel":"10","numDecel":"10","currentPos":"112","startPos":"1891647776","endPos":"32651"}
[2026-01-29 14:46:51.944519] [info] POST /api/steps/set {"numSteps":1000}
[2026-01-29 14:46:52.890492] [debug] WebSocketServer: Broadcasting to 1 clients: {"server_time":"2026-01-29 14:46:52","timestamp":"1769687212890","isConnected":"True","numBoard":"0","numSteps":"1000","numSpeed":"10.000000","numAccel":"10","numDecel":"10","currentPos":"112","startPos":"1891647776","endPos":"32651"}
[2026-01-29 14:46:53.890799] [debug] WebSocketServer: Broadcasting to 1 clients: {"server_time":"2026-01-29 14:46:53","timestamp":"1769687213890","isConnected":"True","numBoard":"0","numSteps":"1000","numSpeed":"10.000000","numAccel":"10","numDecel":"10","currentPos":"112","startPos":"1891647776","endPos":"32651"}
[2026-01-29 14:46:54.891101] [debug] WebSocketServer: Broadcasting to 1 clients: {"server_time":"2026-01-29 14:46:54","timestamp":"1769687214891","isConnected":"True","numBoard":"0","numSteps":"1000","numSpeed":"10.000000","numAccel":"10","numDecel":"10","currentPos":"112","startPos":"1891647776","endPos":"32651"}
[2026-01-29 14:46:55.891394] [debug] WebSocketServer: Broadcasting to 1 clients: {"server_time":"2026-01-29 14:46:55","timestamp":"1769687215891","isConnected":"True","numBoard":"0","numSteps":"1000","numSpeed":"10.000000","numAccel":"10","numDecel":"10","currentPos":"112","startPos":"1891647776","endPos":"32651"}
[2026-01-29 14:46:56.891686] [debug] WebSocketServer: Broadcasting to 1 clients: {"server_time":"2026-01-29 14:46:56","timestamp":"1769687216891","isConnected":"True","numBoard":"0","numSteps":"1000","numSpeed":"10.000000","numAccel":"10","numDecel":"10","currentPos":"112","startPos":"1891647776","endPos":"32651"}
[2026-01-29 14:46:57.885309] [info] MQTT cancontroller/command/Steps: {"numSteps":1000}
[2026-01-29 14:46:57.885435] [error] Unknown command: Steps
[2026-01-29 14:46:57.891935] [debug] WebSocketServer: Broadcasting to 1 clients: {"server_time":"2026-01-29 14:46:57","timestamp":"1769687217891","isConnected":"True","numBoard":"0","numSteps":"1000","numSpeed":"10.000000","numAccel":"10","numDecel":"10","currentPos":"112","startPos":"1891647776","endPos":"32651"}
[2026-01-29 14:46:58.892193] [debug] WebSocketServer: Broadcasting to 1 clients: {"server_time":"2026-01-29 14:46:58","timestamp":"1769687218892","isConnected":"True","numBoard":"0","numSteps":"1000","numSpeed":"10.000000","numAccel":"10","numDecel":"10","currentPos":"112","startPos":"1891647776","endPos":"32651"}
[2026-01-29 14:46:59.892798] [debug] WebSocketServer: Broadcasting to 1 clients: {"server_time":"2026-01-29 14:46:59","timestamp":"1769687219892","isConnected":"True","numBoard":"0","numSteps":"1000","numSpeed":"10.000000","numAccel":"10","numDecel":"10","currentPos":"112","startPos":"1891647776","endPos":"32651"}
[2026-01-29 14:47:00.893368] [debug] WebSocketServer: Broadcasting to 1 clients: {"server_time":"2026-01-29 14:47:00","timestamp":"1769687220893","isConnected":"True","numBoard":"0","numSteps":"1000","numSpeed":"10.000000","numAccel":"10","numDecel":"10","currentPos":"112","startPos":"1891647776","endPos":"32651"}
[2026-01-29 14:47:01.893966] [debug] WebSocketServer: Broadcasting to 1 clients: {"server_time":"2026-01-29 14:47:01","timestamp":"1769687221893","isConnected":"True","numBoard":"0","numSteps":"1000","numSpeed":"10.000000","numAccel":"10","numDecel":"10","currentPos":"112","startPos":"1891647776","endPos":"32651"}
[2026-01-29 14:47:02.894373] [debug] WebSocketServer: Broadcasting to 1 clients: {"server_time":"2026-01-29 14:47:02","timestamp":"1769687222894","isConnected":"True","numBoard":"0","numSteps":"1000","numSpeed":"10.000000","numAccel":"10","numDecel":"10","currentPos":"112","startPos":"1891647776","endPos":"32651"}
[2026-01-29 14:47:03.894712] [debug] WebSocketServer: Broadcasting to 1 clients: {"server_time":"2026-01-29 14:47:03","timestamp":"1769687223894","isConnected":"True","numBoard":"0","numSteps":"1000","numSpeed":"10.000000","numAccel":"10","numDecel":"10","currentPos":"112","startPos":"1891647776","endPos":"32651"}
[2026-01-29 14:47:04.895005] [debug] WebSocketServer: Broadcasting to 1 clients: {"server_time":"2026-01-29 14:47:04","timestamp":"1769687224894","isConnected":"True","numBoard":"0","numSteps":"1000","numSpeed":"10.000000","numAccel":"10","numDecel":"10","currentPos":"112","startPos":"1891647776","endPos":"32651"}
[2026-01-29 14:47:05.895282] [debug] WebSocketServer: Broadcasting to 1 clients: {"server_time":"2026-01-29 14:47:05","timestamp":"1769687225895","isConnected":"True","numBoard":"0","numSteps":"1000","numSpeed":"10.000000","numAccel":"10","numDecel":"10","currentPos":"112","startPos":"1891647776","endPos":"32651"}
[2026-01-29 14:47:06.895601] [debug] WebSocketServer: Broadcasting to 1 clients: {"server_time":"2026-01-29 14:47:06","timestamp":"1769687226895","isConnected":"True","numBoard":"0","numSteps":"1000","numSpeed":"10.000000","numAccel":"10","numDecel":"10","currentPos":"112","startPos":"1891647776","endPos":"32651"}
[2026-01-29 14:47:07.895918] [debug] WebSocketServer: Broadcasting to 1 clients: {"server_time":"2026-01-29 14:47:07","timestamp":"1769687227895","isConnected":"True","numBoard":"0","numSteps":"1000","numSpeed":"10.000000","numAccel":"10","numDecel":"10","currentPos":"112","startPos":"1891647776","endPos":"32651"}
[2026-01-29 14:47:08.896202] [debug] WebSocketServer: Broadcasting to 1 clients: {"server_time":"2026-01-29 14:47:08","timestamp":"1769687228896","isConnected":"True","numBoard":"0","numSteps":"1000","numSpeed":"10.000000","numAccel":"10","numDecel":"10","currentPos":"112","startPos":"1891647776","endPos":"32651"}
[2026-01-29 14:47:09.896682] [debug] WebSocketServer: Broadcasting to 1 clients: {"server_time":"2026-01-29 14:47:09","timestamp":"1769687229896","isConnected":"True","numBoard":"0","numSteps":"1000","numSpeed":"10.000000","numAccel":"10","numDecel":"10","currentPos":"112","startPos":"1891647776","endPos":"32651"}
[2026-01-29 14:47:10.897292] [debug] WebSocketServer: Broadcasting to 1 clients: {"server_time":"2026-01-29 14:47:10","timestamp":"1769687230897","isConnected":"True","numBoard":"0","numSteps":"1000","numSpeed":"10.000000","numAccel":"10","numDecel":"10","currentPos":"112","startPos":"1891647776","endPos":"32651"}
[2026-01-29 14:47:11.897597] [debug] WebSocketServer: Broadcasting to 1 clients: {"server_time":"2026-01-29 14:47:11","timestamp":"1769687231897","isConnected":"True","numBoard":"0","numSteps":"1000","numSpeed":"10.000000","numAccel":"10","numDecel":"10","currentPos":"112","startPos":"1891647776","endPos":"32651"}
[2026-01-29 14:47:12.897918] [debug] WebSocketServer: Broadcasting to 1 clients: {"server_time":"2026-01-29 14:47:12","timestamp":"1769687232897","isConnected":"True","numBoard":"0","numSteps":"1000","numSpeed":"10.000000","numAccel":"10","numDecel":"10","currentPos":"112","startPos":"1891647776","endPos":"32651"}
[2026-01-29 14:47:12.989560] [info] WebSocket client disconnected (ENOTCONN)
[2026-01-29 14:47:12.989675] [info] Session removed. Active clients: 0
[2026-01-29 14:47:12.989724] [info] WebSocket session destroyed
[2026-01-29 14:53:34.727895] [info] RestApiServer created on port 8080
[2026-01-29 14:53:34.728135] [info] WebSocketServer created on port 8081
[2026-01-29 14:53:34.728305] [info] GrpcApiServer created on port 50051
[2026-01-29 14:53:34.729111] [info] MqttApiServer created on port 1883
[2026-01-29 14:53:34.729253] [info] WebSocketServer: Started auto updates with interval 1000ms
[2026-01-29 14:53:34.729242] [info] WebSocketServer starting on port 8081
[2026-01-29 14:53:34.729300] [info] WebSocketServer: Auto update worker started
[2026-01-29 14:53:34.729389] [info] Connecting to MQTT Broker...
[2026-01-29 14:53:34.729441] [info] Run RestApiServer on port 8080
[2026-01-29 14:53:34.731428] [info] Run gRPC Server on 0.0.0.0:50051
[2026-01-29 14:53:34.739998] [info] MQTT Connection success
[2026-01-29 14:53:34.740104] [info] MQTT Connection success
[2026-01-29 14:53:34.740127] [info] Connection Success via wait()
[2026-01-29 14:53:34.740165] [info] Subscribing to cancontroller/command/# ...
[2026-01-29 14:53:34.740363] [info] Subscription Active!
[2026-01-29 14:53:40.978829] [info] WebSocket client connected. Total clients: 1
[2026-01-29 14:53:41.730429] [debug] WebSocketServer: Broadcasting to 1 clients: {"server_time":"2026-01-29 14:53:41","timestamp":"1769687621730","isConnected":"False","numBoard":"0","numSteps":"25042","numSpeed":"0.000004","numAccel":"210","numDecel":"97","currentPos":"112","startPos":"2214609184","endPos":"31185"}
[2026-01-29 14:53:42.730838] [debug] WebSocketServer: Broadcasting to 1 clients: {"server_time":"2026-01-29 14:53:42","timestamp":"1769687622730","isConnected":"False","numBoard":"0","numSteps":"25042","numSpeed":"0.000004","numAccel":"210","numDecel":"97","currentPos":"112","startPos":"2214609184","endPos":"31185"}
[2026-01-29 14:53:43.731484] [debug] WebSocketServer: Broadcasting to 1 clients: {"server_time":"2026-01-29 14:53:43","timestamp":"1769687623731","isConnected":"False","numBoard":"0","numSteps":"25042","numSpeed":"0.000004","numAccel":"210","numDecel":"97","currentPos":"112","startPos":"2214609184","endPos":"31185"}
[2026-01-29 14:53:44.211904] [info] MQTT cancontroller/command/Connect: {}
[2026-01-29 14:53:44.731796] [debug] WebSocketServer: Broadcasting to 1 clients: {"server_time":"2026-01-29 14:53:44","timestamp":"1769687624731","isConnected":"True","numBoard":"0","numSteps":"25042","numSpeed":"0.000004","numAccel":"210","numDecel":"97","currentPos":"112","startPos":"2214609184","endPos":"31185"}
[2026-01-29 14:53:45.732091] [debug] WebSocketServer: Broadcasting to 1 clients: {"server_time":"2026-01-29 14:53:45","timestamp":"1769687625732","isConnected":"True","numBoard":"0","numSteps":"25042","numSpeed":"0.000004","numAccel":"210","numDecel":"97","currentPos":"112","startPos":"2214609184","endPos":"31185"}
[2026-01-29 14:53:46.732396] [debug] WebSocketServer: Broadcasting to 1 clients: {"server_time":"2026-01-29 14:53:46","timestamp":"1769687626732","isConnected":"True","numBoard":"0","numSteps":"25042","numSpeed":"0.000004","numAccel":"210","numDecel":"97","currentPos":"112","startPos":"2214609184","endPos":"31185"}
[2026-01-29 14:53:47.114629] [info] MQTT cancontroller/command/Board: {"numBoard":0}
[2026-01-29 14:53:47.732734] [debug] WebSocketServer: Broadcasting to 1 clients: {"server_time":"2026-01-29 14:53:47","timestamp":"1769687627732","isConnected":"True","numBoard":"0","numSteps":"25042","numSpeed":"0.000004","numAccel":"210","numDecel":"97","currentPos":"112","startPos":"2214609184","endPos":"31185"}
[2026-01-29 14:53:48.733043] [debug] WebSocketServer: Broadcasting to 1 clients: {"server_time":"2026-01-29 14:53:48","timestamp":"1769687628732","isConnected":"True","numBoard":"0","numSteps":"25042","numSpeed":"0.000004","numAccel":"210","numDecel":"97","currentPos":"112","startPos":"2214609184","endPos":"31185"}
[2026-01-29 14:53:49.733365] [debug] WebSocketServer: Broadcasting to 1 clients: {"server_time":"2026-01-29 14:53:49","timestamp":"1769687629733","isConnected":"True","numBoard":"0","numSteps":"25042","numSpeed":"0.000004","numAccel":"210","numDecel":"97","currentPos":"112","startPos":"2214609184","endPos":"31185"}
[2026-01-29 14:53:50.733676] [debug] WebSocketServer: Broadcasting to 1 clients: {"server_time":"2026-01-29 14:53:50","timestamp":"1769687630733","isConnected":"True","numBoard":"0","numSteps":"25042","numSpeed":"0.000004","numAccel":"210","numDecel":"97","currentPos":"112","startPos":"2214609184","endPos":"31185"}
[2026-01-29 14:53:51.734020] [debug] WebSocketServer: Broadcasting to 1 clients: {"server_time":"2026-01-29 14:53:51","timestamp":"1769687631733","isConnected":"True","numBoard":"0","numSteps":"25042","numSpeed":"0.000004","numAccel":"210","numDecel":"97","currentPos":"112","startPos":"2214609184","endPos":"31185"}
[2026-01-29 14:53:52.734522] [debug] WebSocketServer: Broadcasting to 1 clients: {"server_time":"2026-01-29 14:53:52","timestamp":"1769687632734","isConnected":"True","numBoard":"0","numSteps":"25042","numSpeed":"0.000004","numAccel":"210","numDecel":"97","currentPos":"112","startPos":"2214609184","endPos":"31185"}
[2026-01-29 14:53:53.735061] [debug] WebSocketServer: Broadcasting to 1 clients: {"server_time":"2026-01-29 14:53:53","timestamp":"1769687633734","isConnected":"True","numBoard":"0","numSteps":"25042","numSpeed":"0.000004","numAccel":"210","numDecel":"97","currentPos":"112","startPos":"2214609184","endPos":"31185"}
[2026-01-29 14:53:54.735590] [debug] WebSocketServer: Broadcasting to 1 clients: {"server_time":"2026-01-29 14:53:54","timestamp":"1769687634735","isConnected":"True","numBoard":"0","numSteps":"25042","numSpeed":"0.000004","numAccel":"210","numDecel":"97","currentPos":"112","startPos":"2214609184","endPos":"31185"}
[2026-01-29 14:53:55.735967] [debug] WebSocketServer: Broadcasting to 1 clients: {"server_time":"2026-01-29 14:53:55","timestamp":"1769687635735","isConnected":"True","numBoard":"0","numSteps":"25042","numSpeed":"0.000004","numAccel":"210","numDecel":"97","currentPos":"112","startPos":"2214609184","endPos":"31185"}
[2026-01-29 14:53:56.736258] [debug] WebSocketServer: Broadcasting to 1 clients: {"server_time":"2026-01-29 14:53:56","timestamp":"1769687636736","isConnected":"True","numBoard":"0","numSteps":"25042","numSpeed":"0.000004","numAccel":"210","numDecel":"97","currentPos":"112","startPos":"2214609184","endPos":"31185"}
[2026-01-29 14:53:57.736759] [debug] WebSocketServer: Broadcasting to 1 clients: {"server_time":"2026-01-29 14:53:57","timestamp":"1769687637736","isConnected":"True","numBoard":"0","numSteps":"25042","numSpeed":"0.000004","numAccel":"210","numDecel":"97","currentPos":"112","startPos":"2214609184","endPos":"31185"}
[2026-01-29 14:53:58.737093] [debug] WebSocketServer: Broadcasting to 1 clients: {"server_time":"2026-01-29 14:53:58","timestamp":"1769687638737","isConnected":"True","numBoard":"0","numSteps":"25042","numSpeed":"0.000004","numAccel":"210","numDecel":"97","currentPos":"112","startPos":"2214609184","endPos":"31185"}
[2026-01-29 14:53:59.683588] [info] MQTT cancontroller/command/Steps: {"numSteps":1000}
[2026-01-29 14:53:59.737381] [debug] WebSocketServer: Broadcasting to 1 clients: {"server_time":"2026-01-29 14:53:59","timestamp":"1769687639737","isConnected":"True","numBoard":"0","numSteps":"1000","numSpeed":"0.000004","numAccel":"210","numDecel":"97","currentPos":"112","startPos":"2214609184","endPos":"31185"}
[2026-01-29 14:54:00.737674] [debug] WebSocketServer: Broadcasting to 1 clients: {"server_time":"2026-01-29 14:54:00","timestamp":"1769687640737","isConnected":"True","numBoard":"0","numSteps":"1000","numSpeed":"0.000004","numAccel":"210","numDecel":"97","currentPos":"112","startPos":"2214609184","endPos":"31185"}
[2026-01-29 14:54:01.737937] [debug] WebSocketServer: Broadcasting to 1 clients: {"server_time":"2026-01-29 14:54:01","timestamp":"1769687641737","isConnected":"True","numBoard":"0","numSteps":"1000","numSpeed":"0.000004","numAccel":"210","numDecel":"97","currentPos":"112","startPos":"2214609184","endPos":"31185"}
[2026-01-29 14:54:02.738216] [debug] WebSocketServer: Broadcasting to 1 clients: {"server_time":"2026-01-29 14:54:02","timestamp":"1769687642738","isConnected":"True","numBoard":"0","numSteps":"1000","numSpeed":"0.000004","numAccel":"210","numDecel":"97","currentPos":"112","startPos":"2214609184","endPos":"31185"}
[2026-01-29 14:54:03.738671] [debug] WebSocketServer: Broadcasting to 1 clients: {"server_time":"2026-01-29 14:54:03","timestamp":"1769687643738","isConnected":"True","numBoard":"0","numSteps":"1000","numSpeed":"0.000004","numAccel":"210","numDecel":"97","currentPos":"112","startPos":"2214609184","endPos":"31185"}
[2026-01-29 14:54:04.739173] [debug] WebSocketServer: Broadcasting to 1 clients: {"server_time":"2026-01-29 14:54:04","timestamp":"1769687644739","isConnected":"True","numBoard":"0","numSteps":"1000","numSpeed":"0.000004","numAccel":"210","numDecel":"97","currentPos":"112","startPos":"2214609184","endPos":"31185"}
[2026-01-29 14:54:05.019592] [info] MQTT cancontroller/command/Speed: {"numSpeed":10}
[2026-01-29 14:54:05.739482] [debug] WebSocketServer: Broadcasting to 1 clients: {"server_time":"2026-01-29 14:54:05","timestamp":"1769687645739","isConnected":"True","numBoard":"0","numSteps":"10","numSpeed":"0.000004","numAccel":"210","numDecel":"97","currentPos":"112","startPos":"2214609184","endPos":"31185"}
[2026-01-29 14:54:06.739772] [debug] WebSocketServer: Broadcasting to 1 clients: {"server_time":"2026-01-29 14:54:06","timestamp":"1769687646739","isConnected":"True","numBoard":"0","numSteps":"10","numSpeed":"0.000004","numAccel":"210","numDecel":"97","currentPos":"112","startPos":"2214609184","endPos":"31185"}
[2026-01-29 14:54:07.740067] [debug] WebSocketServer: Broadcasting to 1 clients: {"server_time":"2026-01-29 14:54:07","timestamp":"1769687647740","isConnected":"True","numBoard":"0","numSteps":"10","numSpeed":"0.000004","numAccel":"210","numDecel":"97","currentPos":"112","startPos":"2214609184","endPos":"31185"}
[2026-01-29 14:54:08.740578] [debug] WebSocketServer: Broadcasting to 1 clients: {"server_time":"2026-01-29 14:54:08","timestamp":"1769687648740","isConnected":"True","numBoard":"0","numSteps":"10","numSpeed":"0.000004","numAccel":"210","numDecel":"97","currentPos":"112","startPos":"2214609184","endPos":"31185"}
[2026-01-29 14:54:09.740891] [debug] WebSocketServer: Broadcasting to 1 clients: {"server_time":"2026-01-29 14:54:09","timestamp":"1769687649740","isConnected":"True","numBoard":"0","numSteps":"10","numSpeed":"0.000004","numAccel":"210","numDecel":"97","currentPos":"112","startPos":"2214609184","endPos":"31185"}
[2026-01-29 14:54:10.741190] [debug] WebSocketServer: Broadcasting to 1 clients: {"server_time":"2026-01-29 14:54:10","timestamp":"1769687650741","isConnected":"True","numBoard":"0","numSteps":"10","numSpeed":"0.000004","numAccel":"210","numDecel":"97","currentPos":"112","startPos":"2214609184","endPos":"31185"}
[2026-01-29 14:54:10.851741] [info] WebSocket client disconnected (ENOTCONN)
[2026-01-29 14:54:10.851843] [info] Session removed. Active clients: 0
[2026-01-29 14:54:10.851876] [info] WebSocket session destroyed
[2026-01-29 14:59:43.205465] [info] RestApiServer created on port 8080
[2026-01-29 14:59:43.205684] [info] WebSocketServer created on port 8081
[2026-01-29 14:59:43.205801] [info] GrpcApiServer created on port 50051
[2026-01-29 14:59:43.206658] [info] MqttApiServer created on port 1883
[2026-01-29 14:59:43.206773] [info] WebSocketServer starting on port 8081
[2026-01-29 14:59:43.206903] [info] WebSocketServer: Started auto updates with interval 1000ms
[2026-01-29 14:59:43.207153] [info] Run RestApiServer on port 8080
[2026-01-29 14:59:43.207193] [info] Connecting to MQTT Broker...
[2026-01-29 14:59:43.207278] [info] WebSocketServer: Auto update worker started
[2026-01-29 14:59:43.209343] [info] Run gRPC Server on 0.0.0.0:50051
[2026-01-29 14:59:43.218134] [info] MQTT Connection success
[2026-01-29 14:59:43.218340] [info] MQTT Connection success
[2026-01-29 14:59:43.218368] [info] Connection Success via wait()
[2026-01-29 14:59:43.218425] [info] Subscribing to cancontroller/command/# ...
[2026-01-29 14:59:43.218602] [info] Subscription Active!
[2026-01-29 14:59:48.057515] [info] WebSocket client connected. Total clients: 1
[2026-01-29 14:59:48.208086] [debug] WebSocketServer: Broadcasting to 1 clients: {"server_time":"2026-01-29 14:59:48","timestamp":"1769687988207","isConnected":"False","numBoard":"0","numSteps":"25869","numSpeed":"-0.000000","numAccel":"13","numDecel":"101","currentPos":"112","startPos":"2086682912","endPos":"32593"}
[2026-01-29 14:59:49.208508] [debug] WebSocketServer: Broadcasting to 1 clients: {"server_time":"2026-01-29 14:59:49","timestamp":"1769687989208","isConnected":"False","numBoard":"0","numSteps":"25869","numSpeed":"-0.000000","numAccel":"13","numDecel":"101","currentPos":"112","startPos":"2086682912","endPos":"32593"}
[2026-01-29 14:59:50.208812] [debug] WebSocketServer: Broadcasting to 1 clients: {"server_time":"2026-01-29 14:59:50","timestamp":"1769687990208","isConnected":"False","numBoard":"0","numSteps":"25869","numSpeed":"-0.000000","numAccel":"13","numDecel":"101","currentPos":"112","startPos":"2086682912","endPos":"32593"}
[2026-01-29 14:59:51.209112] [debug] WebSocketServer: Broadcasting to 1 clients: {"server_time":"2026-01-29 14:59:51","timestamp":"1769687991209","isConnected":"False","numBoard":"0","numSteps":"25869","numSpeed":"-0.000000","numAccel":"13","numDecel":"101","currentPos":"112","startPos":"2086682912","endPos":"32593"}
[2026-01-29 14:59:51.481350] [info] MQTT cancontroller/command/Connect: {}
[2026-01-29 14:59:52.209396] [debug] WebSocketServer: Broadcasting to 1 clients: {"server_time":"2026-01-29 14:59:52","timestamp":"1769687992209","isConnected":"True","numBoard":"0","numSteps":"25869","numSpeed":"-0.000000","numAccel":"13","numDecel":"101","currentPos":"112","startPos":"2086682912","endPos":"32593"}
[2026-01-29 14:59:53.209702] [debug] WebSocketServer: Broadcasting to 1 clients: {"server_time":"2026-01-29 14:59:53","timestamp":"1769687993209","isConnected":"True","numBoard":"0","numSteps":"25869","numSpeed":"-0.000000","numAccel":"13","numDecel":"101","currentPos":"112","startPos":"2086682912","endPos":"32593"}
[2026-01-29 14:59:54.209991] [debug] WebSocketServer: Broadcasting to 1 clients: {"server_time":"2026-01-29 14:59:54","timestamp":"1769687994209","isConnected":"True","numBoard":"0","numSteps":"25869","numSpeed":"-0.000000","numAccel":"13","numDecel":"101","currentPos":"112","startPos":"2086682912","endPos":"32593"}
[2026-01-29 14:59:54.346086] [info] MQTT cancontroller/command/Board: {"numBoard":0}
[2026-01-29 14:59:55.210262] [debug] WebSocketServer: Broadcasting to 1 clients: {"server_time":"2026-01-29 14:59:55","timestamp":"1769687995210","isConnected":"True","numBoard":"0","numSteps":"25869","numSpeed":"-0.000000","numAccel":"13","numDecel":"101","currentPos":"112","startPos":"2086682912","endPos":"32593"}
[2026-01-29 14:59:56.066074] [info] MQTT cancontroller/command/Steps: {"numSteps":1000}
[2026-01-29 14:59:56.210542] [debug] WebSocketServer: Broadcasting to 1 clients: {"server_time":"2026-01-29 14:59:56","timestamp":"1769687996210","isConnected":"True","numBoard":"0","numSteps":"1000","numSpeed":"-0.000000","numAccel":"13","numDecel":"101","currentPos":"112","startPos":"2086682912","endPos":"32593"}
[2026-01-29 14:59:57.210848] [debug] WebSocketServer: Broadcasting to 1 clients: {"server_time":"2026-01-29 14:59:57","timestamp":"1769687997210","isConnected":"True","numBoard":"0","numSteps":"1000","numSpeed":"-0.000000","numAccel":"13","numDecel":"101","currentPos":"112","startPos":"2086682912","endPos":"32593"}
[2026-01-29 14:59:58.211341] [debug] WebSocketServer: Broadcasting to 1 clients: {"server_time":"2026-01-29 14:59:58","timestamp":"1769687998211","isConnected":"True","numBoard":"0","numSteps":"1000","numSpeed":"-0.000000","numAccel":"13","numDecel":"101","currentPos":"112","startPos":"2086682912","endPos":"32593"}
[2026-01-29 14:59:59.211677] [debug] WebSocketServer: Broadcasting to 1 clients: {"server_time":"2026-01-29 14:59:59","timestamp":"1769687999211","isConnected":"True","numBoard":"0","numSteps":"1000","numSpeed":"-0.000000","numAccel":"13","numDecel":"101","currentPos":"112","startPos":"2086682912","endPos":"32593"}
[2026-01-29 15:00:00.212240] [debug] WebSocketServer: Broadcasting to 1 clients: {"server_time":"2026-01-29 15:00:00","timestamp":"1769688000212","isConnected":"True","numBoard":"0","numSteps":"1000","numSpeed":"-0.000000","numAccel":"13","numDecel":"101","currentPos":"112","startPos":"2086682912","endPos":"32593"}
[2026-01-29 15:00:00.826144] [info] MQTT cancontroller/command/Speed: {"numSpeed":10}
[2026-01-29 15:00:01.212971] [debug] WebSocketServer: Broadcasting to 1 clients: {"server_time":"2026-01-29 15:00:01","timestamp":"1769688001212","isConnected":"True","numBoard":"0","numSteps":"10","numSpeed":"-0.000000","numAccel":"13","numDecel":"101","currentPos":"112","startPos":"2086682912","endPos":"32593"}
[2026-01-29 15:00:02.213392] [debug] WebSocketServer: Broadcasting to 1 clients: {"server_time":"2026-01-29 15:00:02","timestamp":"1769688002213","isConnected":"True","numBoard":"0","numSteps":"10","numSpeed":"-0.000000","numAccel":"13","numDecel":"101","currentPos":"112","startPos":"2086682912","endPos":"32593"}
[2026-01-29 15:00:03.213866] [debug] WebSocketServer: Broadcasting to 1 clients: {"server_time":"2026-01-29 15:00:03","timestamp":"1769688003213","isConnected":"True","numBoard":"0","numSteps":"10","numSpeed":"-0.000000","numAccel":"13","numDecel":"101","currentPos":"112","startPos":"2086682912","endPos":"32593"}
[2026-01-29 15:00:04.214179] [debug] WebSocketServer: Broadcasting to 1 clients: {"server_time":"2026-01-29 15:00:04","timestamp":"1769688004214","isConnected":"True","numBoard":"0","numSteps":"10","numSpeed":"-0.000000","numAccel":"13","numDecel":"101","currentPos":"112","startPos":"2086682912","endPos":"32593"}
[2026-01-29 15:00:05.214550] [debug] WebSocketServer: Broadcasting to 1 clients: {"server_time":"2026-01-29 15:00:05","timestamp":"1769688005214","isConnected":"True","numBoard":"0","numSteps":"10","numSpeed":"-0.000000","numAccel":"13","numDecel":"101","currentPos":"112","startPos":"2086682912","endPos":"32593"}
[2026-01-29 15:00:05.554187] [info] MQTT cancontroller/command/Accel: {"numAccel":10}
[2026-01-29 15:00:06.215056] [debug] WebSocketServer: Broadcasting to 1 clients: {"server_time":"2026-01-29 15:00:06","timestamp":"1769688006214","isConnected":"True","numBoard":"0","numSteps":"10","numSpeed":"-0.000000","numAccel":"10","numDecel":"101","currentPos":"112","startPos":"2086682912","endPos":"32593"}
[2026-01-29 15:00:07.215543] [debug] WebSocketServer: Broadcasting to 1 clients: {"server_time":"2026-01-29 15:00:07","timestamp":"1769688007215","isConnected":"True","numBoard":"0","numSteps":"10","numSpeed":"-0.000000","numAccel":"10","numDecel":"101","currentPos":"112","startPos":"2086682912","endPos":"32593"}
[2026-01-29 15:00:08.216459] [debug] WebSocketServer: Broadcasting to 1 clients: {"server_time":"2026-01-29 15:00:08","timestamp":"1769688008216","isConnected":"True","numBoard":"0","numSteps":"10","numSpeed":"-0.000000","numAccel":"10","numDecel":"101","currentPos":"112","startPos":"2086682912","endPos":"32593"}
[2026-01-29 15:00:08.354236] [info] MQTT cancontroller/command/Decel: {"numDecel":10}
[2026-01-29 15:00:09.216912] [debug] WebSocketServer: Broadcasting to 1 clients: {"server_time":"2026-01-29 15:00:09","timestamp":"1769688009216","isConnected":"True","numBoard":"0","numSteps":"10","numSpeed":"-0.000000","numAccel":"10","numDecel":"10","currentPos":"112","startPos":"2086682912","endPos":"32593"}
[2026-01-29 15:00:10.217205] [debug] WebSocketServer: Broadcasting to 1 clients: {"server_time":"2026-01-29 15:00:10","timestamp":"1769688010217","isConnected":"True","numBoard":"0","numSteps":"10","numSpeed":"-0.000000","numAccel":"10","numDecel":"10","currentPos":"112","startPos":"2086682912","endPos":"32593"}
[2026-01-29 15:00:10.559503] [info] MQTT cancontroller/command/Forward: {}
[2026-01-29 15:00:11.217478] [debug] WebSocketServer: Broadcasting to 1 clients: {"server_time":"2026-01-29 15:00:11","timestamp":"1769688011217","isConnected":"True","numBoard":"0","numSteps":"10","numSpeed":"-0.000000","numAccel":"10","numDecel":"10","currentPos":"112","startPos":"2086682912","endPos":"32593"}
[2026-01-29 15:00:11.401836] [info] MQTT cancontroller/command/Forward: {}
[2026-01-29 15:00:11.961825] [info] MQTT cancontroller/command/Forward: {}
[2026-01-29 15:00:12.218130] [debug] WebSocketServer: Broadcasting to 1 clients: {"server_time":"2026-01-29 15:00:12","timestamp":"1769688012218","isConnected":"True","numBoard":"0","numSteps":"10","numSpeed":"-0.000000","numAccel":"10","numDecel":"10","currentPos":"112","startPos":"2086682912","endPos":"32593"}
[2026-01-29 15:00:12.490022] [info] MQTT cancontroller/command/Forward: {}
[2026-01-29 15:00:13.113918] [info] MQTT cancontroller/command/Forward: {}
[2026-01-29 15:00:13.218418] [debug] WebSocketServer: Broadcasting to 1 clients: {"server_time":"2026-01-29 15:00:13","timestamp":"1769688013218","isConnected":"True","numBoard":"0","numSteps":"10","numSpeed":"-0.000000","numAccel":"10","numDecel":"10","currentPos":"112","startPos":"2086682912","endPos":"32593"}
[2026-01-29 15:00:13.626456] [info] MQTT cancontroller/command/Forward: {}
[2026-01-29 15:00:14.130226] [info] MQTT cancontroller/command/Forward: {}
[2026-01-29 15:00:14.218701] [debug] WebSocketServer: Broadcasting to 1 clients: {"server_time":"2026-01-29 15:00:14","timestamp":"1769688014218","isConnected":"True","numBoard":"0","numSteps":"10","numSpeed":"-0.000000","numAccel":"10","numDecel":"10","currentPos":"112","startPos":"2086682912","endPos":"32593"}
[2026-01-29 15:00:14.609927] [info] MQTT cancontroller/command/Forward: {}
[2026-01-29 15:00:15.130308] [info] MQTT cancontroller/command/Forward: {}
[2026-01-29 15:00:15.219240] [debug] WebSocketServer: Broadcasting to 1 clients: {"server_time":"2026-01-29 15:00:15","timestamp":"1769688015219","isConnected":"True","numBoard":"0","numSteps":"10","numSpeed":"-0.000000","numAccel":"10","numDecel":"10","currentPos":"112","startPos":"2086682912","endPos":"32593"}
[2026-01-29 15:00:15.626013] [info] MQTT cancontroller/command/Forward: {}
[2026-01-29 15:00:16.219526] [debug] WebSocketServer: Broadcasting to 1 clients: {"server_time":"2026-01-29 15:00:16","timestamp":"1769688016219","isConnected":"True","numBoard":"0","numSteps":"10","numSpeed":"-0.000000","numAccel":"10","numDecel":"10","currentPos":"112","startPos":"2086682912","endPos":"32593"}
[2026-01-29 15:00:16.273834] [info] MQTT cancontroller/command/Forward: {}
[2026-01-29 15:00:17.219793] [debug] WebSocketServer: Broadcasting to 1 clients: {"server_time":"2026-01-29 15:00:17","timestamp":"1769688017219","isConnected":"True","numBoard":"0","numSteps":"10","numSpeed":"-0.000000","numAccel":"10","numDecel":"10","currentPos":"112","startPos":"2086682912","endPos":"32593"}
[2026-01-29 15:00:17.649483] [info] MQTT cancontroller/command/Steps: {"numSteps":1000}
[2026-01-29 15:00:18.220049] [debug] WebSocketServer: Broadcasting to 1 clients: {"server_time":"2026-01-29 15:00:18","timestamp":"1769688018220","isConnected":"True","numBoard":"0","numSteps":"1000","numSpeed":"-0.000000","numAccel":"10","numDecel":"10","currentPos":"112","startPos":"2086682912","endPos":"32593"}
[2026-01-29 15:00:19.202194] [info] MQTT cancontroller/command/Steps: {"numSteps":1000}
[2026-01-29 15:00:19.220353] [debug] WebSocketServer: Broadcasting to 1 clients: {"server_time":"2026-01-29 15:00:19","timestamp":"1769688019220","isConnected":"True","numBoard":"0","numSteps":"1000","numSpeed":"-0.000000","numAccel":"10","numDecel":"10","currentPos":"112","startPos":"2086682912","endPos":"32593"}
[2026-01-29 15:00:19.889804] [info] MQTT cancontroller/command/Steps: {"numSteps":1000}
[2026-01-29 15:00:20.220958] [debug] WebSocketServer: Broadcasting to 1 clients: {"server_time":"2026-01-29 15:00:20","timestamp":"1769688020220","isConnected":"True","numBoard":"0","numSteps":"1000","numSpeed":"-0.000000","numAccel":"10","numDecel":"10","currentPos":"112","startPos":"2086682912","endPos":"32593"}
[2026-01-29 15:00:20.417993] [info] MQTT cancontroller/command/Steps: {"numSteps":1000}
[2026-01-29 15:00:21.221251] [debug] WebSocketServer: Broadcasting to 1 clients: {"server_time":"2026-01-29 15:00:21","timestamp":"1769688021221","isConnected":"True","numBoard":"0","numSteps":"1000","numSpeed":"-0.000000","numAccel":"10","numDecel":"10","currentPos":"112","startPos":"2086682912","endPos":"32593"}
[2026-01-29 15:00:21.938258] [info] MQTT cancontroller/command/Forward: {}
[2026-01-29 15:00:22.221524] [debug] WebSocketServer: Broadcasting to 1 clients: {"server_time":"2026-01-29 15:00:22","timestamp":"1769688022221","isConnected":"True","numBoard":"0","numSteps":"1000","numSpeed":"-0.000000","numAccel":"10","numDecel":"10","currentPos":"112","startPos":"2086682912","endPos":"32593"}
[2026-01-29 15:00:22.330108] [info] MQTT cancontroller/command/Forward: {}
[2026-01-29 15:00:23.161775] [info] MQTT cancontroller/command/Forward: {}
[2026-01-29 15:00:23.221815] [debug] WebSocketServer: Broadcasting to 1 clients: {"server_time":"2026-01-29 15:00:23","timestamp":"1769688023221","isConnected":"True","numBoard":"0","numSteps":"1000","numSpeed":"-0.000000","numAccel":"10","numDecel":"10","currentPos":"112","startPos":"2086682912","endPos":"32593"}
[2026-01-29 15:00:24.222110] [debug] WebSocketServer: Broadcasting to 1 clients: {"server_time":"2026-01-29 15:00:24","timestamp":"1769688024222","isConnected":"True","numBoard":"0","numSteps":"1000","numSpeed":"-0.000000","numAccel":"10","numDecel":"10","currentPos":"112","startPos":"2086682912","endPos":"32593"}
[2026-01-29 15:00:24.497840] [info] MQTT cancontroller/command/Backward: {}
[2026-01-29 15:00:25.222366] [debug] WebSocketServer: Broadcasting to 1 clients: {"server_time":"2026-01-29 15:00:25","timestamp":"1769688025222","isConnected":"True","numBoard":"0","numSteps":"1000","numSpeed":"-0.000000","numAccel":"10","numDecel":"10","currentPos":"112","startPos":"2086682912","endPos":"32593"}
[2026-01-29 15:00:26.222650] [debug] WebSocketServer: Broadcasting to 1 clients: {"server_time":"2026-01-29 15:00:26","timestamp":"1769688026222","isConnected":"True","numBoard":"0","numSteps":"1000","numSpeed":"-0.000000","numAccel":"10","numDecel":"10","currentPos":"112","startPos":"2086682912","endPos":"32593"}
[2026-01-29 15:00:26.298116] [info] MQTT cancontroller/command/Board: {"numBoard":0}
[2026-01-29 15:00:26.658258] [info] MQTT cancontroller/command/Steps: {"numSteps":1000}
[2026-01-29 15:00:26.994279] [info] MQTT cancontroller/command/Speed: {"numSpeed":10}
[2026-01-29 15:00:27.222921] [debug] WebSocketServer: Broadcasting to 1 clients: {"server_time":"2026-01-29 15:00:27","timestamp":"1769688027222","isConnected":"True","numBoard":"0","numSteps":"10","numSpeed":"-0.000000","numAccel":"10","numDecel":"10","currentPos":"112","startPos":"2086682912","endPos":"32593"}
[2026-01-29 15:00:27.337698] [info] MQTT cancontroller/command/Accel: {"numAccel":10}
[2026-01-29 15:00:27.690013] [info] MQTT cancontroller/command/Decel: {"numDecel":10}
[2026-01-29 15:00:28.058063] [info] MQTT cancontroller/command/Forward: {}
[2026-01-29 15:00:28.223222] [debug] WebSocketServer: Broadcasting to 1 clients: {"server_time":"2026-01-29 15:00:28","timestamp":"1769688028223","isConnected":"True","numBoard":"0","numSteps":"10","numSpeed":"-0.000000","numAccel":"10","numDecel":"10","currentPos":"112","startPos":"2086682912","endPos":"32593"}
[2026-01-29 15:00:28.825763] [info] MQTT cancontroller/command/Backward: {}
[2026-01-29 15:00:29.223735] [debug] WebSocketServer: Broadcasting to 1 clients: {"server_time":"2026-01-29 15:00:29","timestamp":"1769688029223","isConnected":"True","numBoard":"0","numSteps":"10","numSpeed":"-0.000000","numAccel":"10","numDecel":"10","currentPos":"112","startPos":"2086682912","endPos":"32593"}
[2026-01-29 15:00:29.713759] [info] MQTT cancontroller/command/Forward: {}
[2026-01-29 15:00:30.218251] [info] MQTT cancontroller/command/Backward: {}
[2026-01-29 15:00:30.224003] [debug] WebSocketServer: Broadcasting to 1 clients: {"server_time":"2026-01-29 15:00:30","timestamp":"1769688030223","isConnected":"True","numBoard":"0","numSteps":"10","numSpeed":"-0.000000","numAccel":"10","numDecel":"10","currentPos":"112","startPos":"2086682912","endPos":"32593"}
[2026-01-29 15:00:30.690120] [info] MQTT cancontroller/command/Forward: {}
[2026-01-29 15:00:31.122210] [info] MQTT cancontroller/command/Backward: {}
[2026-01-29 15:00:31.224251] [debug] WebSocketServer: Broadcasting to 1 clients: {"server_time":"2026-01-29 15:00:31","timestamp":"1769688031224","isConnected":"True","numBoard":"0","numSteps":"10","numSpeed":"-0.000000","numAccel":"10","numDecel":"10","currentPos":"112","startPos":"2086682912","endPos":"32593"}
[2026-01-29 15:00:31.594301] [info] MQTT cancontroller/command/Forward: {}
[2026-01-29 15:00:32.026279] [info] MQTT cancontroller/command/Backward: {}
[2026-01-29 15:00:32.224509] [debug] WebSocketServer: Broadcasting to 1 clients: {"server_time":"2026-01-29 15:00:32","timestamp":"1769688032224","isConnected":"True","numBoard":"0","numSteps":"10","numSpeed":"-0.000000","numAccel":"10","numDecel":"10","currentPos":"112","startPos":"2086682912","endPos":"32593"}
[2026-01-29 15:00:33.224785] [debug] WebSocketServer: Broadcasting to 1 clients: {"server_time":"2026-01-29 15:00:33","timestamp":"1769688033224","isConnected":"True","numBoard":"0","numSteps":"10","numSpeed":"-0.000000","numAccel":"10","numDecel":"10","currentPos":"112","startPos":"2086682912","endPos":"32593"}
[2026-01-29 15:00:33.490219] [info] MQTT cancontroller/command/Steps: {"numSteps":1000}
[2026-01-29 15:00:34.073747] [info] MQTT cancontroller/command/Forward: {}
[2026-01-29 15:00:34.225263] [debug] WebSocketServer: Broadcasting to 1 clients: {"server_time":"2026-01-29 15:00:34","timestamp":"1769688034225","isConnected":"True","numBoard":"0","numSteps":"1000","numSpeed":"-0.000000","numAccel":"10","numDecel":"10","currentPos":"112","startPos":"2086682912","endPos":"32593"}
[2026-01-29 15:00:35.225555] [debug] WebSocketServer: Broadcasting to 1 clients: {"server_time":"2026-01-29 15:00:35","timestamp":"1769688035225","isConnected":"True","numBoard":"0","numSteps":"1000","numSpeed":"-0.000000","numAccel":"10","numDecel":"10","currentPos":"112","startPos":"2086682912","endPos":"32593"}
[2026-01-29 15:00:36.226100] [debug] WebSocketServer: Broadcasting to 1 clients: {"server_time":"2026-01-29 15:00:36","timestamp":"1769688036226","isConnected":"True","numBoard":"0","numSteps":"1000","numSpeed":"-0.000000","numAccel":"10","numDecel":"10","currentPos":"112","startPos":"2086682912","endPos":"32593"}
[2026-01-29 15:00:36.354179] [info] MQTT cancontroller/command/Forward: {}
[2026-01-29 15:00:37.226398] [debug] WebSocketServer: Broadcasting to 1 clients: {"server_time":"2026-01-29 15:00:37","timestamp":"1769688037226","isConnected":"True","numBoard":"0","numSteps":"1000","numSpeed":"-0.000000","numAccel":"10","numDecel":"10","currentPos":"112","startPos":"2086682912","endPos":"32593"}
[2026-01-29 15:00:37.505733] [info] MQTT cancontroller/command/Forward: {}
[2026-01-29 15:00:38.226677] [debug] WebSocketServer: Broadcasting to 1 clients: {"server_time":"2026-01-29 15:00:38","timestamp":"1769688038226","isConnected":"True","numBoard":"0","numSteps":"1000","numSpeed":"-0.000000","numAccel":"10","numDecel":"10","currentPos":"112","startPos":"2086682912","endPos":"32593"}
[2026-01-29 15:00:38.624725] [info] MQTT cancontroller/command/Speed: {"numSpeed":10}
[2026-01-29 15:00:39.226951] [debug] WebSocketServer: Broadcasting to 1 clients: {"server_time":"2026-01-29 15:00:39","timestamp":"1769688039226","isConnected":"True","numBoard":"0","numSteps":"10","numSpeed":"-0.000000","numAccel":"10","numDecel":"10","currentPos":"112","startPos":"2086682912","endPos":"32593"}
[2026-01-29 15:00:40.227450] [debug] WebSocketServer: Broadcasting to 1 clients: {"server_time":"2026-01-29 15:00:40","timestamp":"1769688040227","isConnected":"True","numBoard":"0","numSteps":"10","numSpeed":"-0.000000","numAccel":"10","numDecel":"10","currentPos":"112","startPos":"2086682912","endPos":"32593"}
[2026-01-29 15:00:41.227934] [debug] WebSocketServer: Broadcasting to 1 clients: {"server_time":"2026-01-29 15:00:41","timestamp":"1769688041227","isConnected":"True","numBoard":"0","numSteps":"10","numSpeed":"-0.000000","numAccel":"10","numDecel":"10","currentPos":"112","startPos":"2086682912","endPos":"32593"}
[2026-01-29 15:00:41.490695] [info] MQTT cancontroller/command/Speed: {"numSpeed":10}
[2026-01-29 15:00:42.025962] [info] MQTT cancontroller/command/Speed: {"numSpeed":10}
[2026-01-29 15:00:42.228235] [debug] WebSocketServer: Broadcasting to 1 clients: {"server_time":"2026-01-29 15:00:42","timestamp":"1769688042228","isConnected":"True","numBoard":"0","numSteps":"10","numSpeed":"-0.000000","numAccel":"10","numDecel":"10","currentPos":"112","startPos":"2086682912","endPos":"32593"}
[2026-01-29 15:00:43.228507] [debug] WebSocketServer: Broadcasting to 1 clients: {"server_time":"2026-01-29 15:00:43","timestamp":"1769688043228","isConnected":"True","numBoard":"0","numSteps":"10","numSpeed":"-0.000000","numAccel":"10","numDecel":"10","currentPos":"112","startPos":"2086682912","endPos":"32593"}
[2026-01-29 15:00:44.228805] [debug] WebSocketServer: Broadcasting to 1 clients: {"server_time":"2026-01-29 15:00:44","timestamp":"1769688044228","isConnected":"True","numBoard":"0","numSteps":"10","numSpeed":"-0.000000","numAccel":"10","numDecel":"10","currentPos":"112","startPos":"2086682912","endPos":"32593"}
[2026-01-29 15:00:45.229091] [debug] WebSocketServer: Broadcasting to 1 clients: {"server_time":"2026-01-29 15:00:45","timestamp":"1769688045229","isConnected":"True","numBoard":"0","numSteps":"10","numSpeed":"-0.000000","numAccel":"10","numDecel":"10","currentPos":"112","startPos":"2086682912","endPos":"32593"}
[2026-01-29 15:00:46.229482] [debug] WebSocketServer: Broadcasting to 1 clients: {"server_time":"2026-01-29 15:00:46","timestamp":"1769688046229","isConnected":"True","numBoard":"0","numSteps":"10","numSpeed":"-0.000000","numAccel":"10","numDecel":"10","currentPos":"112","startPos":"2086682912","endPos":"32593"}
[2026-01-29 15:00:46.635110] [info] WebSocket client disconnected (ENOTCONN)
[2026-01-29 15:00:46.635198] [info] Session removed. Active clients: 0
[2026-01-29 15:00:46.635222] [info] WebSocket session destroyed
[2026-01-29 15:01:47.145072] [info] RestApiServer created on port 8080
[2026-01-29 15:01:47.145301] [info] WebSocketServer created on port 8081
[2026-01-29 15:01:47.145424] [info] GrpcApiServer created on port 50051
[2026-01-29 15:01:47.146233] [info] MqttApiServer created on port 1883
[2026-01-29 15:01:47.146373] [info] WebSocketServer starting on port 8081
[2026-01-29 15:01:47.146393] [info] WebSocketServer: Started auto updates with interval 1000ms
[2026-01-29 15:01:47.146424] [info] WebSocketServer: Auto update worker started
[2026-01-29 15:01:47.146545] [info] Connecting to MQTT Broker...
[2026-01-29 15:01:47.146820] [info] Run RestApiServer on port 8080
[2026-01-29 15:01:47.148589] [info] Run gRPC Server on 0.0.0.0:50051
[2026-01-29 15:01:47.157338] [info] MQTT Connection success
[2026-01-29 15:01:47.157453] [info] MQTT Connection success
[2026-01-29 15:01:47.157468] [info] Connection Success via wait()
[2026-01-29 15:01:47.157516] [info] Subscribing to cancontroller/command/# ...
[2026-01-29 15:01:47.157868] [info] Subscription Active!
[2026-01-29 15:01:50.507961] [info] WebSocket client connected. Total clients: 1
[2026-01-29 15:01:51.147547] [debug] WebSocketServer: Broadcasting to 1 clients: {"server_time":"2026-01-29 15:01:51","timestamp":"1769688111147","isConnected":"False","numBoard":"0","numSteps":"23022","numSpeed":"0.000000","numAccel":"238","numDecel":"89","currentPos":"112","startPos":"562053408","endPos":"29822"}
[2026-01-29 15:01:52.148022] [debug] WebSocketServer: Broadcasting to 1 clients: {"server_time":"2026-01-29 15:01:52","timestamp":"1769688112147","isConnected":"False","numBoard":"0","numSteps":"23022","numSpeed":"0.000000","numAccel":"238","numDecel":"89","currentPos":"112","startPos":"562053408","endPos":"29822"}
[2026-01-29 15:01:53.148300] [debug] WebSocketServer: Broadcasting to 1 clients: {"server_time":"2026-01-29 15:01:53","timestamp":"1769688113148","isConnected":"False","numBoard":"0","numSteps":"23022","numSpeed":"0.000000","numAccel":"238","numDecel":"89","currentPos":"112","startPos":"562053408","endPos":"29822"}
[2026-01-29 15:01:53.826022] [info] MQTT cancontroller/command/Connect: {}
[2026-01-29 15:01:54.148588] [debug] WebSocketServer: Broadcasting to 1 clients: {"server_time":"2026-01-29 15:01:54","timestamp":"1769688114148","isConnected":"True","numBoard":"0","numSteps":"23022","numSpeed":"0.000000","numAccel":"238","numDecel":"89","currentPos":"112","startPos":"562053408","endPos":"29822"}
[2026-01-29 15:01:55.149233] [debug] WebSocketServer: Broadcasting to 1 clients: {"server_time":"2026-01-29 15:01:55","timestamp":"1769688115149","isConnected":"True","numBoard":"0","numSteps":"23022","numSpeed":"0.000000","numAccel":"238","numDecel":"89","currentPos":"112","startPos":"562053408","endPos":"29822"}
[2026-01-29 15:01:55.394053] [info] MQTT cancontroller/command/Board: {"numBoard":0}
[2026-01-29 15:01:56.149509] [debug] WebSocketServer: Broadcasting to 1 clients: {"server_time":"2026-01-29 15:01:56","timestamp":"1769688116149","isConnected":"True","numBoard":"0","numSteps":"23022","numSpeed":"0.000000","numAccel":"238","numDecel":"89","currentPos":"112","startPos":"562053408","endPos":"29822"}
[2026-01-29 15:01:57.149826] [debug] WebSocketServer: Broadcasting to 1 clients: {"server_time":"2026-01-29 15:01:57","timestamp":"1769688117149","isConnected":"True","numBoard":"0","numSteps":"23022","numSpeed":"0.000000","numAccel":"238","numDecel":"89","currentPos":"112","startPos":"562053408","endPos":"29822"}
[2026-01-29 15:01:57.369722] [info] MQTT cancontroller/command/Steps: {"numSteps":1000}
[2026-01-29 15:01:58.150096] [debug] WebSocketServer: Broadcasting to 1 clients: {"server_time":"2026-01-29 15:01:58","timestamp":"1769688118150","isConnected":"True","numBoard":"0","numSteps":"1000","numSpeed":"0.000000","numAccel":"238","numDecel":"89","currentPos":"112","startPos":"562053408","endPos":"29822"}
[2026-01-29 15:01:59.150376] [debug] WebSocketServer: Broadcasting to 1 clients: {"server_time":"2026-01-29 15:01:59","timestamp":"1769688119150","isConnected":"True","numBoard":"0","numSteps":"1000","numSpeed":"0.000000","numAccel":"238","numDecel":"89","currentPos":"112","startPos":"562053408","endPos":"29822"}
[2026-01-29 15:01:59.574785] [info] MQTT cancontroller/command/Speed: {"numSpeed":10}
[2026-01-29 15:02:00.150675] [debug] WebSocketServer: Broadcasting to 1 clients: {"server_time":"2026-01-29 15:02:00","timestamp":"1769688120150","isConnected":"True","numBoard":"0","numSteps":"1000","numSpeed":"10.000000","numAccel":"238","numDecel":"89","currentPos":"112","startPos":"562053408","endPos":"29822"}
[2026-01-29 15:02:01.150967] [debug] WebSocketServer: Broadcasting to 1 clients: {"server_time":"2026-01-29 15:02:01","timestamp":"1769688121150","isConnected":"True","numBoard":"0","numSteps":"1000","numSpeed":"10.000000","numAccel":"238","numDecel":"89","currentPos":"112","startPos":"562053408","endPos":"29822"}
[2026-01-29 15:02:01.321755] [info] MQTT cancontroller/command/Accel: {"numAccel":10}
[2026-01-29 15:02:02.151287] [debug] WebSocketServer: Broadcasting to 1 clients: {"server_time":"2026-01-29 15:02:02","timestamp":"1769688122151","isConnected":"True","numBoard":"0","numSteps":"1000","numSpeed":"10.000000","numAccel":"10","numDecel":"89","currentPos":"112","startPos":"562053408","endPos":"29822"}
[2026-01-29 15:02:03.152153] [debug] WebSocketServer: Broadcasting to 1 clients: {"server_time":"2026-01-29 15:02:03","timestamp":"1769688123152","isConnected":"True","numBoard":"0","numSteps":"1000","numSpeed":"10.000000","numAccel":"10","numDecel":"89","currentPos":"112","startPos":"562053408","endPos":"29822"}
[2026-01-29 15:02:03.530023] [info] MQTT cancontroller/command/Decel: {"numDecel":10}
[2026-01-29 15:02:04.152547] [debug] WebSocketServer: Broadcasting to 1 clients: {"server_time":"2026-01-29 15:02:04","timestamp":"1769688124152","isConnected":"True","numBoard":"0","numSteps":"1000","numSpeed":"10.000000","numAccel":"10","numDecel":"10","currentPos":"112","startPos":"562053408","endPos":"29822"}
[2026-01-29 15:02:05.153195] [debug] WebSocketServer: Broadcasting to 1 clients: {"server_time":"2026-01-29 15:02:05","timestamp":"1769688125153","isConnected":"True","numBoard":"0","numSteps":"1000","numSpeed":"10.000000","numAccel":"10","numDecel":"10","currentPos":"112","startPos":"562053408","endPos":"29822"}
[2026-01-29 15:02:06.153538] [debug] WebSocketServer: Broadcasting to 1 clients: {"server_time":"2026-01-29 15:02:06","timestamp":"1769688126153","isConnected":"True","numBoard":"0","numSteps":"1000","numSpeed":"10.000000","numAccel":"10","numDecel":"10","currentPos":"112","startPos":"562053408","endPos":"29822"}
[2026-01-29 15:02:06.154003] [info] MQTT cancontroller/command/Forward: {}
[2026-01-29 15:02:07.153878] [debug] WebSocketServer: Broadcasting to 1 clients: {"server_time":"2026-01-29 15:02:07","timestamp":"1769688127153","isConnected":"True","numBoard":"0","numSteps":"1000","numSpeed":"10.000000","numAccel":"10","numDecel":"10","currentPos":"112","startPos":"562053408","endPos":"29822"}
[2026-01-29 15:02:07.273545] [info] MQTT cancontroller/command/Backward: {}
[2026-01-29 15:02:08.154156] [debug] WebSocketServer: Broadcasting to 1 clients: {"server_time":"2026-01-29 15:02:08","timestamp":"1769688128154","isConnected":"True","numBoard":"0","numSteps":"1000","numSpeed":"10.000000","numAccel":"10","numDecel":"10","currentPos":"112","startPos":"562053408","endPos":"29822"}
[2026-01-29 15:02:08.762031] [info] WebSocket client disconnected (ENOTCONN)
[2026-01-29 15:02:08.762137] [info] Session removed. Active clients: 0
[2026-01-29 15:02:08.762180] [info] WebSocket session destroyed
[2026-01-29 15:08:00.374040] [info] RestApiServer created on port 8080
[2026-01-29 15:08:00.374273] [info] WebSocketServer created on port 8081
[2026-01-29 15:08:00.374471] [info] GrpcApiServer created on port 50051
[2026-01-29 15:08:00.375272] [info] MqttApiServer created on port 1883
[2026-01-29 15:08:00.375390] [info] WebSocketServer: Started auto updates with interval 1000ms
[2026-01-29 15:08:00.375373] [info] WebSocketServer starting on port 8081
[2026-01-29 15:08:00.375428] [info] WebSocketServer: Auto update worker started
[2026-01-29 15:08:00.375492] [info] Connecting to MQTT Broker...
[2026-01-29 15:08:00.375542] [info] Run RestApiServer on port 8080
[2026-01-29 15:08:00.377446] [info] Run gRPC Server on 0.0.0.0:50051
[2026-01-29 15:08:00.486016] [info] MQTT Connection success
[2026-01-29 15:08:00.486126] [info] MQTT Connection success
[2026-01-29 15:08:00.486147] [info] Connection Success via wait()
[2026-01-29 15:08:00.486195] [info] Subscribing to cancontroller/command/# ...
[2026-01-29 15:08:00.486366] [info] Subscription Active!
[2026-01-29 15:08:06.777325] [info] WebSocket client connected. Total clients: 1
[2026-01-29 15:08:07.376393] [debug] WebSocketServer: Broadcasting to 1 clients: {"server_time":"2026-01-29 15:08:07","timestamp":"1769688487376","isConnected":"False","numBoard":"0","numSteps":"21985","numSpeed":"0.000000","numAccel":"225","numDecel":"85","currentPos":"112","startPos":"3894427936","endPos":"30027"}
[2026-01-29 15:08:08.376713] [debug] WebSocketServer: Broadcasting to 1 clients: {"server_time":"2026-01-29 15:08:08","timestamp":"1769688488376","isConnected":"False","numBoard":"0","numSteps":"21985","numSpeed":"0.000000","numAccel":"225","numDecel":"85","currentPos":"112","startPos":"3894427936","endPos":"30027"}
[2026-01-29 15:08:09.377008] [debug] WebSocketServer: Broadcasting to 1 clients: {"server_time":"2026-01-29 15:08:09","timestamp":"1769688489376","isConnected":"False","numBoard":"0","numSteps":"21985","numSpeed":"0.000000","numAccel":"225","numDecel":"85","currentPos":"112","startPos":"3894427936","endPos":"30027"}
[2026-01-29 15:08:09.536574] [info] MQTT cancontroller/command/Connect: {}
[2026-01-29 15:08:09.928332] [info] MQTT cancontroller/command/Board: {"numBoard":0}
[2026-01-29 15:08:10.377306] [debug] WebSocketServer: Broadcasting to 1 clients: {"server_time":"2026-01-29 15:08:10","timestamp":"1769688490377","isConnected":"True","numBoard":"0","numSteps":"21985","numSpeed":"0.000000","numAccel":"225","numDecel":"85","currentPos":"112","startPos":"3894427936","endPos":"30027"}
[2026-01-29 15:08:10.400264] [info] MQTT cancontroller/command/Steps: {"numSteps":1000}
[2026-01-29 15:08:10.808316] [info] MQTT cancontroller/command/Speed: {"numSpeed":10}
[2026-01-29 15:08:11.256280] [info] MQTT cancontroller/command/Accel: {"numAccel":10}
[2026-01-29 15:08:11.377615] [debug] WebSocketServer: Broadcasting to 1 clients: {"server_time":"2026-01-29 15:08:11","timestamp":"1769688491377","isConnected":"True","numBoard":"0","numSteps":"1000","numSpeed":"10.000000","numAccel":"10","numDecel":"85","currentPos":"112","startPos":"3894427936","endPos":"30027"}
[2026-01-29 15:08:11.656366] [info] MQTT cancontroller/command/Decel: {"numDecel":10}
[2026-01-29 15:08:12.040498] [info] MQTT cancontroller/command/Forward: {}
[2026-01-29 15:08:12.377909] [debug] WebSocketServer: Broadcasting to 1 clients: {"server_time":"2026-01-29 15:08:12","timestamp":"1769688492377","isConnected":"True","numBoard":"0","numSteps":"1000","numSpeed":"10.000000","numAccel":"10","numDecel":"10","currentPos":"112","startPos":"3894427936","endPos":"30027"}
[2026-01-29 15:08:13.144765] [info] MQTT cancontroller/command/Backward: {}
[2026-01-29 15:08:13.378193] [debug] WebSocketServer: Broadcasting to 1 clients: {"server_time":"2026-01-29 15:08:13","timestamp":"1769688493378","isConnected":"True","numBoard":"0","numSteps":"1000","numSpeed":"10.000000","numAccel":"10","numDecel":"10","currentPos":"112","startPos":"3894427936","endPos":"30027"}
[2026-01-29 15:08:14.248764] [info] MQTT cancontroller/command/HomingMax: {}
[2026-01-29 15:08:14.378564] [debug] WebSocketServer: Broadcasting to 1 clients: {"server_time":"2026-01-29 15:08:14","timestamp":"1769688494378","isConnected":"True","numBoard":"0","numSteps":"1000","numSpeed":"10.000000","numAccel":"10","numDecel":"10","currentPos":"112","startPos":"3894427936","endPos":"30027"}
[2026-01-29 15:08:15.378956] [debug] WebSocketServer: Broadcasting to 1 clients: {"server_time":"2026-01-29 15:08:15","timestamp":"1769688495378","isConnected":"True","numBoard":"0","numSteps":"1000","numSpeed":"10.000000","numAccel":"10","numDecel":"10","currentPos":"112","startPos":"3894427936","endPos":"30027"}
[2026-01-29 15:08:15.544332] [info] MQTT cancontroller/command/Stop: {}
[2026-01-29 15:08:15.936349] [info] MQTT cancontroller/command/HomingZero: {}
[2026-01-29 15:08:16.379298] [debug] WebSocketServer: Broadcasting to 1 clients: {"server_time":"2026-01-29 15:08:16","timestamp":"1769688496379","isConnected":"True","numBoard":"0","numSteps":"1000","numSpeed":"10.000000","numAccel":"10","numDecel":"10","currentPos":"112","startPos":"3894427936","endPos":"30027"}
[2026-01-29 15:08:17.379570] [debug] WebSocketServer: Broadcasting to 1 clients: {"server_time":"2026-01-29 15:08:17","timestamp":"1769688497379","isConnected":"True","numBoard":"0","numSteps":"1000","numSpeed":"10.000000","numAccel":"10","numDecel":"10","currentPos":"112","startPos":"3894427936","endPos":"30027"}
[2026-01-29 15:08:17.536407] [info] MQTT cancontroller/command/Stop: {}
[2026-01-29 15:08:18.379886] [debug] WebSocketServer: Broadcasting to 1 clients: {"server_time":"2026-01-29 15:08:18","timestamp":"1769688498379","isConnected":"True","numBoard":"0","numSteps":"1000","numSpeed":"10.000000","numAccel":"10","numDecel":"10","currentPos":"112","startPos":"3894427936","endPos":"30027"}
[2026-01-29 15:08:19.380167] [debug] WebSocketServer: Broadcasting to 1 clients: {"server_time":"2026-01-29 15:08:19","timestamp":"1769688499380","isConnected":"True","numBoard":"0","numSteps":"1000","numSpeed":"10.000000","numAccel":"10","numDecel":"10","currentPos":"112","startPos":"3894427936","endPos":"30027"}
[2026-01-29 15:08:20.380508] [debug] WebSocketServer: Broadcasting to 1 clients: {"server_time":"2026-01-29 15:08:20","timestamp":"1769688500380","isConnected":"True","numBoard":"0","numSteps":"1000","numSpeed":"10.000000","numAccel":"10","numDecel":"10","currentPos":"112","startPos":"3894427936","endPos":"30027"}
[2026-01-29 15:08:21.380776] [debug] WebSocketServer: Broadcasting to 1 clients: {"server_time":"2026-01-29 15:08:21","timestamp":"1769688501380","isConnected":"True","numBoard":"0","numSteps":"1000","numSpeed":"10.000000","numAccel":"10","numDecel":"10","currentPos":"112","startPos":"3894427936","endPos":"30027"}
[2026-01-29 15:08:22.381048] [debug] WebSocketServer: Broadcasting to 1 clients: {"server_time":"2026-01-29 15:08:22","timestamp":"1769688502380","isConnected":"True","numBoard":"0","numSteps":"1000","numSpeed":"10.000000","numAccel":"10","numDecel":"10","currentPos":"112","startPos":"3894427936","endPos":"30027"}
[2026-01-29 15:08:23.381312] [debug] WebSocketServer: Broadcasting to 1 clients: {"server_time":"2026-01-29 15:08:23","timestamp":"1769688503381","isConnected":"True","numBoard":"0","numSteps":"1000","numSpeed":"10.000000","numAccel":"10","numDecel":"10","currentPos":"112","startPos":"3894427936","endPos":"30027"}
[2026-01-29 15:08:24.381598] [debug] WebSocketServer: Broadcasting to 1 clients: {"server_time":"2026-01-29 15:08:24","timestamp":"1769688504381","isConnected":"True","numBoard":"0","numSteps":"1000","numSpeed":"10.000000","numAccel":"10","numDecel":"10","currentPos":"112","startPos":"3894427936","endPos":"30027"}
[2026-01-29 15:08:24.976279] [info] MQTT cancontroller/command/ResetDRVError: {}
[2026-01-29 15:08:25.381882] [debug] WebSocketServer: Broadcasting to 1 clients: {"server_time":"2026-01-29 15:08:25","timestamp":"1769688505381","isConnected":"True","numBoard":"0","numSteps":"1000","numSpeed":"10.000000","numAccel":"10","numDecel":"10","currentPos":"112","startPos":"3894427936","endPos":"30027"}
[2026-01-29 15:08:26.382177] [debug] WebSocketServer: Broadcasting to 1 clients: {"server_time":"2026-01-29 15:08:26","timestamp":"1769688506382","isConnected":"True","numBoard":"0","numSteps":"1000","numSpeed":"10.000000","numAccel":"10","numDecel":"10","currentPos":"112","startPos":"3894427936","endPos":"30027"}
[2026-01-29 15:08:27.382450] [debug] WebSocketServer: Broadcasting to 1 clients: {"server_time":"2026-01-29 15:08:27","timestamp":"1769688507382","isConnected":"True","numBoard":"0","numSteps":"1000","numSpeed":"10.000000","numAccel":"10","numDecel":"10","currentPos":"112","startPos":"3894427936","endPos":"30027"}
[2026-01-29 15:08:28.382701] [debug] WebSocketServer: Broadcasting to 1 clients: {"server_time":"2026-01-29 15:08:28","timestamp":"1769688508382","isConnected":"True","numBoard":"0","numSteps":"1000","numSpeed":"10.000000","numAccel":"10","numDecel":"10","currentPos":"112","startPos":"3894427936","endPos":"30027"}
[2026-01-29 15:08:28.865210] [info] WebSocket client disconnected (ENOTCONN)
[2026-01-29 15:08:28.865308] [info] Session removed. Active clients: 0
[2026-01-29 15:08:28.865336] [info] WebSocket session destroyed
[2026-01-29 15:14:19.828182] [info] RestApiServer created on port 8080
[2026-01-29 15:14:19.828407] [info] WebSocketServer created on port 8081
[2026-01-29 15:14:19.828532] [info] GrpcApiServer created on port 50051
[2026-01-29 15:14:19.829223] [info] MqttApiServer created on port 1883
[2026-01-29 15:14:19.829357] [info] WebSocketServer starting on port 8081
[2026-01-29 15:14:19.829376] [info] WebSocketServer: Started auto updates with interval 1000ms
[2026-01-29 15:14:19.829424] [info] WebSocketServer: Auto update worker started
[2026-01-29 15:14:19.829534] [info] Connecting to MQTT Broker...
[2026-01-29 15:14:19.829605] [info] Run RestApiServer on port 8080
[2026-01-29 15:14:19.832114] [info] Run gRPC Server on 0.0.0.0:50051
[2026-01-29 15:14:19.940150] [info] MQTT Connection success
[2026-01-29 15:14:19.940265] [info] MQTT Connection success
[2026-01-29 15:14:19.940283] [info] Connection Success via wait()
[2026-01-29 15:14:19.940322] [info] Subscribing to cancontroller/command/# ...
[2026-01-29 15:14:19.940488] [info] Subscription Active!
[2026-01-29 15:14:23.647110] [info] MQTT cancontroller/command/Connect: {}
[2026-01-29 15:14:25.095147] [info] MQTT cancontroller/command/Board: {"numBoard":0}
[2026-01-29 15:14:25.831404] [info] MQTT cancontroller/command/Steps: {"numSteps":1000}
[2026-01-29 15:14:26.727346] [info] MQTT cancontroller/command/Speed: {"numSpeed":10}
[2026-01-29 15:14:27.103054] [info] MQTT cancontroller/command/Accel: {"numAccel":10}
[2026-01-29 15:14:27.495158] [info] MQTT cancontroller/command/Decel: {"numDecel":10}
[2026-01-29 15:14:27.863194] [info] MQTT cancontroller/command/Forward: {}
[2026-01-29 15:14:28.975510] [info] MQTT cancontroller/command/Backward: {}
[2026-01-29 15:14:30.175383] [info] MQTT cancontroller/command/HomingZero: {}
[2026-01-29 15:14:31.167076] [info] MQTT cancontroller/command/Stop: {}
[2026-01-29 15:14:31.550072] [info] MQTT cancontroller/command/HomingMax: {}
[2026-01-29 15:14:32.383107] [info] MQTT cancontroller/command/Stop: {}
[2026-01-29 15:14:33.167037] [info] MQTT cancontroller/command/ResetDRVError: {}
[2026-01-29 15:14:35.223228] [info] MQTT cancontroller/command/BrakeOff: {}
[2026-01-29 15:14:36.823353] [info] MQTT cancontroller/command/BrakeOn: {}
[2026-01-29 15:14:37.591087] [info] MQTT cancontroller/command/BrakeOff: {}
[2026-01-29 15:14:40.175232] [info] MQTT cancontroller/command/RezervOff: {}
[2026-01-29 15:14:40.847265] [info] MQTT cancontroller/command/RezervOn: {}
[2026-01-29 15:14:43.151223] [info] MQTT cancontroller/command/RezervOff: {}
[2026-01-29 15:14:44.687044] [info] MQTT cancontroller/command/AlarmResetOn: {}
[2026-01-29 15:14:45.535006] [info] MQTT cancontroller/command/AlarmResetOff: {}
[2026-01-29 15:14:48.575178] [info] MQTT cancontroller/command/AlarmResetOff: {}
[2026-01-29 15:14:49.735057] [info] MQTT cancontroller/command/AlarmResetOff: {}
[2026-01-29 15:14:50.143002] [info] MQTT cancontroller/command/AlarmResetOff: {}
[2026-01-29 15:14:51.743065] [info] MQTT cancontroller/command/AlarmResetOff: {}
[2026-01-29 15:14:51.975089] [info] MQTT cancontroller/command/AlarmResetOff: {}
[2026-01-29 15:14:52.190995] [info] MQTT cancontroller/command/AlarmResetOff: {}
[2026-01-29 15:14:52.447173] [info] MQTT cancontroller/command/AlarmResetOff: {}
[2026-01-29 15:15:19.367093] [info] MQTT cancontroller/command/AlarmResetOff: {}
[2026-01-29 15:15:39.802113] [info] WebSocket client connected. Total clients: 1
[2026-01-29 15:15:39.838662] [debug] WebSocketServer: Broadcasting to 1 clients: {"server_time":"2026-01-29 15:15:39","timestamp":"1769688939838","isConnected":"True","numBoard":"0","numSteps":"1000","numSpeed":"10.000000","numAccel":"10","numDecel":"10","currentPos":"112","startPos":"2841657632","endPos":"30851"}
[2026-01-29 15:15:40.839008] [debug] WebSocketServer: Broadcasting to 1 clients: {"server_time":"2026-01-29 15:15:40","timestamp":"1769688940838","isConnected":"True","numBoard":"0","numSteps":"1000","numSpeed":"10.000000","numAccel":"10","numDecel":"10","currentPos":"112","startPos":"2841657632","endPos":"30851"}
[2026-01-29 15:15:41.839315] [debug] WebSocketServer: Broadcasting to 1 clients: {"server_time":"2026-01-29 15:15:41","timestamp":"1769688941839","isConnected":"True","numBoard":"0","numSteps":"1000","numSpeed":"10.000000","numAccel":"10","numDecel":"10","currentPos":"112","startPos":"2841657632","endPos":"30851"}
[2026-01-29 15:15:42.738496] [info] POST /api/current/pos {"numPos":10000}
[2026-01-29 15:15:42.839702] [debug] WebSocketServer: Broadcasting to 1 clients: {"server_time":"2026-01-29 15:15:42","timestamp":"1769688942839","isConnected":"True","numBoard":"0","numSteps":"1000","numSpeed":"10.000000","numAccel":"10","numDecel":"10","currentPos":"10000","startPos":"2841657632","endPos":"30851"}
[2026-01-29 15:15:43.840004] [debug] WebSocketServer: Broadcasting to 1 clients: {"server_time":"2026-01-29 15:15:43","timestamp":"1769688943839","isConnected":"True","numBoard":"0","numSteps":"1000","numSpeed":"10.000000","numAccel":"10","numDecel":"10","currentPos":"10000","startPos":"2841657632","endPos":"30851"}
[2026-01-29 15:15:44.840443] [debug] WebSocketServer: Broadcasting to 1 clients: {"server_time":"2026-01-29 15:15:44","timestamp":"1769688944840","isConnected":"True","numBoard":"0","numSteps":"1000","numSpeed":"10.000000","numAccel":"10","numDecel":"10","currentPos":"10000","startPos":"2841657632","endPos":"30851"}
[2026-01-29 15:15:45.840780] [debug] WebSocketServer: Broadcasting to 1 clients: {"server_time":"2026-01-29 15:15:45","timestamp":"1769688945840","isConnected":"True","numBoard":"0","numSteps":"1000","numSpeed":"10.000000","numAccel":"10","numDecel":"10","currentPos":"10000","startPos":"2841657632","endPos":"30851"}
[2026-01-29 15:15:46.841289] [debug] WebSocketServer: Broadcasting to 1 clients: {"server_time":"2026-01-29 15:15:46","timestamp":"1769688946841","isConnected":"True","numBoard":"0","numSteps":"1000","numSpeed":"10.000000","numAccel":"10","numDecel":"10","currentPos":"10000","startPos":"2841657632","endPos":"30851"}
[2026-01-29 15:15:47.751694] [info] WebSocket client disconnected (ENOTCONN)
[2026-01-29 15:15:47.751821] [info] Session removed. Active clients: 0
[2026-01-29 15:15:47.751879] [info] WebSocket session destroyed
[2026-01-29 15:21:20.604364] [info] RestApiServer created on port 8080
[2026-01-29 15:21:20.604712] [info] WebSocketServer created on port 8081
[2026-01-29 15:21:20.604893] [info] GrpcApiServer created on port 50051
[2026-01-29 15:21:20.605912] [info] MqttApiServer created on port 1883
[2026-01-29 15:21:20.606061] [info] WebSocketServer starting on port 8081
[2026-01-29 15:21:20.606126] [info] WebSocketServer: Started auto updates with interval 1000ms
[2026-01-29 15:21:20.606182] [info] WebSocketServer: Auto update worker started
[2026-01-29 15:21:20.606338] [info] Connecting to MQTT Broker...
[2026-01-29 15:21:20.606442] [info] Run RestApiServer on port 8080
[2026-01-29 15:21:20.608850] [info] Run gRPC Server on 0.0.0.0:50051
[2026-01-29 15:21:20.617179] [info] MQTT Connection success
[2026-01-29 15:21:20.617359] [info] MQTT Connection success
[2026-01-29 15:21:20.617376] [info] Connection Success via wait()
[2026-01-29 15:21:20.617431] [info] Subscribing to cancontroller/command/# ...
[2026-01-29 15:21:20.617644] [info] Subscription Active!
[2026-01-29 15:21:27.062060] [info] MQTT cancontroller/command/Connect: {}
[2026-01-29 15:21:29.989941] [info] MQTT cancontroller/command/Board: {"numBoard":0}
[2026-01-29 15:21:30.437866] [info] MQTT cancontroller/command/Steps: {"numSteps":1000}
[2026-01-29 15:21:30.805852] [info] MQTT cancontroller/command/Speed: {"numSpeed":10}
[2026-01-29 15:21:31.133891] [info] MQTT cancontroller/command/Accel: {"numAccel":10}
[2026-01-29 15:21:31.469744] [info] MQTT cancontroller/command/Decel: {"numDecel":10}
[2026-01-29 15:21:31.813854] [info] MQTT cancontroller/command/Forward: {}
[2026-01-29 15:21:32.814024] [info] MQTT cancontroller/command/Backward: {}
[2026-01-29 15:21:33.333930] [info] MQTT cancontroller/command/Backward: {}
[2026-01-29 15:21:33.934028] [info] MQTT cancontroller/command/Backward: {}
[2026-01-29 15:21:34.749775] [info] MQTT cancontroller/command/Forward: {}
[2026-01-29 15:21:36.013817] [info] MQTT cancontroller/command/Backward: {}
[2026-01-29 15:21:36.758103] [info] MQTT cancontroller/command/Backward: {}
[2026-01-29 15:21:41.199480] [info] WebSocket client connected. Total clients: 1
[2026-01-29 15:21:41.608808] [debug] WebSocketServer: Broadcasting to 1 clients: {"server_time":"2026-01-29 15:21:41","timestamp":"1769689301608","isConnected":"True","numBoard":"0","numSteps":"1000","numSpeed":"10.000000","numAccel":"10","numDecel":"10","currentPos":"112","startPos":"3865067808","endPos":"32269"}
[2026-01-29 15:21:42.609185] [debug] WebSocketServer: Broadcasting to 1 clients: {"server_time":"2026-01-29 15:21:42","timestamp":"1769689302609","isConnected":"True","numBoard":"0","numSteps":"1000","numSpeed":"10.000000","numAccel":"10","numDecel":"10","currentPos":"112","startPos":"3865067808","endPos":"32269"}
[2026-01-29 15:21:43.609604] [debug] WebSocketServer: Broadcasting to 1 clients: {"server_time":"2026-01-29 15:21:43","timestamp":"1769689303609","isConnected":"True","numBoard":"0","numSteps":"1000","numSpeed":"10.000000","numAccel":"10","numDecel":"10","currentPos":"112","startPos":"3865067808","endPos":"32269"}
[2026-01-29 15:21:43.885448] [info] POST /api/board/set {"numBoard":0}
[2026-01-29 15:21:44.113368] [info] POST /api/steps/set {"numSteps":1000}
[2026-01-29 15:21:44.497370] [info] POST /api/speed/set {"numSpeed":10}
[2026-01-29 15:21:44.609911] [debug] WebSocketServer: Broadcasting to 1 clients: {"server_time":"2026-01-29 15:21:44","timestamp":"1769689304609","isConnected":"True","numBoard":"0","numSteps":"1000","numSpeed":"10.000000","numAccel":"10","numDecel":"10","currentPos":"112","startPos":"3865067808","endPos":"32269"}
[2026-01-29 15:21:44.801369] [info] POST /api/accel/set {"numAccel":10}
[2026-01-29 15:21:45.105367] [info] POST /api/decel/set {"numDecel":10}
[2026-01-29 15:21:45.369371] [info] GET /api/move/forward
[2026-01-29 15:21:45.610188] [debug] WebSocketServer: Broadcasting to 1 clients: {"server_time":"2026-01-29 15:21:45","timestamp":"1769689305610","isConnected":"True","numBoard":"0","numSteps":"1000","numSpeed":"10.000000","numAccel":"10","numDecel":"10","currentPos":"112","startPos":"3865067808","endPos":"32269"}
[2026-01-29 15:21:46.610480] [debug] WebSocketServer: Broadcasting to 1 clients: {"server_time":"2026-01-29 15:21:46","timestamp":"1769689306610","isConnected":"True","numBoard":"0","numSteps":"1000","numSpeed":"10.000000","numAccel":"10","numDecel":"10","currentPos":"112","startPos":"3865067808","endPos":"32269"}
[2026-01-29 15:21:46.745411] [info] GET /api/move/backward
[2026-01-29 15:21:47.610799] [debug] WebSocketServer: Broadcasting to 1 clients: {"server_time":"2026-01-29 15:21:47","timestamp":"1769689307610","isConnected":"True","numBoard":"0","numSteps":"1000","numSpeed":"10.000000","numAccel":"10","numDecel":"10","currentPos":"112","startPos":"3865067808","endPos":"32269"}
[2026-01-29 15:21:48.611123] [debug] WebSocketServer: Broadcasting to 1 clients: {"server_time":"2026-01-29 15:21:48","timestamp":"1769689308611","isConnected":"True","numBoard":"0","numSteps":"1000","numSpeed":"10.000000","numAccel":"10","numDecel":"10","currentPos":"112","startPos":"3865067808","endPos":"32269"}
[2026-01-29 15:21:49.611509] [debug] WebSocketServer: Broadcasting to 1 clients: {"server_time":"2026-01-29 15:21:49","timestamp":"1769689309611","isConnected":"True","numBoard":"0","numSteps":"1000","numSpeed":"10.000000","numAccel":"10","numDecel":"10","currentPos":"112","startPos":"3865067808","endPos":"32269"}
[2026-01-29 15:21:50.281348] [info] POST /api/current/pos {"numPos":10000}
[2026-01-29 15:21:50.611834] [debug] WebSocketServer: Broadcasting to 1 clients: {"server_time":"2026-01-29 15:21:50","timestamp":"1769689310611","isConnected":"True","numBoard":"0","numSteps":"1000","numSpeed":"10.000000","numAccel":"10","numDecel":"10","currentPos":"10000","startPos":"3865067808","endPos":"32269"}
[2026-01-29 15:21:50.657347] [info] POST /api/save/board {"numBoard":0}
[2026-01-29 15:21:51.153349] [info] POST /api/save/group {"numGroup":0}
[2026-01-29 15:21:51.513343] [info] POST /api/save/start/pos {"numPos":1000}
[2026-01-29 15:21:51.612181] [debug] WebSocketServer: Broadcasting to 1 clients: {"server_time":"2026-01-29 15:21:51","timestamp":"1769689311612","isConnected":"True","numBoard":"0","numSteps":"1000","numSpeed":"10.000000","numAccel":"10","numDecel":"10","currentPos":"10000","startPos":"1000","endPos":"32269"}
[2026-01-29 15:21:51.889341] [info] POST /api/save/end/pos {"numPos":100000}
[2026-01-29 15:21:52.612557] [debug] WebSocketServer: Broadcasting to 1 clients: {"server_time":"2026-01-29 15:21:52","timestamp":"1769689312612","isConnected":"True","numBoard":"0","numSteps":"1000","numSpeed":"10.000000","numAccel":"10","numDecel":"10","currentPos":"10000","startPos":"1000","endPos":"100000"}
[2026-01-29 15:21:53.612899] [debug] WebSocketServer: Broadcasting to 1 clients: {"server_time":"2026-01-29 15:21:53","timestamp":"1769689313612","isConnected":"True","numBoard":"0","numSteps":"1000","numSpeed":"10.000000","numAccel":"10","numDecel":"10","currentPos":"10000","startPos":"1000","endPos":"100000"}
[2026-01-29 15:21:54.145344] [info] GET /api/move/forward
[2026-01-29 15:21:54.613160] [debug] WebSocketServer: Broadcasting to 1 clients: {"server_time":"2026-01-29 15:21:54","timestamp":"1769689314613","isConnected":"True","numBoard":"0","numSteps":"1000","numSpeed":"10.000000","numAccel":"10","numDecel":"10","currentPos":"10000","startPos":"1000","endPos":"100000"}
[2026-01-29 15:21:55.289346] [info] GET /api/move/backward
[2026-01-29 15:21:55.613424] [debug] WebSocketServer: Broadcasting to 1 clients: {"server_time":"2026-01-29 15:21:55","timestamp":"1769689315613","isConnected":"True","numBoard":"0","numSteps":"1000","numSpeed":"10.000000","numAccel":"10","numDecel":"10","currentPos":"10000","startPos":"1000","endPos":"100000"}
[2026-01-29 15:21:55.817337] [info] GET /api/move/backward
[2026-01-29 15:21:56.329339] [info] GET /api/move/backward
[2026-01-29 15:21:56.613702] [debug] WebSocketServer: Broadcasting to 1 clients: {"server_time":"2026-01-29 15:21:56","timestamp":"1769689316613","isConnected":"True","numBoard":"0","numSteps":"1000","numSpeed":"10.000000","numAccel":"10","numDecel":"10","currentPos":"10000","startPos":"1000","endPos":"100000"}
[2026-01-29 15:21:57.097351] [info] GET /api/homing/max
[2026-01-29 15:21:57.613993] [debug] WebSocketServer: Broadcasting to 1 clients: {"server_time":"2026-01-29 15:21:57","timestamp":"1769689317613","isConnected":"True","numBoard":"0","numSteps":"1000","numSpeed":"10.000000","numAccel":"10","numDecel":"10","currentPos":"10000","startPos":"1000","endPos":"100000"}
[2026-01-29 15:21:57.793333] [info] GET /api/move/stop
[2026-01-29 15:21:58.193342] [info] GET /api/homing/zero
[2026-01-29 15:21:58.614262] [debug] WebSocketServer: Broadcasting to 1 clients: {"server_time":"2026-01-29 15:21:58","timestamp":"1769689318614","isConnected":"True","numBoard":"0","numSteps":"1000","numSpeed":"10.000000","numAccel":"10","numDecel":"10","currentPos":"10000","startPos":"1000","endPos":"100000"}
[2026-01-29 15:21:59.049347] [info] GET /api/move/stop
[2026-01-29 15:21:59.614520] [debug] WebSocketServer: Broadcasting to 1 clients: {"server_time":"2026-01-29 15:21:59","timestamp":"1769689319614","isConnected":"True","numBoard":"0","numSteps":"1000","numSpeed":"10.000000","numAccel":"10","numDecel":"10","currentPos":"10000","startPos":"1000","endPos":"100000"}
[2026-01-29 15:22:00.614800] [debug] WebSocketServer: Broadcasting to 1 clients: {"server_time":"2026-01-29 15:22:00","timestamp":"1769689320614","isConnected":"True","numBoard":"0","numSteps":"1000","numSpeed":"10.000000","numAccel":"10","numDecel":"10","currentPos":"10000","startPos":"1000","endPos":"100000"}
[2026-01-29 15:22:01.577327] [info] GET /api/move/backward
[2026-01-29 15:22:01.615081] [debug] WebSocketServer: Broadcasting to 1 clients: {"server_time":"2026-01-29 15:22:01","timestamp":"1769689321615","isConnected":"True","numBoard":"0","numSteps":"1000","numSpeed":"10.000000","numAccel":"10","numDecel":"10","currentPos":"10000","startPos":"1000","endPos":"100000"}
[2026-01-29 15:22:02.615418] [debug] WebSocketServer: Broadcasting to 1 clients: {"server_time":"2026-01-29 15:22:02","timestamp":"1769689322615","isConnected":"True","numBoard":"0","numSteps":"1000","numSpeed":"10.000000","numAccel":"10","numDecel":"10","currentPos":"10000","startPos":"1000","endPos":"100000"}
[2026-01-29 15:22:03.615770] [debug] WebSocketServer: Broadcasting to 1 clients: {"server_time":"2026-01-29 15:22:03","timestamp":"1769689323615","isConnected":"True","numBoard":"0","numSteps":"1000","numSpeed":"10.000000","numAccel":"10","numDecel":"10","currentPos":"10000","startPos":"1000","endPos":"100000"}
[2026-01-29 15:22:04.049321] [info] GET /api/move/stop
[2026-01-29 15:22:04.616054] [debug] WebSocketServer: Broadcasting to 1 clients: {"server_time":"2026-01-29 15:22:04","timestamp":"1769689324615","isConnected":"True","numBoard":"0","numSteps":"1000","numSpeed":"10.000000","numAccel":"10","numDecel":"10","currentPos":"10000","startPos":"1000","endPos":"100000"}
[2026-01-29 15:22:05.616328] [debug] WebSocketServer: Broadcasting to 1 clients: {"server_time":"2026-01-29 15:22:05","timestamp":"1769689325616","isConnected":"True","numBoard":"0","numSteps":"1000","numSpeed":"10.000000","numAccel":"10","numDecel":"10","currentPos":"10000","startPos":"1000","endPos":"100000"}
[2026-01-29 15:22:06.616619] [debug] WebSocketServer: Broadcasting to 1 clients: {"server_time":"2026-01-29 15:22:06","timestamp":"1769689326616","isConnected":"True","numBoard":"0","numSteps":"1000","numSpeed":"10.000000","numAccel":"10","numDecel":"10","currentPos":"10000","startPos":"1000","endPos":"100000"}
[2026-01-29 15:22:07.616907] [debug] WebSocketServer: Broadcasting to 1 clients: {"server_time":"2026-01-29 15:22:07","timestamp":"1769689327616","isConnected":"True","numBoard":"0","numSteps":"1000","numSpeed":"10.000000","numAccel":"10","numDecel":"10","currentPos":"10000","startPos":"1000","endPos":"100000"}
[2026-01-29 15:22:08.617251] [debug] WebSocketServer: Broadcasting to 1 clients: {"server_time":"2026-01-29 15:22:08","timestamp":"1769689328617","isConnected":"True","numBoard":"0","numSteps":"1000","numSpeed":"10.000000","numAccel":"10","numDecel":"10","currentPos":"10000","startPos":"1000","endPos":"100000"}
[2026-01-29 15:22:09.617588] [debug] WebSocketServer: Broadcasting to 1 clients: {"server_time":"2026-01-29 15:22:09","timestamp":"1769689329617","isConnected":"True","numBoard":"0","numSteps":"1000","numSpeed":"10.000000","numAccel":"10","numDecel":"10","currentPos":"10000","startPos":"1000","endPos":"100000"}
[2026-01-29 15:22:10.617946] [debug] WebSocketServer: Broadcasting to 1 clients: {"server_time":"2026-01-29 15:22:10","timestamp":"1769689330617","isConnected":"True","numBoard":"0","numSteps":"1000","numSpeed":"10.000000","numAccel":"10","numDecel":"10","currentPos":"10000","startPos":"1000","endPos":"100000"}
[2026-01-29 15:22:11.618228] [debug] WebSocketServer: Broadcasting to 1 clients: {"server_time":"2026-01-29 15:22:11","timestamp":"1769689331618","isConnected":"True","numBoard":"0","numSteps":"1000","numSpeed":"10.000000","numAccel":"10","numDecel":"10","currentPos":"10000","startPos":"1000","endPos":"100000"}
[2026-01-29 15:22:12.618585] [debug] WebSocketServer: Broadcasting to 1 clients: {"server_time":"2026-01-29 15:22:12","timestamp":"1769689332618","isConnected":"True","numBoard":"0","numSteps":"1000","numSpeed":"10.000000","numAccel":"10","numDecel":"10","currentPos":"10000","startPos":"1000","endPos":"100000"}
[2026-01-29 15:22:13.618972] [debug] WebSocketServer: Broadcasting to 1 clients: {"server_time":"2026-01-29 15:22:13","timestamp":"1769689333618","isConnected":"True","numBoard":"0","numSteps":"1000","numSpeed":"10.000000","numAccel":"10","numDecel":"10","currentPos":"10000","startPos":"1000","endPos":"100000"}
[2026-01-29 15:22:14.619327] [debug] WebSocketServer: Broadcasting to 1 clients: {"server_time":"2026-01-29 15:22:14","timestamp":"1769689334619","isConnected":"True","numBoard":"0","numSteps":"1000","numSpeed":"10.000000","numAccel":"10","numDecel":"10","currentPos":"10000","startPos":"1000","endPos":"100000"}
[2026-01-29 15:22:15.619590] [debug] WebSocketServer: Broadcasting to 1 clients: {"server_time":"2026-01-29 15:22:15","timestamp":"1769689335619","isConnected":"True","numBoard":"0","numSteps":"1000","numSpeed":"10.000000","numAccel":"10","numDecel":"10","currentPos":"10000","startPos":"1000","endPos":"100000"}
[2026-01-29 15:22:16.619869] [debug] WebSocketServer: Broadcasting to 1 clients: {"server_time":"2026-01-29 15:22:16","timestamp":"1769689336619","isConnected":"True","numBoard":"0","numSteps":"1000","numSpeed":"10.000000","numAccel":"10","numDecel":"10","currentPos":"10000","startPos":"1000","endPos":"100000"}
[2026-01-29 15:22:17.620141] [debug] WebSocketServer: Broadcasting to 1 clients: {"server_time":"2026-01-29 15:22:17","timestamp":"1769689337620","isConnected":"True","numBoard":"0","numSteps":"1000","numSpeed":"10.000000","numAccel":"10","numDecel":"10","currentPos":"10000","startPos":"1000","endPos":"100000"}
[2026-01-29 15:22:18.620440] [debug] WebSocketServer: Broadcasting to 1 clients: {"server_time":"2026-01-29 15:22:18","timestamp":"1769689338620","isConnected":"True","numBoard":"0","numSteps":"1000","numSpeed":"10.000000","numAccel":"10","numDecel":"10","currentPos":"10000","startPos":"1000","endPos":"100000"}
[2026-01-29 15:22:19.013829] [info] GET /api/motor/torque
[2026-01-29 15:22:19.620702] [debug] WebSocketServer: Broadcasting to 1 clients: {"server_time":"2026-01-29 15:22:19","timestamp":"1769689339620","isConnected":"True","numBoard":"0","numSteps":"1000","numSpeed":"10.000000","numAccel":"10","numDecel":"10","currentPos":"10000","startPos":"1000","endPos":"100000"}
[2026-01-29 15:22:20.620980] [debug] WebSocketServer: Broadcasting to 1 clients: {"server_time":"2026-01-29 15:22:20","timestamp":"1769689340620","isConnected":"True","numBoard":"0","numSteps":"1000","numSpeed":"10.000000","numAccel":"10","numDecel":"10","currentPos":"10000","startPos":"1000","endPos":"100000"}
[2026-01-29 15:22:21.621297] [debug] WebSocketServer: Broadcasting to 1 clients: {"server_time":"2026-01-29 15:22:21","timestamp":"1769689341621","isConnected":"True","numBoard":"0","numSteps":"1000","numSpeed":"10.000000","numAccel":"10","numDecel":"10","currentPos":"10000","startPos":"1000","endPos":"100000"}
[2026-01-29 15:22:22.621603] [debug] WebSocketServer: Broadcasting to 1 clients: {"server_time":"2026-01-29 15:22:22","timestamp":"1769689342621","isConnected":"True","numBoard":"0","numSteps":"1000","numSpeed":"10.000000","numAccel":"10","numDecel":"10","currentPos":"10000","startPos":"1000","endPos":"100000"}
[2026-01-29 15:22:23.621898] [debug] WebSocketServer: Broadcasting to 1 clients: {"server_time":"2026-01-29 15:22:23","timestamp":"1769689343621","isConnected":"True","numBoard":"0","numSteps":"1000","numSpeed":"10.000000","numAccel":"10","numDecel":"10","currentPos":"10000","startPos":"1000","endPos":"100000"}
[2026-01-29 15:22:24.622181] [debug] WebSocketServer: Broadcasting to 1 clients: {"server_time":"2026-01-29 15:22:24","timestamp":"1769689344622","isConnected":"True","numBoard":"0","numSteps":"1000","numSpeed":"10.000000","numAccel":"10","numDecel":"10","currentPos":"10000","startPos":"1000","endPos":"100000"}
[2026-01-29 15:22:25.622463] [debug] WebSocketServer: Broadcasting to 1 clients: {"server_time":"2026-01-29 15:22:25","timestamp":"1769689345622","isConnected":"True","numBoard":"0","numSteps":"1000","numSpeed":"10.000000","numAccel":"10","numDecel":"10","currentPos":"10000","startPos":"1000","endPos":"100000"}
[2026-01-29 15:22:26.005650] [info] MQTT cancontroller/command/Board: {"numBoard":0}
[2026-01-29 15:22:26.333610] [info] MQTT cancontroller/command/Steps: {"numSteps":1000}
[2026-01-29 15:22:26.622766] [debug] WebSocketServer: Broadcasting to 1 clients: {"server_time":"2026-01-29 15:22:26","timestamp":"1769689346622","isConnected":"True","numBoard":"0","numSteps":"1000","numSpeed":"10.000000","numAccel":"10","numDecel":"10","currentPos":"10000","startPos":"1000","endPos":"100000"}
[2026-01-29 15:22:26.637438] [info] MQTT cancontroller/command/Speed: {"numSpeed":10}
[2026-01-29 15:22:26.957650] [info] MQTT cancontroller/command/Accel: {"numAccel":10}
[2026-01-29 15:22:27.261541] [info] MQTT cancontroller/command/Decel: {"numDecel":10}
[2026-01-29 15:22:27.623107] [debug] WebSocketServer: Broadcasting to 1 clients: {"server_time":"2026-01-29 15:22:27","timestamp":"1769689347623","isConnected":"True","numBoard":"0","numSteps":"1000","numSpeed":"10.000000","numAccel":"10","numDecel":"10","currentPos":"10000","startPos":"1000","endPos":"100000"}
[2026-01-29 15:22:27.829679] [info] MQTT cancontroller/command/Forward: {}
[2026-01-29 15:22:28.125513] [info] MQTT cancontroller/command/HomingZero: {}
[2026-01-29 15:22:28.623428] [debug] WebSocketServer: Broadcasting to 1 clients: {"server_time":"2026-01-29 15:22:28","timestamp":"1769689348623","isConnected":"True","numBoard":"0","numSteps":"1000","numSpeed":"10.000000","numAccel":"10","numDecel":"10","currentPos":"10000","startPos":"1000","endPos":"100000"}
[2026-01-29 15:22:29.623769] [debug] WebSocketServer: Broadcasting to 1 clients: {"server_time":"2026-01-29 15:22:29","timestamp":"1769689349623","isConnected":"True","numBoard":"0","numSteps":"1000","numSpeed":"10.000000","numAccel":"10","numDecel":"10","currentPos":"10000","startPos":"1000","endPos":"100000"}
[2026-01-29 15:22:29.853708] [info] MQTT cancontroller/command/SaveEndPos: {"numPos":100000}
[2026-01-29 15:22:30.317607] [info] MQTT cancontroller/command/SaveStartPos: {"numPos":1000}
[2026-01-29 15:22:30.624138] [debug] WebSocketServer: Broadcasting to 1 clients: {"server_time":"2026-01-29 15:22:30","timestamp":"1769689350624","isConnected":"True","numBoard":"0","numSteps":"1000","numSpeed":"10.000000","numAccel":"10","numDecel":"10","currentPos":"10000","startPos":"1000","endPos":"100000"}
[2026-01-29 15:22:30.717627] [info] MQTT cancontroller/command/SaveNumGroup: {"numGroup":0}
[2026-01-29 15:22:31.624491] [debug] WebSocketServer: Broadcasting to 1 clients: {"server_time":"2026-01-29 15:22:31","timestamp":"1769689351624","isConnected":"True","numBoard":"0","numSteps":"1000","numSpeed":"10.000000","numAccel":"10","numDecel":"10","currentPos":"10000","startPos":"1000","endPos":"100000"}
[2026-01-29 15:22:32.624904] [debug] WebSocketServer: Broadcasting to 1 clients: {"server_time":"2026-01-29 15:22:32","timestamp":"1769689352624","isConnected":"True","numBoard":"0","numSteps":"1000","numSpeed":"10.000000","numAccel":"10","numDecel":"10","currentPos":"10000","startPos":"1000","endPos":"100000"}
[2026-01-29 15:22:33.597585] [info] MQTT cancontroller/command/CurrentPos: {}
[2026-01-29 15:22:33.625252] [debug] WebSocketServer: Broadcasting to 1 clients: {"server_time":"2026-01-29 15:22:33","timestamp":"1769689353625","isConnected":"True","numBoard":"0","numSteps":"1000","numSpeed":"10.000000","numAccel":"10","numDecel":"10","currentPos":"0","startPos":"1000","endPos":"100000"}
[2026-01-29 15:22:33.973625] [info] MQTT cancontroller/command/SaveNumBoard: {"numBoard":0}
[2026-01-29 15:22:34.277704] [info] MQTT cancontroller/command/SaveNumGroup: {"numGroup":0}
[2026-01-29 15:22:34.625708] [debug] WebSocketServer: Broadcasting to 1 clients: {"server_time":"2026-01-29 15:22:34","timestamp":"1769689354625","isConnected":"True","numBoard":"0","numSteps":"1000","numSpeed":"10.000000","numAccel":"10","numDecel":"10","currentPos":"0","startPos":"1000","endPos":"100000"}
[2026-01-29 15:22:35.626086] [debug] WebSocketServer: Broadcasting to 1 clients: {"server_time":"2026-01-29 15:22:35","timestamp":"1769689355625","isConnected":"True","numBoard":"0","numSteps":"1000","numSpeed":"10.000000","numAccel":"10","numDecel":"10","currentPos":"0","startPos":"1000","endPos":"100000"}
[2026-01-29 15:22:36.626506] [debug] WebSocketServer: Broadcasting to 1 clients: {"server_time":"2026-01-29 15:22:36","timestamp":"1769689356626","isConnected":"True","numBoard":"0","numSteps":"1000","numSpeed":"10.000000","numAccel":"10","numDecel":"10","currentPos":"0","startPos":"1000","endPos":"100000"}
[2026-01-29 15:22:37.213582] [info] MQTT cancontroller/command/MotorTorque: {}
[2026-01-29 15:22:37.626824] [debug] WebSocketServer: Broadcasting to 1 clients: {"server_time":"2026-01-29 15:22:37","timestamp":"1769689357626","isConnected":"True","numBoard":"0","numSteps":"1000","numSpeed":"10.000000","numAccel":"10","numDecel":"10","currentPos":"0","startPos":"1000","endPos":"100000"}
[2026-01-29 15:22:38.627084] [debug] WebSocketServer: Broadcasting to 1 clients: {"server_time":"2026-01-29 15:22:38","timestamp":"1769689358627","isConnected":"True","numBoard":"0","numSteps":"1000","numSpeed":"10.000000","numAccel":"10","numDecel":"10","currentPos":"0","startPos":"1000","endPos":"100000"}
[2026-01-29 15:22:39.627364] [debug] WebSocketServer: Broadcasting to 1 clients: {"server_time":"2026-01-29 15:22:39","timestamp":"1769689359627","isConnected":"True","numBoard":"0","numSteps":"1000","numSpeed":"10.000000","numAccel":"10","numDecel":"10","currentPos":"0","startPos":"1000","endPos":"100000"}
[2026-01-29 15:22:40.125805] [info] MQTT cancontroller/command/MotorSpeed: {}
[2026-01-29 15:22:40.627652] [debug] WebSocketServer: Broadcasting to 1 clients: {"server_time":"2026-01-29 15:22:40","timestamp":"1769689360627","isConnected":"True","numBoard":"0","numSteps":"1000","numSpeed":"10.000000","numAccel":"10","numDecel":"10","currentPos":"0","startPos":"1000","endPos":"100000"}
[2026-01-29 15:22:41.541564] [info] MQTT cancontroller/command/DriverOff: {}
[2026-01-29 15:22:41.627940] [debug] WebSocketServer: Broadcasting to 1 clients: {"server_time":"2026-01-29 15:22:41","timestamp":"1769689361627","isConnected":"True","numBoard":"0","numSteps":"1000","numSpeed":"10.000000","numAccel":"10","numDecel":"10","currentPos":"0","startPos":"1000","endPos":"100000"}
[2026-01-29 15:22:42.397591] [info] MQTT cancontroller/command/DriverOn: {}
[2026-01-29 15:22:42.628211] [debug] WebSocketServer: Broadcasting to 1 clients: {"server_time":"2026-01-29 15:22:42","timestamp":"1769689362628","isConnected":"True","numBoard":"0","numSteps":"1000","numSpeed":"10.000000","numAccel":"10","numDecel":"10","currentPos":"0","startPos":"1000","endPos":"100000"}
[2026-01-29 15:22:43.573572] [info] MQTT cancontroller/command/AbsolutePositionRotorUint: {}
[2026-01-29 15:22:43.628537] [debug] WebSocketServer: Broadcasting to 1 clients: {"server_time":"2026-01-29 15:22:43","timestamp":"1769689363628","isConnected":"True","numBoard":"0","numSteps":"1000","numSpeed":"10.000000","numAccel":"10","numDecel":"10","currentPos":"0","startPos":"1000","endPos":"100000"}
[2026-01-29 15:22:44.173535] [info] MQTT cancontroller/command/AlarmCode: {}
[2026-01-29 15:22:44.628850] [debug] WebSocketServer: Broadcasting to 1 clients: {"server_time":"2026-01-29 15:22:44","timestamp":"1769689364628","isConnected":"True","numBoard":"0","numSteps":"1000","numSpeed":"10.000000","numAccel":"10","numDecel":"10","currentPos":"0","startPos":"1000","endPos":"100000"}
[2026-01-29 15:22:45.629130] [debug] WebSocketServer: Broadcasting to 1 clients: {"server_time":"2026-01-29 15:22:45","timestamp":"1769689365629","isConnected":"True","numBoard":"0","numSteps":"1000","numSpeed":"10.000000","numAccel":"10","numDecel":"10","currentPos":"0","startPos":"1000","endPos":"100000"}
[2026-01-29 15:22:46.629518] [debug] WebSocketServer: Broadcasting to 1 clients: {"server_time":"2026-01-29 15:22:46","timestamp":"1769689366629","isConnected":"True","numBoard":"0","numSteps":"1000","numSpeed":"10.000000","numAccel":"10","numDecel":"10","currentPos":"0","startPos":"1000","endPos":"100000"}
[2026-01-29 15:22:47.621610] [info] MQTT cancontroller/command/HomingMax: {}
[2026-01-29 15:22:47.629882] [debug] WebSocketServer: Broadcasting to 1 clients: {"server_time":"2026-01-29 15:22:47","timestamp":"1769689367629","isConnected":"True","numBoard":"0","numSteps":"1000","numSpeed":"10.000000","numAccel":"10","numDecel":"10","currentPos":"0","startPos":"1000","endPos":"100000"}
[2026-01-29 15:22:48.630194] [debug] WebSocketServer: Broadcasting to 1 clients: {"server_time":"2026-01-29 15:22:48","timestamp":"1769689368630","isConnected":"True","numBoard":"0","numSteps":"1000","numSpeed":"10.000000","numAccel":"10","numDecel":"10","currentPos":"0","startPos":"1000","endPos":"100000"}
[2026-01-29 15:22:48.837498] [info] MQTT cancontroller/command/Stop: {}
[2026-01-29 15:22:49.630590] [debug] WebSocketServer: Broadcasting to 1 clients: {"server_time":"2026-01-29 15:22:49","timestamp":"1769689369630","isConnected":"True","numBoard":"0","numSteps":"1000","numSpeed":"10.000000","numAccel":"10","numDecel":"10","currentPos":"0","startPos":"1000","endPos":"100000"}
[2026-01-29 15:22:50.085487] [info] MQTT cancontroller/command/Board: {"numBoard":0}
[2026-01-29 15:22:50.405707] [info] MQTT cancontroller/command/Steps: {"numSteps":1000}
[2026-01-29 15:22:50.630855] [debug] WebSocketServer: Broadcasting to 1 clients: {"server_time":"2026-01-29 15:22:50","timestamp":"1769689370630","isConnected":"True","numBoard":"0","numSteps":"1000","numSpeed":"10.000000","numAccel":"10","numDecel":"10","currentPos":"0","startPos":"1000","endPos":"100000"}
[2026-01-29 15:22:50.732596] [info] MQTT cancontroller/command/Speed: {"numSpeed":10}
[2026-01-29 15:22:51.053741] [info] MQTT cancontroller/command/Accel: {"numAccel":10}
[2026-01-29 15:22:51.341455] [info] MQTT cancontroller/command/Decel: {"numDecel":10}
[2026-01-29 15:22:51.631107] [debug] WebSocketServer: Broadcasting to 1 clients: {"server_time":"2026-01-29 15:22:51","timestamp":"1769689371631","isConnected":"True","numBoard":"0","numSteps":"1000","numSpeed":"10.000000","numAccel":"10","numDecel":"10","currentPos":"0","startPos":"1000","endPos":"100000"}
[2026-01-29 15:22:51.821480] [info] MQTT cancontroller/command/Forward: {}
[2026-01-29 15:22:52.631368] [debug] WebSocketServer: Broadcasting to 1 clients: {"server_time":"2026-01-29 15:22:52","timestamp":"1769689372631","isConnected":"True","numBoard":"0","numSteps":"1000","numSpeed":"10.000000","numAccel":"10","numDecel":"10","currentPos":"0","startPos":"1000","endPos":"100000"}
[2026-01-29 15:22:52.925789] [info] MQTT cancontroller/command/Stop: {}
[2026-01-29 15:22:53.341498] [info] MQTT cancontroller/command/Backward: {}
[2026-01-29 15:22:53.631625] [debug] WebSocketServer: Broadcasting to 1 clients: {"server_time":"2026-01-29 15:22:53","timestamp":"1769689373631","isConnected":"True","numBoard":"0","numSteps":"1000","numSpeed":"10.000000","numAccel":"10","numDecel":"10","currentPos":"0","startPos":"1000","endPos":"100000"}
[2026-01-29 15:22:54.631898] [debug] WebSocketServer: Broadcasting to 1 clients: {"server_time":"2026-01-29 15:22:54","timestamp":"1769689374631","isConnected":"True","numBoard":"0","numSteps":"1000","numSpeed":"10.000000","numAccel":"10","numDecel":"10","currentPos":"0","startPos":"1000","endPos":"100000"}
[2026-01-29 15:22:55.632176] [debug] WebSocketServer: Broadcasting to 1 clients: {"server_time":"2026-01-29 15:22:55","timestamp":"1769689375632","isConnected":"True","numBoard":"0","numSteps":"1000","numSpeed":"10.000000","numAccel":"10","numDecel":"10","currentPos":"0","startPos":"1000","endPos":"100000"}
[2026-01-29 15:22:56.414263] [info] WebSocket client disconnected (ENOTCONN)
[2026-01-29 15:22:56.414386] [info] Session removed. Active clients: 0
[2026-01-29 15:22:56.414441] [info] WebSocket session destroyed
[2026-01-29 15:50:24.430716] [info] RestApiServer created on port 8080
[2026-01-29 15:50:24.430893] [info] WebSocketServer created on port 8081
[2026-01-29 15:50:24.431004] [info] GrpcApiServer created on port 50051
[2026-01-29 15:50:24.431712] [info] MqttApiServer created on port 1883
[2026-01-29 15:50:24.431816] [info] WebSocketServer starting on port 8081
[2026-01-29 15:50:24.431865] [info] WebSocketServer: Started auto updates with interval 1000ms
[2026-01-29 15:50:24.431898] [info] WebSocketServer: Auto update worker started
[2026-01-29 15:50:24.432036] [info] Connecting to MQTT Broker...
[2026-01-29 15:50:24.432077] [info] Run RestApiServer on port 8080
[2026-01-29 15:50:24.433955] [info] Run gRPC Server on 0.0.0.0:50051
[2026-01-29 15:50:24.542728] [info] MQTT Connection success
[2026-01-29 15:50:24.542900] [info] MQTT Connection success
[2026-01-29 15:50:24.542928] [info] Connection Success via wait()
[2026-01-29 15:50:24.542989] [info] Subscribing to cancontroller/command/# ...
[2026-01-29 15:50:24.543253] [info] Subscription Active!
[2026-01-29 15:50:29.238071] [info] WebSocket client connected. Total clients: 1
[2026-01-29 15:50:29.432885] [debug] WebSocketServer: Broadcasting to 1 clients: {"server_time":"2026-01-29 15:50:29","timestamp":"1769691029432","isConnected":"False","numBoard":"0","numSteps":"23834","numSpeed":"0.000000","numAccel":"26","numDecel":"93","currentPos":"112","startPos":"3997188384","endPos":"29292"}
[2026-01-29 15:50:30.433213] [debug] WebSocketServer: Broadcasting to 1 clients: {"server_time":"2026-01-29 15:50:30","timestamp":"1769691030433","isConnected":"False","numBoard":"0","numSteps":"23834","numSpeed":"0.000000","numAccel":"26","numDecel":"93","currentPos":"112","startPos":"3997188384","endPos":"29292"}
[2026-01-29 15:50:31.433490] [debug] WebSocketServer: Broadcasting to 1 clients: {"server_time":"2026-01-29 15:50:31","timestamp":"1769691031433","isConnected":"False","numBoard":"0","numSteps":"23834","numSpeed":"0.000000","numAccel":"26","numDecel":"93","currentPos":"112","startPos":"3997188384","endPos":"29292"}
[2026-01-29 15:50:32.433877] [debug] WebSocketServer: Broadcasting to 1 clients: {"server_time":"2026-01-29 15:50:32","timestamp":"1769691032433","isConnected":"False","numBoard":"0","numSteps":"23834","numSpeed":"0.000000","numAccel":"26","numDecel":"93","currentPos":"112","startPos":"3997188384","endPos":"29292"}
[2026-01-29 15:50:32.716665] [info] MQTT cancontroller/command/Connect: {}
[2026-01-29 15:50:33.036093] [info] MQTT cancontroller/command/Board: {"numBoard":0}
[2026-01-29 15:50:33.420437] [info] MQTT cancontroller/command/Steps: {"numSteps":1000}
[2026-01-29 15:50:33.434473] [debug] WebSocketServer: Broadcasting to 1 clients: {"server_time":"2026-01-29 15:50:33","timestamp":"1769691033434","isConnected":"True","numBoard":"0","numSteps":"1000","numSpeed":"0.000000","numAccel":"26","numDecel":"93","currentPos":"112","startPos":"3997188384","endPos":"29292"}
[2026-01-29 15:50:33.820449] [info] MQTT cancontroller/command/Speed: {"numSpeed":10}
[2026-01-29 15:50:34.372409] [info] MQTT cancontroller/command/Accel: {"numAccel":10}
[2026-01-29 15:50:34.434810] [debug] WebSocketServer: Broadcasting to 1 clients: {"server_time":"2026-01-29 15:50:34","timestamp":"1769691034434","isConnected":"True","numBoard":"0","numSteps":"1000","numSpeed":"10.000000","numAccel":"10","numDecel":"93","currentPos":"112","startPos":"3997188384","endPos":"29292"}
[2026-01-29 15:50:34.668422] [info] MQTT cancontroller/command/Decel: {"numDecel":10}
[2026-01-29 15:50:35.435106] [debug] WebSocketServer: Broadcasting to 1 clients: {"server_time":"2026-01-29 15:50:35","timestamp":"1769691035435","isConnected":"True","numBoard":"0","numSteps":"1000","numSpeed":"10.000000","numAccel":"10","numDecel":"10","currentPos":"112","startPos":"3997188384","endPos":"29292"}
[2026-01-29 15:50:35.572370] [info] MQTT cancontroller/command/Forward: {}
[2026-01-29 15:50:36.435415] [debug] WebSocketServer: Broadcasting to 1 clients: {"server_time":"2026-01-29 15:50:36","timestamp":"1769691036435","isConnected":"True","numBoard":"0","numSteps":"1000","numSpeed":"10.000000","numAccel":"10","numDecel":"10","currentPos":"112","startPos":"3997188384","endPos":"29292"}
[2026-01-29 15:50:36.677106] [info] MQTT cancontroller/command/Backward: {}
[2026-01-29 15:50:37.435704] [debug] WebSocketServer: Broadcasting to 1 clients: {"server_time":"2026-01-29 15:50:37","timestamp":"1769691037435","isConnected":"True","numBoard":"0","numSteps":"1000","numSpeed":"10.000000","numAccel":"10","numDecel":"10","currentPos":"112","startPos":"3997188384","endPos":"29292"}
[2026-01-29 15:50:38.229033] [info] WebSocket client disconnected (ENOTCONN)
[2026-01-29 15:50:38.229123] [info] Session removed. Active clients: 0
[2026-01-29 15:50:38.229146] [info] WebSocket session destroyed
