[2026-01-27 11:07:55.457567] [info] RestApiServer created on port 8080
[2026-01-27 11:07:55.457831] [info] WebSocketServer created on port 8081
[2026-01-27 11:07:55.457927] [info] GrpcApiServer created on port 50051
[2026-01-27 11:07:55.458032] [info] WebSocketServer starting on port 8081
[2026-01-27 11:07:55.458064] [info] WebSocketServer: Started auto updates with interval 1000ms
[2026-01-27 11:07:55.458102] [info] WebSocketServer: Auto update worker started
[2026-01-27 11:07:55.458220] [info] Run RestApiServer on port 8080
[2026-01-27 11:07:55.466394] [info] Run gRPC Server on 0.0.0.0:50051
[2026-01-27 11:08:01.126434] [info] WebSocket client connected. Total clients: 1
[2026-01-27 11:08:01.458876] [debug] WebSocketServer: Broadcasting to 1 clients: {"server_time":"2026-01-27 11:08:01","timestamp":"1769501281458","isConnected":"False","numBoard":"0","numSteps":"0","numSpeed":"-49934505293400506368.000000","numAccel":"198","numDecel":"86","currentPos":"48","startPos":"3761086736","endPos":"22214"}
[2026-01-27 11:08:02.459178] [debug] WebSocketServer: Broadcasting to 1 clients: {"server_time":"2026-01-27 11:08:02","timestamp":"1769501282459","isConnected":"False","numBoard":"0","numSteps":"0","numSpeed":"-49934505293400506368.000000","numAccel":"198","numDecel":"86","currentPos":"48","startPos":"3761086736","endPos":"22214"}
[2026-01-27 11:08:03.459480] [debug] WebSocketServer: Broadcasting to 1 clients: {"server_time":"2026-01-27 11:08:03","timestamp":"1769501283459","isConnected":"False","numBoard":"0","numSteps":"0","numSpeed":"-49934505293400506368.000000","numAccel":"198","numDecel":"86","currentPos":"48","startPos":"3761086736","endPos":"22214"}
[2026-01-27 11:08:04.459774] [debug] WebSocketServer: Broadcasting to 1 clients: {"server_time":"2026-01-27 11:08:04","timestamp":"1769501284459","isConnected":"False","numBoard":"0","numSteps":"0","numSpeed":"-49934505293400506368.000000","numAccel":"198","numDecel":"86","currentPos":"48","startPos":"3761086736","endPos":"22214"}
[2026-01-27 11:08:04.462107] [info] GET /api/connect
[2026-01-27 11:08:05.460078] [debug] WebSocketServer: Broadcasting to 1 clients: {"server_time":"2026-01-27 11:08:05","timestamp":"1769501285460","isConnected":"True","numBoard":"0","numSteps":"0","numSpeed":"-49934505293400506368.000000","numAccel":"198","numDecel":"86","currentPos":"48","startPos":"3761086736","endPos":"22214"}
[2026-01-27 11:08:06.460358] [debug] WebSocketServer: Broadcasting to 1 clients: {"server_time":"2026-01-27 11:08:06","timestamp":"1769501286460","isConnected":"True","numBoard":"0","numSteps":"0","numSpeed":"-49934505293400506368.000000","numAccel":"198","numDecel":"86","currentPos":"48","startPos":"3761086736","endPos":"22214"}
[2026-01-27 11:08:07.261601] [info] POST /api/board/set {"numBoard":0}
[2026-01-27 11:08:07.460642] [debug] WebSocketServer: Broadcasting to 1 clients: {"server_time":"2026-01-27 11:08:07","timestamp":"1769501287460","isConnected":"True","numBoard":"0","numSteps":"0","numSpeed":"-49934505293400506368.000000","numAccel":"198","numDecel":"86","currentPos":"48","startPos":"3761086736","endPos":"22214"}
[2026-01-27 11:08:07.505579] [info] POST /api/steps/set {"numSteps":1000}
[2026-01-27 11:08:08.169587] [info] POST /api/speed/set {"numSpeed":10}
[2026-01-27 11:08:08.460916] [debug] WebSocketServer: Broadcasting to 1 clients: {"server_time":"2026-01-27 11:08:08","timestamp":"1769501288460","isConnected":"True","numBoard":"0","numSteps":"1000","numSpeed":"10.000000","numAccel":"198","numDecel":"86","currentPos":"48","startPos":"3761086736","endPos":"22214"}
[2026-01-27 11:08:08.489580] [info] POST /api/accel/set {"numAccel":10}
[2026-01-27 11:08:08.817579] [info] POST /api/decel/set {"numDecel":10}
[2026-01-27 11:08:09.097581] [info] GET /api/move/forward
[2026-01-27 11:08:09.461216] [debug] WebSocketServer: Broadcasting to 1 clients: {"server_time":"2026-01-27 11:08:09","timestamp":"1769501289461","isConnected":"True","numBoard":"0","numSteps":"1000","numSpeed":"10.000000","numAccel":"10","numDecel":"10","currentPos":"48","startPos":"3761086736","endPos":"22214"}
[2026-01-27 11:08:09.713581] [info] GET /api/move/backward
[2026-01-27 11:08:10.281576] [info] GET /api/move/forward
[2026-01-27 11:08:10.461515] [debug] WebSocketServer: Broadcasting to 1 clients: {"server_time":"2026-01-27 11:08:10","timestamp":"1769501290461","isConnected":"True","numBoard":"0","numSteps":"1000","numSpeed":"10.000000","numAccel":"10","numDecel":"10","currentPos":"48","startPos":"3761086736","endPos":"22214"}
[2026-01-27 11:08:10.769575] [info] GET /api/move/backward
[2026-01-27 11:08:11.393579] [info] GET /api/move/forward
[2026-01-27 11:08:11.461857] [debug] WebSocketServer: Broadcasting to 1 clients: {"server_time":"2026-01-27 11:08:11","timestamp":"1769501291461","isConnected":"True","numBoard":"0","numSteps":"1000","numSpeed":"10.000000","numAccel":"10","numDecel":"10","currentPos":"48","startPos":"3761086736","endPos":"22214"}
[2026-01-27 11:08:11.961573] [info] GET /api/move/backward
[2026-01-27 11:08:12.462164] [debug] WebSocketServer: Broadcasting to 1 clients: {"server_time":"2026-01-27 11:08:12","timestamp":"1769501292462","isConnected":"True","numBoard":"0","numSteps":"1000","numSpeed":"10.000000","numAccel":"10","numDecel":"10","currentPos":"48","startPos":"3761086736","endPos":"22214"}
[2026-01-27 11:08:13.462452] [debug] WebSocketServer: Broadcasting to 1 clients: {"server_time":"2026-01-27 11:08:13","timestamp":"1769501293462","isConnected":"True","numBoard":"0","numSteps":"1000","numSpeed":"10.000000","numAccel":"10","numDecel":"10","currentPos":"48","startPos":"3761086736","endPos":"22214"}
[2026-01-27 11:08:14.462732] [debug] WebSocketServer: Broadcasting to 1 clients: {"server_time":"2026-01-27 11:08:14","timestamp":"1769501294462","isConnected":"True","numBoard":"0","numSteps":"1000","numSpeed":"10.000000","numAccel":"10","numDecel":"10","currentPos":"48","startPos":"3761086736","endPos":"22214"}
[2026-01-27 11:08:15.463026] [debug] WebSocketServer: Broadcasting to 1 clients: {"server_time":"2026-01-27 11:08:15","timestamp":"1769501295462","isConnected":"True","numBoard":"0","numSteps":"1000","numSpeed":"10.000000","numAccel":"10","numDecel":"10","currentPos":"48","startPos":"3761086736","endPos":"22214"}
[2026-01-27 11:08:16.225563] [info] GET /api/move/backward
[2026-01-27 11:08:16.463344] [debug] WebSocketServer: Broadcasting to 1 clients: {"server_time":"2026-01-27 11:08:16","timestamp":"1769501296463","isConnected":"True","numBoard":"0","numSteps":"1000","numSpeed":"10.000000","numAccel":"10","numDecel":"10","currentPos":"48","startPos":"3761086736","endPos":"22214"}
[2026-01-27 11:08:17.463654] [debug] WebSocketServer: Broadcasting to 1 clients: {"server_time":"2026-01-27 11:08:17","timestamp":"1769501297463","isConnected":"True","numBoard":"0","numSteps":"1000","numSpeed":"10.000000","numAccel":"10","numDecel":"10","currentPos":"48","startPos":"3761086736","endPos":"22214"}
[2026-01-27 11:08:17.485577] [info] POST /api/board/set {"numBoard":0}
[2026-01-27 11:08:17.785559] [info] POST /api/steps/set {"numSteps":1000}
[2026-01-27 11:08:18.249560] [info] POST /api/speed/set {"numSpeed":10}
[2026-01-27 11:08:18.463977] [debug] WebSocketServer: Broadcasting to 1 clients: {"server_time":"2026-01-27 11:08:18","timestamp":"1769501298463","isConnected":"True","numBoard":"0","numSteps":"1000","numSpeed":"10.000000","numAccel":"10","numDecel":"10","currentPos":"48","startPos":"3761086736","endPos":"22214"}
[2026-01-27 11:08:18.689557] [info] POST /api/accel/set {"numAccel":10}
[2026-01-27 11:08:19.089556] [info] POST /api/decel/set {"numDecel":10}
[2026-01-27 11:08:19.417552] [info] GET /api/move/forward
[2026-01-27 11:08:19.464253] [debug] WebSocketServer: Broadcasting to 1 clients: {"server_time":"2026-01-27 11:08:19","timestamp":"1769501299464","isConnected":"True","numBoard":"0","numSteps":"1000","numSpeed":"10.000000","numAccel":"10","numDecel":"10","currentPos":"48","startPos":"3761086736","endPos":"22214"}
[2026-01-27 11:08:19.977554] [info] GET /api/move/backward
[2026-01-27 11:08:20.464537] [debug] WebSocketServer: Broadcasting to 1 clients: {"server_time":"2026-01-27 11:08:20","timestamp":"1769501300464","isConnected":"True","numBoard":"0","numSteps":"1000","numSpeed":"10.000000","numAccel":"10","numDecel":"10","currentPos":"48","startPos":"3761086736","endPos":"22214"}
[2026-01-27 11:08:21.464814] [debug] WebSocketServer: Broadcasting to 1 clients: {"server_time":"2026-01-27 11:08:21","timestamp":"1769501301464","isConnected":"True","numBoard":"0","numSteps":"1000","numSpeed":"10.000000","numAccel":"10","numDecel":"10","currentPos":"48","startPos":"3761086736","endPos":"22214"}
[2026-01-27 11:08:21.654483] [info] WebSocket client disconnected (ENOTCONN)
[2026-01-27 11:08:21.654599] [info] Session removed. Active clients: 0
[2026-01-27 11:08:21.654649] [info] WebSocket session destroyed
[2026-01-27 11:08:30.004957] [info] RestApiServer created on port 8080
[2026-01-27 11:08:30.005155] [info] WebSocketServer created on port 8081
[2026-01-27 11:08:30.005276] [info] GrpcApiServer created on port 50051
[2026-01-27 11:08:30.005399] [info] WebSocketServer starting on port 8081
[2026-01-27 11:08:30.005533] [info] WebSocketServer: Started auto updates with interval 1000ms
[2026-01-27 11:08:30.005574] [info] WebSocketServer: Auto update worker started
[2026-01-27 11:08:30.005684] [info] Run RestApiServer on port 8080
[2026-01-27 11:08:30.007740] [info] Run gRPC Server on 0.0.0.0:50051
[2026-01-27 11:08:32.274490] [info] WebSocket client connected. Total clients: 1
[2026-01-27 11:08:33.006048] [debug] WebSocketServer: Broadcasting to 1 clients: {"server_time":"2026-01-27 11:08:33","timestamp":"1769501313005","isConnected":"False","numBoard":"0","numSteps":"0","numSpeed":"-0.110593","numAccel":"113","numDecel":"87","currentPos":"48","startPos":"3185762576","endPos":"22385"}
[2026-01-27 11:08:33.767117] [info] GET /api/connect
[2026-01-27 11:08:34.006314] [debug] WebSocketServer: Broadcasting to 1 clients: {"server_time":"2026-01-27 11:08:34","timestamp":"1769501314006","isConnected":"True","numBoard":"0","numSteps":"0","numSpeed":"-0.110593","numAccel":"113","numDecel":"87","currentPos":"48","startPos":"3185762576","endPos":"22385"}
[2026-01-27 11:08:35.006574] [debug] WebSocketServer: Broadcasting to 1 clients: {"server_time":"2026-01-27 11:08:35","timestamp":"1769501315006","isConnected":"True","numBoard":"0","numSteps":"0","numSpeed":"-0.110593","numAccel":"113","numDecel":"87","currentPos":"48","startPos":"3185762576","endPos":"22385"}
[2026-01-27 11:08:36.006855] [debug] WebSocketServer: Broadcasting to 1 clients: {"server_time":"2026-01-27 11:08:36","timestamp":"1769501316006","isConnected":"True","numBoard":"0","numSteps":"0","numSpeed":"-0.110593","numAccel":"113","numDecel":"87","currentPos":"48","startPos":"3185762576","endPos":"22385"}
[2026-01-27 11:08:36.029522] [info] POST /api/board/set {"numBoard":0}
[2026-01-27 11:08:37.007281] [debug] WebSocketServer: Broadcasting to 1 clients: {"server_time":"2026-01-27 11:08:37","timestamp":"1769501317007","isConnected":"True","numBoard":"0","numSteps":"0","numSpeed":"-0.110593","numAccel":"113","numDecel":"87","currentPos":"48","startPos":"3185762576","endPos":"22385"}
[2026-01-27 11:08:37.441518] [info] POST /api/steps/set {"numSteps":1000}
[2026-01-27 11:08:37.945517] [info] POST /api/speed/set {"numSpeed":10}
[2026-01-27 11:08:38.007567] [debug] WebSocketServer: Broadcasting to 1 clients: {"server_time":"2026-01-27 11:08:38","timestamp":"1769501318007","isConnected":"True","numBoard":"0","numSteps":"1000","numSpeed":"10.000000","numAccel":"113","numDecel":"87","currentPos":"48","startPos":"3185762576","endPos":"22385"}
[2026-01-27 11:08:38.489513] [info] POST /api/accel/set {"numAccel":10}
[2026-01-27 11:08:38.841522] [info] POST /api/decel/set {"numDecel":10}
[2026-01-27 11:08:39.007848] [debug] WebSocketServer: Broadcasting to 1 clients: {"server_time":"2026-01-27 11:08:39","timestamp":"1769501319007","isConnected":"True","numBoard":"0","numSteps":"1000","numSpeed":"10.000000","numAccel":"10","numDecel":"10","currentPos":"48","startPos":"3185762576","endPos":"22385"}
[2026-01-27 11:08:39.153511] [info] GET /api/move/forward
[2026-01-27 11:08:39.577528] [info] GET /api/move/backward
[2026-01-27 11:08:39.977514] [info] GET /api/move/forward
[2026-01-27 11:08:40.008139] [debug] WebSocketServer: Broadcasting to 1 clients: {"server_time":"2026-01-27 11:08:40","timestamp":"1769501320008","isConnected":"True","numBoard":"0","numSteps":"1000","numSpeed":"10.000000","numAccel":"10","numDecel":"10","currentPos":"48","startPos":"3185762576","endPos":"22385"}
[2026-01-27 11:08:40.385513] [info] GET /api/move/backward
[2026-01-27 11:08:41.008473] [debug] WebSocketServer: Broadcasting to 1 clients: {"server_time":"2026-01-27 11:08:41","timestamp":"1769501321008","isConnected":"True","numBoard":"0","numSteps":"1000","numSpeed":"10.000000","numAccel":"10","numDecel":"10","currentPos":"48","startPos":"3185762576","endPos":"22385"}
[2026-01-27 11:08:42.008769] [debug] WebSocketServer: Broadcasting to 1 clients: {"server_time":"2026-01-27 11:08:42","timestamp":"1769501322008","isConnected":"True","numBoard":"0","numSteps":"1000","numSpeed":"10.000000","numAccel":"10","numDecel":"10","currentPos":"48","startPos":"3185762576","endPos":"22385"}
[2026-01-27 11:08:42.358439] [info] WebSocket client disconnected (ENOTCONN)
[2026-01-27 11:08:42.358531] [info] Session removed. Active clients: 0
[2026-01-27 11:08:42.358555] [info] WebSocket session destroyed
[2026-01-27 11:11:51.574132] [info] RestApiServer created on port 8080
[2026-01-27 11:11:51.574385] [info] WebSocketServer created on port 8081
[2026-01-27 11:11:51.574507] [info] GrpcApiServer created on port 50051
[2026-01-27 11:11:51.574601] [info] WebSocketServer starting on port 8081
[2026-01-27 11:11:51.574845] [info] WebSocketServer: Started auto updates with interval 1000ms
[2026-01-27 11:11:51.575030] [info] WebSocketServer: Auto update worker started
[2026-01-27 11:11:51.575134] [info] Run RestApiServer on port 8080
[2026-01-27 11:11:51.577299] [info] Run gRPC Server on 0.0.0.0:50051
[2026-01-27 11:11:53.632771] [info] WebSocket client connected. Total clients: 1
[2026-01-27 11:11:54.575467] [debug] WebSocketServer: Broadcasting to 1 clients: {"server_time":"2026-01-27 11:11:54","timestamp":"1769501514575","isConnected":"False","numBoard":"0","numSteps":"0","numSpeed":"0.023116","numAccel":"71","numDecel":"88","currentPos":"48","startPos":"1019068688","endPos":"22599"}
[2026-01-27 11:11:55.183110] [info] GET /api/connect
[2026-01-27 11:11:55.575794] [debug] WebSocketServer: Broadcasting to 1 clients: {"server_time":"2026-01-27 11:11:55","timestamp":"1769501515575","isConnected":"True","numBoard":"0","numSteps":"0","numSpeed":"0.023116","numAccel":"71","numDecel":"88","currentPos":"48","startPos":"1019068688","endPos":"22599"}
[2026-01-27 11:11:55.597111] [info] POST /api/board/set {"numBoard":0}
[2026-01-27 11:11:55.873095] [info] POST /api/steps/set {"numSteps":1000}
[2026-01-27 11:11:56.321096] [info] POST /api/speed/set {"numSpeed":10}
[2026-01-27 11:11:56.576120] [debug] WebSocketServer: Broadcasting to 1 clients: {"server_time":"2026-01-27 11:11:56","timestamp":"1769501516576","isConnected":"True","numBoard":"0","numSteps":"1000","numSpeed":"10.000000","numAccel":"71","numDecel":"88","currentPos":"48","startPos":"1019068688","endPos":"22599"}
[2026-01-27 11:11:56.673098] [info] POST /api/accel/set {"numAccel":10}
[2026-01-27 11:11:57.009099] [info] POST /api/decel/set {"numDecel":10}
[2026-01-27 11:11:57.429092] [info] GET /api/move/forward
[2026-01-27 11:11:57.576398] [debug] WebSocketServer: Broadcasting to 1 clients: {"server_time":"2026-01-27 11:11:57","timestamp":"1769501517576","isConnected":"True","numBoard":"0","numSteps":"1000","numSpeed":"10.000000","numAccel":"10","numDecel":"10","currentPos":"48","startPos":"1019068688","endPos":"22599"}
[2026-01-27 11:11:58.449097] [info] GET /api/move/backward
[2026-01-27 11:11:58.576686] [debug] WebSocketServer: Broadcasting to 1 clients: {"server_time":"2026-01-27 11:11:58","timestamp":"1769501518576","isConnected":"True","numBoard":"0","numSteps":"1000","numSpeed":"10.000000","numAccel":"10","numDecel":"10","currentPos":"48","startPos":"1019068688","endPos":"22599"}
[2026-01-27 11:11:59.576975] [debug] WebSocketServer: Broadcasting to 1 clients: {"server_time":"2026-01-27 11:11:59","timestamp":"1769501519576","isConnected":"True","numBoard":"0","numSteps":"1000","numSpeed":"10.000000","numAccel":"10","numDecel":"10","currentPos":"48","startPos":"1019068688","endPos":"22599"}
[2026-01-27 11:11:59.609094] [info] GET /api/homing/zero
[2026-01-27 11:12:00.513090] [info] GET /api/homing/max
[2026-01-27 11:12:00.577271] [debug] WebSocketServer: Broadcasting to 1 clients: {"server_time":"2026-01-27 11:12:00","timestamp":"1769501520577","isConnected":"True","numBoard":"0","numSteps":"1000","numSpeed":"10.000000","numAccel":"10","numDecel":"10","currentPos":"48","startPos":"1019068688","endPos":"22599"}
[2026-01-27 11:12:01.577548] [debug] WebSocketServer: Broadcasting to 1 clients: {"server_time":"2026-01-27 11:12:01","timestamp":"1769501521577","isConnected":"True","numBoard":"0","numSteps":"1000","numSpeed":"10.000000","numAccel":"10","numDecel":"10","currentPos":"48","startPos":"1019068688","endPos":"22599"}
[2026-01-27 11:12:02.569096] [info] GET /api/move/stop
[2026-01-27 11:12:02.577834] [debug] WebSocketServer: Broadcasting to 1 clients: {"server_time":"2026-01-27 11:12:02","timestamp":"1769501522577","isConnected":"True","numBoard":"0","numSteps":"1000","numSpeed":"10.000000","numAccel":"10","numDecel":"10","currentPos":"48","startPos":"1019068688","endPos":"22599"}
[2026-01-27 11:12:03.579192] [debug] WebSocketServer: Broadcasting to 1 clients: {"server_time":"2026-01-27 11:12:03","timestamp":"1769501523579","isConnected":"True","numBoard":"0","numSteps":"1000","numSpeed":"10.000000","numAccel":"10","numDecel":"10","currentPos":"48","startPos":"1019068688","endPos":"22599"}
[2026-01-27 11:12:04.579484] [debug] WebSocketServer: Broadcasting to 1 clients: {"server_time":"2026-01-27 11:12:04","timestamp":"1769501524579","isConnected":"True","numBoard":"0","numSteps":"1000","numSpeed":"10.000000","numAccel":"10","numDecel":"10","currentPos":"48","startPos":"1019068688","endPos":"22599"}
[2026-01-27 11:12:05.579786] [debug] WebSocketServer: Broadcasting to 1 clients: {"server_time":"2026-01-27 11:12:05","timestamp":"1769501525579","isConnected":"True","numBoard":"0","numSteps":"1000","numSpeed":"10.000000","numAccel":"10","numDecel":"10","currentPos":"48","startPos":"1019068688","endPos":"22599"}
[2026-01-27 11:12:06.580078] [debug] WebSocketServer: Broadcasting to 1 clients: {"server_time":"2026-01-27 11:12:06","timestamp":"1769501526580","isConnected":"True","numBoard":"0","numSteps":"1000","numSpeed":"10.000000","numAccel":"10","numDecel":"10","currentPos":"48","startPos":"1019068688","endPos":"22599"}
[2026-01-27 11:12:07.580369] [debug] WebSocketServer: Broadcasting to 1 clients: {"server_time":"2026-01-27 11:12:07","timestamp":"1769501527580","isConnected":"True","numBoard":"0","numSteps":"1000","numSpeed":"10.000000","numAccel":"10","numDecel":"10","currentPos":"48","startPos":"1019068688","endPos":"22599"}
[2026-01-27 11:12:08.580640] [debug] WebSocketServer: Broadcasting to 1 clients: {"server_time":"2026-01-27 11:12:08","timestamp":"1769501528580","isConnected":"True","numBoard":"0","numSteps":"1000","numSpeed":"10.000000","numAccel":"10","numDecel":"10","currentPos":"48","startPos":"1019068688","endPos":"22599"}
[2026-01-27 11:12:09.433082] [info] gRPC Speed: 10
[2026-01-27 11:12:09.437078] [info] gRPC Steps: 1000
[2026-01-27 11:12:09.517091] [info] gRPC Board: 0
[2026-01-27 11:12:09.580932] [debug] WebSocketServer: Broadcasting to 1 clients: {"server_time":"2026-01-27 11:12:09","timestamp":"1769501529580","isConnected":"True","numBoard":"0","numSteps":"1000","numSpeed":"10.000000","numAccel":"10","numDecel":"10","currentPos":"48","startPos":"1019068688","endPos":"22599"}
[2026-01-27 11:12:09.737076] [info] gRPC Accel: 10
[2026-01-27 11:12:10.377074] [info] gRPC Decel: 10
[2026-01-27 11:12:10.581289] [debug] WebSocketServer: Broadcasting to 1 clients: {"server_time":"2026-01-27 11:12:10","timestamp":"1769501530581","isConnected":"True","numBoard":"0","numSteps":"1000","numSpeed":"10.000000","numAccel":"10","numDecel":"10","currentPos":"48","startPos":"1019068688","endPos":"22599"}
[2026-01-27 11:12:10.877076] [info] gRPC Forward
[2026-01-27 11:12:11.581622] [debug] WebSocketServer: Broadcasting to 1 clients: {"server_time":"2026-01-27 11:12:11","timestamp":"1769501531581","isConnected":"True","numBoard":"0","numSteps":"1000","numSpeed":"10.000000","numAccel":"10","numDecel":"10","currentPos":"48","startPos":"1019068688","endPos":"22599"}
[2026-01-27 11:12:12.033077] [info] gRPC Backward
[2026-01-27 11:12:12.581888] [debug] WebSocketServer: Broadcasting to 1 clients: {"server_time":"2026-01-27 11:12:12","timestamp":"1769501532581","isConnected":"True","numBoard":"0","numSteps":"1000","numSpeed":"10.000000","numAccel":"10","numDecel":"10","currentPos":"48","startPos":"1019068688","endPos":"22599"}
[2026-01-27 11:12:13.457071] [info] gRPC Backward
[2026-01-27 11:12:13.582168] [debug] WebSocketServer: Broadcasting to 1 clients: {"server_time":"2026-01-27 11:12:13","timestamp":"1769501533582","isConnected":"True","numBoard":"0","numSteps":"1000","numSpeed":"10.000000","numAccel":"10","numDecel":"10","currentPos":"48","startPos":"1019068688","endPos":"22599"}
[2026-01-27 11:12:14.582436] [debug] WebSocketServer: Broadcasting to 1 clients: {"server_time":"2026-01-27 11:12:14","timestamp":"1769501534582","isConnected":"True","numBoard":"0","numSteps":"1000","numSpeed":"10.000000","numAccel":"10","numDecel":"10","currentPos":"48","startPos":"1019068688","endPos":"22599"}
[2026-01-27 11:12:15.582721] [debug] WebSocketServer: Broadcasting to 1 clients: {"server_time":"2026-01-27 11:12:15","timestamp":"1769501535582","isConnected":"True","numBoard":"0","numSteps":"1000","numSpeed":"10.000000","numAccel":"10","numDecel":"10","currentPos":"48","startPos":"1019068688","endPos":"22599"}
[2026-01-27 11:12:16.583010] [debug] WebSocketServer: Broadcasting to 1 clients: {"server_time":"2026-01-27 11:12:16","timestamp":"1769501536582","isConnected":"True","numBoard":"0","numSteps":"1000","numSpeed":"10.000000","numAccel":"10","numDecel":"10","currentPos":"48","startPos":"1019068688","endPos":"22599"}
[2026-01-27 11:12:17.583327] [debug] WebSocketServer: Broadcasting to 1 clients: {"server_time":"2026-01-27 11:12:17","timestamp":"1769501537583","isConnected":"True","numBoard":"0","numSteps":"1000","numSpeed":"10.000000","numAccel":"10","numDecel":"10","currentPos":"48","startPos":"1019068688","endPos":"22599"}
[2026-01-27 11:12:18.021059] [info] gRPC HomingMax
[2026-01-27 11:12:18.583610] [debug] WebSocketServer: Broadcasting to 1 clients: {"server_time":"2026-01-27 11:12:18","timestamp":"1769501538583","isConnected":"True","numBoard":"0","numSteps":"1000","numSpeed":"10.000000","numAccel":"10","numDecel":"10","currentPos":"48","startPos":"1019068688","endPos":"22599"}
[2026-01-27 11:12:19.397059] [info] gRPC Stop
[2026-01-27 11:12:19.583899] [debug] WebSocketServer: Broadcasting to 1 clients: {"server_time":"2026-01-27 11:12:19","timestamp":"1769501539583","isConnected":"True","numBoard":"0","numSteps":"1000","numSpeed":"10.000000","numAccel":"10","numDecel":"10","currentPos":"48","startPos":"1019068688","endPos":"22599"}
[2026-01-27 11:12:20.584184] [debug] WebSocketServer: Broadcasting to 1 clients: {"server_time":"2026-01-27 11:12:20","timestamp":"1769501540584","isConnected":"True","numBoard":"0","numSteps":"1000","numSpeed":"10.000000","numAccel":"10","numDecel":"10","currentPos":"48","startPos":"1019068688","endPos":"22599"}
[2026-01-27 11:12:21.584496] [debug] WebSocketServer: Broadcasting to 1 clients: {"server_time":"2026-01-27 11:12:21","timestamp":"1769501541584","isConnected":"True","numBoard":"0","numSteps":"1000","numSpeed":"10.000000","numAccel":"10","numDecel":"10","currentPos":"48","startPos":"1019068688","endPos":"22599"}
[2026-01-27 11:12:22.584762] [debug] WebSocketServer: Broadcasting to 1 clients: {"server_time":"2026-01-27 11:12:22","timestamp":"1769501542584","isConnected":"True","numBoard":"0","numSteps":"1000","numSpeed":"10.000000","numAccel":"10","numDecel":"10","currentPos":"48","startPos":"1019068688","endPos":"22599"}
[2026-01-27 11:12:23.518199] [info] WebSocket client disconnected (ENOTCONN)
[2026-01-27 11:12:23.518309] [info] Session removed. Active clients: 0
[2026-01-27 11:12:23.518352] [info] WebSocket session destroyed
[2026-01-27 12:14:28.209944] [info] RestApiServer created on port 8080
[2026-01-27 12:14:28.210229] [info] WebSocketServer created on port 8081
[2026-01-27 12:14:28.210338] [info] GrpcApiServer created on port 50051
[2026-01-27 12:14:28.210457] [info] WebSocketServer starting on port 8081
[2026-01-27 12:14:28.210479] [info] WebSocketServer: Started auto updates with interval 1000ms
[2026-01-27 12:14:28.210516] [info] WebSocketServer: Auto update worker started
[2026-01-27 12:14:28.210665] [info] Run RestApiServer on port 8080
[2026-01-27 12:14:28.212430] [info] Run gRPC Server on 0.0.0.0:50051
[2026-01-27 12:14:31.512464] [info] WebSocket client connected. Total clients: 1
[2026-01-27 12:14:32.211400] [debug] WebSocketServer: Broadcasting to 1 clients: {"server_time":"2026-01-27 12:14:32","timestamp":"1769505272211","isConnected":"False","numBoard":"0","numSteps":"0","numSpeed":"0.021736","numAccel":"94","numDecel":"94","currentPos":"48","startPos":"1018327312","endPos":"24158"}
[2026-01-27 12:14:33.211825] [debug] WebSocketServer: Broadcasting to 1 clients: {"server_time":"2026-01-27 12:14:33","timestamp":"1769505273211","isConnected":"False","numBoard":"0","numSteps":"0","numSpeed":"0.021736","numAccel":"94","numDecel":"94","currentPos":"48","startPos":"1018327312","endPos":"24158"}
[2026-01-27 12:14:34.212141] [debug] WebSocketServer: Broadcasting to 1 clients: {"server_time":"2026-01-27 12:14:34","timestamp":"1769505274212","isConnected":"False","numBoard":"0","numSteps":"0","numSpeed":"0.021736","numAccel":"94","numDecel":"94","currentPos":"48","startPos":"1018327312","endPos":"24158"}
[2026-01-27 12:14:34.516142] [info] gRPC Connect Connect
[2026-01-27 12:14:35.212448] [debug] WebSocketServer: Broadcasting to 1 clients: {"server_time":"2026-01-27 12:14:35","timestamp":"1769505275212","isConnected":"True","numBoard":"0","numSteps":"0","numSpeed":"0.021736","numAccel":"94","numDecel":"94","currentPos":"48","startPos":"1018327312","endPos":"24158"}
[2026-01-27 12:14:36.212759] [debug] WebSocketServer: Broadcasting to 1 clients: {"server_time":"2026-01-27 12:14:36","timestamp":"1769505276212","isConnected":"True","numBoard":"0","numSteps":"0","numSpeed":"0.021736","numAccel":"94","numDecel":"94","currentPos":"48","startPos":"1018327312","endPos":"24158"}
[2026-01-27 12:14:37.213053] [debug] WebSocketServer: Broadcasting to 1 clients: {"server_time":"2026-01-27 12:14:37","timestamp":"1769505277212","isConnected":"True","numBoard":"0","numSteps":"0","numSpeed":"0.021736","numAccel":"94","numDecel":"94","currentPos":"48","startPos":"1018327312","endPos":"24158"}
[2026-01-27 12:14:38.213334] [debug] WebSocketServer: Broadcasting to 1 clients: {"server_time":"2026-01-27 12:14:38","timestamp":"1769505278213","isConnected":"True","numBoard":"0","numSteps":"0","numSpeed":"0.021736","numAccel":"94","numDecel":"94","currentPos":"48","startPos":"1018327312","endPos":"24158"}
[2026-01-27 12:14:39.213619] [debug] WebSocketServer: Broadcasting to 1 clients: {"server_time":"2026-01-27 12:14:39","timestamp":"1769505279213","isConnected":"True","numBoard":"0","numSteps":"0","numSpeed":"0.021736","numAccel":"94","numDecel":"94","currentPos":"48","startPos":"1018327312","endPos":"24158"}
[2026-01-27 12:14:40.213941] [debug] WebSocketServer: Broadcasting to 1 clients: {"server_time":"2026-01-27 12:14:40","timestamp":"1769505280213","isConnected":"True","numBoard":"0","numSteps":"0","numSpeed":"0.021736","numAccel":"94","numDecel":"94","currentPos":"48","startPos":"1018327312","endPos":"24158"}
[2026-01-27 12:14:41.214256] [debug] WebSocketServer: Broadcasting to 1 clients: {"server_time":"2026-01-27 12:14:41","timestamp":"1769505281214","isConnected":"True","numBoard":"0","numSteps":"0","numSpeed":"0.021736","numAccel":"94","numDecel":"94","currentPos":"48","startPos":"1018327312","endPos":"24158"}
[2026-01-27 12:14:42.214570] [debug] WebSocketServer: Broadcasting to 1 clients: {"server_time":"2026-01-27 12:14:42","timestamp":"1769505282214","isConnected":"True","numBoard":"0","numSteps":"0","numSpeed":"0.021736","numAccel":"94","numDecel":"94","currentPos":"48","startPos":"1018327312","endPos":"24158"}
[2026-01-27 12:14:43.214860] [debug] WebSocketServer: Broadcasting to 1 clients: {"server_time":"2026-01-27 12:14:43","timestamp":"1769505283214","isConnected":"True","numBoard":"0","numSteps":"0","numSpeed":"0.021736","numAccel":"94","numDecel":"94","currentPos":"48","startPos":"1018327312","endPos":"24158"}
[2026-01-27 12:14:43.380898] [info] gRPC Board: 0
[2026-01-27 12:14:44.215154] [debug] WebSocketServer: Broadcasting to 1 clients: {"server_time":"2026-01-27 12:14:44","timestamp":"1769505284215","isConnected":"True","numBoard":"0","numSteps":"0","numSpeed":"0.021736","numAccel":"94","numDecel":"94","currentPos":"48","startPos":"1018327312","endPos":"24158"}
[2026-01-27 12:14:45.215481] [debug] WebSocketServer: Broadcasting to 1 clients: {"server_time":"2026-01-27 12:14:45","timestamp":"1769505285215","isConnected":"True","numBoard":"0","numSteps":"0","numSpeed":"0.021736","numAccel":"94","numDecel":"94","currentPos":"48","startPos":"1018327312","endPos":"24158"}
[2026-01-27 12:14:46.215766] [debug] WebSocketServer: Broadcasting to 1 clients: {"server_time":"2026-01-27 12:14:46","timestamp":"1769505286215","isConnected":"True","numBoard":"0","numSteps":"0","numSpeed":"0.021736","numAccel":"94","numDecel":"94","currentPos":"48","startPos":"1018327312","endPos":"24158"}
[2026-01-27 12:14:47.216033] [debug] WebSocketServer: Broadcasting to 1 clients: {"server_time":"2026-01-27 12:14:47","timestamp":"1769505287215","isConnected":"True","numBoard":"0","numSteps":"0","numSpeed":"0.021736","numAccel":"94","numDecel":"94","currentPos":"48","startPos":"1018327312","endPos":"24158"}
[2026-01-27 12:14:48.217091] [debug] WebSocketServer: Broadcasting to 1 clients: {"server_time":"2026-01-27 12:14:48","timestamp":"1769505288217","isConnected":"True","numBoard":"0","numSteps":"0","numSpeed":"0.021736","numAccel":"94","numDecel":"94","currentPos":"48","startPos":"1018327312","endPos":"24158"}
[2026-01-27 12:14:49.217401] [debug] WebSocketServer: Broadcasting to 1 clients: {"server_time":"2026-01-27 12:14:49","timestamp":"1769505289217","isConnected":"True","numBoard":"0","numSteps":"0","numSpeed":"0.021736","numAccel":"94","numDecel":"94","currentPos":"48","startPos":"1018327312","endPos":"24158"}
[2026-01-27 12:14:50.217694] [debug] WebSocketServer: Broadcasting to 1 clients: {"server_time":"2026-01-27 12:14:50","timestamp":"1769505290217","isConnected":"True","numBoard":"0","numSteps":"0","numSpeed":"0.021736","numAccel":"94","numDecel":"94","currentPos":"48","startPos":"1018327312","endPos":"24158"}
[2026-01-27 12:14:51.217971] [debug] WebSocketServer: Broadcasting to 1 clients: {"server_time":"2026-01-27 12:14:51","timestamp":"1769505291217","isConnected":"True","numBoard":"0","numSteps":"0","numSpeed":"0.021736","numAccel":"94","numDecel":"94","currentPos":"48","startPos":"1018327312","endPos":"24158"}
[2026-01-27 12:14:51.584958] [info] gRPC Steps: 1000
[2026-01-27 12:14:52.218253] [debug] WebSocketServer: Broadcasting to 1 clients: {"server_time":"2026-01-27 12:14:52","timestamp":"1769505292218","isConnected":"True","numBoard":"0","numSteps":"1000","numSpeed":"0.021736","numAccel":"94","numDecel":"94","currentPos":"48","startPos":"1018327312","endPos":"24158"}
[2026-01-27 12:14:52.392960] [info] gRPC Speed: 10
[2026-01-27 12:14:52.744961] [info] gRPC Accel: 10
[2026-01-27 12:14:53.172965] [info] gRPC Decel: 10
[2026-01-27 12:14:53.218568] [debug] WebSocketServer: Broadcasting to 1 clients: {"server_time":"2026-01-27 12:14:53","timestamp":"1769505293218","isConnected":"True","numBoard":"0","numSteps":"1000","numSpeed":"10.000000","numAccel":"10","numDecel":"10","currentPos":"48","startPos":"1018327312","endPos":"24158"}
[2026-01-27 12:14:53.600965] [info] gRPC Forward
[2026-01-27 12:14:54.218851] [debug] WebSocketServer: Broadcasting to 1 clients: {"server_time":"2026-01-27 12:14:54","timestamp":"1769505294218","isConnected":"True","numBoard":"0","numSteps":"1000","numSpeed":"10.000000","numAccel":"10","numDecel":"10","currentPos":"48","startPos":"1018327312","endPos":"24158"}
[2026-01-27 12:14:54.364975] [info] gRPC Backward
[2026-01-27 12:14:55.219151] [debug] WebSocketServer: Broadcasting to 1 clients: {"server_time":"2026-01-27 12:14:55","timestamp":"1769505295219","isConnected":"True","numBoard":"0","numSteps":"1000","numSpeed":"10.000000","numAccel":"10","numDecel":"10","currentPos":"48","startPos":"1018327312","endPos":"24158"}
[2026-01-27 12:14:56.219463] [debug] WebSocketServer: Broadcasting to 1 clients: {"server_time":"2026-01-27 12:14:56","timestamp":"1769505296219","isConnected":"True","numBoard":"0","numSteps":"1000","numSpeed":"10.000000","numAccel":"10","numDecel":"10","currentPos":"48","startPos":"1018327312","endPos":"24158"}
[2026-01-27 12:14:57.219745] [debug] WebSocketServer: Broadcasting to 1 clients: {"server_time":"2026-01-27 12:14:57","timestamp":"1769505297219","isConnected":"True","numBoard":"0","numSteps":"1000","numSpeed":"10.000000","numAccel":"10","numDecel":"10","currentPos":"48","startPos":"1018327312","endPos":"24158"}
[2026-01-27 12:14:58.220062] [debug] WebSocketServer: Broadcasting to 1 clients: {"server_time":"2026-01-27 12:14:58","timestamp":"1769505298220","isConnected":"True","numBoard":"0","numSteps":"1000","numSpeed":"10.000000","numAccel":"10","numDecel":"10","currentPos":"48","startPos":"1018327312","endPos":"24158"}
[2026-01-27 12:14:59.220340] [debug] WebSocketServer: Broadcasting to 1 clients: {"server_time":"2026-01-27 12:14:59","timestamp":"1769505299220","isConnected":"True","numBoard":"0","numSteps":"1000","numSpeed":"10.000000","numAccel":"10","numDecel":"10","currentPos":"48","startPos":"1018327312","endPos":"24158"}
[2026-01-27 12:15:00.220618] [debug] WebSocketServer: Broadcasting to 1 clients: {"server_time":"2026-01-27 12:15:00","timestamp":"1769505300220","isConnected":"True","numBoard":"0","numSteps":"1000","numSpeed":"10.000000","numAccel":"10","numDecel":"10","currentPos":"48","startPos":"1018327312","endPos":"24158"}
[2026-01-27 12:15:01.220883] [debug] WebSocketServer: Broadcasting to 1 clients: {"server_time":"2026-01-27 12:15:01","timestamp":"1769505301220","isConnected":"True","numBoard":"0","numSteps":"1000","numSpeed":"10.000000","numAccel":"10","numDecel":"10","currentPos":"48","startPos":"1018327312","endPos":"24158"}
[2026-01-27 12:15:02.221168] [debug] WebSocketServer: Broadcasting to 1 clients: {"server_time":"2026-01-27 12:15:02","timestamp":"1769505302221","isConnected":"True","numBoard":"0","numSteps":"1000","numSpeed":"10.000000","numAccel":"10","numDecel":"10","currentPos":"48","startPos":"1018327312","endPos":"24158"}
[2026-01-27 12:15:03.221445] [debug] WebSocketServer: Broadcasting to 1 clients: {"server_time":"2026-01-27 12:15:03","timestamp":"1769505303221","isConnected":"True","numBoard":"0","numSteps":"1000","numSpeed":"10.000000","numAccel":"10","numDecel":"10","currentPos":"48","startPos":"1018327312","endPos":"24158"}
[2026-01-27 12:15:04.221709] [debug] WebSocketServer: Broadcasting to 1 clients: {"server_time":"2026-01-27 12:15:04","timestamp":"1769505304221","isConnected":"True","numBoard":"0","numSteps":"1000","numSpeed":"10.000000","numAccel":"10","numDecel":"10","currentPos":"48","startPos":"1018327312","endPos":"24158"}
[2026-01-27 12:15:05.222029] [debug] WebSocketServer: Broadcasting to 1 clients: {"server_time":"2026-01-27 12:15:05","timestamp":"1769505305221","isConnected":"True","numBoard":"0","numSteps":"1000","numSpeed":"10.000000","numAccel":"10","numDecel":"10","currentPos":"48","startPos":"1018327312","endPos":"24158"}
[2026-01-27 12:15:06.222379] [debug] WebSocketServer: Broadcasting to 1 clients: {"server_time":"2026-01-27 12:15:06","timestamp":"1769505306222","isConnected":"True","numBoard":"0","numSteps":"1000","numSpeed":"10.000000","numAccel":"10","numDecel":"10","currentPos":"48","startPos":"1018327312","endPos":"24158"}
[2026-01-27 12:15:07.222654] [debug] WebSocketServer: Broadcasting to 1 clients: {"server_time":"2026-01-27 12:15:07","timestamp":"1769505307222","isConnected":"True","numBoard":"0","numSteps":"1000","numSpeed":"10.000000","numAccel":"10","numDecel":"10","currentPos":"48","startPos":"1018327312","endPos":"24158"}
[2026-01-27 12:15:08.222935] [debug] WebSocketServer: Broadcasting to 1 clients: {"server_time":"2026-01-27 12:15:08","timestamp":"1769505308222","isConnected":"True","numBoard":"0","numSteps":"1000","numSpeed":"10.000000","numAccel":"10","numDecel":"10","currentPos":"48","startPos":"1018327312","endPos":"24158"}
[2026-01-27 12:15:09.223203] [debug] WebSocketServer: Broadcasting to 1 clients: {"server_time":"2026-01-27 12:15:09","timestamp":"1769505309223","isConnected":"True","numBoard":"0","numSteps":"1000","numSpeed":"10.000000","numAccel":"10","numDecel":"10","currentPos":"48","startPos":"1018327312","endPos":"24158"}
[2026-01-27 12:15:10.223455] [debug] WebSocketServer: Broadcasting to 1 clients: {"server_time":"2026-01-27 12:15:10","timestamp":"1769505310223","isConnected":"True","numBoard":"0","numSteps":"1000","numSpeed":"10.000000","numAccel":"10","numDecel":"10","currentPos":"48","startPos":"1018327312","endPos":"24158"}
[2026-01-27 12:15:11.223721] [debug] WebSocketServer: Broadcasting to 1 clients: {"server_time":"2026-01-27 12:15:11","timestamp":"1769505311223","isConnected":"True","numBoard":"0","numSteps":"1000","numSpeed":"10.000000","numAccel":"10","numDecel":"10","currentPos":"48","startPos":"1018327312","endPos":"24158"}
[2026-01-27 12:15:11.549116] [info] gRPC CurrentPos: 10000
[2026-01-27 12:15:12.223978] [debug] WebSocketServer: Broadcasting to 1 clients: {"server_time":"2026-01-27 12:15:12","timestamp":"1769505312223","isConnected":"True","numBoard":"0","numSteps":"1000","numSpeed":"10.000000","numAccel":"10","numDecel":"10","currentPos":"10000","startPos":"1018327312","endPos":"24158"}
[2026-01-27 12:15:12.389121] [info] gRPC SaveStartPos: 1000
[2026-01-27 12:15:12.897124] [info] gRPC SaveEndPos: 100000
[2026-01-27 12:15:13.224246] [debug] WebSocketServer: Broadcasting to 1 clients: {"server_time":"2026-01-27 12:15:13","timestamp":"1769505313224","isConnected":"True","numBoard":"0","numSteps":"1000","numSpeed":"10.000000","numAccel":"10","numDecel":"10","currentPos":"10000","startPos":"1000","endPos":"100000"}
[2026-01-27 12:15:13.833131] [info] gRPC Forward
[2026-01-27 12:15:14.224552] [debug] WebSocketServer: Broadcasting to 1 clients: {"server_time":"2026-01-27 12:15:14","timestamp":"1769505314224","isConnected":"True","numBoard":"0","numSteps":"1000","numSpeed":"10.000000","numAccel":"10","numDecel":"10","currentPos":"10000","startPos":"1000","endPos":"100000"}
[2026-01-27 12:15:14.950490] [info] gRPC Board: 0
[2026-01-27 12:15:15.224825] [debug] WebSocketServer: Broadcasting to 1 clients: {"server_time":"2026-01-27 12:15:15","timestamp":"1769505315224","isConnected":"True","numBoard":"0","numSteps":"1000","numSpeed":"10.000000","numAccel":"10","numDecel":"10","currentPos":"10000","startPos":"1000","endPos":"100000"}
[2026-01-27 12:15:15.245137] [info] gRPC Steps: 1000
[2026-01-27 12:15:15.701148] [info] gRPC Speed: 10
[2026-01-27 12:15:16.053151] [info] gRPC Accel: 10
[2026-01-27 12:15:16.225099] [debug] WebSocketServer: Broadcasting to 1 clients: {"server_time":"2026-01-27 12:15:16","timestamp":"1769505316225","isConnected":"True","numBoard":"0","numSteps":"1000","numSpeed":"10.000000","numAccel":"10","numDecel":"10","currentPos":"10000","startPos":"1000","endPos":"100000"}
[2026-01-27 12:15:16.365146] [info] gRPC Decel: 10
[2026-01-27 12:15:16.685148] [info] gRPC Forward
[2026-01-27 12:15:17.225166] [info] gRPC Backward
[2026-01-27 12:15:17.225397] [debug] WebSocketServer: Broadcasting to 1 clients: {"server_time":"2026-01-27 12:15:17","timestamp":"1769505317225","isConnected":"True","numBoard":"0","numSteps":"1000","numSpeed":"10.000000","numAccel":"10","numDecel":"10","currentPos":"10000","startPos":"1000","endPos":"100000"}
[2026-01-27 12:15:17.789166] [info] gRPC Forward
[2026-01-27 12:15:18.225726] [debug] WebSocketServer: Broadcasting to 1 clients: {"server_time":"2026-01-27 12:15:18","timestamp":"1769505318225","isConnected":"True","numBoard":"0","numSteps":"1000","numSpeed":"10.000000","numAccel":"10","numDecel":"10","currentPos":"10000","startPos":"1000","endPos":"100000"}
[2026-01-27 12:15:19.226002] [debug] WebSocketServer: Broadcasting to 1 clients: {"server_time":"2026-01-27 12:15:19","timestamp":"1769505319225","isConnected":"True","numBoard":"0","numSteps":"1000","numSpeed":"10.000000","numAccel":"10","numDecel":"10","currentPos":"10000","startPos":"1000","endPos":"100000"}
[2026-01-27 12:15:20.226298] [debug] WebSocketServer: Broadcasting to 1 clients: {"server_time":"2026-01-27 12:15:20","timestamp":"1769505320226","isConnected":"True","numBoard":"0","numSteps":"1000","numSpeed":"10.000000","numAccel":"10","numDecel":"10","currentPos":"10000","startPos":"1000","endPos":"100000"}
[2026-01-27 12:15:21.226667] [debug] WebSocketServer: Broadcasting to 1 clients: {"server_time":"2026-01-27 12:15:21","timestamp":"1769505321226","isConnected":"True","numBoard":"0","numSteps":"1000","numSpeed":"10.000000","numAccel":"10","numDecel":"10","currentPos":"10000","startPos":"1000","endPos":"100000"}
[2026-01-27 12:15:22.226948] [debug] WebSocketServer: Broadcasting to 1 clients: {"server_time":"2026-01-27 12:15:22","timestamp":"1769505322226","isConnected":"True","numBoard":"0","numSteps":"1000","numSpeed":"10.000000","numAccel":"10","numDecel":"10","currentPos":"10000","startPos":"1000","endPos":"100000"}
[2026-01-27 12:15:23.227256] [debug] WebSocketServer: Broadcasting to 1 clients: {"server_time":"2026-01-27 12:15:23","timestamp":"1769505323227","isConnected":"True","numBoard":"0","numSteps":"1000","numSpeed":"10.000000","numAccel":"10","numDecel":"10","currentPos":"10000","startPos":"1000","endPos":"100000"}
[2026-01-27 12:15:24.227524] [debug] WebSocketServer: Broadcasting to 1 clients: {"server_time":"2026-01-27 12:15:24","timestamp":"1769505324227","isConnected":"True","numBoard":"0","numSteps":"1000","numSpeed":"10.000000","numAccel":"10","numDecel":"10","currentPos":"10000","startPos":"1000","endPos":"100000"}
[2026-01-27 12:15:25.227776] [debug] WebSocketServer: Broadcasting to 1 clients: {"server_time":"2026-01-27 12:15:25","timestamp":"1769505325227","isConnected":"True","numBoard":"0","numSteps":"1000","numSpeed":"10.000000","numAccel":"10","numDecel":"10","currentPos":"10000","startPos":"1000","endPos":"100000"}
[2026-01-27 12:15:26.228048] [debug] WebSocketServer: Broadcasting to 1 clients: {"server_time":"2026-01-27 12:15:26","timestamp":"1769505326227","isConnected":"True","numBoard":"0","numSteps":"1000","numSpeed":"10.000000","numAccel":"10","numDecel":"10","currentPos":"10000","startPos":"1000","endPos":"100000"}
[2026-01-27 12:15:27.228335] [debug] WebSocketServer: Broadcasting to 1 clients: {"server_time":"2026-01-27 12:15:27","timestamp":"1769505327228","isConnected":"True","numBoard":"0","numSteps":"1000","numSpeed":"10.000000","numAccel":"10","numDecel":"10","currentPos":"10000","startPos":"1000","endPos":"100000"}
[2026-01-27 12:15:28.228631] [debug] WebSocketServer: Broadcasting to 1 clients: {"server_time":"2026-01-27 12:15:28","timestamp":"1769505328228","isConnected":"True","numBoard":"0","numSteps":"1000","numSpeed":"10.000000","numAccel":"10","numDecel":"10","currentPos":"10000","startPos":"1000","endPos":"100000"}
[2026-01-27 12:15:29.228931] [debug] WebSocketServer: Broadcasting to 1 clients: {"server_time":"2026-01-27 12:15:29","timestamp":"1769505329228","isConnected":"True","numBoard":"0","numSteps":"1000","numSpeed":"10.000000","numAccel":"10","numDecel":"10","currentPos":"10000","startPos":"1000","endPos":"100000"}
[2026-01-27 12:15:30.117777] [info] POST /api/board/set {"numBoard":0}
[2026-01-27 12:15:30.229235] [debug] WebSocketServer: Broadcasting to 1 clients: {"server_time":"2026-01-27 12:15:30","timestamp":"1769505330229","isConnected":"True","numBoard":"0","numSteps":"1000","numSpeed":"10.000000","numAccel":"10","numDecel":"10","currentPos":"10000","startPos":"1000","endPos":"100000"}
[2026-01-27 12:15:30.361260] [info] POST /api/steps/set {"numSteps":1000}
[2026-01-27 12:15:30.737263] [info] POST /api/speed/set {"numSpeed":10}
[2026-01-27 12:15:31.229540] [debug] WebSocketServer: Broadcasting to 1 clients: {"server_time":"2026-01-27 12:15:31","timestamp":"1769505331229","isConnected":"True","numBoard":"0","numSteps":"1000","numSpeed":"10.000000","numAccel":"10","numDecel":"10","currentPos":"10000","startPos":"1000","endPos":"100000"}
[2026-01-27 12:15:31.289263] [info] POST /api/accel/set {"numAccel":10}
[2026-01-27 12:15:31.569269] [info] POST /api/decel/set {"numDecel":10}
[2026-01-27 12:15:31.849268] [info] GET /api/move/forward
[2026-01-27 12:15:32.193272] [info] GET /api/move/backward
[2026-01-27 12:15:32.229862] [debug] WebSocketServer: Broadcasting to 1 clients: {"server_time":"2026-01-27 12:15:32","timestamp":"1769505332229","isConnected":"True","numBoard":"0","numSteps":"1000","numSpeed":"10.000000","numAccel":"10","numDecel":"10","currentPos":"10000","startPos":"1000","endPos":"100000"}
[2026-01-27 12:15:33.230167] [debug] WebSocketServer: Broadcasting to 1 clients: {"server_time":"2026-01-27 12:15:33","timestamp":"1769505333230","isConnected":"True","numBoard":"0","numSteps":"1000","numSpeed":"10.000000","numAccel":"10","numDecel":"10","currentPos":"10000","startPos":"1000","endPos":"100000"}
[2026-01-27 12:15:34.230525] [debug] WebSocketServer: Broadcasting to 1 clients: {"server_time":"2026-01-27 12:15:34","timestamp":"1769505334230","isConnected":"True","numBoard":"0","numSteps":"1000","numSpeed":"10.000000","numAccel":"10","numDecel":"10","currentPos":"10000","startPos":"1000","endPos":"100000"}
[2026-01-27 12:15:34.825291] [info] GET /api/move/forward
[2026-01-27 12:15:35.230895] [debug] WebSocketServer: Broadcasting to 1 clients: {"server_time":"2026-01-27 12:15:35","timestamp":"1769505335230","isConnected":"True","numBoard":"0","numSteps":"1000","numSpeed":"10.000000","numAccel":"10","numDecel":"10","currentPos":"10000","startPos":"1000","endPos":"100000"}
[2026-01-27 12:15:36.231203] [debug] WebSocketServer: Broadcasting to 1 clients: {"server_time":"2026-01-27 12:15:36","timestamp":"1769505336231","isConnected":"True","numBoard":"0","numSteps":"1000","numSpeed":"10.000000","numAccel":"10","numDecel":"10","currentPos":"10000","startPos":"1000","endPos":"100000"}
[2026-01-27 12:15:37.231507] [debug] WebSocketServer: Broadcasting to 1 clients: {"server_time":"2026-01-27 12:15:37","timestamp":"1769505337231","isConnected":"True","numBoard":"0","numSteps":"1000","numSpeed":"10.000000","numAccel":"10","numDecel":"10","currentPos":"10000","startPos":"1000","endPos":"100000"}
[2026-01-27 12:15:38.105317] [info] GET /api/move/stop
[2026-01-27 12:15:38.231793] [debug] WebSocketServer: Broadcasting to 1 clients: {"server_time":"2026-01-27 12:15:38","timestamp":"1769505338231","isConnected":"True","numBoard":"0","numSteps":"1000","numSpeed":"10.000000","numAccel":"10","numDecel":"10","currentPos":"10000","startPos":"1000","endPos":"100000"}
[2026-01-27 12:15:39.109325] [info] POST /api/board/set {"numBoard":0}
[2026-01-27 12:15:39.232091] [debug] WebSocketServer: Broadcasting to 1 clients: {"server_time":"2026-01-27 12:15:39","timestamp":"1769505339232","isConnected":"True","numBoard":"0","numSteps":"1000","numSpeed":"10.000000","numAccel":"10","numDecel":"10","currentPos":"10000","startPos":"1000","endPos":"100000"}
[2026-01-27 12:15:39.401327] [info] POST /api/steps/set {"numSteps":1000}
[2026-01-27 12:15:39.825330] [info] POST /api/speed/set {"numSpeed":10}
[2026-01-27 12:15:40.193332] [info] POST /api/accel/set {"numAccel":10}
[2026-01-27 12:15:40.232396] [debug] WebSocketServer: Broadcasting to 1 clients: {"server_time":"2026-01-27 12:15:40","timestamp":"1769505340232","isConnected":"True","numBoard":"0","numSteps":"1000","numSpeed":"10.000000","numAccel":"10","numDecel":"10","currentPos":"10000","startPos":"1000","endPos":"100000"}
[2026-01-27 12:15:40.577334] [info] POST /api/decel/set {"numDecel":10}
[2026-01-27 12:15:41.105343] [info] GET /api/move/backward
[2026-01-27 12:15:41.232683] [debug] WebSocketServer: Broadcasting to 1 clients: {"server_time":"2026-01-27 12:15:41","timestamp":"1769505341232","isConnected":"True","numBoard":"0","numSteps":"1000","numSpeed":"10.000000","numAccel":"10","numDecel":"10","currentPos":"10000","startPos":"1000","endPos":"100000"}
[2026-01-27 12:15:42.232953] [debug] WebSocketServer: Broadcasting to 1 clients: {"server_time":"2026-01-27 12:15:42","timestamp":"1769505342232","isConnected":"True","numBoard":"0","numSteps":"1000","numSpeed":"10.000000","numAccel":"10","numDecel":"10","currentPos":"10000","startPos":"1000","endPos":"100000"}
[2026-01-27 12:15:43.233282] [debug] WebSocketServer: Broadcasting to 1 clients: {"server_time":"2026-01-27 12:15:43","timestamp":"1769505343233","isConnected":"True","numBoard":"0","numSteps":"1000","numSpeed":"10.000000","numAccel":"10","numDecel":"10","currentPos":"10000","startPos":"1000","endPos":"100000"}
[2026-01-27 12:15:44.233579] [debug] WebSocketServer: Broadcasting to 1 clients: {"server_time":"2026-01-27 12:15:44","timestamp":"1769505344233","isConnected":"True","numBoard":"0","numSteps":"1000","numSpeed":"10.000000","numAccel":"10","numDecel":"10","currentPos":"10000","startPos":"1000","endPos":"100000"}
[2026-01-27 12:15:45.233881] [debug] WebSocketServer: Broadcasting to 1 clients: {"server_time":"2026-01-27 12:15:45","timestamp":"1769505345233","isConnected":"True","numBoard":"0","numSteps":"1000","numSpeed":"10.000000","numAccel":"10","numDecel":"10","currentPos":"10000","startPos":"1000","endPos":"100000"}
[2026-01-27 12:15:46.234205] [debug] WebSocketServer: Broadcasting to 1 clients: {"server_time":"2026-01-27 12:15:46","timestamp":"1769505346234","isConnected":"True","numBoard":"0","numSteps":"1000","numSpeed":"10.000000","numAccel":"10","numDecel":"10","currentPos":"10000","startPos":"1000","endPos":"100000"}
[2026-01-27 12:15:47.234485] [debug] WebSocketServer: Broadcasting to 1 clients: {"server_time":"2026-01-27 12:15:47","timestamp":"1769505347234","isConnected":"True","numBoard":"0","numSteps":"1000","numSpeed":"10.000000","numAccel":"10","numDecel":"10","currentPos":"10000","startPos":"1000","endPos":"100000"}
[2026-01-27 12:15:47.313391] [info] GET /api/move/stop
[2026-01-27 12:15:48.113395] [info] GET /api/homing/max
[2026-01-27 12:15:48.234769] [debug] WebSocketServer: Broadcasting to 1 clients: {"server_time":"2026-01-27 12:15:48","timestamp":"1769505348234","isConnected":"True","numBoard":"0","numSteps":"1000","numSpeed":"10.000000","numAccel":"10","numDecel":"10","currentPos":"10000","startPos":"1000","endPos":"100000"}
[2026-01-27 12:15:49.235054] [debug] WebSocketServer: Broadcasting to 1 clients: {"server_time":"2026-01-27 12:15:49","timestamp":"1769505349234","isConnected":"True","numBoard":"0","numSteps":"1000","numSpeed":"10.000000","numAccel":"10","numDecel":"10","currentPos":"10000","startPos":"1000","endPos":"100000"}
[2026-01-27 12:15:49.361402] [info] GET /api/homing/max
[2026-01-27 12:15:50.235342] [debug] WebSocketServer: Broadcasting to 1 clients: {"server_time":"2026-01-27 12:15:50","timestamp":"1769505350235","isConnected":"True","numBoard":"0","numSteps":"1000","numSpeed":"10.000000","numAccel":"10","numDecel":"10","currentPos":"10000","startPos":"1000","endPos":"100000"}
[2026-01-27 12:15:50.353412] [info] GET /api/move/stop
[2026-01-27 12:15:50.777414] [info] GET /api/move/backward
[2026-01-27 12:15:51.235629] [debug] WebSocketServer: Broadcasting to 1 clients: {"server_time":"2026-01-27 12:15:51","timestamp":"1769505351235","isConnected":"True","numBoard":"0","numSteps":"1000","numSpeed":"10.000000","numAccel":"10","numDecel":"10","currentPos":"10000","startPos":"1000","endPos":"100000"}
[2026-01-27 12:15:52.235893] [debug] WebSocketServer: Broadcasting to 1 clients: {"server_time":"2026-01-27 12:15:52","timestamp":"1769505352235","isConnected":"True","numBoard":"0","numSteps":"1000","numSpeed":"10.000000","numAccel":"10","numDecel":"10","currentPos":"10000","startPos":"1000","endPos":"100000"}
[2026-01-27 12:15:52.705421] [info] GET /api/move/stop
[2026-01-27 12:15:53.177449] [info] GET /api/move/forward
[2026-01-27 12:15:53.236187] [debug] WebSocketServer: Broadcasting to 1 clients: {"server_time":"2026-01-27 12:15:53","timestamp":"1769505353236","isConnected":"True","numBoard":"0","numSteps":"1000","numSpeed":"10.000000","numAccel":"10","numDecel":"10","currentPos":"10000","startPos":"1000","endPos":"100000"}
[2026-01-27 12:15:54.236485] [debug] WebSocketServer: Broadcasting to 1 clients: {"server_time":"2026-01-27 12:15:54","timestamp":"1769505354236","isConnected":"True","numBoard":"0","numSteps":"1000","numSpeed":"10.000000","numAccel":"10","numDecel":"10","currentPos":"10000","startPos":"1000","endPos":"100000"}
[2026-01-27 12:15:54.289438] [info] GET /api/move/forward
[2026-01-27 12:15:55.236755] [debug] WebSocketServer: Broadcasting to 1 clients: {"server_time":"2026-01-27 12:15:55","timestamp":"1769505355236","isConnected":"True","numBoard":"0","numSteps":"1000","numSpeed":"10.000000","numAccel":"10","numDecel":"10","currentPos":"10000","startPos":"1000","endPos":"100000"}
[2026-01-27 12:15:55.525462] [info] POST /api/board/set {"numBoard":0}
[2026-01-27 12:15:55.777450] [info] POST /api/steps/set {"numSteps":1000}
[2026-01-27 12:15:56.129452] [info] POST /api/speed/set {"numSpeed":10}
[2026-01-27 12:15:56.237050] [debug] WebSocketServer: Broadcasting to 1 clients: {"server_time":"2026-01-27 12:15:56","timestamp":"1769505356236","isConnected":"True","numBoard":"0","numSteps":"1000","numSpeed":"10.000000","numAccel":"10","numDecel":"10","currentPos":"10000","startPos":"1000","endPos":"100000"}
[2026-01-27 12:15:56.409454] [info] POST /api/accel/set {"numAccel":10}
[2026-01-27 12:15:56.713455] [info] POST /api/decel/set {"numDecel":10}
[2026-01-27 12:15:56.985459] [info] GET /api/move/forward
[2026-01-27 12:15:57.237342] [debug] WebSocketServer: Broadcasting to 1 clients: {"server_time":"2026-01-27 12:15:57","timestamp":"1769505357237","isConnected":"True","numBoard":"0","numSteps":"1000","numSpeed":"10.000000","numAccel":"10","numDecel":"10","currentPos":"10000","startPos":"1000","endPos":"100000"}
[2026-01-27 12:15:58.237666] [debug] WebSocketServer: Broadcasting to 1 clients: {"server_time":"2026-01-27 12:15:58","timestamp":"1769505358237","isConnected":"True","numBoard":"0","numSteps":"1000","numSpeed":"10.000000","numAccel":"10","numDecel":"10","currentPos":"10000","startPos":"1000","endPos":"100000"}
[2026-01-27 12:15:58.793470] [info] GET /api/move/stop
[2026-01-27 12:15:59.237971] [debug] WebSocketServer: Broadcasting to 1 clients: {"server_time":"2026-01-27 12:15:59","timestamp":"1769505359237","isConnected":"True","numBoard":"0","numSteps":"1000","numSpeed":"10.000000","numAccel":"10","numDecel":"10","currentPos":"10000","startPos":"1000","endPos":"100000"}
[2026-01-27 12:16:00.238306] [debug] WebSocketServer: Broadcasting to 1 clients: {"server_time":"2026-01-27 12:16:00","timestamp":"1769505360238","isConnected":"True","numBoard":"0","numSteps":"1000","numSpeed":"10.000000","numAccel":"10","numDecel":"10","currentPos":"10000","startPos":"1000","endPos":"100000"}
[2026-01-27 12:16:01.238659] [debug] WebSocketServer: Broadcasting to 1 clients: {"server_time":"2026-01-27 12:16:01","timestamp":"1769505361238","isConnected":"True","numBoard":"0","numSteps":"1000","numSpeed":"10.000000","numAccel":"10","numDecel":"10","currentPos":"10000","startPos":"1000","endPos":"100000"}
[2026-01-27 12:16:02.238955] [debug] WebSocketServer: Broadcasting to 1 clients: {"server_time":"2026-01-27 12:16:02","timestamp":"1769505362238","isConnected":"True","numBoard":"0","numSteps":"1000","numSpeed":"10.000000","numAccel":"10","numDecel":"10","currentPos":"10000","startPos":"1000","endPos":"100000"}
[2026-01-27 12:16:03.239259] [debug] WebSocketServer: Broadcasting to 1 clients: {"server_time":"2026-01-27 12:16:03","timestamp":"1769505363239","isConnected":"True","numBoard":"0","numSteps":"1000","numSpeed":"10.000000","numAccel":"10","numDecel":"10","currentPos":"10000","startPos":"1000","endPos":"100000"}
[2026-01-27 14:38:04.330414] [info] RestApiServer created on port 8080
[2026-01-27 14:38:04.330677] [info] WebSocketServer created on port 8081
[2026-01-27 14:38:04.330800] [info] GrpcApiServer created on port 50051
[2026-01-27 14:38:04.330940] [info] WebSocketServer: Started auto updates with interval 1000ms
[2026-01-27 14:38:04.330928] [info] WebSocketServer starting on port 8081
[2026-01-27 14:38:04.331027] [info] WebSocketServer: Auto update worker started
[2026-01-27 14:38:04.331170] [info] Run RestApiServer on port 8080
[2026-01-27 14:38:04.333377] [info] Run gRPC Server on 0.0.0.0:50051
[2026-01-27 14:38:07.844527] [info] WebSocket client connected. Total clients: 1
[2026-01-27 14:38:08.331603] [debug] WebSocketServer: Broadcasting to 1 clients: {"server_time":"2026-01-27 14:38:08","timestamp":"1769513888331","isConnected":"False","numBoard":"0","numSteps":"0","numSpeed":"-0.000000","numAccel":"226","numDecel":"89","currentPos":"48","startPos":"2504130832","endPos":"23010"}
[2026-01-27 14:38:09.331982] [debug] WebSocketServer: Broadcasting to 1 clients: {"server_time":"2026-01-27 14:38:09","timestamp":"1769513889331","isConnected":"False","numBoard":"0","numSteps":"0","numSpeed":"-0.000000","numAccel":"226","numDecel":"89","currentPos":"48","startPos":"2504130832","endPos":"23010"}
[2026-01-27 14:38:10.332457] [debug] WebSocketServer: Broadcasting to 1 clients: {"server_time":"2026-01-27 14:38:10","timestamp":"1769513890332","isConnected":"False","numBoard":"0","numSteps":"0","numSpeed":"-0.000000","numAccel":"226","numDecel":"89","currentPos":"48","startPos":"2504130832","endPos":"23010"}
[2026-01-27 14:38:11.332827] [debug] WebSocketServer: Broadcasting to 1 clients: {"server_time":"2026-01-27 14:38:11","timestamp":"1769513891332","isConnected":"False","numBoard":"0","numSteps":"0","numSpeed":"-0.000000","numAccel":"226","numDecel":"89","currentPos":"48","startPos":"2504130832","endPos":"23010"}
[2026-01-27 14:38:12.333214] [debug] WebSocketServer: Broadcasting to 1 clients: {"server_time":"2026-01-27 14:38:12","timestamp":"1769513892333","isConnected":"False","numBoard":"0","numSteps":"0","numSpeed":"-0.000000","numAccel":"226","numDecel":"89","currentPos":"48","startPos":"2504130832","endPos":"23010"}
[2026-01-27 14:38:13.333507] [debug] WebSocketServer: Broadcasting to 1 clients: {"server_time":"2026-01-27 14:38:13","timestamp":"1769513893333","isConnected":"False","numBoard":"0","numSteps":"0","numSpeed":"-0.000000","numAccel":"226","numDecel":"89","currentPos":"48","startPos":"2504130832","endPos":"23010"}
[2026-01-27 14:38:14.333796] [debug] WebSocketServer: Broadcasting to 1 clients: {"server_time":"2026-01-27 14:38:14","timestamp":"1769513894333","isConnected":"False","numBoard":"0","numSteps":"0","numSpeed":"-0.000000","numAccel":"226","numDecel":"89","currentPos":"48","startPos":"2504130832","endPos":"23010"}
[2026-01-27 14:38:15.334090] [debug] WebSocketServer: Broadcasting to 1 clients: {"server_time":"2026-01-27 14:38:15","timestamp":"1769513895334","isConnected":"False","numBoard":"0","numSteps":"0","numSpeed":"-0.000000","numAccel":"226","numDecel":"89","currentPos":"48","startPos":"2504130832","endPos":"23010"}
[2026-01-27 14:38:16.334387] [debug] WebSocketServer: Broadcasting to 1 clients: {"server_time":"2026-01-27 14:38:16","timestamp":"1769513896334","isConnected":"False","numBoard":"0","numSteps":"0","numSpeed":"-0.000000","numAccel":"226","numDecel":"89","currentPos":"48","startPos":"2504130832","endPos":"23010"}
[2026-01-27 14:38:17.334692] [debug] WebSocketServer: Broadcasting to 1 clients: {"server_time":"2026-01-27 14:38:17","timestamp":"1769513897334","isConnected":"False","numBoard":"0","numSteps":"0","numSpeed":"-0.000000","numAccel":"226","numDecel":"89","currentPos":"48","startPos":"2504130832","endPos":"23010"}
[2026-01-27 14:38:18.334982] [debug] WebSocketServer: Broadcasting to 1 clients: {"server_time":"2026-01-27 14:38:18","timestamp":"1769513898334","isConnected":"False","numBoard":"0","numSteps":"0","numSpeed":"-0.000000","numAccel":"226","numDecel":"89","currentPos":"48","startPos":"2504130832","endPos":"23010"}
[2026-01-27 14:38:19.335279] [debug] WebSocketServer: Broadcasting to 1 clients: {"server_time":"2026-01-27 14:38:19","timestamp":"1769513899335","isConnected":"False","numBoard":"0","numSteps":"0","numSpeed":"-0.000000","numAccel":"226","numDecel":"89","currentPos":"48","startPos":"2504130832","endPos":"23010"}
[2026-01-27 14:38:20.335562] [debug] WebSocketServer: Broadcasting to 1 clients: {"server_time":"2026-01-27 14:38:20","timestamp":"1769513900335","isConnected":"False","numBoard":"0","numSteps":"0","numSpeed":"-0.000000","numAccel":"226","numDecel":"89","currentPos":"48","startPos":"2504130832","endPos":"23010"}
[2026-01-27 14:38:21.335996] [debug] WebSocketServer: Broadcasting to 1 clients: {"server_time":"2026-01-27 14:38:21","timestamp":"1769513901335","isConnected":"False","numBoard":"0","numSteps":"0","numSpeed":"-0.000000","numAccel":"226","numDecel":"89","currentPos":"48","startPos":"2504130832","endPos":"23010"}
[2026-01-27 14:38:22.336383] [debug] WebSocketServer: Broadcasting to 1 clients: {"server_time":"2026-01-27 14:38:22","timestamp":"1769513902336","isConnected":"False","numBoard":"0","numSteps":"0","numSpeed":"-0.000000","numAccel":"226","numDecel":"89","currentPos":"48","startPos":"2504130832","endPos":"23010"}
[2026-01-27 14:38:22.342155] [info] GET /api/connect
[2026-01-27 14:38:23.336748] [debug] WebSocketServer: Broadcasting to 1 clients: {"server_time":"2026-01-27 14:38:23","timestamp":"1769513903336","isConnected":"True","numBoard":"0","numSteps":"0","numSpeed":"-0.000000","numAccel":"226","numDecel":"89","currentPos":"48","startPos":"2504130832","endPos":"23010"}
[2026-01-27 14:38:24.337068] [debug] WebSocketServer: Broadcasting to 1 clients: {"server_time":"2026-01-27 14:38:24","timestamp":"1769513904336","isConnected":"True","numBoard":"0","numSteps":"0","numSpeed":"-0.000000","numAccel":"226","numDecel":"89","currentPos":"48","startPos":"2504130832","endPos":"23010"}
[2026-01-27 14:38:24.531123] [info] POST /api/board/set {"numBoard":0}
[2026-01-27 14:38:24.839112] [info] POST /api/steps/set {"numSteps":1000}
[2026-01-27 14:38:25.231110] [info] POST /api/speed/set {"numSpeed":10}
[2026-01-27 14:38:25.337373] [debug] WebSocketServer: Broadcasting to 1 clients: {"server_time":"2026-01-27 14:38:25","timestamp":"1769513905337","isConnected":"True","numBoard":"0","numSteps":"1000","numSpeed":"10.000000","numAccel":"226","numDecel":"89","currentPos":"48","startPos":"2504130832","endPos":"23010"}
[2026-01-27 14:38:25.599117] [info] POST /api/accel/set {"numAccel":10}
[2026-01-27 14:38:25.919112] [info] POST /api/decel/set {"numDecel":10}
[2026-01-27 14:38:26.183111] [info] GET /api/move/forward
[2026-01-27 14:38:26.337642] [debug] WebSocketServer: Broadcasting to 1 clients: {"server_time":"2026-01-27 14:38:26","timestamp":"1769513906337","isConnected":"True","numBoard":"0","numSteps":"1000","numSpeed":"10.000000","numAccel":"10","numDecel":"10","currentPos":"48","startPos":"2504130832","endPos":"23010"}
[2026-01-27 14:38:26.751124] [info] GET /api/move/backward
[2026-01-27 14:38:27.337927] [debug] WebSocketServer: Broadcasting to 1 clients: {"server_time":"2026-01-27 14:38:27","timestamp":"1769513907337","isConnected":"True","numBoard":"0","numSteps":"1000","numSpeed":"10.000000","numAccel":"10","numDecel":"10","currentPos":"48","startPos":"2504130832","endPos":"23010"}
[2026-01-27 14:38:28.338266] [debug] WebSocketServer: Broadcasting to 1 clients: {"server_time":"2026-01-27 14:38:28","timestamp":"1769513908338","isConnected":"True","numBoard":"0","numSteps":"1000","numSpeed":"10.000000","numAccel":"10","numDecel":"10","currentPos":"48","startPos":"2504130832","endPos":"23010"}
[2026-01-27 14:38:29.338632] [debug] WebSocketServer: Broadcasting to 1 clients: {"server_time":"2026-01-27 14:38:29","timestamp":"1769513909338","isConnected":"True","numBoard":"0","numSteps":"1000","numSpeed":"10.000000","numAccel":"10","numDecel":"10","currentPos":"48","startPos":"2504130832","endPos":"23010"}
[2026-01-27 14:38:30.338969] [debug] WebSocketServer: Broadcasting to 1 clients: {"server_time":"2026-01-27 14:38:30","timestamp":"1769513910338","isConnected":"True","numBoard":"0","numSteps":"1000","numSpeed":"10.000000","numAccel":"10","numDecel":"10","currentPos":"48","startPos":"2504130832","endPos":"23010"}
[2026-01-27 14:38:31.339422] [debug] WebSocketServer: Broadcasting to 1 clients: {"server_time":"2026-01-27 14:38:31","timestamp":"1769513911339","isConnected":"True","numBoard":"0","numSteps":"1000","numSpeed":"10.000000","numAccel":"10","numDecel":"10","currentPos":"48","startPos":"2504130832","endPos":"23010"}
[2026-01-27 14:38:32.339708] [debug] WebSocketServer: Broadcasting to 1 clients: {"server_time":"2026-01-27 14:38:32","timestamp":"1769513912339","isConnected":"True","numBoard":"0","numSteps":"1000","numSpeed":"10.000000","numAccel":"10","numDecel":"10","currentPos":"48","startPos":"2504130832","endPos":"23010"}
[2026-01-27 14:38:33.340006] [debug] WebSocketServer: Broadcasting to 1 clients: {"server_time":"2026-01-27 14:38:33","timestamp":"1769513913339","isConnected":"True","numBoard":"0","numSteps":"1000","numSpeed":"10.000000","numAccel":"10","numDecel":"10","currentPos":"48","startPos":"2504130832","endPos":"23010"}
[2026-01-27 14:38:34.340330] [debug] WebSocketServer: Broadcasting to 1 clients: {"server_time":"2026-01-27 14:38:34","timestamp":"1769513914340","isConnected":"True","numBoard":"0","numSteps":"1000","numSpeed":"10.000000","numAccel":"10","numDecel":"10","currentPos":"48","startPos":"2504130832","endPos":"23010"}
[2026-01-27 14:38:35.340612] [debug] WebSocketServer: Broadcasting to 1 clients: {"server_time":"2026-01-27 14:38:35","timestamp":"1769513915340","isConnected":"True","numBoard":"0","numSteps":"1000","numSpeed":"10.000000","numAccel":"10","numDecel":"10","currentPos":"48","startPos":"2504130832","endPos":"23010"}
[2026-01-27 14:38:36.340890] [debug] WebSocketServer: Broadcasting to 1 clients: {"server_time":"2026-01-27 14:38:36","timestamp":"1769513916340","isConnected":"True","numBoard":"0","numSteps":"1000","numSpeed":"10.000000","numAccel":"10","numDecel":"10","currentPos":"48","startPos":"2504130832","endPos":"23010"}
[2026-01-27 14:38:37.341204] [debug] WebSocketServer: Broadcasting to 1 clients: {"server_time":"2026-01-27 14:38:37","timestamp":"1769513917341","isConnected":"True","numBoard":"0","numSteps":"1000","numSpeed":"10.000000","numAccel":"10","numDecel":"10","currentPos":"48","startPos":"2504130832","endPos":"23010"}
[2026-01-27 14:38:38.341567] [debug] WebSocketServer: Broadcasting to 1 clients: {"server_time":"2026-01-27 14:38:38","timestamp":"1769513918341","isConnected":"True","numBoard":"0","numSteps":"1000","numSpeed":"10.000000","numAccel":"10","numDecel":"10","currentPos":"48","startPos":"2504130832","endPos":"23010"}
[2026-01-27 14:38:39.341965] [debug] WebSocketServer: Broadcasting to 1 clients: {"server_time":"2026-01-27 14:38:39","timestamp":"1769513919341","isConnected":"True","numBoard":"0","numSteps":"1000","numSpeed":"10.000000","numAccel":"10","numDecel":"10","currentPos":"48","startPos":"2504130832","endPos":"23010"}
[2026-01-27 14:38:40.342299] [debug] WebSocketServer: Broadcasting to 1 clients: {"server_time":"2026-01-27 14:38:40","timestamp":"1769513920342","isConnected":"True","numBoard":"0","numSteps":"1000","numSpeed":"10.000000","numAccel":"10","numDecel":"10","currentPos":"48","startPos":"2504130832","endPos":"23010"}
[2026-01-27 14:38:41.342628] [debug] WebSocketServer: Broadcasting to 1 clients: {"server_time":"2026-01-27 14:38:41","timestamp":"1769513921342","isConnected":"True","numBoard":"0","numSteps":"1000","numSpeed":"10.000000","numAccel":"10","numDecel":"10","currentPos":"48","startPos":"2504130832","endPos":"23010"}
[2026-01-27 14:38:42.342939] [debug] WebSocketServer: Broadcasting to 1 clients: {"server_time":"2026-01-27 14:38:42","timestamp":"1769513922342","isConnected":"True","numBoard":"0","numSteps":"1000","numSpeed":"10.000000","numAccel":"10","numDecel":"10","currentPos":"48","startPos":"2504130832","endPos":"23010"}
[2026-01-27 14:38:43.343291] [debug] WebSocketServer: Broadcasting to 1 clients: {"server_time":"2026-01-27 14:38:43","timestamp":"1769513923343","isConnected":"True","numBoard":"0","numSteps":"1000","numSpeed":"10.000000","numAccel":"10","numDecel":"10","currentPos":"48","startPos":"2504130832","endPos":"23010"}
[2026-01-27 14:38:44.343693] [debug] WebSocketServer: Broadcasting to 1 clients: {"server_time":"2026-01-27 14:38:44","timestamp":"1769513924343","isConnected":"True","numBoard":"0","numSteps":"1000","numSpeed":"10.000000","numAccel":"10","numDecel":"10","currentPos":"48","startPos":"2504130832","endPos":"23010"}
[2026-01-27 14:38:45.344134] [debug] WebSocketServer: Broadcasting to 1 clients: {"server_time":"2026-01-27 14:38:45","timestamp":"1769513925344","isConnected":"True","numBoard":"0","numSteps":"1000","numSpeed":"10.000000","numAccel":"10","numDecel":"10","currentPos":"48","startPos":"2504130832","endPos":"23010"}
[2026-01-27 14:38:46.344510] [debug] WebSocketServer: Broadcasting to 1 clients: {"server_time":"2026-01-27 14:38:46","timestamp":"1769513926344","isConnected":"True","numBoard":"0","numSteps":"1000","numSpeed":"10.000000","numAccel":"10","numDecel":"10","currentPos":"48","startPos":"2504130832","endPos":"23010"}
[2026-01-27 14:38:47.344906] [debug] WebSocketServer: Broadcasting to 1 clients: {"server_time":"2026-01-27 14:38:47","timestamp":"1769513927344","isConnected":"True","numBoard":"0","numSteps":"1000","numSpeed":"10.000000","numAccel":"10","numDecel":"10","currentPos":"48","startPos":"2504130832","endPos":"23010"}
[2026-01-27 14:38:48.119145] [info] POST /api/current/pos {"numPos":10000}
[2026-01-27 14:38:48.345303] [debug] WebSocketServer: Broadcasting to 1 clients: {"server_time":"2026-01-27 14:38:48","timestamp":"1769513928345","isConnected":"True","numBoard":"0","numSteps":"1000","numSpeed":"10.000000","numAccel":"10","numDecel":"10","currentPos":"10000","startPos":"2504130832","endPos":"23010"}
[2026-01-27 14:38:49.345629] [debug] WebSocketServer: Broadcasting to 1 clients: {"server_time":"2026-01-27 14:38:49","timestamp":"1769513929345","isConnected":"True","numBoard":"0","numSteps":"1000","numSpeed":"10.000000","numAccel":"10","numDecel":"10","currentPos":"10000","startPos":"2504130832","endPos":"23010"}
[2026-01-27 14:38:50.151134] [info] POST /api/save/start/pos {"numPos":1000}
[2026-01-27 14:38:50.345994] [debug] WebSocketServer: Broadcasting to 1 clients: {"server_time":"2026-01-27 14:38:50","timestamp":"1769513930345","isConnected":"True","numBoard":"0","numSteps":"1000","numSpeed":"10.000000","numAccel":"10","numDecel":"10","currentPos":"10000","startPos":"1000","endPos":"23010"}
[2026-01-27 14:38:51.346295] [debug] WebSocketServer: Broadcasting to 1 clients: {"server_time":"2026-01-27 14:38:51","timestamp":"1769513931346","isConnected":"True","numBoard":"0","numSteps":"1000","numSpeed":"10.000000","numAccel":"10","numDecel":"10","currentPos":"10000","startPos":"1000","endPos":"23010"}
[2026-01-27 14:38:52.346604] [debug] WebSocketServer: Broadcasting to 1 clients: {"server_time":"2026-01-27 14:38:52","timestamp":"1769513932346","isConnected":"True","numBoard":"0","numSteps":"1000","numSpeed":"10.000000","numAccel":"10","numDecel":"10","currentPos":"10000","startPos":"1000","endPos":"23010"}
[2026-01-27 14:38:53.346882] [debug] WebSocketServer: Broadcasting to 1 clients: {"server_time":"2026-01-27 14:38:53","timestamp":"1769513933346","isConnected":"True","numBoard":"0","numSteps":"1000","numSpeed":"10.000000","numAccel":"10","numDecel":"10","currentPos":"10000","startPos":"1000","endPos":"23010"}
[2026-01-27 14:38:53.775145] [info] POST /api/save/end/pos {"numPos":100000}
[2026-01-27 14:38:54.347200] [debug] WebSocketServer: Broadcasting to 1 clients: {"server_time":"2026-01-27 14:38:54","timestamp":"1769513934347","isConnected":"True","numBoard":"0","numSteps":"1000","numSpeed":"10.000000","numAccel":"10","numDecel":"10","currentPos":"10000","startPos":"1000","endPos":"100000"}
[2026-01-27 14:38:55.347524] [debug] WebSocketServer: Broadcasting to 1 clients: {"server_time":"2026-01-27 14:38:55","timestamp":"1769513935347","isConnected":"True","numBoard":"0","numSteps":"1000","numSpeed":"10.000000","numAccel":"10","numDecel":"10","currentPos":"10000","startPos":"1000","endPos":"100000"}
[2026-01-27 14:38:56.347830] [debug] WebSocketServer: Broadcasting to 1 clients: {"server_time":"2026-01-27 14:38:56","timestamp":"1769513936347","isConnected":"True","numBoard":"0","numSteps":"1000","numSpeed":"10.000000","numAccel":"10","numDecel":"10","currentPos":"10000","startPos":"1000","endPos":"100000"}
[2026-01-27 14:38:57.348085] [debug] WebSocketServer: Broadcasting to 1 clients: {"server_time":"2026-01-27 14:38:57","timestamp":"1769513937348","isConnected":"True","numBoard":"0","numSteps":"1000","numSpeed":"10.000000","numAccel":"10","numDecel":"10","currentPos":"10000","startPos":"1000","endPos":"100000"}
[2026-01-27 14:38:57.887136] [info] POST /api/steps/set {"numSteps":1000}
[2026-01-27 14:38:58.263139] [info] POST /api/speed/set {"numSpeed":10}
[2026-01-27 14:38:58.348363] [debug] WebSocketServer: Broadcasting to 1 clients: {"server_time":"2026-01-27 14:38:58","timestamp":"1769513938348","isConnected":"True","numBoard":"0","numSteps":"1000","numSpeed":"10.000000","numAccel":"10","numDecel":"10","currentPos":"10000","startPos":"1000","endPos":"100000"}
[2026-01-27 14:38:58.623138] [info] POST /api/accel/set {"numAccel":10}
[2026-01-27 14:38:58.983135] [info] POST /api/decel/set {"numDecel":10}
[2026-01-27 14:38:59.348637] [debug] WebSocketServer: Broadcasting to 1 clients: {"server_time":"2026-01-27 14:38:59","timestamp":"1769513939348","isConnected":"True","numBoard":"0","numSteps":"1000","numSpeed":"10.000000","numAccel":"10","numDecel":"10","currentPos":"10000","startPos":"1000","endPos":"100000"}
[2026-01-27 14:38:59.503137] [info] GET /api/move/forward
[2026-01-27 14:39:00.191139] [info] GET /api/move/backward
[2026-01-27 14:39:00.348913] [debug] WebSocketServer: Broadcasting to 1 clients: {"server_time":"2026-01-27 14:39:00","timestamp":"1769513940348","isConnected":"True","numBoard":"0","numSteps":"1000","numSpeed":"10.000000","numAccel":"10","numDecel":"10","currentPos":"10000","startPos":"1000","endPos":"100000"}
[2026-01-27 14:39:01.349223] [debug] WebSocketServer: Broadcasting to 1 clients: {"server_time":"2026-01-27 14:39:01","timestamp":"1769513941349","isConnected":"True","numBoard":"0","numSteps":"1000","numSpeed":"10.000000","numAccel":"10","numDecel":"10","currentPos":"10000","startPos":"1000","endPos":"100000"}
[2026-01-27 14:39:01.599145] [info] GET /api/move/forward
[2026-01-27 14:39:02.349572] [debug] WebSocketServer: Broadcasting to 1 clients: {"server_time":"2026-01-27 14:39:02","timestamp":"1769513942349","isConnected":"True","numBoard":"0","numSteps":"1000","numSpeed":"10.000000","numAccel":"10","numDecel":"10","currentPos":"10000","startPos":"1000","endPos":"100000"}
[2026-01-27 14:39:02.487150] [info] GET /api/move/backward
[2026-01-27 14:39:03.350071] [debug] WebSocketServer: Broadcasting to 1 clients: {"server_time":"2026-01-27 14:39:03","timestamp":"1769513943349","isConnected":"True","numBoard":"0","numSteps":"1000","numSpeed":"10.000000","numAccel":"10","numDecel":"10","currentPos":"10000","startPos":"1000","endPos":"100000"}
[2026-01-27 14:39:03.511145] [info] GET /api/move/forward
[2026-01-27 14:39:04.350462] [debug] WebSocketServer: Broadcasting to 1 clients: {"server_time":"2026-01-27 14:39:04","timestamp":"1769513944350","isConnected":"True","numBoard":"0","numSteps":"1000","numSpeed":"10.000000","numAccel":"10","numDecel":"10","currentPos":"10000","startPos":"1000","endPos":"100000"}
[2026-01-27 14:39:04.647161] [info] GET /api/move/backward
[2026-01-27 14:39:05.350748] [debug] WebSocketServer: Broadcasting to 1 clients: {"server_time":"2026-01-27 14:39:05","timestamp":"1769513945350","isConnected":"True","numBoard":"0","numSteps":"1000","numSpeed":"10.000000","numAccel":"10","numDecel":"10","currentPos":"10000","startPos":"1000","endPos":"100000"}
[2026-01-27 14:39:06.351059] [debug] WebSocketServer: Broadcasting to 1 clients: {"server_time":"2026-01-27 14:39:06","timestamp":"1769513946350","isConnected":"True","numBoard":"0","numSteps":"1000","numSpeed":"10.000000","numAccel":"10","numDecel":"10","currentPos":"10000","startPos":"1000","endPos":"100000"}
[2026-01-27 14:39:07.351378] [debug] WebSocketServer: Broadcasting to 1 clients: {"server_time":"2026-01-27 14:39:07","timestamp":"1769513947351","isConnected":"True","numBoard":"0","numSteps":"1000","numSpeed":"10.000000","numAccel":"10","numDecel":"10","currentPos":"10000","startPos":"1000","endPos":"100000"}
[2026-01-27 14:39:08.191148] [info] GET /api/move/forward
[2026-01-27 14:39:08.351672] [debug] WebSocketServer: Broadcasting to 1 clients: {"server_time":"2026-01-27 14:39:08","timestamp":"1769513948351","isConnected":"True","numBoard":"0","numSteps":"1000","numSpeed":"10.000000","numAccel":"10","numDecel":"10","currentPos":"10000","startPos":"1000","endPos":"100000"}
[2026-01-27 14:39:09.351967] [debug] WebSocketServer: Broadcasting to 1 clients: {"server_time":"2026-01-27 14:39:09","timestamp":"1769513949351","isConnected":"True","numBoard":"0","numSteps":"1000","numSpeed":"10.000000","numAccel":"10","numDecel":"10","currentPos":"10000","startPos":"1000","endPos":"100000"}
[2026-01-27 14:39:10.352265] [debug] WebSocketServer: Broadcasting to 1 clients: {"server_time":"2026-01-27 14:39:10","timestamp":"1769513950352","isConnected":"True","numBoard":"0","numSteps":"1000","numSpeed":"10.000000","numAccel":"10","numDecel":"10","currentPos":"10000","startPos":"1000","endPos":"100000"}
[2026-01-27 14:39:11.352553] [debug] WebSocketServer: Broadcasting to 1 clients: {"server_time":"2026-01-27 14:39:11","timestamp":"1769513951352","isConnected":"True","numBoard":"0","numSteps":"1000","numSpeed":"10.000000","numAccel":"10","numDecel":"10","currentPos":"10000","startPos":"1000","endPos":"100000"}
[2026-01-27 14:39:11.471157] [info] GET /api/move/stop
[2026-01-27 14:39:12.352846] [debug] WebSocketServer: Broadcasting to 1 clients: {"server_time":"2026-01-27 14:39:12","timestamp":"1769513952352","isConnected":"True","numBoard":"0","numSteps":"1000","numSpeed":"10.000000","numAccel":"10","numDecel":"10","currentPos":"10000","startPos":"1000","endPos":"100000"}
[2026-01-27 14:39:12.367145] [info] POST /api/decel/set {"numDecel":10}
[2026-01-27 14:39:12.807154] [info] POST /api/accel/set {"numAccel":10}
[2026-01-27 14:39:13.353262] [debug] WebSocketServer: Broadcasting to 1 clients: {"server_time":"2026-01-27 14:39:13","timestamp":"1769513953353","isConnected":"True","numBoard":"0","numSteps":"1000","numSpeed":"10.000000","numAccel":"10","numDecel":"10","currentPos":"10000","startPos":"1000","endPos":"100000"}
[2026-01-27 14:39:13.623175] [info] POST /api/accel/set {"numAccel":10}
[2026-01-27 14:39:13.951147] [info] POST /api/decel/set {"numDecel":10}
[2026-01-27 14:39:14.311152] [info] GET /api/move/forward
[2026-01-27 14:39:14.353571] [debug] WebSocketServer: Broadcasting to 1 clients: {"server_time":"2026-01-27 14:39:14","timestamp":"1769513954353","isConnected":"True","numBoard":"0","numSteps":"1000","numSpeed":"10.000000","numAccel":"10","numDecel":"10","currentPos":"10000","startPos":"1000","endPos":"100000"}
[2026-01-27 14:39:15.353867] [debug] WebSocketServer: Broadcasting to 1 clients: {"server_time":"2026-01-27 14:39:15","timestamp":"1769513955353","isConnected":"True","numBoard":"0","numSteps":"1000","numSpeed":"10.000000","numAccel":"10","numDecel":"10","currentPos":"10000","startPos":"1000","endPos":"100000"}
[2026-01-27 14:39:16.354162] [debug] WebSocketServer: Broadcasting to 1 clients: {"server_time":"2026-01-27 14:39:16","timestamp":"1769513956354","isConnected":"True","numBoard":"0","numSteps":"1000","numSpeed":"10.000000","numAccel":"10","numDecel":"10","currentPos":"10000","startPos":"1000","endPos":"100000"}
[2026-01-27 14:39:17.354467] [debug] WebSocketServer: Broadcasting to 1 clients: {"server_time":"2026-01-27 14:39:17","timestamp":"1769513957354","isConnected":"True","numBoard":"0","numSteps":"1000","numSpeed":"10.000000","numAccel":"10","numDecel":"10","currentPos":"10000","startPos":"1000","endPos":"100000"}
[2026-01-27 14:39:17.503153] [info] GET /api/move/stop
[2026-01-27 14:39:18.354774] [debug] WebSocketServer: Broadcasting to 1 clients: {"server_time":"2026-01-27 14:39:18","timestamp":"1769513958354","isConnected":"True","numBoard":"0","numSteps":"1000","numSpeed":"10.000000","numAccel":"10","numDecel":"10","currentPos":"10000","startPos":"1000","endPos":"100000"}
[2026-01-27 14:39:19.355130] [debug] WebSocketServer: Broadcasting to 1 clients: {"server_time":"2026-01-27 14:39:19","timestamp":"1769513959355","isConnected":"True","numBoard":"0","numSteps":"1000","numSpeed":"10.000000","numAccel":"10","numDecel":"10","currentPos":"10000","startPos":"1000","endPos":"100000"}
[2026-01-27 14:39:20.355508] [debug] WebSocketServer: Broadcasting to 1 clients: {"server_time":"2026-01-27 14:39:20","timestamp":"1769513960355","isConnected":"True","numBoard":"0","numSteps":"1000","numSpeed":"10.000000","numAccel":"10","numDecel":"10","currentPos":"10000","startPos":"1000","endPos":"100000"}
[2026-01-27 14:39:21.355875] [debug] WebSocketServer: Broadcasting to 1 clients: {"server_time":"2026-01-27 14:39:21","timestamp":"1769513961355","isConnected":"True","numBoard":"0","numSteps":"1000","numSpeed":"10.000000","numAccel":"10","numDecel":"10","currentPos":"10000","startPos":"1000","endPos":"100000"}
[2026-01-27 14:39:22.356245] [debug] WebSocketServer: Broadcasting to 1 clients: {"server_time":"2026-01-27 14:39:22","timestamp":"1769513962356","isConnected":"True","numBoard":"0","numSteps":"1000","numSpeed":"10.000000","numAccel":"10","numDecel":"10","currentPos":"10000","startPos":"1000","endPos":"100000"}
[2026-01-27 14:39:23.356514] [debug] WebSocketServer: Broadcasting to 1 clients: {"server_time":"2026-01-27 14:39:23","timestamp":"1769513963356","isConnected":"True","numBoard":"0","numSteps":"1000","numSpeed":"10.000000","numAccel":"10","numDecel":"10","currentPos":"10000","startPos":"1000","endPos":"100000"}
[2026-01-27 14:39:24.356790] [debug] WebSocketServer: Broadcasting to 1 clients: {"server_time":"2026-01-27 14:39:24","timestamp":"1769513964356","isConnected":"True","numBoard":"0","numSteps":"1000","numSpeed":"10.000000","numAccel":"10","numDecel":"10","currentPos":"10000","startPos":"1000","endPos":"100000"}
[2026-01-27 14:39:24.595157] [info] POST /api/board/set {"numBoard":0}
[2026-01-27 14:39:25.087156] [info] POST /api/steps/set {"numSteps":1000}
[2026-01-27 14:39:25.357087] [debug] WebSocketServer: Broadcasting to 1 clients: {"server_time":"2026-01-27 14:39:25","timestamp":"1769513965357","isConnected":"True","numBoard":"0","numSteps":"1000","numSpeed":"10.000000","numAccel":"10","numDecel":"10","currentPos":"10000","startPos":"1000","endPos":"100000"}
[2026-01-27 14:39:25.575174] [info] POST /api/speed/set {"numSpeed":100}
[2026-01-27 14:39:25.935157] [info] POST /api/accel/set {"numAccel":100}
[2026-01-27 14:39:26.357372] [debug] WebSocketServer: Broadcasting to 1 clients: {"server_time":"2026-01-27 14:39:26","timestamp":"1769513966357","isConnected":"True","numBoard":"0","numSteps":"1000","numSpeed":"100.000000","numAccel":"100","numDecel":"10","currentPos":"10000","startPos":"1000","endPos":"100000"}
[2026-01-27 14:39:26.839159] [info] POST /api/decel/set {"numDecel":100}
[2026-01-27 14:39:27.175158] [info] GET /api/move/forward
[2026-01-27 14:39:27.357705] [debug] WebSocketServer: Broadcasting to 1 clients: {"server_time":"2026-01-27 14:39:27","timestamp":"1769513967357","isConnected":"True","numBoard":"0","numSteps":"1000","numSpeed":"100.000000","numAccel":"100","numDecel":"100","currentPos":"10000","startPos":"1000","endPos":"100000"}
[2026-01-27 14:39:28.358085] [debug] WebSocketServer: Broadcasting to 1 clients: {"server_time":"2026-01-27 14:39:28","timestamp":"1769513968358","isConnected":"True","numBoard":"0","numSteps":"1000","numSpeed":"100.000000","numAccel":"100","numDecel":"100","currentPos":"10000","startPos":"1000","endPos":"100000"}
[2026-01-27 14:39:29.358375] [debug] WebSocketServer: Broadcasting to 1 clients: {"server_time":"2026-01-27 14:39:29","timestamp":"1769513969358","isConnected":"True","numBoard":"0","numSteps":"1000","numSpeed":"100.000000","numAccel":"100","numDecel":"100","currentPos":"10000","startPos":"1000","endPos":"100000"}
[2026-01-27 14:39:30.358793] [debug] WebSocketServer: Broadcasting to 1 clients: {"server_time":"2026-01-27 14:39:30","timestamp":"1769513970358","isConnected":"True","numBoard":"0","numSteps":"1000","numSpeed":"100.000000","numAccel":"100","numDecel":"100","currentPos":"10000","startPos":"1000","endPos":"100000"}
[2026-01-27 14:39:31.359124] [debug] WebSocketServer: Broadcasting to 1 clients: {"server_time":"2026-01-27 14:39:31","timestamp":"1769513971359","isConnected":"True","numBoard":"0","numSteps":"1000","numSpeed":"100.000000","numAccel":"100","numDecel":"100","currentPos":"10000","startPos":"1000","endPos":"100000"}
[2026-01-27 14:39:32.359452] [debug] WebSocketServer: Broadcasting to 1 clients: {"server_time":"2026-01-27 14:39:32","timestamp":"1769513972359","isConnected":"True","numBoard":"0","numSteps":"1000","numSpeed":"100.000000","numAccel":"100","numDecel":"100","currentPos":"10000","startPos":"1000","endPos":"100000"}
[2026-01-27 14:39:33.359763] [debug] WebSocketServer: Broadcasting to 1 clients: {"server_time":"2026-01-27 14:39:33","timestamp":"1769513973359","isConnected":"True","numBoard":"0","numSteps":"1000","numSpeed":"100.000000","numAccel":"100","numDecel":"100","currentPos":"10000","startPos":"1000","endPos":"100000"}
[2026-01-27 14:39:34.360101] [debug] WebSocketServer: Broadcasting to 1 clients: {"server_time":"2026-01-27 14:39:34","timestamp":"1769513974360","isConnected":"True","numBoard":"0","numSteps":"1000","numSpeed":"100.000000","numAccel":"100","numDecel":"100","currentPos":"10000","startPos":"1000","endPos":"100000"}
[2026-01-27 14:39:35.360555] [debug] WebSocketServer: Broadcasting to 1 clients: {"server_time":"2026-01-27 14:39:35","timestamp":"1769513975360","isConnected":"True","numBoard":"0","numSteps":"1000","numSpeed":"100.000000","numAccel":"100","numDecel":"100","currentPos":"10000","startPos":"1000","endPos":"100000"}
[2026-01-27 14:39:36.360896] [debug] WebSocketServer: Broadcasting to 1 clients: {"server_time":"2026-01-27 14:39:36","timestamp":"1769513976360","isConnected":"True","numBoard":"0","numSteps":"1000","numSpeed":"100.000000","numAccel":"100","numDecel":"100","currentPos":"10000","startPos":"1000","endPos":"100000"}
[2026-01-27 14:39:37.361194] [debug] WebSocketServer: Broadcasting to 1 clients: {"server_time":"2026-01-27 14:39:37","timestamp":"1769513977361","isConnected":"True","numBoard":"0","numSteps":"1000","numSpeed":"100.000000","numAccel":"100","numDecel":"100","currentPos":"10000","startPos":"1000","endPos":"100000"}
[2026-01-27 14:39:38.361555] [debug] WebSocketServer: Broadcasting to 1 clients: {"server_time":"2026-01-27 14:39:38","timestamp":"1769513978361","isConnected":"True","numBoard":"0","numSteps":"1000","numSpeed":"100.000000","numAccel":"100","numDecel":"100","currentPos":"10000","startPos":"1000","endPos":"100000"}
[2026-01-27 14:39:39.361821] [debug] WebSocketServer: Broadcasting to 1 clients: {"server_time":"2026-01-27 14:39:39","timestamp":"1769513979361","isConnected":"True","numBoard":"0","numSteps":"1000","numSpeed":"100.000000","numAccel":"100","numDecel":"100","currentPos":"10000","startPos":"1000","endPos":"100000"}
[2026-01-27 14:39:40.362083] [debug] WebSocketServer: Broadcasting to 1 clients: {"server_time":"2026-01-27 14:39:40","timestamp":"1769513980362","isConnected":"True","numBoard":"0","numSteps":"1000","numSpeed":"100.000000","numAccel":"100","numDecel":"100","currentPos":"10000","startPos":"1000","endPos":"100000"}
[2026-01-27 14:39:41.362370] [debug] WebSocketServer: Broadcasting to 1 clients: {"server_time":"2026-01-27 14:39:41","timestamp":"1769513981362","isConnected":"True","numBoard":"0","numSteps":"1000","numSpeed":"100.000000","numAccel":"100","numDecel":"100","currentPos":"10000","startPos":"1000","endPos":"100000"}
[2026-01-27 14:39:42.362652] [debug] WebSocketServer: Broadcasting to 1 clients: {"server_time":"2026-01-27 14:39:42","timestamp":"1769513982362","isConnected":"True","numBoard":"0","numSteps":"1000","numSpeed":"100.000000","numAccel":"100","numDecel":"100","currentPos":"10000","startPos":"1000","endPos":"100000"}
[2026-01-27 14:39:43.362942] [debug] WebSocketServer: Broadcasting to 1 clients: {"server_time":"2026-01-27 14:39:43","timestamp":"1769513983362","isConnected":"True","numBoard":"0","numSteps":"1000","numSpeed":"100.000000","numAccel":"100","numDecel":"100","currentPos":"10000","startPos":"1000","endPos":"100000"}
[2026-01-27 14:39:44.363236] [debug] WebSocketServer: Broadcasting to 1 clients: {"server_time":"2026-01-27 14:39:44","timestamp":"1769513984363","isConnected":"True","numBoard":"0","numSteps":"1000","numSpeed":"100.000000","numAccel":"100","numDecel":"100","currentPos":"10000","startPos":"1000","endPos":"100000"}
[2026-01-27 14:39:45.363511] [debug] WebSocketServer: Broadcasting to 1 clients: {"server_time":"2026-01-27 14:39:45","timestamp":"1769513985363","isConnected":"True","numBoard":"0","numSteps":"1000","numSpeed":"100.000000","numAccel":"100","numDecel":"100","currentPos":"10000","startPos":"1000","endPos":"100000"}
[2026-01-27 14:39:46.363789] [debug] WebSocketServer: Broadcasting to 1 clients: {"server_time":"2026-01-27 14:39:46","timestamp":"1769513986363","isConnected":"True","numBoard":"0","numSteps":"1000","numSpeed":"100.000000","numAccel":"100","numDecel":"100","currentPos":"10000","startPos":"1000","endPos":"100000"}
[2026-01-27 14:39:47.364088] [debug] WebSocketServer: Broadcasting to 1 clients: {"server_time":"2026-01-27 14:39:47","timestamp":"1769513987364","isConnected":"True","numBoard":"0","numSteps":"1000","numSpeed":"100.000000","numAccel":"100","numDecel":"100","currentPos":"10000","startPos":"1000","endPos":"100000"}
[2026-01-27 14:39:48.364381] [debug] WebSocketServer: Broadcasting to 1 clients: {"server_time":"2026-01-27 14:39:48","timestamp":"1769513988364","isConnected":"True","numBoard":"0","numSteps":"1000","numSpeed":"100.000000","numAccel":"100","numDecel":"100","currentPos":"10000","startPos":"1000","endPos":"100000"}
[2026-01-27 14:39:49.364824] [debug] WebSocketServer: Broadcasting to 1 clients: {"server_time":"2026-01-27 14:39:49","timestamp":"1769513989364","isConnected":"True","numBoard":"0","numSteps":"1000","numSpeed":"100.000000","numAccel":"100","numDecel":"100","currentPos":"10000","startPos":"1000","endPos":"100000"}
[2026-01-27 14:39:50.365175] [debug] WebSocketServer: Broadcasting to 1 clients: {"server_time":"2026-01-27 14:39:50","timestamp":"1769513990365","isConnected":"True","numBoard":"0","numSteps":"1000","numSpeed":"100.000000","numAccel":"100","numDecel":"100","currentPos":"10000","startPos":"1000","endPos":"100000"}
[2026-01-27 14:39:51.365482] [debug] WebSocketServer: Broadcasting to 1 clients: {"server_time":"2026-01-27 14:39:51","timestamp":"1769513991365","isConnected":"True","numBoard":"0","numSteps":"1000","numSpeed":"100.000000","numAccel":"100","numDecel":"100","currentPos":"10000","startPos":"1000","endPos":"100000"}
[2026-01-27 14:39:52.365761] [debug] WebSocketServer: Broadcasting to 1 clients: {"server_time":"2026-01-27 14:39:52","timestamp":"1769513992365","isConnected":"True","numBoard":"0","numSteps":"1000","numSpeed":"100.000000","numAccel":"100","numDecel":"100","currentPos":"10000","startPos":"1000","endPos":"100000"}
[2026-01-27 14:39:53.366223] [debug] WebSocketServer: Broadcasting to 1 clients: {"server_time":"2026-01-27 14:39:53","timestamp":"1769513993366","isConnected":"True","numBoard":"0","numSteps":"1000","numSpeed":"100.000000","numAccel":"100","numDecel":"100","currentPos":"10000","startPos":"1000","endPos":"100000"}
[2026-01-27 14:39:54.087216] [info] GET /api/move/backward
[2026-01-27 14:39:54.366616] [debug] WebSocketServer: Broadcasting to 1 clients: {"server_time":"2026-01-27 14:39:54","timestamp":"1769513994366","isConnected":"True","numBoard":"0","numSteps":"1000","numSpeed":"100.000000","numAccel":"100","numDecel":"100","currentPos":"10000","startPos":"1000","endPos":"100000"}
[2026-01-27 14:39:55.367005] [debug] WebSocketServer: Broadcasting to 1 clients: {"server_time":"2026-01-27 14:39:55","timestamp":"1769513995366","isConnected":"True","numBoard":"0","numSteps":"1000","numSpeed":"100.000000","numAccel":"100","numDecel":"100","currentPos":"10000","startPos":"1000","endPos":"100000"}
[2026-01-27 14:39:56.071187] [info] GET /api/move/backward
[2026-01-27 14:39:56.367399] [debug] WebSocketServer: Broadcasting to 1 clients: {"server_time":"2026-01-27 14:39:56","timestamp":"1769513996367","isConnected":"True","numBoard":"0","numSteps":"1000","numSpeed":"100.000000","numAccel":"100","numDecel":"100","currentPos":"10000","startPos":"1000","endPos":"100000"}
[2026-01-27 14:39:57.367669] [debug] WebSocketServer: Broadcasting to 1 clients: {"server_time":"2026-01-27 14:39:57","timestamp":"1769513997367","isConnected":"True","numBoard":"0","numSteps":"1000","numSpeed":"100.000000","numAccel":"100","numDecel":"100","currentPos":"10000","startPos":"1000","endPos":"100000"}
[2026-01-27 14:39:58.367946] [debug] WebSocketServer: Broadcasting to 1 clients: {"server_time":"2026-01-27 14:39:58","timestamp":"1769513998367","isConnected":"True","numBoard":"0","numSteps":"1000","numSpeed":"100.000000","numAccel":"100","numDecel":"100","currentPos":"10000","startPos":"1000","endPos":"100000"}
[2026-01-27 14:39:59.368234] [debug] WebSocketServer: Broadcasting to 1 clients: {"server_time":"2026-01-27 14:39:59","timestamp":"1769513999368","isConnected":"True","numBoard":"0","numSteps":"1000","numSpeed":"100.000000","numAccel":"100","numDecel":"100","currentPos":"10000","startPos":"1000","endPos":"100000"}
[2026-01-27 14:40:00.368517] [debug] WebSocketServer: Broadcasting to 1 clients: {"server_time":"2026-01-27 14:40:00","timestamp":"1769514000368","isConnected":"True","numBoard":"0","numSteps":"1000","numSpeed":"100.000000","numAccel":"100","numDecel":"100","currentPos":"10000","startPos":"1000","endPos":"100000"}
[2026-01-27 14:40:01.368796] [debug] WebSocketServer: Broadcasting to 1 clients: {"server_time":"2026-01-27 14:40:01","timestamp":"1769514001368","isConnected":"True","numBoard":"0","numSteps":"1000","numSpeed":"100.000000","numAccel":"100","numDecel":"100","currentPos":"10000","startPos":"1000","endPos":"100000"}
[2026-01-27 14:40:02.369080] [debug] WebSocketServer: Broadcasting to 1 clients: {"server_time":"2026-01-27 14:40:02","timestamp":"1769514002369","isConnected":"True","numBoard":"0","numSteps":"1000","numSpeed":"100.000000","numAccel":"100","numDecel":"100","currentPos":"10000","startPos":"1000","endPos":"100000"}
[2026-01-27 14:40:03.369358] [debug] WebSocketServer: Broadcasting to 1 clients: {"server_time":"2026-01-27 14:40:03","timestamp":"1769514003369","isConnected":"True","numBoard":"0","numSteps":"1000","numSpeed":"100.000000","numAccel":"100","numDecel":"100","currentPos":"10000","startPos":"1000","endPos":"100000"}
[2026-01-27 14:40:04.369641] [debug] WebSocketServer: Broadcasting to 1 clients: {"server_time":"2026-01-27 14:40:04","timestamp":"1769514004369","isConnected":"True","numBoard":"0","numSteps":"1000","numSpeed":"100.000000","numAccel":"100","numDecel":"100","currentPos":"10000","startPos":"1000","endPos":"100000"}
[2026-01-27 14:40:05.369984] [debug] WebSocketServer: Broadcasting to 1 clients: {"server_time":"2026-01-27 14:40:05","timestamp":"1769514005369","isConnected":"True","numBoard":"0","numSteps":"1000","numSpeed":"100.000000","numAccel":"100","numDecel":"100","currentPos":"10000","startPos":"1000","endPos":"100000"}
[2026-01-27 14:40:06.370338] [debug] WebSocketServer: Broadcasting to 1 clients: {"server_time":"2026-01-27 14:40:06","timestamp":"1769514006370","isConnected":"True","numBoard":"0","numSteps":"1000","numSpeed":"100.000000","numAccel":"100","numDecel":"100","currentPos":"10000","startPos":"1000","endPos":"100000"}
[2026-01-27 14:40:07.370677] [debug] WebSocketServer: Broadcasting to 1 clients: {"server_time":"2026-01-27 14:40:07","timestamp":"1769514007370","isConnected":"True","numBoard":"0","numSteps":"1000","numSpeed":"100.000000","numAccel":"100","numDecel":"100","currentPos":"10000","startPos":"1000","endPos":"100000"}
[2026-01-27 14:40:08.370961] [debug] WebSocketServer: Broadcasting to 1 clients: {"server_time":"2026-01-27 14:40:08","timestamp":"1769514008370","isConnected":"True","numBoard":"0","numSteps":"1000","numSpeed":"100.000000","numAccel":"100","numDecel":"100","currentPos":"10000","startPos":"1000","endPos":"100000"}
[2026-01-27 14:40:08.708254] [info] WebSocket client disconnected (ENOTCONN)
[2026-01-27 14:40:08.708363] [info] Session removed. Active clients: 0
[2026-01-27 14:40:08.708396] [info] WebSocket session destroyed
[2026-01-27 14:40:13.433872] [info] RestApiServer created on port 8080
[2026-01-27 14:40:13.434195] [info] WebSocketServer created on port 8081
[2026-01-27 14:40:13.434312] [info] GrpcApiServer created on port 50051
[2026-01-27 14:40:13.434424] [info] WebSocketServer starting on port 8081
[2026-01-27 14:40:13.434454] [info] WebSocketServer: Started auto updates with interval 1000ms
[2026-01-27 14:40:13.434497] [info] WebSocketServer: Auto update worker started
[2026-01-27 14:40:13.434628] [info] Run RestApiServer on port 8080
[2026-01-27 14:40:13.437654] [info] Run gRPC Server on 0.0.0.0:50051
[2026-01-27 14:40:16.516925] [info] WebSocket client connected. Total clients: 1
[2026-01-27 14:40:17.435511] [debug] WebSocketServer: Broadcasting to 1 clients: {"server_time":"2026-01-27 14:40:17","timestamp":"1769514017435","isConnected":"False","numBoard":"0","numSteps":"0","numSpeed":"-10148141385910284083258615602947817472.000000","numAccel":"247","numDecel":"89","currentPos":"48","startPos":"4243894544","endPos":"23031"}
[2026-01-27 14:40:17.732148] [info] GET /api/move/stop
[2026-01-27 14:40:18.435857] [debug] WebSocketServer: Broadcasting to 1 clients: {"server_time":"2026-01-27 14:40:18","timestamp":"1769514018435","isConnected":"False","numBoard":"0","numSteps":"0","numSpeed":"-10148141385910284083258615602947817472.000000","numAccel":"247","numDecel":"89","currentPos":"48","startPos":"4243894544","endPos":"23031"}
[2026-01-27 14:40:19.436186] [debug] WebSocketServer: Broadcasting to 1 clients: {"server_time":"2026-01-27 14:40:19","timestamp":"1769514019436","isConnected":"False","numBoard":"0","numSteps":"0","numSpeed":"-10148141385910284083258615602947817472.000000","numAccel":"247","numDecel":"89","currentPos":"48","startPos":"4243894544","endPos":"23031"}
[2026-01-27 14:40:20.069140] [info] GET /api/connect
[2026-01-27 14:40:20.436501] [debug] WebSocketServer: Broadcasting to 1 clients: {"server_time":"2026-01-27 14:40:20","timestamp":"1769514020436","isConnected":"True","numBoard":"0","numSteps":"0","numSpeed":"-10148141385910284083258615602947817472.000000","numAccel":"247","numDecel":"89","currentPos":"48","startPos":"4243894544","endPos":"23031"}
[2026-01-27 14:40:20.555222] [info] POST /api/board/set {"numBoard":0}
[2026-01-27 14:40:21.247199] [info] GET /api/move/stop
[2026-01-27 14:40:21.436844] [debug] WebSocketServer: Broadcasting to 1 clients: {"server_time":"2026-01-27 14:40:21","timestamp":"1769514021436","isConnected":"True","numBoard":"0","numSteps":"0","numSpeed":"-10148141385910284083258615602947817472.000000","numAccel":"247","numDecel":"89","currentPos":"48","startPos":"4243894544","endPos":"23031"}
[2026-01-27 14:40:22.437171] [debug] WebSocketServer: Broadcasting to 1 clients: {"server_time":"2026-01-27 14:40:22","timestamp":"1769514022437","isConnected":"True","numBoard":"0","numSteps":"0","numSpeed":"-10148141385910284083258615602947817472.000000","numAccel":"247","numDecel":"89","currentPos":"48","startPos":"4243894544","endPos":"23031"}
[2026-01-27 14:40:23.348570] [info] WebSocket client disconnected (ENOTCONN)
[2026-01-27 14:40:23.348682] [info] Session removed. Active clients: 0
[2026-01-27 14:40:23.348725] [info] WebSocket session destroyed
[2026-01-27 14:58:48.391746] [info] RestApiServer created on port 8080
[2026-01-27 14:58:48.391953] [info] WebSocketServer created on port 8081
[2026-01-27 14:58:48.392076] [info] GrpcApiServer created on port 50051
[2026-01-27 14:58:48.392190] [info] WebSocketServer starting on port 8081
[2026-01-27 14:58:48.392254] [info] WebSocketServer: Auto update worker started
[2026-01-27 14:58:48.392213] [info] WebSocketServer: Started auto updates with interval 1000ms
[2026-01-27 14:58:48.392520] [info] Run RestApiServer on port 8080
[2026-01-27 14:58:48.394377] [info] Run gRPC Server on 0.0.0.0:50051
[2026-01-27 14:58:51.022931] [info] WebSocket client connected. Total clients: 1
[2026-01-27 14:58:51.392717] [debug] WebSocketServer: Broadcasting to 1 clients: {"server_time":"2026-01-27 14:58:51","timestamp":"1769515131392","isConnected":"False","numBoard":"0","numSteps":"0","numSpeed":"894936564960344249851174480510976.000000","numAccel":"200","numDecel":"97","currentPos":"48","startPos":"1982914832","endPos":"25032"}
[2026-01-27 14:58:52.271134] [info] GET /api/connect
[2026-01-27 14:58:52.393002] [debug] WebSocketServer: Broadcasting to 1 clients: {"server_time":"2026-01-27 14:58:52","timestamp":"1769515132392","isConnected":"True","numBoard":"0","numSteps":"0","numSpeed":"894936564960344249851174480510976.000000","numAccel":"200","numDecel":"97","currentPos":"48","startPos":"1982914832","endPos":"25032"}
[2026-01-27 14:58:52.668068] [info] POST /api/board/set {"numBoard":0}
[2026-01-27 14:58:52.944023] [info] POST /api/steps/set {"numSteps":1000}
[2026-01-27 14:58:53.280033] [info] POST /api/speed/set {"numSpeed":10}
[2026-01-27 14:58:53.393328] [debug] WebSocketServer: Broadcasting to 1 clients: {"server_time":"2026-01-27 14:58:53","timestamp":"1769515133393","isConnected":"True","numBoard":"0","numSteps":"1000","numSpeed":"10.000000","numAccel":"200","numDecel":"97","currentPos":"48","startPos":"1982914832","endPos":"25032"}
[2026-01-27 14:58:53.624038] [info] POST /api/accel/set {"numAccel":10}
[2026-01-27 14:58:53.888074] [info] GET /api/move/forward
[2026-01-27 14:58:54.393681] [debug] WebSocketServer: Broadcasting to 1 clients: {"server_time":"2026-01-27 14:58:54","timestamp":"1769515134393","isConnected":"True","numBoard":"0","numSteps":"1000","numSpeed":"10.000000","numAccel":"10","numDecel":"97","currentPos":"48","startPos":"1982914832","endPos":"25032"}
[2026-01-27 14:58:55.394007] [debug] WebSocketServer: Broadcasting to 1 clients: {"server_time":"2026-01-27 14:58:55","timestamp":"1769515135393","isConnected":"True","numBoard":"0","numSteps":"1000","numSpeed":"10.000000","numAccel":"10","numDecel":"97","currentPos":"48","startPos":"1982914832","endPos":"25032"}
[2026-01-27 14:58:55.456042] [info] GET /api/move/forward
[2026-01-27 14:58:56.394339] [debug] WebSocketServer: Broadcasting to 1 clients: {"server_time":"2026-01-27 14:58:56","timestamp":"1769515136394","isConnected":"True","numBoard":"0","numSteps":"1000","numSpeed":"10.000000","numAccel":"10","numDecel":"97","currentPos":"48","startPos":"1982914832","endPos":"25032"}
[2026-01-27 14:58:56.544029] [info] GET /api/move/backward
[2026-01-27 14:58:57.394669] [debug] WebSocketServer: Broadcasting to 1 clients: {"server_time":"2026-01-27 14:58:57","timestamp":"1769515137394","isConnected":"True","numBoard":"0","numSteps":"1000","numSpeed":"10.000000","numAccel":"10","numDecel":"97","currentPos":"48","startPos":"1982914832","endPos":"25032"}
[2026-01-27 14:58:57.888035] [info] GET /api/move/forward
[2026-01-27 14:58:58.394973] [debug] WebSocketServer: Broadcasting to 1 clients: {"server_time":"2026-01-27 14:58:58","timestamp":"1769515138394","isConnected":"True","numBoard":"0","numSteps":"1000","numSpeed":"10.000000","numAccel":"10","numDecel":"97","currentPos":"48","startPos":"1982914832","endPos":"25032"}
[2026-01-27 14:58:58.808050] [info] GET /api/move/backward
[2026-01-27 14:58:59.395257] [debug] WebSocketServer: Broadcasting to 1 clients: {"server_time":"2026-01-27 14:58:59","timestamp":"1769515139395","isConnected":"True","numBoard":"0","numSteps":"1000","numSpeed":"10.000000","numAccel":"10","numDecel":"97","currentPos":"48","startPos":"1982914832","endPos":"25032"}
[2026-01-27 14:58:59.544042] [info] GET /api/move/backward
[2026-01-27 14:59:00.395615] [debug] WebSocketServer: Broadcasting to 1 clients: {"server_time":"2026-01-27 14:59:00","timestamp":"1769515140395","isConnected":"True","numBoard":"0","numSteps":"1000","numSpeed":"10.000000","numAccel":"10","numDecel":"97","currentPos":"48","startPos":"1982914832","endPos":"25032"}
[2026-01-27 14:59:01.101343] [info] WebSocket client disconnected (ENOTCONN)
[2026-01-27 14:59:01.101462] [info] Session removed. Active clients: 0
[2026-01-27 14:59:01.101558] [info] WebSocket session destroyed
[2026-01-27 15:14:27.750018] [info] RestApiServer created on port 8080
[2026-01-27 15:14:27.750409] [info] WebSocketServer created on port 8081
[2026-01-27 15:14:27.750587] [info] GrpcApiServer created on port 50051
[2026-01-27 15:14:27.750710] [info] WebSocketServer starting on port 8081
[2026-01-27 15:14:27.751034] [info] WebSocketServer: Auto update worker started
[2026-01-27 15:14:27.750981] [info] WebSocketServer: Started auto updates with interval 1000ms
[2026-01-27 15:14:27.751741] [info] Run RestApiServer on port 8080
[2026-01-27 15:14:27.754802] [info] Run gRPC Server on 0.0.0.0:50051
[2026-01-27 15:14:30.853150] [info] WebSocket client connected. Total clients: 1
[2026-01-27 15:14:31.751751] [debug] WebSocketServer: Broadcasting to 1 clients: {"server_time":"2026-01-27 15:14:31","timestamp":"1769516071751","isConnected":"False","numBoard":"0","numSteps":"0","numSpeed":"2.085861","numAccel":"32","numDecel":"89","currentPos":"48","startPos":"1074127120","endPos":"22816"}
[2026-01-27 15:14:32.320165] [info] GET /api/connect
[2026-01-27 15:14:32.752239] [debug] WebSocketServer: Broadcasting to 1 clients: {"server_time":"2026-01-27 15:14:32","timestamp":"1769516072752","isConnected":"True","numBoard":"0","numSteps":"0","numSpeed":"2.085861","numAccel":"32","numDecel":"89","currentPos":"48","startPos":"1074127120","endPos":"22816"}
[2026-01-27 15:14:32.966376] [info] POST /api/board/set {"numBoard":0}
[2026-01-27 15:14:33.313741] [info] POST /api/steps/set {"numSteps":1000}
[2026-01-27 15:14:33.712162] [info] POST /api/speed/set {"numSpeed":10}
[2026-01-27 15:14:33.752618] [debug] WebSocketServer: Broadcasting to 1 clients: {"server_time":"2026-01-27 15:14:33","timestamp":"1769516073752","isConnected":"True","numBoard":"0","numSteps":"1000","numSpeed":"10.000000","numAccel":"32","numDecel":"89","currentPos":"48","startPos":"1074127120","endPos":"22816"}
[2026-01-27 15:14:34.479196] [info] POST /api/accel/set {"numAccel":10}
[2026-01-27 15:14:34.752945] [debug] WebSocketServer: Broadcasting to 1 clients: {"server_time":"2026-01-27 15:14:34","timestamp":"1769516074752","isConnected":"True","numBoard":"0","numSteps":"1000","numSpeed":"10.000000","numAccel":"10","numDecel":"89","currentPos":"48","startPos":"1074127120","endPos":"22816"}
[2026-01-27 15:14:34.919159] [info] POST /api/decel/set {"numDecel":10}
[2026-01-27 15:14:35.301597] [info] GET /api/move/forward
[2026-01-27 15:14:35.753218] [debug] WebSocketServer: Broadcasting to 1 clients: {"server_time":"2026-01-27 15:14:35","timestamp":"1769516075753","isConnected":"True","numBoard":"0","numSteps":"1000","numSpeed":"10.000000","numAccel":"10","numDecel":"10","currentPos":"48","startPos":"1074127120","endPos":"22816"}
[2026-01-27 15:14:35.958715] [info] GET /api/move/backward
[2026-01-27 15:14:36.446313] [info] GET /api/move/forward
[2026-01-27 15:14:36.753500] [debug] WebSocketServer: Broadcasting to 1 clients: {"server_time":"2026-01-27 15:14:36","timestamp":"1769516076753","isConnected":"True","numBoard":"0","numSteps":"1000","numSpeed":"10.000000","numAccel":"10","numDecel":"10","currentPos":"48","startPos":"1074127120","endPos":"22816"}
[2026-01-27 15:14:36.870234] [info] GET /api/move/backward
[2026-01-27 15:14:37.753771] [debug] WebSocketServer: Broadcasting to 1 clients: {"server_time":"2026-01-27 15:14:37","timestamp":"1769516077753","isConnected":"True","numBoard":"0","numSteps":"1000","numSpeed":"10.000000","numAccel":"10","numDecel":"10","currentPos":"48","startPos":"1074127120","endPos":"22816"}
[2026-01-27 15:14:38.754073] [debug] WebSocketServer: Broadcasting to 1 clients: {"server_time":"2026-01-27 15:14:38","timestamp":"1769516078754","isConnected":"True","numBoard":"0","numSteps":"1000","numSpeed":"10.000000","numAccel":"10","numDecel":"10","currentPos":"48","startPos":"1074127120","endPos":"22816"}
[2026-01-27 15:14:39.754494] [debug] WebSocketServer: Broadcasting to 1 clients: {"server_time":"2026-01-27 15:14:39","timestamp":"1769516079754","isConnected":"True","numBoard":"0","numSteps":"1000","numSpeed":"10.000000","numAccel":"10","numDecel":"10","currentPos":"48","startPos":"1074127120","endPos":"22816"}
[2026-01-27 15:14:40.754857] [debug] WebSocketServer: Broadcasting to 1 clients: {"server_time":"2026-01-27 15:14:40","timestamp":"1769516080754","isConnected":"True","numBoard":"0","numSteps":"1000","numSpeed":"10.000000","numAccel":"10","numDecel":"10","currentPos":"48","startPos":"1074127120","endPos":"22816"}
[2026-01-27 15:14:41.755283] [debug] WebSocketServer: Broadcasting to 1 clients: {"server_time":"2026-01-27 15:14:41","timestamp":"1769516081755","isConnected":"True","numBoard":"0","numSteps":"1000","numSpeed":"10.000000","numAccel":"10","numDecel":"10","currentPos":"48","startPos":"1074127120","endPos":"22816"}
[2026-01-27 15:14:42.755706] [debug] WebSocketServer: Broadcasting to 1 clients: {"server_time":"2026-01-27 15:14:42","timestamp":"1769516082755","isConnected":"True","numBoard":"0","numSteps":"1000","numSpeed":"10.000000","numAccel":"10","numDecel":"10","currentPos":"48","startPos":"1074127120","endPos":"22816"}
[2026-01-27 15:14:43.756078] [debug] WebSocketServer: Broadcasting to 1 clients: {"server_time":"2026-01-27 15:14:43","timestamp":"1769516083756","isConnected":"True","numBoard":"0","numSteps":"1000","numSpeed":"10.000000","numAccel":"10","numDecel":"10","currentPos":"48","startPos":"1074127120","endPos":"22816"}
[2026-01-27 15:14:44.756394] [debug] WebSocketServer: Broadcasting to 1 clients: {"server_time":"2026-01-27 15:14:44","timestamp":"1769516084756","isConnected":"True","numBoard":"0","numSteps":"1000","numSpeed":"10.000000","numAccel":"10","numDecel":"10","currentPos":"48","startPos":"1074127120","endPos":"22816"}
[2026-01-27 15:14:45.756709] [debug] WebSocketServer: Broadcasting to 1 clients: {"server_time":"2026-01-27 15:14:45","timestamp":"1769516085756","isConnected":"True","numBoard":"0","numSteps":"1000","numSpeed":"10.000000","numAccel":"10","numDecel":"10","currentPos":"48","startPos":"1074127120","endPos":"22816"}
[2026-01-27 15:14:46.757071] [debug] WebSocketServer: Broadcasting to 1 clients: {"server_time":"2026-01-27 15:14:46","timestamp":"1769516086756","isConnected":"True","numBoard":"0","numSteps":"1000","numSpeed":"10.000000","numAccel":"10","numDecel":"10","currentPos":"48","startPos":"1074127120","endPos":"22816"}
[2026-01-27 15:14:47.757401] [debug] WebSocketServer: Broadcasting to 1 clients: {"server_time":"2026-01-27 15:14:47","timestamp":"1769516087757","isConnected":"True","numBoard":"0","numSteps":"1000","numSpeed":"10.000000","numAccel":"10","numDecel":"10","currentPos":"48","startPos":"1074127120","endPos":"22816"}
[2026-01-27 15:14:48.757812] [debug] WebSocketServer: Broadcasting to 1 clients: {"server_time":"2026-01-27 15:14:48","timestamp":"1769516088757","isConnected":"True","numBoard":"0","numSteps":"1000","numSpeed":"10.000000","numAccel":"10","numDecel":"10","currentPos":"48","startPos":"1074127120","endPos":"22816"}
[2026-01-27 15:14:49.758430] [debug] WebSocketServer: Broadcasting to 1 clients: {"server_time":"2026-01-27 15:14:49","timestamp":"1769516089758","isConnected":"True","numBoard":"0","numSteps":"1000","numSpeed":"10.000000","numAccel":"10","numDecel":"10","currentPos":"48","startPos":"1074127120","endPos":"22816"}
[2026-01-27 15:14:50.758994] [debug] WebSocketServer: Broadcasting to 1 clients: {"server_time":"2026-01-27 15:14:50","timestamp":"1769516090758","isConnected":"True","numBoard":"0","numSteps":"1000","numSpeed":"10.000000","numAccel":"10","numDecel":"10","currentPos":"48","startPos":"1074127120","endPos":"22816"}
[2026-01-27 15:14:51.759295] [debug] WebSocketServer: Broadcasting to 1 clients: {"server_time":"2026-01-27 15:14:51","timestamp":"1769516091759","isConnected":"True","numBoard":"0","numSteps":"1000","numSpeed":"10.000000","numAccel":"10","numDecel":"10","currentPos":"48","startPos":"1074127120","endPos":"22816"}
[2026-01-27 15:14:52.759625] [debug] WebSocketServer: Broadcasting to 1 clients: {"server_time":"2026-01-27 15:14:52","timestamp":"1769516092759","isConnected":"True","numBoard":"0","numSteps":"1000","numSpeed":"10.000000","numAccel":"10","numDecel":"10","currentPos":"48","startPos":"1074127120","endPos":"22816"}
[2026-01-27 15:14:53.255163] [info] WebSocket client disconnected (ENOTCONN)
[2026-01-27 15:14:53.255335] [info] Session removed. Active clients: 0
[2026-01-27 15:14:53.255368] [info] WebSocket session destroyed
[2026-01-27 15:14:55.190949] [info] RestApiServer created on port 8080
[2026-01-27 15:14:55.191231] [info] WebSocketServer created on port 8081
[2026-01-27 15:14:55.191341] [info] GrpcApiServer created on port 50051
[2026-01-27 15:14:55.191436] [info] WebSocketServer starting on port 8081
[2026-01-27 15:14:55.191585] [info] WebSocketServer: Auto update worker started
[2026-01-27 15:14:55.191705] [info] WebSocketServer: Started auto updates with interval 1000ms
[2026-01-27 15:14:55.191973] [info] Run RestApiServer on port 8080
[2026-01-27 15:14:55.199689] [info] Run gRPC Server on 0.0.0.0:50051
[2026-01-27 15:14:58.048716] [info] WebSocket client connected. Total clients: 1
[2026-01-27 15:14:58.192082] [debug] WebSocketServer: Broadcasting to 1 clients: {"server_time":"2026-01-27 15:14:58","timestamp":"1769516098191","isConnected":"False","numBoard":"0","numSteps":"0","numSpeed":"-0.000000","numAccel":"181","numDecel":"90","currentPos":"48","startPos":"2376990992","endPos":"23221"}
[2026-01-27 15:14:59.192410] [debug] WebSocketServer: Broadcasting to 1 clients: {"server_time":"2026-01-27 15:14:59","timestamp":"1769516099192","isConnected":"False","numBoard":"0","numSteps":"0","numSpeed":"-0.000000","numAccel":"181","numDecel":"90","currentPos":"48","startPos":"2376990992","endPos":"23221"}
[2026-01-27 15:14:59.941794] [info] GET /api/connect
[2026-01-27 15:15:00.192747] [debug] WebSocketServer: Broadcasting to 1 clients: {"server_time":"2026-01-27 15:15:00","timestamp":"1769516100192","isConnected":"False","numBoard":"0","numSteps":"0","numSpeed":"-0.000000","numAccel":"181","numDecel":"90","currentPos":"48","startPos":"2376990992","endPos":"23221"}
[2026-01-27 15:15:01.193066] [debug] WebSocketServer: Broadcasting to 1 clients: {"server_time":"2026-01-27 15:15:01","timestamp":"1769516101192","isConnected":"False","numBoard":"0","numSteps":"0","numSpeed":"-0.000000","numAccel":"181","numDecel":"90","currentPos":"48","startPos":"2376990992","endPos":"23221"}
[2026-01-27 15:15:02.193430] [debug] WebSocketServer: Broadcasting to 1 clients: {"server_time":"2026-01-27 15:15:02","timestamp":"1769516102193","isConnected":"False","numBoard":"0","numSteps":"0","numSpeed":"-0.000000","numAccel":"181","numDecel":"90","currentPos":"48","startPos":"2376990992","endPos":"23221"}
[2026-01-27 15:15:03.193787] [debug] WebSocketServer: Broadcasting to 1 clients: {"server_time":"2026-01-27 15:15:03","timestamp":"1769516103193","isConnected":"False","numBoard":"0","numSteps":"0","numSpeed":"-0.000000","numAccel":"181","numDecel":"90","currentPos":"48","startPos":"2376990992","endPos":"23221"}
[2026-01-27 15:15:04.194083] [debug] WebSocketServer: Broadcasting to 1 clients: {"server_time":"2026-01-27 15:15:04","timestamp":"1769516104194","isConnected":"False","numBoard":"0","numSteps":"0","numSpeed":"-0.000000","numAccel":"181","numDecel":"90","currentPos":"48","startPos":"2376990992","endPos":"23221"}
[2026-01-27 15:15:05.194399] [debug] WebSocketServer: Broadcasting to 1 clients: {"server_time":"2026-01-27 15:15:05","timestamp":"1769516105194","isConnected":"False","numBoard":"0","numSteps":"0","numSpeed":"-0.000000","numAccel":"181","numDecel":"90","currentPos":"48","startPos":"2376990992","endPos":"23221"}
[2026-01-27 15:15:06.194822] [debug] WebSocketServer: Broadcasting to 1 clients: {"server_time":"2026-01-27 15:15:06","timestamp":"1769516106194","isConnected":"False","numBoard":"0","numSteps":"0","numSpeed":"-0.000000","numAccel":"181","numDecel":"90","currentPos":"48","startPos":"2376990992","endPos":"23221"}
[2026-01-27 15:15:07.195290] [debug] WebSocketServer: Broadcasting to 1 clients: {"server_time":"2026-01-27 15:15:07","timestamp":"1769516107195","isConnected":"False","numBoard":"0","numSteps":"0","numSpeed":"-0.000000","numAccel":"181","numDecel":"90","currentPos":"48","startPos":"2376990992","endPos":"23221"}
[2026-01-27 15:15:08.195631] [debug] WebSocketServer: Broadcasting to 1 clients: {"server_time":"2026-01-27 15:15:08","timestamp":"1769516108195","isConnected":"False","numBoard":"0","numSteps":"0","numSpeed":"-0.000000","numAccel":"181","numDecel":"90","currentPos":"48","startPos":"2376990992","endPos":"23221"}
[2026-01-27 15:15:09.196036] [debug] WebSocketServer: Broadcasting to 1 clients: {"server_time":"2026-01-27 15:15:09","timestamp":"1769516109195","isConnected":"False","numBoard":"0","numSteps":"0","numSpeed":"-0.000000","numAccel":"181","numDecel":"90","currentPos":"48","startPos":"2376990992","endPos":"23221"}
[2026-01-27 15:15:10.196346] [debug] WebSocketServer: Broadcasting to 1 clients: {"server_time":"2026-01-27 15:15:10","timestamp":"1769516110196","isConnected":"False","numBoard":"0","numSteps":"0","numSpeed":"-0.000000","numAccel":"181","numDecel":"90","currentPos":"48","startPos":"2376990992","endPos":"23221"}
[2026-01-27 15:15:11.196718] [debug] WebSocketServer: Broadcasting to 1 clients: {"server_time":"2026-01-27 15:15:11","timestamp":"1769516111196","isConnected":"False","numBoard":"0","numSteps":"0","numSpeed":"-0.000000","numAccel":"181","numDecel":"90","currentPos":"48","startPos":"2376990992","endPos":"23221"}
[2026-01-27 15:15:12.197105] [debug] WebSocketServer: Broadcasting to 1 clients: {"server_time":"2026-01-27 15:15:12","timestamp":"1769516112197","isConnected":"False","numBoard":"0","numSteps":"0","numSpeed":"-0.000000","numAccel":"181","numDecel":"90","currentPos":"48","startPos":"2376990992","endPos":"23221"}
[2026-01-27 15:15:13.197529] [debug] WebSocketServer: Broadcasting to 1 clients: {"server_time":"2026-01-27 15:15:13","timestamp":"1769516113197","isConnected":"False","numBoard":"0","numSteps":"0","numSpeed":"-0.000000","numAccel":"181","numDecel":"90","currentPos":"48","startPos":"2376990992","endPos":"23221"}
[2026-01-27 15:15:14.197982] [debug] WebSocketServer: Broadcasting to 1 clients: {"server_time":"2026-01-27 15:15:14","timestamp":"1769516114197","isConnected":"False","numBoard":"0","numSteps":"0","numSpeed":"-0.000000","numAccel":"181","numDecel":"90","currentPos":"48","startPos":"2376990992","endPos":"23221"}
[2026-01-27 15:15:15.198314] [debug] WebSocketServer: Broadcasting to 1 clients: {"server_time":"2026-01-27 15:15:15","timestamp":"1769516115198","isConnected":"False","numBoard":"0","numSteps":"0","numSpeed":"-0.000000","numAccel":"181","numDecel":"90","currentPos":"48","startPos":"2376990992","endPos":"23221"}
[2026-01-27 15:15:15.837420] [info] gRPC cancontroller.CanControllerService/Connect
[2026-01-27 15:15:16.198674] [debug] WebSocketServer: Broadcasting to 1 clients: {"server_time":"2026-01-27 15:15:16","timestamp":"1769516116198","isConnected":"False","numBoard":"0","numSteps":"0","numSpeed":"-0.000000","numAccel":"181","numDecel":"90","currentPos":"48","startPos":"2376990992","endPos":"23221"}
[2026-01-27 15:15:17.199092] [debug] WebSocketServer: Broadcasting to 1 clients: {"server_time":"2026-01-27 15:15:17","timestamp":"1769516117199","isConnected":"False","numBoard":"0","numSteps":"0","numSpeed":"-0.000000","numAccel":"181","numDecel":"90","currentPos":"48","startPos":"2376990992","endPos":"23221"}
[2026-01-27 15:15:17.312850] [info] gRPC cancontroller.CanControllerService/Connect
[2026-01-27 15:15:18.199499] [debug] WebSocketServer: Broadcasting to 1 clients: {"server_time":"2026-01-27 15:15:18","timestamp":"1769516118199","isConnected":"False","numBoard":"0","numSteps":"0","numSpeed":"-0.000000","numAccel":"181","numDecel":"90","currentPos":"48","startPos":"2376990992","endPos":"23221"}
[2026-01-27 15:15:19.199828] [debug] WebSocketServer: Broadcasting to 1 clients: {"server_time":"2026-01-27 15:15:19","timestamp":"1769516119199","isConnected":"False","numBoard":"0","numSteps":"0","numSpeed":"-0.000000","numAccel":"181","numDecel":"90","currentPos":"48","startPos":"2376990992","endPos":"23221"}
[2026-01-27 15:15:20.200161] [debug] WebSocketServer: Broadcasting to 1 clients: {"server_time":"2026-01-27 15:15:20","timestamp":"1769516120200","isConnected":"False","numBoard":"0","numSteps":"0","numSpeed":"-0.000000","numAccel":"181","numDecel":"90","currentPos":"48","startPos":"2376990992","endPos":"23221"}
[2026-01-27 15:15:21.200548] [debug] WebSocketServer: Broadcasting to 1 clients: {"server_time":"2026-01-27 15:15:21","timestamp":"1769516121200","isConnected":"False","numBoard":"0","numSteps":"0","numSpeed":"-0.000000","numAccel":"181","numDecel":"90","currentPos":"48","startPos":"2376990992","endPos":"23221"}
[2026-01-27 15:15:22.200844] [debug] WebSocketServer: Broadcasting to 1 clients: {"server_time":"2026-01-27 15:15:22","timestamp":"1769516122200","isConnected":"False","numBoard":"0","numSteps":"0","numSpeed":"-0.000000","numAccel":"181","numDecel":"90","currentPos":"48","startPos":"2376990992","endPos":"23221"}
[2026-01-27 15:15:23.167747] [info] WebSocket client disconnected (ENOTCONN)
[2026-01-27 15:15:23.167880] [info] Session removed. Active clients: 0
[2026-01-27 15:15:23.167926] [info] WebSocket session destroyed
[2026-01-27 15:15:39.497929] [info] RestApiServer created on port 8080
[2026-01-27 15:15:39.498313] [info] WebSocketServer created on port 8081
[2026-01-27 15:15:39.498449] [info] GrpcApiServer created on port 50051
[2026-01-27 15:15:39.498613] [info] WebSocketServer starting on port 8081
[2026-01-27 15:15:39.498640] [info] WebSocketServer: Started auto updates with interval 1000ms
[2026-01-27 15:15:39.498695] [info] WebSocketServer: Auto update worker started
[2026-01-27 15:15:39.498855] [info] Run RestApiServer on port 8080
[2026-01-27 15:15:39.501559] [info] Run gRPC Server on 0.0.0.0:50051
[2026-01-27 15:15:42.409826] [info] WebSocket client connected. Total clients: 1
[2026-01-27 15:15:42.499423] [debug] WebSocketServer: Broadcasting to 1 clients: {"server_time":"2026-01-27 15:15:42","timestamp":"1769516142499","isConnected":"False","numBoard":"0","numSteps":"0","numSpeed":"-173202735104.000000","numAccel":"98","numDecel":"94","currentPos":"48","startPos":"3525423376","endPos":"24162"}
[2026-01-27 15:15:43.499904] [debug] WebSocketServer: Broadcasting to 1 clients: {"server_time":"2026-01-27 15:15:43","timestamp":"1769516143499","isConnected":"False","numBoard":"0","numSteps":"0","numSpeed":"-173202735104.000000","numAccel":"98","numDecel":"94","currentPos":"48","startPos":"3525423376","endPos":"24162"}
[2026-01-27 15:15:44.072155] [info] GET /api/connect
[2026-01-27 15:15:44.500467] [debug] WebSocketServer: Broadcasting to 1 clients: {"server_time":"2026-01-27 15:15:44","timestamp":"1769516144500","isConnected":"True","numBoard":"0","numSteps":"0","numSpeed":"-173202735104.000000","numAccel":"98","numDecel":"94","currentPos":"48","startPos":"3525423376","endPos":"24162"}
[2026-01-27 15:15:45.500794] [debug] WebSocketServer: Broadcasting to 1 clients: {"server_time":"2026-01-27 15:15:45","timestamp":"1769516145500","isConnected":"True","numBoard":"0","numSteps":"0","numSpeed":"-173202735104.000000","numAccel":"98","numDecel":"94","currentPos":"48","startPos":"3525423376","endPos":"24162"}
[2026-01-27 15:15:45.637803] [info] POST /api/board/set {"numBoard":0}
[2026-01-27 15:15:46.017681] [info] POST /api/steps/set {"numSteps":1000}
[2026-01-27 15:15:46.501169] [debug] WebSocketServer: Broadcasting to 1 clients: {"server_time":"2026-01-27 15:15:46","timestamp":"1769516146501","isConnected":"True","numBoard":"0","numSteps":"1000","numSpeed":"-173202735104.000000","numAccel":"98","numDecel":"94","currentPos":"48","startPos":"3525423376","endPos":"24162"}
[2026-01-27 15:15:46.913791] [info] POST /api/speed/set {"numSpeed":10}
[2026-01-27 15:15:47.209678] [info] POST /api/accel/set {"numAccel":10}
[2026-01-27 15:15:47.501675] [debug] WebSocketServer: Broadcasting to 1 clients: {"server_time":"2026-01-27 15:15:47","timestamp":"1769516147501","isConnected":"True","numBoard":"0","numSteps":"1000","numSpeed":"10.000000","numAccel":"10","numDecel":"94","currentPos":"48","startPos":"3525423376","endPos":"24162"}
[2026-01-27 15:15:47.633697] [info] POST /api/decel/set {"numDecel":10}
[2026-01-27 15:15:47.969689] [info] GET /api/move/forward
[2026-01-27 15:15:48.502049] [debug] WebSocketServer: Broadcasting to 1 clients: {"server_time":"2026-01-27 15:15:48","timestamp":"1769516148501","isConnected":"True","numBoard":"0","numSteps":"1000","numSpeed":"10.000000","numAccel":"10","numDecel":"10","currentPos":"48","startPos":"3525423376","endPos":"24162"}
[2026-01-27 15:15:49.165677] [info] GET /api/move/backward
[2026-01-27 15:15:49.502338] [debug] WebSocketServer: Broadcasting to 1 clients: {"server_time":"2026-01-27 15:15:49","timestamp":"1769516149502","isConnected":"True","numBoard":"0","numSteps":"1000","numSpeed":"10.000000","numAccel":"10","numDecel":"10","currentPos":"48","startPos":"3525423376","endPos":"24162"}
[2026-01-27 15:15:50.273685] [info] GET /api/move/backward
[2026-01-27 15:15:50.502649] [debug] WebSocketServer: Broadcasting to 1 clients: {"server_time":"2026-01-27 15:15:50","timestamp":"1769516150502","isConnected":"True","numBoard":"0","numSteps":"1000","numSpeed":"10.000000","numAccel":"10","numDecel":"10","currentPos":"48","startPos":"3525423376","endPos":"24162"}
[2026-01-27 15:15:50.953714] [info] GET /api/move/backward
[2026-01-27 15:15:51.503083] [debug] WebSocketServer: Broadcasting to 1 clients: {"server_time":"2026-01-27 15:15:51","timestamp":"1769516151502","isConnected":"True","numBoard":"0","numSteps":"1000","numSpeed":"10.000000","numAccel":"10","numDecel":"10","currentPos":"48","startPos":"3525423376","endPos":"24162"}
[2026-01-27 15:15:51.601698] [info] GET /api/move/backward
[2026-01-27 15:15:52.345690] [info] GET /api/move/forward
[2026-01-27 15:15:52.503387] [debug] WebSocketServer: Broadcasting to 1 clients: {"server_time":"2026-01-27 15:15:52","timestamp":"1769516152503","isConnected":"True","numBoard":"0","numSteps":"1000","numSpeed":"10.000000","numAccel":"10","numDecel":"10","currentPos":"48","startPos":"3525423376","endPos":"24162"}
[2026-01-27 15:15:53.503648] [debug] WebSocketServer: Broadcasting to 1 clients: {"server_time":"2026-01-27 15:15:53","timestamp":"1769516153503","isConnected":"True","numBoard":"0","numSteps":"1000","numSpeed":"10.000000","numAccel":"10","numDecel":"10","currentPos":"48","startPos":"3525423376","endPos":"24162"}
[2026-01-27 15:15:53.505689] [info] GET /api/move/backward
[2026-01-27 15:15:54.503897] [debug] WebSocketServer: Broadcasting to 1 clients: {"server_time":"2026-01-27 15:15:54","timestamp":"1769516154503","isConnected":"True","numBoard":"0","numSteps":"1000","numSpeed":"10.000000","numAccel":"10","numDecel":"10","currentPos":"48","startPos":"3525423376","endPos":"24162"}
[2026-01-27 15:15:54.929694] [info] GET /api/move/backward
[2026-01-27 15:15:55.504198] [debug] WebSocketServer: Broadcasting to 1 clients: {"server_time":"2026-01-27 15:15:55","timestamp":"1769516155504","isConnected":"True","numBoard":"0","numSteps":"1000","numSpeed":"10.000000","numAccel":"10","numDecel":"10","currentPos":"48","startPos":"3525423376","endPos":"24162"}
[2026-01-27 15:15:56.353696] [info] GET /api/move/backward
[2026-01-27 15:15:56.504525] [debug] WebSocketServer: Broadcasting to 1 clients: {"server_time":"2026-01-27 15:15:56","timestamp":"1769516156504","isConnected":"True","numBoard":"0","numSteps":"1000","numSpeed":"10.000000","numAccel":"10","numDecel":"10","currentPos":"48","startPos":"3525423376","endPos":"24162"}
[2026-01-27 15:15:57.377684] [info] GET /api/move/forward
[2026-01-27 15:15:57.504856] [debug] WebSocketServer: Broadcasting to 1 clients: {"server_time":"2026-01-27 15:15:57","timestamp":"1769516157504","isConnected":"True","numBoard":"0","numSteps":"1000","numSpeed":"10.000000","numAccel":"10","numDecel":"10","currentPos":"48","startPos":"3525423376","endPos":"24162"}
[2026-01-27 15:15:58.505236] [debug] WebSocketServer: Broadcasting to 1 clients: {"server_time":"2026-01-27 15:15:58","timestamp":"1769516158505","isConnected":"True","numBoard":"0","numSteps":"1000","numSpeed":"10.000000","numAccel":"10","numDecel":"10","currentPos":"48","startPos":"3525423376","endPos":"24162"}
[2026-01-27 15:15:58.745694] [info] GET /api/move/forward
[2026-01-27 15:15:59.505815] [debug] WebSocketServer: Broadcasting to 1 clients: {"server_time":"2026-01-27 15:15:59","timestamp":"1769516159505","isConnected":"True","numBoard":"0","numSteps":"1000","numSpeed":"10.000000","numAccel":"10","numDecel":"10","currentPos":"48","startPos":"3525423376","endPos":"24162"}
[2026-01-27 15:16:00.033698] [info] GET /api/move/backward
[2026-01-27 15:16:00.506403] [debug] WebSocketServer: Broadcasting to 1 clients: {"server_time":"2026-01-27 15:16:00","timestamp":"1769516160506","isConnected":"True","numBoard":"0","numSteps":"1000","numSpeed":"10.000000","numAccel":"10","numDecel":"10","currentPos":"48","startPos":"3525423376","endPos":"24162"}
[2026-01-27 15:16:01.281699] [info] GET /api/move/backward
[2026-01-27 15:16:01.506737] [debug] WebSocketServer: Broadcasting to 1 clients: {"server_time":"2026-01-27 15:16:01","timestamp":"1769516161506","isConnected":"True","numBoard":"0","numSteps":"1000","numSpeed":"10.000000","numAccel":"10","numDecel":"10","currentPos":"48","startPos":"3525423376","endPos":"24162"}
[2026-01-27 15:16:02.507042] [debug] WebSocketServer: Broadcasting to 1 clients: {"server_time":"2026-01-27 15:16:02","timestamp":"1769516162506","isConnected":"True","numBoard":"0","numSteps":"1000","numSpeed":"10.000000","numAccel":"10","numDecel":"10","currentPos":"48","startPos":"3525423376","endPos":"24162"}
[2026-01-27 15:16:02.585752] [info] GET /api/move/backward
[2026-01-27 15:16:03.337707] [info] GET /api/move/forward
[2026-01-27 15:16:03.507354] [debug] WebSocketServer: Broadcasting to 1 clients: {"server_time":"2026-01-27 15:16:03","timestamp":"1769516163507","isConnected":"True","numBoard":"0","numSteps":"1000","numSpeed":"10.000000","numAccel":"10","numDecel":"10","currentPos":"48","startPos":"3525423376","endPos":"24162"}
[2026-01-27 15:16:04.507719] [debug] WebSocketServer: Broadcasting to 1 clients: {"server_time":"2026-01-27 15:16:04","timestamp":"1769516164507","isConnected":"True","numBoard":"0","numSteps":"1000","numSpeed":"10.000000","numAccel":"10","numDecel":"10","currentPos":"48","startPos":"3525423376","endPos":"24162"}
[2026-01-27 15:16:04.785719] [info] GET /api/move/forward
[2026-01-27 15:16:05.507992] [debug] WebSocketServer: Broadcasting to 1 clients: {"server_time":"2026-01-27 15:16:05","timestamp":"1769516165507","isConnected":"True","numBoard":"0","numSteps":"1000","numSpeed":"10.000000","numAccel":"10","numDecel":"10","currentPos":"48","startPos":"3525423376","endPos":"24162"}
[2026-01-27 15:16:06.073704] [info] GET /api/move/forward
[2026-01-27 15:16:06.508353] [debug] WebSocketServer: Broadcasting to 1 clients: {"server_time":"2026-01-27 15:16:06","timestamp":"1769516166508","isConnected":"True","numBoard":"0","numSteps":"1000","numSpeed":"10.000000","numAccel":"10","numDecel":"10","currentPos":"48","startPos":"3525423376","endPos":"24162"}
[2026-01-27 15:16:07.417727] [info] GET /api/move/forward
[2026-01-27 15:16:07.508736] [debug] WebSocketServer: Broadcasting to 1 clients: {"server_time":"2026-01-27 15:16:07","timestamp":"1769516167508","isConnected":"True","numBoard":"0","numSteps":"1000","numSpeed":"10.000000","numAccel":"10","numDecel":"10","currentPos":"48","startPos":"3525423376","endPos":"24162"}
[2026-01-27 15:16:08.509052] [debug] WebSocketServer: Broadcasting to 1 clients: {"server_time":"2026-01-27 15:16:08","timestamp":"1769516168508","isConnected":"True","numBoard":"0","numSteps":"1000","numSpeed":"10.000000","numAccel":"10","numDecel":"10","currentPos":"48","startPos":"3525423376","endPos":"24162"}
[2026-01-27 15:16:08.865727] [info] GET /api/move/forward
[2026-01-27 15:16:09.509362] [debug] WebSocketServer: Broadcasting to 1 clients: {"server_time":"2026-01-27 15:16:09","timestamp":"1769516169509","isConnected":"True","numBoard":"0","numSteps":"1000","numSpeed":"10.000000","numAccel":"10","numDecel":"10","currentPos":"48","startPos":"3525423376","endPos":"24162"}
[2026-01-27 15:16:10.217699] [info] GET /api/move/forward
[2026-01-27 15:16:10.509690] [debug] WebSocketServer: Broadcasting to 1 clients: {"server_time":"2026-01-27 15:16:10","timestamp":"1769516170509","isConnected":"True","numBoard":"0","numSteps":"1000","numSpeed":"10.000000","numAccel":"10","numDecel":"10","currentPos":"48","startPos":"3525423376","endPos":"24162"}
[2026-01-27 15:16:11.433711] [info] GET /api/move/backward
[2026-01-27 15:16:11.510026] [debug] WebSocketServer: Broadcasting to 1 clients: {"server_time":"2026-01-27 15:16:11","timestamp":"1769516171509","isConnected":"True","numBoard":"0","numSteps":"1000","numSpeed":"10.000000","numAccel":"10","numDecel":"10","currentPos":"48","startPos":"3525423376","endPos":"24162"}
[2026-01-27 15:16:12.489710] [info] GET /api/move/backward
[2026-01-27 15:16:12.510378] [debug] WebSocketServer: Broadcasting to 1 clients: {"server_time":"2026-01-27 15:16:12","timestamp":"1769516172510","isConnected":"True","numBoard":"0","numSteps":"1000","numSpeed":"10.000000","numAccel":"10","numDecel":"10","currentPos":"48","startPos":"3525423376","endPos":"24162"}
[2026-01-27 15:16:13.510759] [debug] WebSocketServer: Broadcasting to 1 clients: {"server_time":"2026-01-27 15:16:13","timestamp":"1769516173510","isConnected":"True","numBoard":"0","numSteps":"1000","numSpeed":"10.000000","numAccel":"10","numDecel":"10","currentPos":"48","startPos":"3525423376","endPos":"24162"}
[2026-01-27 15:16:13.537753] [info] GET /api/move/backward
[2026-01-27 15:16:14.511098] [debug] WebSocketServer: Broadcasting to 1 clients: {"server_time":"2026-01-27 15:16:14","timestamp":"1769516174511","isConnected":"True","numBoard":"0","numSteps":"1000","numSpeed":"10.000000","numAccel":"10","numDecel":"10","currentPos":"48","startPos":"3525423376","endPos":"24162"}
[2026-01-27 15:16:14.553717] [info] GET /api/move/backward
[2026-01-27 15:16:15.511444] [debug] WebSocketServer: Broadcasting to 1 clients: {"server_time":"2026-01-27 15:16:15","timestamp":"1769516175511","isConnected":"True","numBoard":"0","numSteps":"1000","numSpeed":"10.000000","numAccel":"10","numDecel":"10","currentPos":"48","startPos":"3525423376","endPos":"24162"}
[2026-01-27 15:16:15.593727] [info] GET /api/move/backward
[2026-01-27 15:16:16.511784] [debug] WebSocketServer: Broadcasting to 1 clients: {"server_time":"2026-01-27 15:16:16","timestamp":"1769516176511","isConnected":"True","numBoard":"0","numSteps":"1000","numSpeed":"10.000000","numAccel":"10","numDecel":"10","currentPos":"48","startPos":"3525423376","endPos":"24162"}
[2026-01-27 15:16:16.713737] [info] GET /api/move/backward
[2026-01-27 15:16:17.512080] [debug] WebSocketServer: Broadcasting to 1 clients: {"server_time":"2026-01-27 15:16:17","timestamp":"1769516177512","isConnected":"True","numBoard":"0","numSteps":"1000","numSpeed":"10.000000","numAccel":"10","numDecel":"10","currentPos":"48","startPos":"3525423376","endPos":"24162"}
[2026-01-27 15:16:17.769719] [info] GET /api/move/backward
[2026-01-27 15:16:18.512421] [debug] WebSocketServer: Broadcasting to 1 clients: {"server_time":"2026-01-27 15:16:18","timestamp":"1769516178512","isConnected":"True","numBoard":"0","numSteps":"1000","numSpeed":"10.000000","numAccel":"10","numDecel":"10","currentPos":"48","startPos":"3525423376","endPos":"24162"}
[2026-01-27 15:16:18.833721] [info] GET /api/move/backward
[2026-01-27 15:16:19.512838] [debug] WebSocketServer: Broadcasting to 1 clients: {"server_time":"2026-01-27 15:16:19","timestamp":"1769516179512","isConnected":"True","numBoard":"0","numSteps":"1000","numSpeed":"10.000000","numAccel":"10","numDecel":"10","currentPos":"48","startPos":"3525423376","endPos":"24162"}
[2026-01-27 15:16:20.513265] [debug] WebSocketServer: Broadcasting to 1 clients: {"server_time":"2026-01-27 15:16:20","timestamp":"1769516180513","isConnected":"True","numBoard":"0","numSteps":"1000","numSpeed":"10.000000","numAccel":"10","numDecel":"10","currentPos":"48","startPos":"3525423376","endPos":"24162"}
[2026-01-27 15:16:21.513594] [debug] WebSocketServer: Broadcasting to 1 clients: {"server_time":"2026-01-27 15:16:21","timestamp":"1769516181513","isConnected":"True","numBoard":"0","numSteps":"1000","numSpeed":"10.000000","numAccel":"10","numDecel":"10","currentPos":"48","startPos":"3525423376","endPos":"24162"}
[2026-01-27 15:16:22.514102] [debug] WebSocketServer: Broadcasting to 1 clients: {"server_time":"2026-01-27 15:16:22","timestamp":"1769516182513","isConnected":"True","numBoard":"0","numSteps":"1000","numSpeed":"10.000000","numAccel":"10","numDecel":"10","currentPos":"48","startPos":"3525423376","endPos":"24162"}
[2026-01-27 15:16:23.514430] [debug] WebSocketServer: Broadcasting to 1 clients: {"server_time":"2026-01-27 15:16:23","timestamp":"1769516183514","isConnected":"True","numBoard":"0","numSteps":"1000","numSpeed":"10.000000","numAccel":"10","numDecel":"10","currentPos":"48","startPos":"3525423376","endPos":"24162"}
[2026-01-27 15:16:24.514734] [debug] WebSocketServer: Broadcasting to 1 clients: {"server_time":"2026-01-27 15:16:24","timestamp":"1769516184514","isConnected":"True","numBoard":"0","numSteps":"1000","numSpeed":"10.000000","numAccel":"10","numDecel":"10","currentPos":"48","startPos":"3525423376","endPos":"24162"}
[2026-01-27 15:16:25.515048] [debug] WebSocketServer: Broadcasting to 1 clients: {"server_time":"2026-01-27 15:16:25","timestamp":"1769516185514","isConnected":"True","numBoard":"0","numSteps":"1000","numSpeed":"10.000000","numAccel":"10","numDecel":"10","currentPos":"48","startPos":"3525423376","endPos":"24162"}
[2026-01-27 15:16:26.515362] [debug] WebSocketServer: Broadcasting to 1 clients: {"server_time":"2026-01-27 15:16:26","timestamp":"1769516186515","isConnected":"True","numBoard":"0","numSteps":"1000","numSpeed":"10.000000","numAccel":"10","numDecel":"10","currentPos":"48","startPos":"3525423376","endPos":"24162"}
[2026-01-27 15:16:27.515695] [debug] WebSocketServer: Broadcasting to 1 clients: {"server_time":"2026-01-27 15:16:27","timestamp":"1769516187515","isConnected":"True","numBoard":"0","numSteps":"1000","numSpeed":"10.000000","numAccel":"10","numDecel":"10","currentPos":"48","startPos":"3525423376","endPos":"24162"}
[2026-01-27 15:16:28.516023] [debug] WebSocketServer: Broadcasting to 1 clients: {"server_time":"2026-01-27 15:16:28","timestamp":"1769516188515","isConnected":"True","numBoard":"0","numSteps":"1000","numSpeed":"10.000000","numAccel":"10","numDecel":"10","currentPos":"48","startPos":"3525423376","endPos":"24162"}
[2026-01-27 15:16:29.516390] [debug] WebSocketServer: Broadcasting to 1 clients: {"server_time":"2026-01-27 15:16:29","timestamp":"1769516189516","isConnected":"True","numBoard":"0","numSteps":"1000","numSpeed":"10.000000","numAccel":"10","numDecel":"10","currentPos":"48","startPos":"3525423376","endPos":"24162"}
[2026-01-27 15:16:30.516795] [debug] WebSocketServer: Broadcasting to 1 clients: {"server_time":"2026-01-27 15:16:30","timestamp":"1769516190516","isConnected":"True","numBoard":"0","numSteps":"1000","numSpeed":"10.000000","numAccel":"10","numDecel":"10","currentPos":"48","startPos":"3525423376","endPos":"24162"}
[2026-01-27 15:16:31.517137] [debug] WebSocketServer: Broadcasting to 1 clients: {"server_time":"2026-01-27 15:16:31","timestamp":"1769516191517","isConnected":"True","numBoard":"0","numSteps":"1000","numSpeed":"10.000000","numAccel":"10","numDecel":"10","currentPos":"48","startPos":"3525423376","endPos":"24162"}
[2026-01-27 15:16:32.517676] [debug] WebSocketServer: Broadcasting to 1 clients: {"server_time":"2026-01-27 15:16:32","timestamp":"1769516192517","isConnected":"True","numBoard":"0","numSteps":"1000","numSpeed":"10.000000","numAccel":"10","numDecel":"10","currentPos":"48","startPos":"3525423376","endPos":"24162"}
[2026-01-27 15:16:33.518148] [debug] WebSocketServer: Broadcasting to 1 clients: {"server_time":"2026-01-27 15:16:33","timestamp":"1769516193518","isConnected":"True","numBoard":"0","numSteps":"1000","numSpeed":"10.000000","numAccel":"10","numDecel":"10","currentPos":"48","startPos":"3525423376","endPos":"24162"}
[2026-01-27 15:16:34.518584] [debug] WebSocketServer: Broadcasting to 1 clients: {"server_time":"2026-01-27 15:16:34","timestamp":"1769516194518","isConnected":"True","numBoard":"0","numSteps":"1000","numSpeed":"10.000000","numAccel":"10","numDecel":"10","currentPos":"48","startPos":"3525423376","endPos":"24162"}
[2026-01-27 15:16:35.518952] [debug] WebSocketServer: Broadcasting to 1 clients: {"server_time":"2026-01-27 15:16:35","timestamp":"1769516195518","isConnected":"True","numBoard":"0","numSteps":"1000","numSpeed":"10.000000","numAccel":"10","numDecel":"10","currentPos":"48","startPos":"3525423376","endPos":"24162"}
[2026-01-27 15:16:36.519280] [debug] WebSocketServer: Broadcasting to 1 clients: {"server_time":"2026-01-27 15:16:36","timestamp":"1769516196519","isConnected":"True","numBoard":"0","numSteps":"1000","numSpeed":"10.000000","numAccel":"10","numDecel":"10","currentPos":"48","startPos":"3525423376","endPos":"24162"}
[2026-01-27 15:16:37.519550] [debug] WebSocketServer: Broadcasting to 1 clients: {"server_time":"2026-01-27 15:16:37","timestamp":"1769516197519","isConnected":"True","numBoard":"0","numSteps":"1000","numSpeed":"10.000000","numAccel":"10","numDecel":"10","currentPos":"48","startPos":"3525423376","endPos":"24162"}
[2026-01-27 15:16:38.519850] [debug] WebSocketServer: Broadcasting to 1 clients: {"server_time":"2026-01-27 15:16:38","timestamp":"1769516198519","isConnected":"True","numBoard":"0","numSteps":"1000","numSpeed":"10.000000","numAccel":"10","numDecel":"10","currentPos":"48","startPos":"3525423376","endPos":"24162"}
[2026-01-27 15:16:39.520151] [debug] WebSocketServer: Broadcasting to 1 clients: {"server_time":"2026-01-27 15:16:39","timestamp":"1769516199520","isConnected":"True","numBoard":"0","numSteps":"1000","numSpeed":"10.000000","numAccel":"10","numDecel":"10","currentPos":"48","startPos":"3525423376","endPos":"24162"}
[2026-01-27 15:16:40.520433] [debug] WebSocketServer: Broadcasting to 1 clients: {"server_time":"2026-01-27 15:16:40","timestamp":"1769516200520","isConnected":"True","numBoard":"0","numSteps":"1000","numSpeed":"10.000000","numAccel":"10","numDecel":"10","currentPos":"48","startPos":"3525423376","endPos":"24162"}
[2026-01-27 15:16:41.520716] [debug] WebSocketServer: Broadcasting to 1 clients: {"server_time":"2026-01-27 15:16:41","timestamp":"1769516201520","isConnected":"True","numBoard":"0","numSteps":"1000","numSpeed":"10.000000","numAccel":"10","numDecel":"10","currentPos":"48","startPos":"3525423376","endPos":"24162"}
[2026-01-27 15:16:42.521006] [debug] WebSocketServer: Broadcasting to 1 clients: {"server_time":"2026-01-27 15:16:42","timestamp":"1769516202520","isConnected":"True","numBoard":"0","numSteps":"1000","numSpeed":"10.000000","numAccel":"10","numDecel":"10","currentPos":"48","startPos":"3525423376","endPos":"24162"}
[2026-01-27 15:16:43.521308] [debug] WebSocketServer: Broadcasting to 1 clients: {"server_time":"2026-01-27 15:16:43","timestamp":"1769516203521","isConnected":"True","numBoard":"0","numSteps":"1000","numSpeed":"10.000000","numAccel":"10","numDecel":"10","currentPos":"48","startPos":"3525423376","endPos":"24162"}
[2026-01-27 15:16:44.521585] [debug] WebSocketServer: Broadcasting to 1 clients: {"server_time":"2026-01-27 15:16:44","timestamp":"1769516204521","isConnected":"True","numBoard":"0","numSteps":"1000","numSpeed":"10.000000","numAccel":"10","numDecel":"10","currentPos":"48","startPos":"3525423376","endPos":"24162"}
[2026-01-27 15:16:45.521892] [debug] WebSocketServer: Broadcasting to 1 clients: {"server_time":"2026-01-27 15:16:45","timestamp":"1769516205521","isConnected":"True","numBoard":"0","numSteps":"1000","numSpeed":"10.000000","numAccel":"10","numDecel":"10","currentPos":"48","startPos":"3525423376","endPos":"24162"}
[2026-01-27 15:16:46.522232] [debug] WebSocketServer: Broadcasting to 1 clients: {"server_time":"2026-01-27 15:16:46","timestamp":"1769516206522","isConnected":"True","numBoard":"0","numSteps":"1000","numSpeed":"10.000000","numAccel":"10","numDecel":"10","currentPos":"48","startPos":"3525423376","endPos":"24162"}
[2026-01-27 15:16:47.522696] [debug] WebSocketServer: Broadcasting to 1 clients: {"server_time":"2026-01-27 15:16:47","timestamp":"1769516207522","isConnected":"True","numBoard":"0","numSteps":"1000","numSpeed":"10.000000","numAccel":"10","numDecel":"10","currentPos":"48","startPos":"3525423376","endPos":"24162"}
[2026-01-27 15:16:48.523102] [debug] WebSocketServer: Broadcasting to 1 clients: {"server_time":"2026-01-27 15:16:48","timestamp":"1769516208523","isConnected":"True","numBoard":"0","numSteps":"1000","numSpeed":"10.000000","numAccel":"10","numDecel":"10","currentPos":"48","startPos":"3525423376","endPos":"24162"}
[2026-01-27 15:16:49.523475] [debug] WebSocketServer: Broadcasting to 1 clients: {"server_time":"2026-01-27 15:16:49","timestamp":"1769516209523","isConnected":"True","numBoard":"0","numSteps":"1000","numSpeed":"10.000000","numAccel":"10","numDecel":"10","currentPos":"48","startPos":"3525423376","endPos":"24162"}
[2026-01-27 15:16:50.523803] [debug] WebSocketServer: Broadcasting to 1 clients: {"server_time":"2026-01-27 15:16:50","timestamp":"1769516210523","isConnected":"True","numBoard":"0","numSteps":"1000","numSpeed":"10.000000","numAccel":"10","numDecel":"10","currentPos":"48","startPos":"3525423376","endPos":"24162"}
[2026-01-27 15:16:51.524092] [debug] WebSocketServer: Broadcasting to 1 clients: {"server_time":"2026-01-27 15:16:51","timestamp":"1769516211524","isConnected":"True","numBoard":"0","numSteps":"1000","numSpeed":"10.000000","numAccel":"10","numDecel":"10","currentPos":"48","startPos":"3525423376","endPos":"24162"}
[2026-01-27 15:16:52.524438] [debug] WebSocketServer: Broadcasting to 1 clients: {"server_time":"2026-01-27 15:16:52","timestamp":"1769516212524","isConnected":"True","numBoard":"0","numSteps":"1000","numSpeed":"10.000000","numAccel":"10","numDecel":"10","currentPos":"48","startPos":"3525423376","endPos":"24162"}
[2026-01-27 15:16:53.524778] [debug] WebSocketServer: Broadcasting to 1 clients: {"server_time":"2026-01-27 15:16:53","timestamp":"1769516213524","isConnected":"True","numBoard":"0","numSteps":"1000","numSpeed":"10.000000","numAccel":"10","numDecel":"10","currentPos":"48","startPos":"3525423376","endPos":"24162"}
[2026-01-27 15:16:54.525067] [debug] WebSocketServer: Broadcasting to 1 clients: {"server_time":"2026-01-27 15:16:54","timestamp":"1769516214525","isConnected":"True","numBoard":"0","numSteps":"1000","numSpeed":"10.000000","numAccel":"10","numDecel":"10","currentPos":"48","startPos":"3525423376","endPos":"24162"}
[2026-01-27 15:16:55.185859] [info] gRPC cancontroller.CanControllerService/Board: 0
[2026-01-27 15:16:55.525332] [debug] WebSocketServer: Broadcasting to 1 clients: {"server_time":"2026-01-27 15:16:55","timestamp":"1769516215525","isConnected":"True","numBoard":"0","numSteps":"1000","numSpeed":"10.000000","numAccel":"10","numDecel":"10","currentPos":"48","startPos":"3525423376","endPos":"24162"}
[2026-01-27 15:16:56.525691] [debug] WebSocketServer: Broadcasting to 1 clients: {"server_time":"2026-01-27 15:16:56","timestamp":"1769516216525","isConnected":"True","numBoard":"0","numSteps":"1000","numSpeed":"10.000000","numAccel":"10","numDecel":"10","currentPos":"48","startPos":"3525423376","endPos":"24162"}
[2026-01-27 15:16:57.526083] [debug] WebSocketServer: Broadcasting to 1 clients: {"server_time":"2026-01-27 15:16:57","timestamp":"1769516217526","isConnected":"True","numBoard":"0","numSteps":"1000","numSpeed":"10.000000","numAccel":"10","numDecel":"10","currentPos":"48","startPos":"3525423376","endPos":"24162"}
[2026-01-27 15:16:58.526364] [debug] WebSocketServer: Broadcasting to 1 clients: {"server_time":"2026-01-27 15:16:58","timestamp":"1769516218526","isConnected":"True","numBoard":"0","numSteps":"1000","numSpeed":"10.000000","numAccel":"10","numDecel":"10","currentPos":"48","startPos":"3525423376","endPos":"24162"}
[2026-01-27 15:16:59.526668] [debug] WebSocketServer: Broadcasting to 1 clients: {"server_time":"2026-01-27 15:16:59","timestamp":"1769516219526","isConnected":"True","numBoard":"0","numSteps":"1000","numSpeed":"10.000000","numAccel":"10","numDecel":"10","currentPos":"48","startPos":"3525423376","endPos":"24162"}
[2026-01-27 15:17:00.526992] [debug] WebSocketServer: Broadcasting to 1 clients: {"server_time":"2026-01-27 15:17:00","timestamp":"1769516220526","isConnected":"True","numBoard":"0","numSteps":"1000","numSpeed":"10.000000","numAccel":"10","numDecel":"10","currentPos":"48","startPos":"3525423376","endPos":"24162"}
[2026-01-27 15:17:01.527427] [debug] WebSocketServer: Broadcasting to 1 clients: {"server_time":"2026-01-27 15:17:01","timestamp":"1769516221527","isConnected":"True","numBoard":"0","numSteps":"1000","numSpeed":"10.000000","numAccel":"10","numDecel":"10","currentPos":"48","startPos":"3525423376","endPos":"24162"}
[2026-01-27 15:17:02.527869] [debug] WebSocketServer: Broadcasting to 1 clients: {"server_time":"2026-01-27 15:17:02","timestamp":"1769516222527","isConnected":"True","numBoard":"0","numSteps":"1000","numSpeed":"10.000000","numAccel":"10","numDecel":"10","currentPos":"48","startPos":"3525423376","endPos":"24162"}
[2026-01-27 15:17:03.528189] [debug] WebSocketServer: Broadcasting to 1 clients: {"server_time":"2026-01-27 15:17:03","timestamp":"1769516223528","isConnected":"True","numBoard":"0","numSteps":"1000","numSpeed":"10.000000","numAccel":"10","numDecel":"10","currentPos":"48","startPos":"3525423376","endPos":"24162"}
[2026-01-27 15:17:04.528570] [debug] WebSocketServer: Broadcasting to 1 clients: {"server_time":"2026-01-27 15:17:04","timestamp":"1769516224528","isConnected":"True","numBoard":"0","numSteps":"1000","numSpeed":"10.000000","numAccel":"10","numDecel":"10","currentPos":"48","startPos":"3525423376","endPos":"24162"}
[2026-01-27 15:17:05.528918] [debug] WebSocketServer: Broadcasting to 1 clients: {"server_time":"2026-01-27 15:17:05","timestamp":"1769516225528","isConnected":"True","numBoard":"0","numSteps":"1000","numSpeed":"10.000000","numAccel":"10","numDecel":"10","currentPos":"48","startPos":"3525423376","endPos":"24162"}
[2026-01-27 15:17:06.529270] [debug] WebSocketServer: Broadcasting to 1 clients: {"server_time":"2026-01-27 15:17:06","timestamp":"1769516226529","isConnected":"True","numBoard":"0","numSteps":"1000","numSpeed":"10.000000","numAccel":"10","numDecel":"10","currentPos":"48","startPos":"3525423376","endPos":"24162"}
[2026-01-27 15:17:07.529594] [debug] WebSocketServer: Broadcasting to 1 clients: {"server_time":"2026-01-27 15:17:07","timestamp":"1769516227529","isConnected":"True","numBoard":"0","numSteps":"1000","numSpeed":"10.000000","numAccel":"10","numDecel":"10","currentPos":"48","startPos":"3525423376","endPos":"24162"}
[2026-01-27 15:17:08.530026] [debug] WebSocketServer: Broadcasting to 1 clients: {"server_time":"2026-01-27 15:17:08","timestamp":"1769516228529","isConnected":"True","numBoard":"0","numSteps":"1000","numSpeed":"10.000000","numAccel":"10","numDecel":"10","currentPos":"48","startPos":"3525423376","endPos":"24162"}
[2026-01-27 15:17:09.530517] [debug] WebSocketServer: Broadcasting to 1 clients: {"server_time":"2026-01-27 15:17:09","timestamp":"1769516229530","isConnected":"True","numBoard":"0","numSteps":"1000","numSpeed":"10.000000","numAccel":"10","numDecel":"10","currentPos":"48","startPos":"3525423376","endPos":"24162"}
[2026-01-27 15:17:10.532520] [debug] WebSocketServer: Broadcasting to 1 clients: {"server_time":"2026-01-27 15:17:10","timestamp":"1769516230532","isConnected":"True","numBoard":"0","numSteps":"1000","numSpeed":"10.000000","numAccel":"10","numDecel":"10","currentPos":"48","startPos":"3525423376","endPos":"24162"}
[2026-01-27 15:17:11.532944] [debug] WebSocketServer: Broadcasting to 1 clients: {"server_time":"2026-01-27 15:17:11","timestamp":"1769516231532","isConnected":"True","numBoard":"0","numSteps":"1000","numSpeed":"10.000000","numAccel":"10","numDecel":"10","currentPos":"48","startPos":"3525423376","endPos":"24162"}
[2026-01-27 15:17:11.665783] [info] gRPC cancontroller.CanControllerService/Steps: 1000
[2026-01-27 15:17:12.533473] [debug] WebSocketServer: Broadcasting to 1 clients: {"server_time":"2026-01-27 15:17:12","timestamp":"1769516232533","isConnected":"True","numBoard":"0","numSteps":"1000","numSpeed":"10.000000","numAccel":"10","numDecel":"10","currentPos":"48","startPos":"3525423376","endPos":"24162"}
[2026-01-27 15:17:13.533986] [debug] WebSocketServer: Broadcasting to 1 clients: {"server_time":"2026-01-27 15:17:13","timestamp":"1769516233533","isConnected":"True","numBoard":"0","numSteps":"1000","numSpeed":"10.000000","numAccel":"10","numDecel":"10","currentPos":"48","startPos":"3525423376","endPos":"24162"}
[2026-01-27 15:17:14.193783] [info] gRPC cancontroller.CanControllerService/Speed: 10
[2026-01-27 15:17:14.534412] [debug] WebSocketServer: Broadcasting to 1 clients: {"server_time":"2026-01-27 15:17:14","timestamp":"1769516234534","isConnected":"True","numBoard":"0","numSteps":"1000","numSpeed":"10.000000","numAccel":"10","numDecel":"10","currentPos":"48","startPos":"3525423376","endPos":"24162"}
[2026-01-27 15:17:15.189784] [info] gRPC cancontroller.CanControllerService/Accel: 10
[2026-01-27 15:17:15.534866] [debug] WebSocketServer: Broadcasting to 1 clients: {"server_time":"2026-01-27 15:17:15","timestamp":"1769516235534","isConnected":"True","numBoard":"0","numSteps":"1000","numSpeed":"10.000000","numAccel":"10","numDecel":"10","currentPos":"48","startPos":"3525423376","endPos":"24162"}
[2026-01-27 15:17:16.535207] [debug] WebSocketServer: Broadcasting to 1 clients: {"server_time":"2026-01-27 15:17:16","timestamp":"1769516236535","isConnected":"True","numBoard":"0","numSteps":"1000","numSpeed":"10.000000","numAccel":"10","numDecel":"10","currentPos":"48","startPos":"3525423376","endPos":"24162"}
[2026-01-27 15:17:17.535584] [debug] WebSocketServer: Broadcasting to 1 clients: {"server_time":"2026-01-27 15:17:17","timestamp":"1769516237535","isConnected":"True","numBoard":"0","numSteps":"1000","numSpeed":"10.000000","numAccel":"10","numDecel":"10","currentPos":"48","startPos":"3525423376","endPos":"24162"}
[2026-01-27 15:17:18.385779] [info] gRPC cancontroller.CanControllerService/Accel: 10
[2026-01-27 15:17:18.536095] [debug] WebSocketServer: Broadcasting to 1 clients: {"server_time":"2026-01-27 15:17:18","timestamp":"1769516238535","isConnected":"True","numBoard":"0","numSteps":"1000","numSpeed":"10.000000","numAccel":"10","numDecel":"10","currentPos":"48","startPos":"3525423376","endPos":"24162"}
[2026-01-27 15:17:19.536542] [debug] WebSocketServer: Broadcasting to 1 clients: {"server_time":"2026-01-27 15:17:19","timestamp":"1769516239536","isConnected":"True","numBoard":"0","numSteps":"1000","numSpeed":"10.000000","numAccel":"10","numDecel":"10","currentPos":"48","startPos":"3525423376","endPos":"24162"}
[2026-01-27 15:17:19.985813] [info] gRPC cancontroller.CanControllerService/Decel: 10
[2026-01-27 15:17:20.537069] [debug] WebSocketServer: Broadcasting to 1 clients: {"server_time":"2026-01-27 15:17:20","timestamp":"1769516240536","isConnected":"True","numBoard":"0","numSteps":"1000","numSpeed":"10.000000","numAccel":"10","numDecel":"10","currentPos":"48","startPos":"3525423376","endPos":"24162"}
[2026-01-27 15:17:21.537543] [debug] WebSocketServer: Broadcasting to 1 clients: {"server_time":"2026-01-27 15:17:21","timestamp":"1769516241537","isConnected":"True","numBoard":"0","numSteps":"1000","numSpeed":"10.000000","numAccel":"10","numDecel":"10","currentPos":"48","startPos":"3525423376","endPos":"24162"}
[2026-01-27 15:17:22.537814] [debug] WebSocketServer: Broadcasting to 1 clients: {"server_time":"2026-01-27 15:17:22","timestamp":"1769516242537","isConnected":"True","numBoard":"0","numSteps":"1000","numSpeed":"10.000000","numAccel":"10","numDecel":"10","currentPos":"48","startPos":"3525423376","endPos":"24162"}
[2026-01-27 15:17:23.149787] [info] gRPC cancontroller.CanControllerService/Forward
[2026-01-27 15:17:23.538078] [debug] WebSocketServer: Broadcasting to 1 clients: {"server_time":"2026-01-27 15:17:23","timestamp":"1769516243538","isConnected":"True","numBoard":"0","numSteps":"1000","numSpeed":"10.000000","numAccel":"10","numDecel":"10","currentPos":"48","startPos":"3525423376","endPos":"24162"}
[2026-01-27 15:17:24.538394] [debug] WebSocketServer: Broadcasting to 1 clients: {"server_time":"2026-01-27 15:17:24","timestamp":"1769516244538","isConnected":"True","numBoard":"0","numSteps":"1000","numSpeed":"10.000000","numAccel":"10","numDecel":"10","currentPos":"48","startPos":"3525423376","endPos":"24162"}
[2026-01-27 15:17:25.337788] [info] gRPC cancontroller.CanControllerService/Backward
[2026-01-27 15:17:25.538737] [debug] WebSocketServer: Broadcasting to 1 clients: {"server_time":"2026-01-27 15:17:25","timestamp":"1769516245538","isConnected":"True","numBoard":"0","numSteps":"1000","numSpeed":"10.000000","numAccel":"10","numDecel":"10","currentPos":"48","startPos":"3525423376","endPos":"24162"}
[2026-01-27 15:17:26.539110] [debug] WebSocketServer: Broadcasting to 1 clients: {"server_time":"2026-01-27 15:17:26","timestamp":"1769516246539","isConnected":"True","numBoard":"0","numSteps":"1000","numSpeed":"10.000000","numAccel":"10","numDecel":"10","currentPos":"48","startPos":"3525423376","endPos":"24162"}
[2026-01-27 15:17:27.539548] [debug] WebSocketServer: Broadcasting to 1 clients: {"server_time":"2026-01-27 15:17:27","timestamp":"1769516247539","isConnected":"True","numBoard":"0","numSteps":"1000","numSpeed":"10.000000","numAccel":"10","numDecel":"10","currentPos":"48","startPos":"3525423376","endPos":"24162"}
[2026-01-27 15:17:27.573787] [info] gRPC cancontroller.CanControllerService/HomingZero
[2026-01-27 15:17:28.539925] [debug] WebSocketServer: Broadcasting to 1 clients: {"server_time":"2026-01-27 15:17:28","timestamp":"1769516248539","isConnected":"True","numBoard":"0","numSteps":"1000","numSpeed":"10.000000","numAccel":"10","numDecel":"10","currentPos":"48","startPos":"3525423376","endPos":"24162"}
[2026-01-27 15:17:28.745811] [info] gRPC cancontroller.CanControllerService/Stop
[2026-01-27 15:17:29.101796] [info] gRPC cancontroller.CanControllerService/HomingMax
[2026-01-27 15:17:29.540343] [debug] WebSocketServer: Broadcasting to 1 clients: {"server_time":"2026-01-27 15:17:29","timestamp":"1769516249540","isConnected":"True","numBoard":"0","numSteps":"1000","numSpeed":"10.000000","numAccel":"10","numDecel":"10","currentPos":"48","startPos":"3525423376","endPos":"24162"}
[2026-01-27 15:17:30.540678] [debug] WebSocketServer: Broadcasting to 1 clients: {"server_time":"2026-01-27 15:17:30","timestamp":"1769516250540","isConnected":"True","numBoard":"0","numSteps":"1000","numSpeed":"10.000000","numAccel":"10","numDecel":"10","currentPos":"48","startPos":"3525423376","endPos":"24162"}
[2026-01-27 15:17:30.605809] [info] gRPC cancontroller.CanControllerService/Stop
[2026-01-27 15:17:31.113798] [info] gRPC cancontroller.CanControllerService/Backward
[2026-01-27 15:17:31.541084] [debug] WebSocketServer: Broadcasting to 1 clients: {"server_time":"2026-01-27 15:17:31","timestamp":"1769516251540","isConnected":"True","numBoard":"0","numSteps":"1000","numSpeed":"10.000000","numAccel":"10","numDecel":"10","currentPos":"48","startPos":"3525423376","endPos":"24162"}
[2026-01-27 15:17:32.541575] [debug] WebSocketServer: Broadcasting to 1 clients: {"server_time":"2026-01-27 15:17:32","timestamp":"1769516252541","isConnected":"True","numBoard":"0","numSteps":"1000","numSpeed":"10.000000","numAccel":"10","numDecel":"10","currentPos":"48","startPos":"3525423376","endPos":"24162"}
[2026-01-27 15:17:33.185838] [info] gRPC cancontroller.CanControllerService/Stop
[2026-01-27 15:17:33.541952] [debug] WebSocketServer: Broadcasting to 1 clients: {"server_time":"2026-01-27 15:17:33","timestamp":"1769516253541","isConnected":"True","numBoard":"0","numSteps":"1000","numSpeed":"10.000000","numAccel":"10","numDecel":"10","currentPos":"48","startPos":"3525423376","endPos":"24162"}
[2026-01-27 15:17:34.542302] [debug] WebSocketServer: Broadcasting to 1 clients: {"server_time":"2026-01-27 15:17:34","timestamp":"1769516254542","isConnected":"True","numBoard":"0","numSteps":"1000","numSpeed":"10.000000","numAccel":"10","numDecel":"10","currentPos":"48","startPos":"3525423376","endPos":"24162"}
[2026-01-27 15:17:35.542649] [debug] WebSocketServer: Broadcasting to 1 clients: {"server_time":"2026-01-27 15:17:35","timestamp":"1769516255542","isConnected":"True","numBoard":"0","numSteps":"1000","numSpeed":"10.000000","numAccel":"10","numDecel":"10","currentPos":"48","startPos":"3525423376","endPos":"24162"}
[2026-01-27 15:17:36.543049] [debug] WebSocketServer: Broadcasting to 1 clients: {"server_time":"2026-01-27 15:17:36","timestamp":"1769516256542","isConnected":"True","numBoard":"0","numSteps":"1000","numSpeed":"10.000000","numAccel":"10","numDecel":"10","currentPos":"48","startPos":"3525423376","endPos":"24162"}
[2026-01-27 15:17:37.543329] [debug] WebSocketServer: Broadcasting to 1 clients: {"server_time":"2026-01-27 15:17:37","timestamp":"1769516257543","isConnected":"True","numBoard":"0","numSteps":"1000","numSpeed":"10.000000","numAccel":"10","numDecel":"10","currentPos":"48","startPos":"3525423376","endPos":"24162"}
[2026-01-27 15:17:37.687328] [info] WebSocket client disconnected (ENOTCONN)
[2026-01-27 15:17:37.687435] [info] Session removed. Active clients: 0
[2026-01-27 15:17:37.687485] [info] WebSocket session destroyed
