[2026-01-15 10:44:33.379237] [info] RestApiServer created on port 8080
[2026-01-15 10:44:33.379876] [info] WebSocketServer created on port 8081
[2026-01-15 10:44:33.379999] [info] WebSocketServer: Started auto updates with interval 1000ms
[2026-01-15 10:44:33.380035] [info] WebSocketServer: Auto update worker started
[2026-01-15 10:44:33.380015] [info] WebSocketServer starting on port 8081
[2026-01-15 10:44:33.380048] [info] Run RestApiServer on port 8080
[2026-01-15 10:44:35.959015] [info] WebSocket client connected. Total clients: 1
[2026-01-15 10:44:36.380488] [debug] WebSocketServer: Broadcasting to 1 clients: {"server_time":"2026-01-15 10:44:36","timestamp":"1768463076380","isConnected":"False","numBoard":"0","numSteps":"0","numSpeed":"0.000000","numAccel":"0","numDecel":"0","currentPos":"0","startPos":"0","endPos":"0"}
[2026-01-15 10:44:37.380844] [debug] WebSocketServer: Broadcasting to 1 clients: {"server_time":"2026-01-15 10:44:37","timestamp":"1768463077380","isConnected":"False","numBoard":"0","numSteps":"0","numSpeed":"0.000000","numAccel":"0","numDecel":"0","currentPos":"0","startPos":"0","endPos":"0"}
[2026-01-15 10:44:37.441331] [info] GET /api/connect
[2026-01-15 10:44:38.153657] [info] POST /api/board/set {"numBoard":0}
[2026-01-15 10:44:38.381270] [debug] WebSocketServer: Broadcasting to 1 clients: {"server_time":"2026-01-15 10:44:38","timestamp":"1768463078381","isConnected":"True","numBoard":"0","numSteps":"0","numSpeed":"0.000000","numAccel":"0","numDecel":"0","currentPos":"0","startPos":"0","endPos":"0"}
[2026-01-15 10:44:38.397649] [info] POST /api/steps/set {"numSteps":1000}
[2026-01-15 10:44:38.781668] [info] POST /api/speed/set {"numSpeed":10}
[2026-01-15 10:44:39.101687] [info] POST /api/accel/set {"numAccel":10}
[2026-01-15 10:44:39.381664] [debug] WebSocketServer: Broadcasting to 1 clients: {"server_time":"2026-01-15 10:44:39","timestamp":"1768463079381","isConnected":"True","numBoard":"0","numSteps":"1000","numSpeed":"10.000000","numAccel":"10","numDecel":"0","currentPos":"0","startPos":"0","endPos":"0"}
[2026-01-15 10:44:39.421669] [info] POST /api/decel/set {"numDecel":10}
[2026-01-15 10:44:39.917683] [info] GET /api/move/backward
[2026-01-15 10:44:40.381919] [debug] WebSocketServer: Broadcasting to 1 clients: {"server_time":"2026-01-15 10:44:40","timestamp":"1768463080381","isConnected":"True","numBoard":"0","numSteps":"1000","numSpeed":"10.000000","numAccel":"10","numDecel":"10","currentPos":"0","startPos":"0","endPos":"0"}
[2026-01-15 10:44:40.741688] [info] GET /api/move/backward
[2026-01-15 10:44:41.301713] [info] GET /api/move/backward
[2026-01-15 10:44:41.382186] [debug] WebSocketServer: Broadcasting to 1 clients: {"server_time":"2026-01-15 10:44:41","timestamp":"1768463081382","isConnected":"True","numBoard":"0","numSteps":"1000","numSpeed":"10.000000","numAccel":"10","numDecel":"10","currentPos":"0","startPos":"0","endPos":"0"}
[2026-01-15 10:44:42.382435] [debug] WebSocketServer: Broadcasting to 1 clients: {"server_time":"2026-01-15 10:44:42","timestamp":"1768463082382","isConnected":"True","numBoard":"0","numSteps":"1000","numSpeed":"10.000000","numAccel":"10","numDecel":"10","currentPos":"0","startPos":"0","endPos":"0"}
[2026-01-15 10:44:43.382709] [debug] WebSocketServer: Broadcasting to 1 clients: {"server_time":"2026-01-15 10:44:43","timestamp":"1768463083382","isConnected":"True","numBoard":"0","numSteps":"1000","numSpeed":"10.000000","numAccel":"10","numDecel":"10","currentPos":"0","startPos":"0","endPos":"0"}
[2026-01-15 10:44:43.450009] [info] WebSocket client disconnected (ENOTCONN)
[2026-01-15 10:44:43.450105] [info] Session removed. Active clients: 0
[2026-01-15 10:44:43.450161] [info] WebSocket session destroyed
[2026-01-15 12:00:41.113456] [info] RestApiServer created on port 8080
[2026-01-15 12:00:41.113658] [info] WebSocketServer created on port 8081
[2026-01-15 12:00:41.113780] [info] WebSocketServer starting on port 8081
[2026-01-15 12:00:41.113989] [info] WebSocketServer: Started auto updates with interval 1000ms
[2026-01-15 12:00:41.114041] [info] Run RestApiServer on port 8080
[2026-01-15 12:00:41.114254] [info] WebSocketServer: Auto update worker started
[2026-01-15 12:00:42.944730] [info] WebSocket client connected. Total clients: 1
[2026-01-15 12:00:43.114569] [debug] WebSocketServer: Broadcasting to 1 clients: {"server_time":"2026-01-15 12:00:43","timestamp":"1768467643114","isConnected":"False","numBoard":"0","numSteps":"0","numSpeed":"0.000000","numAccel":"0","numDecel":"0","currentPos":"0","startPos":"0","endPos":"0"}
[2026-01-15 12:00:44.114883] [debug] WebSocketServer: Broadcasting to 1 clients: {"server_time":"2026-01-15 12:00:44","timestamp":"1768467644114","isConnected":"False","numBoard":"0","numSteps":"0","numSpeed":"0.000000","numAccel":"0","numDecel":"0","currentPos":"0","startPos":"0","endPos":"0"}
[2026-01-15 12:00:45.115200] [debug] WebSocketServer: Broadcasting to 1 clients: {"server_time":"2026-01-15 12:00:45","timestamp":"1768467645115","isConnected":"False","numBoard":"0","numSteps":"0","numSpeed":"0.000000","numAccel":"0","numDecel":"0","currentPos":"0","startPos":"0","endPos":"0"}
[2026-01-15 12:00:46.115518] [debug] WebSocketServer: Broadcasting to 1 clients: {"server_time":"2026-01-15 12:00:46","timestamp":"1768467646115","isConnected":"False","numBoard":"0","numSteps":"0","numSpeed":"0.000000","numAccel":"0","numDecel":"0","currentPos":"0","startPos":"0","endPos":"0"}
[2026-01-15 12:00:47.115836] [debug] WebSocketServer: Broadcasting to 1 clients: {"server_time":"2026-01-15 12:00:47","timestamp":"1768467647115","isConnected":"False","numBoard":"0","numSteps":"0","numSpeed":"0.000000","numAccel":"0","numDecel":"0","currentPos":"0","startPos":"0","endPos":"0"}
[2026-01-15 12:00:48.116128] [debug] WebSocketServer: Broadcasting to 1 clients: {"server_time":"2026-01-15 12:00:48","timestamp":"1768467648116","isConnected":"False","numBoard":"0","numSteps":"0","numSpeed":"0.000000","numAccel":"0","numDecel":"0","currentPos":"0","startPos":"0","endPos":"0"}
[2026-01-15 12:00:49.116432] [debug] WebSocketServer: Broadcasting to 1 clients: {"server_time":"2026-01-15 12:00:49","timestamp":"1768467649116","isConnected":"False","numBoard":"0","numSteps":"0","numSpeed":"0.000000","numAccel":"0","numDecel":"0","currentPos":"0","startPos":"0","endPos":"0"}
[2026-01-15 12:00:50.116709] [debug] WebSocketServer: Broadcasting to 1 clients: {"server_time":"2026-01-15 12:00:50","timestamp":"1768467650116","isConnected":"False","numBoard":"0","numSteps":"0","numSpeed":"0.000000","numAccel":"0","numDecel":"0","currentPos":"0","startPos":"0","endPos":"0"}
[2026-01-15 12:00:51.009478] [info] POST /api/flash/type/set {"type":"CAN-STEP"}
[2026-01-15 12:00:51.116970] [debug] WebSocketServer: Broadcasting to 1 clients: {"server_time":"2026-01-15 12:00:51","timestamp":"1768467651116","isConnected":"False","numBoard":"0","numSteps":"0","numSpeed":"0.000000","numAccel":"0","numDecel":"0","currentPos":"0","startPos":"0","endPos":"0"}
[2026-01-15 12:00:51.449332] [info] POST /api/flash/run {"filename":"../firmware/STM32F103C8T6CAN_Step_v2_5_295.bin"}
[2026-01-15 12:00:52.117218] [debug] WebSocketServer: Broadcasting to 1 clients: {"server_time":"2026-01-15 12:00:52","timestamp":"1768467652117","isConnected":"False","numBoard":"0","numSteps":"0","numSpeed":"0.000000","numAccel":"0","numDecel":"0","currentPos":"0","startPos":"0","endPos":"0"}
[2026-01-15 12:00:53.117485] [debug] WebSocketServer: Broadcasting to 1 clients: {"server_time":"2026-01-15 12:00:53","timestamp":"1768467653117","isConnected":"False","numBoard":"0","numSteps":"0","numSpeed":"0.000000","numAccel":"0","numDecel":"0","currentPos":"0","startPos":"0","endPos":"0"}
[2026-01-15 12:00:54.117764] [debug] WebSocketServer: Broadcasting to 1 clients: {"server_time":"2026-01-15 12:00:54","timestamp":"1768467654117","isConnected":"False","numBoard":"0","numSteps":"0","numSpeed":"0.000000","numAccel":"0","numDecel":"0","currentPos":"0","startPos":"0","endPos":"0"}
[2026-01-15 12:00:55.118034] [debug] WebSocketServer: Broadcasting to 1 clients: {"server_time":"2026-01-15 12:00:55","timestamp":"1768467655117","isConnected":"False","numBoard":"0","numSteps":"0","numSpeed":"0.000000","numAccel":"0","numDecel":"0","currentPos":"0","startPos":"0","endPos":"0"}
[2026-01-15 12:00:56.118332] [debug] WebSocketServer: Broadcasting to 1 clients: {"server_time":"2026-01-15 12:00:56","timestamp":"1768467656118","isConnected":"False","numBoard":"0","numSteps":"0","numSpeed":"0.000000","numAccel":"0","numDecel":"0","currentPos":"0","startPos":"0","endPos":"0"}
[2026-01-15 12:00:57.118608] [debug] WebSocketServer: Broadcasting to 1 clients: {"server_time":"2026-01-15 12:00:57","timestamp":"1768467657118","isConnected":"False","numBoard":"0","numSteps":"0","numSpeed":"0.000000","numAccel":"0","numDecel":"0","currentPos":"0","startPos":"0","endPos":"0"}
[2026-01-15 12:00:58.118894] [debug] WebSocketServer: Broadcasting to 1 clients: {"server_time":"2026-01-15 12:00:58","timestamp":"1768467658118","isConnected":"False","numBoard":"0","numSteps":"0","numSpeed":"0.000000","numAccel":"0","numDecel":"0","currentPos":"0","startPos":"0","endPos":"0"}
[2026-01-15 12:00:59.119460] [debug] WebSocketServer: Broadcasting to 1 clients: {"server_time":"2026-01-15 12:00:59","timestamp":"1768467659119","isConnected":"False","numBoard":"0","numSteps":"0","numSpeed":"0.000000","numAccel":"0","numDecel":"0","currentPos":"0","startPos":"0","endPos":"0"}
[2026-01-15 12:01:00.120298] [debug] WebSocketServer: Broadcasting to 1 clients: {"server_time":"2026-01-15 12:01:00","timestamp":"1768467660120","isConnected":"False","numBoard":"0","numSteps":"0","numSpeed":"0.000000","numAccel":"0","numDecel":"0","currentPos":"0","startPos":"0","endPos":"0"}
[2026-01-15 12:01:01.120911] [debug] WebSocketServer: Broadcasting to 1 clients: {"server_time":"2026-01-15 12:01:01","timestamp":"1768467661120","isConnected":"False","numBoard":"0","numSteps":"0","numSpeed":"0.000000","numAccel":"0","numDecel":"0","currentPos":"0","startPos":"0","endPos":"0"}
[2026-01-15 12:01:02.121205] [debug] WebSocketServer: Broadcasting to 1 clients: {"server_time":"2026-01-15 12:01:02","timestamp":"1768467662121","isConnected":"False","numBoard":"0","numSteps":"0","numSpeed":"0.000000","numAccel":"0","numDecel":"0","currentPos":"0","startPos":"0","endPos":"0"}
[2026-01-15 12:01:03.121478] [debug] WebSocketServer: Broadcasting to 1 clients: {"server_time":"2026-01-15 12:01:03","timestamp":"1768467663121","isConnected":"False","numBoard":"0","numSteps":"0","numSpeed":"0.000000","numAccel":"0","numDecel":"0","currentPos":"0","startPos":"0","endPos":"0"}
[2026-01-15 12:01:04.121731] [debug] WebSocketServer: Broadcasting to 1 clients: {"server_time":"2026-01-15 12:01:04","timestamp":"1768467664121","isConnected":"False","numBoard":"0","numSteps":"0","numSpeed":"0.000000","numAccel":"0","numDecel":"0","currentPos":"0","startPos":"0","endPos":"0"}
[2026-01-15 12:01:11.036769] [info] RestApiServer created on port 8080
[2026-01-15 12:01:11.036959] [info] WebSocketServer created on port 8081
[2026-01-15 12:01:11.037148] [info] WebSocketServer starting on port 8081
[2026-01-15 12:01:11.037290] [info] WebSocketServer: Started auto updates with interval 1000ms
[2026-01-15 12:01:11.037338] [info] Run RestApiServer on port 8080
[2026-01-15 12:01:11.037565] [info] WebSocketServer: Auto update worker started
[2026-01-15 12:01:45.220961] [info] RestApiServer created on port 8080
[2026-01-15 12:01:45.221175] [info] WebSocketServer created on port 8081
[2026-01-15 12:01:45.221366] [info] WebSocketServer: Started auto updates with interval 1000ms
[2026-01-15 12:01:45.221356] [info] WebSocketServer starting on port 8081
[2026-01-15 12:01:45.221446] [info] Run RestApiServer on port 8080
[2026-01-15 12:01:45.221443] [info] WebSocketServer: Auto update worker started
[2026-01-15 12:01:51.089323] [info] RestApiServer created on port 8080
[2026-01-15 12:01:51.089524] [info] WebSocketServer created on port 8081
[2026-01-15 12:01:51.089696] [info] WebSocketServer starting on port 8081
[2026-01-15 12:01:51.089784] [info] WebSocketServer: Started auto updates with interval 1000ms
[2026-01-15 12:01:51.089830] [info] Run RestApiServer on port 8080
[2026-01-15 12:02:00.449533] [info] RestApiServer created on port 8080
[2026-01-15 12:02:00.449748] [info] WebSocketServer created on port 8081
[2026-01-15 12:02:00.449935] [info] WebSocketServer starting on port 8081
[2026-01-15 12:02:00.450004] [info] WebSocketServer: Auto update worker started
[2026-01-15 12:02:00.449871] [info] WebSocketServer: Started auto updates with interval 1000ms
[2026-01-15 12:02:00.450065] [info] Run RestApiServer on port 8080
[2026-01-15 12:02:01.431754] [info] RestApiServer created on port 8080
[2026-01-15 12:02:01.431944] [info] WebSocketServer created on port 8081
[2026-01-15 12:02:01.432102] [info] WebSocketServer starting on port 8081
[2026-01-15 12:02:01.432195] [info] WebSocketServer: Started auto updates with interval 1000ms
[2026-01-15 12:02:01.432235] [info] Run RestApiServer on port 8080
[2026-01-15 12:02:11.176480] [info] RestApiServer created on port 8080
[2026-01-15 12:02:11.176725] [info] WebSocketServer created on port 8081
[2026-01-15 12:02:11.176869] [info] WebSocketServer: Started auto updates with interval 1000ms
[2026-01-15 12:02:11.176913] [info] Run RestApiServer on port 8080
[2026-01-15 12:02:11.177091] [info] WebSocketServer starting on port 8081
[2026-01-15 12:02:11.177218] [info] WebSocketServer: Auto update worker started
[2026-01-15 12:02:14.482732] [info] WebSocket client connected. Total clients: 1
[2026-01-15 12:02:15.177762] [debug] WebSocketServer: Broadcasting to 1 clients: {"server_time":"2026-01-15 12:02:15","timestamp":"1768467735177","isConnected":"False","numBoard":"0","numSteps":"0","numSpeed":"0.000000","numAccel":"0","numDecel":"0","currentPos":"0","startPos":"0","endPos":"0"}
[2026-01-15 12:02:15.842319] [info] GET /api/connect
[2026-01-15 12:02:16.178057] [debug] WebSocketServer: Broadcasting to 1 clients: {"server_time":"2026-01-15 12:02:16","timestamp":"1768467736178","isConnected":"True","numBoard":"0","numSteps":"0","numSpeed":"0.000000","numAccel":"0","numDecel":"0","currentPos":"0","startPos":"0","endPos":"0"}
[2026-01-15 12:02:16.981459] [info] POST /api/board/set {"numBoard":0}
[2026-01-15 12:02:17.178353] [debug] WebSocketServer: Broadcasting to 1 clients: {"server_time":"2026-01-15 12:02:17","timestamp":"1768467737178","isConnected":"True","numBoard":"0","numSteps":"0","numSpeed":"0.000000","numAccel":"0","numDecel":"0","currentPos":"0","startPos":"0","endPos":"0"}
[2026-01-15 12:02:18.178638] [debug] WebSocketServer: Broadcasting to 1 clients: {"server_time":"2026-01-15 12:02:18","timestamp":"1768467738178","isConnected":"True","numBoard":"0","numSteps":"0","numSpeed":"0.000000","numAccel":"0","numDecel":"0","currentPos":"0","startPos":"0","endPos":"0"}
[2026-01-15 12:02:19.178934] [debug] WebSocketServer: Broadcasting to 1 clients: {"server_time":"2026-01-15 12:02:19","timestamp":"1768467739178","isConnected":"True","numBoard":"0","numSteps":"0","numSpeed":"0.000000","numAccel":"0","numDecel":"0","currentPos":"0","startPos":"0","endPos":"0"}
[2026-01-15 12:02:20.179236] [debug] WebSocketServer: Broadcasting to 1 clients: {"server_time":"2026-01-15 12:02:20","timestamp":"1768467740179","isConnected":"True","numBoard":"0","numSteps":"0","numSpeed":"0.000000","numAccel":"0","numDecel":"0","currentPos":"0","startPos":"0","endPos":"0"}
[2026-01-15 12:02:20.797428] [info] POST /api/flash/type/save {"type":"CAN-STEP"}
[2026-01-15 12:02:21.179560] [debug] WebSocketServer: Broadcasting to 1 clients: {"server_time":"2026-01-15 12:02:21","timestamp":"1768467741179","isConnected":"True","numBoard":"0","numSteps":"0","numSpeed":"0.000000","numAccel":"0","numDecel":"0","currentPos":"0","startPos":"0","endPos":"0"}
[2026-01-15 12:02:21.928246] [info] POST /api/flash/type/set {"type":"CAN-STEP"}
[2026-01-15 12:02:22.179837] [debug] WebSocketServer: Broadcasting to 1 clients: {"server_time":"2026-01-15 12:02:22","timestamp":"1768467742179","isConnected":"True","numBoard":"0","numSteps":"0","numSpeed":"0.000000","numAccel":"0","numDecel":"0","currentPos":"0","startPos":"0","endPos":"0"}
[2026-01-15 12:02:23.180114] [debug] WebSocketServer: Broadcasting to 1 clients: {"server_time":"2026-01-15 12:02:23","timestamp":"1768467743180","isConnected":"True","numBoard":"0","numSteps":"0","numSpeed":"0.000000","numAccel":"0","numDecel":"0","currentPos":"0","startPos":"0","endPos":"0"}
[2026-01-15 12:02:24.180517] [debug] WebSocketServer: Broadcasting to 1 clients: {"server_time":"2026-01-15 12:02:24","timestamp":"1768467744180","isConnected":"True","numBoard":"0","numSteps":"0","numSpeed":"0.000000","numAccel":"0","numDecel":"0","currentPos":"0","startPos":"0","endPos":"0"}
[2026-01-15 12:02:25.180777] [debug] WebSocketServer: Broadcasting to 1 clients: {"server_time":"2026-01-15 12:02:25","timestamp":"1768467745180","isConnected":"True","numBoard":"0","numSteps":"0","numSpeed":"0.000000","numAccel":"0","numDecel":"0","currentPos":"0","startPos":"0","endPos":"0"}
[2026-01-15 12:02:26.181086] [debug] WebSocketServer: Broadcasting to 1 clients: {"server_time":"2026-01-15 12:02:26","timestamp":"1768467746181","isConnected":"True","numBoard":"0","numSteps":"0","numSpeed":"0.000000","numAccel":"0","numDecel":"0","currentPos":"0","startPos":"0","endPos":"0"}
[2026-01-15 12:02:27.181375] [debug] WebSocketServer: Broadcasting to 1 clients: {"server_time":"2026-01-15 12:02:27","timestamp":"1768467747181","isConnected":"True","numBoard":"0","numSteps":"0","numSpeed":"0.000000","numAccel":"0","numDecel":"0","currentPos":"0","startPos":"0","endPos":"0"}
[2026-01-15 12:02:28.181656] [debug] WebSocketServer: Broadcasting to 1 clients: {"server_time":"2026-01-15 12:02:28","timestamp":"1768467748181","isConnected":"True","numBoard":"0","numSteps":"0","numSpeed":"0.000000","numAccel":"0","numDecel":"0","currentPos":"0","startPos":"0","endPos":"0"}
[2026-01-15 12:02:29.181938] [debug] WebSocketServer: Broadcasting to 1 clients: {"server_time":"2026-01-15 12:02:29","timestamp":"1768467749181","isConnected":"True","numBoard":"0","numSteps":"0","numSpeed":"0.000000","numAccel":"0","numDecel":"0","currentPos":"0","startPos":"0","endPos":"0"}
[2026-01-15 12:02:29.202303] [info] POST /api/flash/run {"filename":"../firmware/STM32F103C8T6CAN_Step_v2_5_295.bin"}
[2026-01-15 12:02:30.182312] [debug] WebSocketServer: Broadcasting to 1 clients: {"server_time":"2026-01-15 12:02:30","timestamp":"1768467750182","isConnected":"True","numBoard":"0","numSteps":"0","numSpeed":"0.000000","numAccel":"0","numDecel":"0","currentPos":"0","startPos":"0","endPos":"0"}
[2026-01-15 12:02:31.182596] [debug] WebSocketServer: Broadcasting to 1 clients: {"server_time":"2026-01-15 12:02:31","timestamp":"1768467751182","isConnected":"True","numBoard":"0","numSteps":"0","numSpeed":"0.000000","numAccel":"0","numDecel":"0","currentPos":"0","startPos":"0","endPos":"0"}
[2026-01-15 12:02:32.182871] [debug] WebSocketServer: Broadcasting to 1 clients: {"server_time":"2026-01-15 12:02:32","timestamp":"1768467752182","isConnected":"True","numBoard":"0","numSteps":"0","numSpeed":"0.000000","numAccel":"0","numDecel":"0","currentPos":"0","startPos":"0","endPos":"0"}
[2026-01-15 12:02:33.183183] [debug] WebSocketServer: Broadcasting to 1 clients: {"server_time":"2026-01-15 12:02:33","timestamp":"1768467753183","isConnected":"True","numBoard":"0","numSteps":"0","numSpeed":"0.000000","numAccel":"0","numDecel":"0","currentPos":"0","startPos":"0","endPos":"0"}
[2026-01-15 12:02:34.183491] [debug] WebSocketServer: Broadcasting to 1 clients: {"server_time":"2026-01-15 12:02:34","timestamp":"1768467754183","isConnected":"True","numBoard":"0","numSteps":"0","numSpeed":"0.000000","numAccel":"0","numDecel":"0","currentPos":"0","startPos":"0","endPos":"0"}
[2026-01-15 12:02:35.183758] [debug] WebSocketServer: Broadcasting to 1 clients: {"server_time":"2026-01-15 12:02:35","timestamp":"1768467755183","isConnected":"True","numBoard":"0","numSteps":"0","numSpeed":"0.000000","numAccel":"0","numDecel":"0","currentPos":"0","startPos":"0","endPos":"0"}
[2026-01-15 12:02:36.184030] [debug] WebSocketServer: Broadcasting to 1 clients: {"server_time":"2026-01-15 12:02:36","timestamp":"1768467756183","isConnected":"True","numBoard":"0","numSteps":"0","numSpeed":"0.000000","numAccel":"0","numDecel":"0","currentPos":"0","startPos":"0","endPos":"0"}
[2026-01-15 12:02:37.184358] [debug] WebSocketServer: Broadcasting to 1 clients: {"server_time":"2026-01-15 12:02:37","timestamp":"1768467757184","isConnected":"True","numBoard":"0","numSteps":"0","numSpeed":"0.000000","numAccel":"0","numDecel":"0","currentPos":"0","startPos":"0","endPos":"0"}
[2026-01-15 12:02:38.184615] [debug] WebSocketServer: Broadcasting to 1 clients: {"server_time":"2026-01-15 12:02:38","timestamp":"1768467758184","isConnected":"True","numBoard":"0","numSteps":"0","numSpeed":"0.000000","numAccel":"0","numDecel":"0","currentPos":"0","startPos":"0","endPos":"0"}
[2026-01-15 12:02:39.184900] [debug] WebSocketServer: Broadcasting to 1 clients: {"server_time":"2026-01-15 12:02:39","timestamp":"1768467759184","isConnected":"True","numBoard":"0","numSteps":"0","numSpeed":"0.000000","numAccel":"0","numDecel":"0","currentPos":"0","startPos":"0","endPos":"0"}
[2026-01-15 12:02:40.185191] [debug] WebSocketServer: Broadcasting to 1 clients: {"server_time":"2026-01-15 12:02:40","timestamp":"1768467760185","isConnected":"True","numBoard":"0","numSteps":"0","numSpeed":"0.000000","numAccel":"0","numDecel":"0","currentPos":"0","startPos":"0","endPos":"0"}
[2026-01-15 12:02:41.185466] [debug] WebSocketServer: Broadcasting to 1 clients: {"server_time":"2026-01-15 12:02:41","timestamp":"1768467761185","isConnected":"True","numBoard":"0","numSteps":"0","numSpeed":"0.000000","numAccel":"0","numDecel":"0","currentPos":"0","startPos":"0","endPos":"0"}
[2026-01-15 12:02:42.185763] [debug] WebSocketServer: Broadcasting to 1 clients: {"server_time":"2026-01-15 12:02:42","timestamp":"1768467762185","isConnected":"True","numBoard":"0","numSteps":"0","numSpeed":"0.000000","numAccel":"0","numDecel":"0","currentPos":"0","startPos":"0","endPos":"0"}
[2026-01-15 12:02:43.186054] [debug] WebSocketServer: Broadcasting to 1 clients: {"server_time":"2026-01-15 12:02:43","timestamp":"1768467763185","isConnected":"True","numBoard":"0","numSteps":"0","numSpeed":"0.000000","numAccel":"0","numDecel":"0","currentPos":"0","startPos":"0","endPos":"0"}
[2026-01-15 12:02:44.186370] [debug] WebSocketServer: Broadcasting to 1 clients: {"server_time":"2026-01-15 12:02:44","timestamp":"1768467764186","isConnected":"True","numBoard":"0","numSteps":"0","numSpeed":"0.000000","numAccel":"0","numDecel":"0","currentPos":"0","startPos":"0","endPos":"0"}
[2026-01-15 12:02:45.186641] [debug] WebSocketServer: Broadcasting to 1 clients: {"server_time":"2026-01-15 12:02:45","timestamp":"1768467765186","isConnected":"True","numBoard":"0","numSteps":"0","numSpeed":"0.000000","numAccel":"0","numDecel":"0","currentPos":"0","startPos":"0","endPos":"0"}
[2026-01-15 12:02:46.186923] [debug] WebSocketServer: Broadcasting to 1 clients: {"server_time":"2026-01-15 12:02:46","timestamp":"1768467766186","isConnected":"True","numBoard":"0","numSteps":"0","numSpeed":"0.000000","numAccel":"0","numDecel":"0","currentPos":"0","startPos":"0","endPos":"0"}
[2026-01-15 12:02:47.187195] [debug] WebSocketServer: Broadcasting to 1 clients: {"server_time":"2026-01-15 12:02:47","timestamp":"1768467767187","isConnected":"True","numBoard":"0","numSteps":"0","numSpeed":"0.000000","numAccel":"0","numDecel":"0","currentPos":"0","startPos":"0","endPos":"0"}
[2026-01-15 12:02:48.187482] [debug] WebSocketServer: Broadcasting to 1 clients: {"server_time":"2026-01-15 12:02:48","timestamp":"1768467768187","isConnected":"True","numBoard":"0","numSteps":"0","numSpeed":"0.000000","numAccel":"0","numDecel":"0","currentPos":"0","startPos":"0","endPos":"0"}
[2026-01-15 12:02:49.187807] [debug] WebSocketServer: Broadcasting to 1 clients: {"server_time":"2026-01-15 12:02:49","timestamp":"1768467769187","isConnected":"True","numBoard":"0","numSteps":"0","numSpeed":"0.000000","numAccel":"0","numDecel":"0","currentPos":"0","startPos":"0","endPos":"0"}
[2026-01-15 12:02:50.188091] [debug] WebSocketServer: Broadcasting to 1 clients: {"server_time":"2026-01-15 12:02:50","timestamp":"1768467770188","isConnected":"True","numBoard":"0","numSteps":"0","numSpeed":"0.000000","numAccel":"0","numDecel":"0","currentPos":"0","startPos":"0","endPos":"0"}
[2026-01-15 12:02:51.188383] [debug] WebSocketServer: Broadcasting to 1 clients: {"server_time":"2026-01-15 12:02:51","timestamp":"1768467771188","isConnected":"True","numBoard":"0","numSteps":"0","numSpeed":"0.000000","numAccel":"0","numDecel":"0","currentPos":"0","startPos":"0","endPos":"0"}
[2026-01-15 12:02:52.188658] [debug] WebSocketServer: Broadcasting to 1 clients: {"server_time":"2026-01-15 12:02:52","timestamp":"1768467772188","isConnected":"True","numBoard":"0","numSteps":"0","numSpeed":"0.000000","numAccel":"0","numDecel":"0","currentPos":"0","startPos":"0","endPos":"0"}
[2026-01-15 12:02:53.188911] [debug] WebSocketServer: Broadcasting to 1 clients: {"server_time":"2026-01-15 12:02:53","timestamp":"1768467773188","isConnected":"True","numBoard":"0","numSteps":"0","numSpeed":"0.000000","numAccel":"0","numDecel":"0","currentPos":"0","startPos":"0","endPos":"0"}
[2026-01-15 12:02:54.189205] [debug] WebSocketServer: Broadcasting to 1 clients: {"server_time":"2026-01-15 12:02:54","timestamp":"1768467774189","isConnected":"True","numBoard":"0","numSteps":"0","numSpeed":"0.000000","numAccel":"0","numDecel":"0","currentPos":"0","startPos":"0","endPos":"0"}
[2026-01-15 12:02:55.189481] [debug] WebSocketServer: Broadcasting to 1 clients: {"server_time":"2026-01-15 12:02:55","timestamp":"1768467775189","isConnected":"True","numBoard":"0","numSteps":"0","numSpeed":"0.000000","numAccel":"0","numDecel":"0","currentPos":"0","startPos":"0","endPos":"0"}
[2026-01-15 12:02:56.189757] [debug] WebSocketServer: Broadcasting to 1 clients: {"server_time":"2026-01-15 12:02:56","timestamp":"1768467776189","isConnected":"True","numBoard":"0","numSteps":"0","numSpeed":"0.000000","numAccel":"0","numDecel":"0","currentPos":"0","startPos":"0","endPos":"0"}
[2026-01-15 12:02:57.190033] [debug] WebSocketServer: Broadcasting to 1 clients: {"server_time":"2026-01-15 12:02:57","timestamp":"1768467777189","isConnected":"True","numBoard":"0","numSteps":"0","numSpeed":"0.000000","numAccel":"0","numDecel":"0","currentPos":"0","startPos":"0","endPos":"0"}
[2026-01-15 12:02:58.190323] [debug] WebSocketServer: Broadcasting to 1 clients: {"server_time":"2026-01-15 12:02:58","timestamp":"1768467778190","isConnected":"True","numBoard":"0","numSteps":"0","numSpeed":"0.000000","numAccel":"0","numDecel":"0","currentPos":"0","startPos":"0","endPos":"0"}
[2026-01-15 12:02:59.190597] [debug] WebSocketServer: Broadcasting to 1 clients: {"server_time":"2026-01-15 12:02:59","timestamp":"1768467779190","isConnected":"True","numBoard":"0","numSteps":"0","numSpeed":"0.000000","numAccel":"0","numDecel":"0","currentPos":"0","startPos":"0","endPos":"0"}
[2026-01-15 12:03:00.190872] [debug] WebSocketServer: Broadcasting to 1 clients: {"server_time":"2026-01-15 12:03:00","timestamp":"1768467780190","isConnected":"True","numBoard":"0","numSteps":"0","numSpeed":"0.000000","numAccel":"0","numDecel":"0","currentPos":"0","startPos":"0","endPos":"0"}
[2026-01-15 12:03:01.191167] [debug] WebSocketServer: Broadcasting to 1 clients: {"server_time":"2026-01-15 12:03:01","timestamp":"1768467781191","isConnected":"True","numBoard":"0","numSteps":"0","numSpeed":"0.000000","numAccel":"0","numDecel":"0","currentPos":"0","startPos":"0","endPos":"0"}
[2026-01-15 12:03:02.191473] [debug] WebSocketServer: Broadcasting to 1 clients: {"server_time":"2026-01-15 12:03:02","timestamp":"1768467782191","isConnected":"True","numBoard":"0","numSteps":"0","numSpeed":"0.000000","numAccel":"0","numDecel":"0","currentPos":"0","startPos":"0","endPos":"0"}
[2026-01-15 12:03:03.191751] [debug] WebSocketServer: Broadcasting to 1 clients: {"server_time":"2026-01-15 12:03:03","timestamp":"1768467783191","isConnected":"True","numBoard":"0","numSteps":"0","numSpeed":"0.000000","numAccel":"0","numDecel":"0","currentPos":"0","startPos":"0","endPos":"0"}
[2026-01-15 12:03:04.192050] [debug] WebSocketServer: Broadcasting to 1 clients: {"server_time":"2026-01-15 12:03:04","timestamp":"1768467784191","isConnected":"True","numBoard":"0","numSteps":"0","numSpeed":"0.000000","numAccel":"0","numDecel":"0","currentPos":"0","startPos":"0","endPos":"0"}
[2026-01-15 12:03:05.192375] [debug] WebSocketServer: Broadcasting to 1 clients: {"server_time":"2026-01-15 12:03:05","timestamp":"1768467785192","isConnected":"True","numBoard":"0","numSteps":"0","numSpeed":"0.000000","numAccel":"0","numDecel":"0","currentPos":"0","startPos":"0","endPos":"0"}
[2026-01-15 12:03:06.192667] [debug] WebSocketServer: Broadcasting to 1 clients: {"server_time":"2026-01-15 12:03:06","timestamp":"1768467786192","isConnected":"True","numBoard":"0","numSteps":"0","numSpeed":"0.000000","numAccel":"0","numDecel":"0","currentPos":"0","startPos":"0","endPos":"0"}
[2026-01-15 12:03:07.192944] [debug] WebSocketServer: Broadcasting to 1 clients: {"server_time":"2026-01-15 12:03:07","timestamp":"1768467787192","isConnected":"True","numBoard":"0","numSteps":"0","numSpeed":"0.000000","numAccel":"0","numDecel":"0","currentPos":"0","startPos":"0","endPos":"0"}
[2026-01-15 12:03:08.193207] [debug] WebSocketServer: Broadcasting to 1 clients: {"server_time":"2026-01-15 12:03:08","timestamp":"1768467788193","isConnected":"True","numBoard":"0","numSteps":"0","numSpeed":"0.000000","numAccel":"0","numDecel":"0","currentPos":"0","startPos":"0","endPos":"0"}
[2026-01-15 12:03:09.193492] [debug] WebSocketServer: Broadcasting to 1 clients: {"server_time":"2026-01-15 12:03:09","timestamp":"1768467789193","isConnected":"True","numBoard":"0","numSteps":"0","numSpeed":"0.000000","numAccel":"0","numDecel":"0","currentPos":"0","startPos":"0","endPos":"0"}
[2026-01-15 12:03:10.193767] [debug] WebSocketServer: Broadcasting to 1 clients: {"server_time":"2026-01-15 12:03:10","timestamp":"1768467790193","isConnected":"True","numBoard":"0","numSteps":"0","numSpeed":"0.000000","numAccel":"0","numDecel":"0","currentPos":"0","startPos":"0","endPos":"0"}
[2026-01-15 12:03:11.194031] [debug] WebSocketServer: Broadcasting to 1 clients: {"server_time":"2026-01-15 12:03:11","timestamp":"1768467791193","isConnected":"True","numBoard":"0","numSteps":"0","numSpeed":"0.000000","numAccel":"0","numDecel":"0","currentPos":"0","startPos":"0","endPos":"0"}
[2026-01-15 12:03:12.194343] [debug] WebSocketServer: Broadcasting to 1 clients: {"server_time":"2026-01-15 12:03:12","timestamp":"1768467792194","isConnected":"True","numBoard":"0","numSteps":"0","numSpeed":"0.000000","numAccel":"0","numDecel":"0","currentPos":"0","startPos":"0","endPos":"0"}
[2026-01-15 12:03:13.194610] [debug] WebSocketServer: Broadcasting to 1 clients: {"server_time":"2026-01-15 12:03:13","timestamp":"1768467793194","isConnected":"True","numBoard":"0","numSteps":"0","numSpeed":"0.000000","numAccel":"0","numDecel":"0","currentPos":"0","startPos":"0","endPos":"0"}
[2026-01-15 12:03:14.194876] [debug] WebSocketServer: Broadcasting to 1 clients: {"server_time":"2026-01-15 12:03:14","timestamp":"1768467794194","isConnected":"True","numBoard":"0","numSteps":"0","numSpeed":"0.000000","numAccel":"0","numDecel":"0","currentPos":"0","startPos":"0","endPos":"0"}
[2026-01-15 12:03:15.195135] [debug] WebSocketServer: Broadcasting to 1 clients: {"server_time":"2026-01-15 12:03:15","timestamp":"1768467795195","isConnected":"True","numBoard":"0","numSteps":"0","numSpeed":"0.000000","numAccel":"0","numDecel":"0","currentPos":"0","startPos":"0","endPos":"0"}
[2026-01-15 12:03:16.195406] [debug] WebSocketServer: Broadcasting to 1 clients: {"server_time":"2026-01-15 12:03:16","timestamp":"1768467796195","isConnected":"True","numBoard":"0","numSteps":"0","numSpeed":"0.000000","numAccel":"0","numDecel":"0","currentPos":"0","startPos":"0","endPos":"0"}
[2026-01-15 12:03:17.195676] [debug] WebSocketServer: Broadcasting to 1 clients: {"server_time":"2026-01-15 12:03:17","timestamp":"1768467797195","isConnected":"True","numBoard":"0","numSteps":"0","numSpeed":"0.000000","numAccel":"0","numDecel":"0","currentPos":"0","startPos":"0","endPos":"0"}
[2026-01-15 12:03:18.195954] [debug] WebSocketServer: Broadcasting to 1 clients: {"server_time":"2026-01-15 12:03:18","timestamp":"1768467798195","isConnected":"True","numBoard":"0","numSteps":"0","numSpeed":"0.000000","numAccel":"0","numDecel":"0","currentPos":"0","startPos":"0","endPos":"0"}
[2026-01-15 12:03:19.196213] [debug] WebSocketServer: Broadcasting to 1 clients: {"server_time":"2026-01-15 12:03:19","timestamp":"1768467799196","isConnected":"True","numBoard":"0","numSteps":"0","numSpeed":"0.000000","numAccel":"0","numDecel":"0","currentPos":"0","startPos":"0","endPos":"0"}
[2026-01-15 12:03:20.196491] [debug] WebSocketServer: Broadcasting to 1 clients: {"server_time":"2026-01-15 12:03:20","timestamp":"1768467800196","isConnected":"True","numBoard":"0","numSteps":"0","numSpeed":"0.000000","numAccel":"0","numDecel":"0","currentPos":"0","startPos":"0","endPos":"0"}
[2026-01-15 12:03:21.196769] [debug] WebSocketServer: Broadcasting to 1 clients: {"server_time":"2026-01-15 12:03:21","timestamp":"1768467801196","isConnected":"True","numBoard":"0","numSteps":"0","numSpeed":"0.000000","numAccel":"0","numDecel":"0","currentPos":"0","startPos":"0","endPos":"0"}
[2026-01-15 12:03:22.197071] [debug] WebSocketServer: Broadcasting to 1 clients: {"server_time":"2026-01-15 12:03:22","timestamp":"1768467802197","isConnected":"True","numBoard":"0","numSteps":"0","numSpeed":"0.000000","numAccel":"0","numDecel":"0","currentPos":"0","startPos":"0","endPos":"0"}
[2026-01-15 12:03:23.197390] [debug] WebSocketServer: Broadcasting to 1 clients: {"server_time":"2026-01-15 12:03:23","timestamp":"1768467803197","isConnected":"True","numBoard":"0","numSteps":"0","numSpeed":"0.000000","numAccel":"0","numDecel":"0","currentPos":"0","startPos":"0","endPos":"0"}
[2026-01-15 12:03:24.197680] [debug] WebSocketServer: Broadcasting to 1 clients: {"server_time":"2026-01-15 12:03:24","timestamp":"1768467804197","isConnected":"True","numBoard":"0","numSteps":"0","numSpeed":"0.000000","numAccel":"0","numDecel":"0","currentPos":"0","startPos":"0","endPos":"0"}
[2026-01-15 12:03:25.198678] [debug] WebSocketServer: Broadcasting to 1 clients: {"server_time":"2026-01-15 12:03:25","timestamp":"1768467805198","isConnected":"True","numBoard":"0","numSteps":"0","numSpeed":"0.000000","numAccel":"0","numDecel":"0","currentPos":"0","startPos":"0","endPos":"0"}
[2026-01-15 12:03:26.198995] [debug] WebSocketServer: Broadcasting to 1 clients: {"server_time":"2026-01-15 12:03:26","timestamp":"1768467806198","isConnected":"True","numBoard":"0","numSteps":"0","numSpeed":"0.000000","numAccel":"0","numDecel":"0","currentPos":"0","startPos":"0","endPos":"0"}
[2026-01-15 12:03:27.199369] [debug] WebSocketServer: Broadcasting to 1 clients: {"server_time":"2026-01-15 12:03:27","timestamp":"1768467807199","isConnected":"True","numBoard":"0","numSteps":"0","numSpeed":"0.000000","numAccel":"0","numDecel":"0","currentPos":"0","startPos":"0","endPos":"0"}
[2026-01-15 12:03:28.199782] [debug] WebSocketServer: Broadcasting to 1 clients: {"server_time":"2026-01-15 12:03:28","timestamp":"1768467808199","isConnected":"True","numBoard":"0","numSteps":"0","numSpeed":"0.000000","numAccel":"0","numDecel":"0","currentPos":"0","startPos":"0","endPos":"0"}
[2026-01-15 12:03:29.200817] [debug] WebSocketServer: Broadcasting to 1 clients: {"server_time":"2026-01-15 12:03:29","timestamp":"1768467809200","isConnected":"True","numBoard":"0","numSteps":"0","numSpeed":"0.000000","numAccel":"0","numDecel":"0","currentPos":"0","startPos":"0","endPos":"0"}
[2026-01-15 12:03:30.201113] [debug] WebSocketServer: Broadcasting to 1 clients: {"server_time":"2026-01-15 12:03:30","timestamp":"1768467810201","isConnected":"True","numBoard":"0","numSteps":"0","numSpeed":"0.000000","numAccel":"0","numDecel":"0","currentPos":"0","startPos":"0","endPos":"0"}
[2026-01-15 12:03:31.201426] [debug] WebSocketServer: Broadcasting to 1 clients: {"server_time":"2026-01-15 12:03:31","timestamp":"1768467811201","isConnected":"True","numBoard":"0","numSteps":"0","numSpeed":"0.000000","numAccel":"0","numDecel":"0","currentPos":"0","startPos":"0","endPos":"0"}
[2026-01-15 12:03:32.201739] [debug] WebSocketServer: Broadcasting to 1 clients: {"server_time":"2026-01-15 12:03:32","timestamp":"1768467812201","isConnected":"True","numBoard":"0","numSteps":"0","numSpeed":"0.000000","numAccel":"0","numDecel":"0","currentPos":"0","startPos":"0","endPos":"0"}
[2026-01-15 12:03:33.202055] [debug] WebSocketServer: Broadcasting to 1 clients: {"server_time":"2026-01-15 12:03:33","timestamp":"1768467813202","isConnected":"True","numBoard":"0","numSteps":"0","numSpeed":"0.000000","numAccel":"0","numDecel":"0","currentPos":"0","startPos":"0","endPos":"0"}
[2026-01-15 12:03:34.202345] [debug] WebSocketServer: Broadcasting to 1 clients: {"server_time":"2026-01-15 12:03:34","timestamp":"1768467814202","isConnected":"True","numBoard":"0","numSteps":"0","numSpeed":"0.000000","numAccel":"0","numDecel":"0","currentPos":"0","startPos":"0","endPos":"0"}
[2026-01-15 12:03:35.202624] [debug] WebSocketServer: Broadcasting to 1 clients: {"server_time":"2026-01-15 12:03:35","timestamp":"1768467815202","isConnected":"True","numBoard":"0","numSteps":"0","numSpeed":"0.000000","numAccel":"0","numDecel":"0","currentPos":"0","startPos":"0","endPos":"0"}
[2026-01-15 12:03:36.202918] [debug] WebSocketServer: Broadcasting to 1 clients: {"server_time":"2026-01-15 12:03:36","timestamp":"1768467816202","isConnected":"True","numBoard":"0","numSteps":"0","numSpeed":"0.000000","numAccel":"0","numDecel":"0","currentPos":"0","startPos":"0","endPos":"0"}
[2026-01-15 12:03:37.203199] [debug] WebSocketServer: Broadcasting to 1 clients: {"server_time":"2026-01-15 12:03:37","timestamp":"1768467817203","isConnected":"True","numBoard":"0","numSteps":"0","numSpeed":"0.000000","numAccel":"0","numDecel":"0","currentPos":"0","startPos":"0","endPos":"0"}
[2026-01-15 12:03:38.203483] [debug] WebSocketServer: Broadcasting to 1 clients: {"server_time":"2026-01-15 12:03:38","timestamp":"1768467818203","isConnected":"True","numBoard":"0","numSteps":"0","numSpeed":"0.000000","numAccel":"0","numDecel":"0","currentPos":"0","startPos":"0","endPos":"0"}
[2026-01-15 12:03:39.203773] [debug] WebSocketServer: Broadcasting to 1 clients: {"server_time":"2026-01-15 12:03:39","timestamp":"1768467819203","isConnected":"True","numBoard":"0","numSteps":"0","numSpeed":"0.000000","numAccel":"0","numDecel":"0","currentPos":"0","startPos":"0","endPos":"0"}
[2026-01-15 12:03:40.204053] [debug] WebSocketServer: Broadcasting to 1 clients: {"server_time":"2026-01-15 12:03:40","timestamp":"1768467820204","isConnected":"True","numBoard":"0","numSteps":"0","numSpeed":"0.000000","numAccel":"0","numDecel":"0","currentPos":"0","startPos":"0","endPos":"0"}
[2026-01-15 12:03:41.204347] [debug] WebSocketServer: Broadcasting to 1 clients: {"server_time":"2026-01-15 12:03:41","timestamp":"1768467821204","isConnected":"True","numBoard":"0","numSteps":"0","numSpeed":"0.000000","numAccel":"0","numDecel":"0","currentPos":"0","startPos":"0","endPos":"0"}
[2026-01-15 12:03:42.204660] [debug] WebSocketServer: Broadcasting to 1 clients: {"server_time":"2026-01-15 12:03:42","timestamp":"1768467822204","isConnected":"True","numBoard":"0","numSteps":"0","numSpeed":"0.000000","numAccel":"0","numDecel":"0","currentPos":"0","startPos":"0","endPos":"0"}
[2026-01-15 12:03:43.204956] [debug] WebSocketServer: Broadcasting to 1 clients: {"server_time":"2026-01-15 12:03:43","timestamp":"1768467823204","isConnected":"True","numBoard":"0","numSteps":"0","numSpeed":"0.000000","numAccel":"0","numDecel":"0","currentPos":"0","startPos":"0","endPos":"0"}
[2026-01-15 12:03:44.205228] [debug] WebSocketServer: Broadcasting to 1 clients: {"server_time":"2026-01-15 12:03:44","timestamp":"1768467824205","isConnected":"True","numBoard":"0","numSteps":"0","numSpeed":"0.000000","numAccel":"0","numDecel":"0","currentPos":"0","startPos":"0","endPos":"0"}
[2026-01-15 12:03:45.205576] [debug] WebSocketServer: Broadcasting to 1 clients: {"server_time":"2026-01-15 12:03:45","timestamp":"1768467825205","isConnected":"True","numBoard":"0","numSteps":"0","numSpeed":"0.000000","numAccel":"0","numDecel":"0","currentPos":"0","startPos":"0","endPos":"0"}
[2026-01-15 12:03:46.205870] [debug] WebSocketServer: Broadcasting to 1 clients: {"server_time":"2026-01-15 12:03:46","timestamp":"1768467826205","isConnected":"True","numBoard":"0","numSteps":"0","numSpeed":"0.000000","numAccel":"0","numDecel":"0","currentPos":"0","startPos":"0","endPos":"0"}
[2026-01-15 12:03:47.206227] [debug] WebSocketServer: Broadcasting to 1 clients: {"server_time":"2026-01-15 12:03:47","timestamp":"1768467827206","isConnected":"True","numBoard":"0","numSteps":"0","numSpeed":"0.000000","numAccel":"0","numDecel":"0","currentPos":"0","startPos":"0","endPos":"0"}
[2026-01-15 12:03:48.206602] [debug] WebSocketServer: Broadcasting to 1 clients: {"server_time":"2026-01-15 12:03:48","timestamp":"1768467828206","isConnected":"True","numBoard":"0","numSteps":"0","numSpeed":"0.000000","numAccel":"0","numDecel":"0","currentPos":"0","startPos":"0","endPos":"0"}
[2026-01-15 12:03:49.206964] [debug] WebSocketServer: Broadcasting to 1 clients: {"server_time":"2026-01-15 12:03:49","timestamp":"1768467829206","isConnected":"True","numBoard":"0","numSteps":"0","numSpeed":"0.000000","numAccel":"0","numDecel":"0","currentPos":"0","startPos":"0","endPos":"0"}
[2026-01-15 12:03:50.207278] [debug] WebSocketServer: Broadcasting to 1 clients: {"server_time":"2026-01-15 12:03:50","timestamp":"1768467830207","isConnected":"True","numBoard":"0","numSteps":"0","numSpeed":"0.000000","numAccel":"0","numDecel":"0","currentPos":"0","startPos":"0","endPos":"0"}
[2026-01-15 12:03:51.208139] [debug] WebSocketServer: Broadcasting to 1 clients: {"server_time":"2026-01-15 12:03:51","timestamp":"1768467831208","isConnected":"True","numBoard":"0","numSteps":"0","numSpeed":"0.000000","numAccel":"0","numDecel":"0","currentPos":"0","startPos":"0","endPos":"0"}
[2026-01-15 12:03:52.208425] [debug] WebSocketServer: Broadcasting to 1 clients: {"server_time":"2026-01-15 12:03:52","timestamp":"1768467832208","isConnected":"True","numBoard":"0","numSteps":"0","numSpeed":"0.000000","numAccel":"0","numDecel":"0","currentPos":"0","startPos":"0","endPos":"0"}
[2026-01-15 12:03:53.208725] [debug] WebSocketServer: Broadcasting to 1 clients: {"server_time":"2026-01-15 12:03:53","timestamp":"1768467833208","isConnected":"True","numBoard":"0","numSteps":"0","numSpeed":"0.000000","numAccel":"0","numDecel":"0","currentPos":"0","startPos":"0","endPos":"0"}
[2026-01-15 12:03:54.209035] [debug] WebSocketServer: Broadcasting to 1 clients: {"server_time":"2026-01-15 12:03:54","timestamp":"1768467834208","isConnected":"True","numBoard":"0","numSteps":"0","numSpeed":"0.000000","numAccel":"0","numDecel":"0","currentPos":"0","startPos":"0","endPos":"0"}
[2026-01-15 12:03:55.209333] [debug] WebSocketServer: Broadcasting to 1 clients: {"server_time":"2026-01-15 12:03:55","timestamp":"1768467835209","isConnected":"True","numBoard":"0","numSteps":"0","numSpeed":"0.000000","numAccel":"0","numDecel":"0","currentPos":"0","startPos":"0","endPos":"0"}
[2026-01-15 12:03:56.209634] [debug] WebSocketServer: Broadcasting to 1 clients: {"server_time":"2026-01-15 12:03:56","timestamp":"1768467836209","isConnected":"True","numBoard":"0","numSteps":"0","numSpeed":"0.000000","numAccel":"0","numDecel":"0","currentPos":"0","startPos":"0","endPos":"0"}
[2026-01-15 12:03:57.209935] [debug] WebSocketServer: Broadcasting to 1 clients: {"server_time":"2026-01-15 12:03:57","timestamp":"1768467837209","isConnected":"True","numBoard":"0","numSteps":"0","numSpeed":"0.000000","numAccel":"0","numDecel":"0","currentPos":"0","startPos":"0","endPos":"0"}
[2026-01-15 12:03:58.210217] [debug] WebSocketServer: Broadcasting to 1 clients: {"server_time":"2026-01-15 12:03:58","timestamp":"1768467838210","isConnected":"True","numBoard":"0","numSteps":"0","numSpeed":"0.000000","numAccel":"0","numDecel":"0","currentPos":"0","startPos":"0","endPos":"0"}
[2026-01-15 12:03:59.210509] [debug] WebSocketServer: Broadcasting to 1 clients: {"server_time":"2026-01-15 12:03:59","timestamp":"1768467839210","isConnected":"True","numBoard":"0","numSteps":"0","numSpeed":"0.000000","numAccel":"0","numDecel":"0","currentPos":"0","startPos":"0","endPos":"0"}
[2026-01-15 12:04:00.210793] [debug] WebSocketServer: Broadcasting to 1 clients: {"server_time":"2026-01-15 12:04:00","timestamp":"1768467840210","isConnected":"True","numBoard":"0","numSteps":"0","numSpeed":"0.000000","numAccel":"0","numDecel":"0","currentPos":"0","startPos":"0","endPos":"0"}
[2026-01-15 12:04:01.211077] [debug] WebSocketServer: Broadcasting to 1 clients: {"server_time":"2026-01-15 12:04:01","timestamp":"1768467841211","isConnected":"True","numBoard":"0","numSteps":"0","numSpeed":"0.000000","numAccel":"0","numDecel":"0","currentPos":"0","startPos":"0","endPos":"0"}
[2026-01-15 12:04:02.211367] [debug] WebSocketServer: Broadcasting to 1 clients: {"server_time":"2026-01-15 12:04:02","timestamp":"1768467842211","isConnected":"True","numBoard":"0","numSteps":"0","numSpeed":"0.000000","numAccel":"0","numDecel":"0","currentPos":"0","startPos":"0","endPos":"0"}
[2026-01-15 12:04:03.211678] [debug] WebSocketServer: Broadcasting to 1 clients: {"server_time":"2026-01-15 12:04:03","timestamp":"1768467843211","isConnected":"True","numBoard":"0","numSteps":"0","numSpeed":"0.000000","numAccel":"0","numDecel":"0","currentPos":"0","startPos":"0","endPos":"0"}
[2026-01-15 12:04:04.212000] [debug] WebSocketServer: Broadcasting to 1 clients: {"server_time":"2026-01-15 12:04:04","timestamp":"1768467844211","isConnected":"True","numBoard":"0","numSteps":"0","numSpeed":"0.000000","numAccel":"0","numDecel":"0","currentPos":"0","startPos":"0","endPos":"0"}
[2026-01-15 12:04:05.212635] [debug] WebSocketServer: Broadcasting to 1 clients: {"server_time":"2026-01-15 12:04:05","timestamp":"1768467845212","isConnected":"True","numBoard":"0","numSteps":"0","numSpeed":"0.000000","numAccel":"0","numDecel":"0","currentPos":"0","startPos":"0","endPos":"0"}
[2026-01-15 12:04:06.212930] [debug] WebSocketServer: Broadcasting to 1 clients: {"server_time":"2026-01-15 12:04:06","timestamp":"1768467846212","isConnected":"True","numBoard":"0","numSteps":"0","numSpeed":"0.000000","numAccel":"0","numDecel":"0","currentPos":"0","startPos":"0","endPos":"0"}
[2026-01-15 12:04:07.213241] [debug] WebSocketServer: Broadcasting to 1 clients: {"server_time":"2026-01-15 12:04:07","timestamp":"1768467847213","isConnected":"True","numBoard":"0","numSteps":"0","numSpeed":"0.000000","numAccel":"0","numDecel":"0","currentPos":"0","startPos":"0","endPos":"0"}
[2026-01-15 12:04:08.213527] [debug] WebSocketServer: Broadcasting to 1 clients: {"server_time":"2026-01-15 12:04:08","timestamp":"1768467848213","isConnected":"True","numBoard":"0","numSteps":"0","numSpeed":"0.000000","numAccel":"0","numDecel":"0","currentPos":"0","startPos":"0","endPos":"0"}
[2026-01-15 12:04:09.213820] [debug] WebSocketServer: Broadcasting to 1 clients: {"server_time":"2026-01-15 12:04:09","timestamp":"1768467849213","isConnected":"True","numBoard":"0","numSteps":"0","numSpeed":"0.000000","numAccel":"0","numDecel":"0","currentPos":"0","startPos":"0","endPos":"0"}
[2026-01-15 12:04:10.214119] [debug] WebSocketServer: Broadcasting to 1 clients: {"server_time":"2026-01-15 12:04:10","timestamp":"1768467850214","isConnected":"True","numBoard":"0","numSteps":"0","numSpeed":"0.000000","numAccel":"0","numDecel":"0","currentPos":"0","startPos":"0","endPos":"0"}
[2026-01-15 12:04:11.214410] [debug] WebSocketServer: Broadcasting to 1 clients: {"server_time":"2026-01-15 12:04:11","timestamp":"1768467851214","isConnected":"True","numBoard":"0","numSteps":"0","numSpeed":"0.000000","numAccel":"0","numDecel":"0","currentPos":"0","startPos":"0","endPos":"0"}
[2026-01-15 12:04:12.214706] [debug] WebSocketServer: Broadcasting to 1 clients: {"server_time":"2026-01-15 12:04:12","timestamp":"1768467852214","isConnected":"True","numBoard":"0","numSteps":"0","numSpeed":"0.000000","numAccel":"0","numDecel":"0","currentPos":"0","startPos":"0","endPos":"0"}
[2026-01-15 12:04:13.215001] [debug] WebSocketServer: Broadcasting to 1 clients: {"server_time":"2026-01-15 12:04:13","timestamp":"1768467853214","isConnected":"True","numBoard":"0","numSteps":"0","numSpeed":"0.000000","numAccel":"0","numDecel":"0","currentPos":"0","startPos":"0","endPos":"0"}
[2026-01-15 12:04:14.215339] [debug] WebSocketServer: Broadcasting to 1 clients: {"server_time":"2026-01-15 12:04:14","timestamp":"1768467854215","isConnected":"True","numBoard":"0","numSteps":"0","numSpeed":"0.000000","numAccel":"0","numDecel":"0","currentPos":"0","startPos":"0","endPos":"0"}
[2026-01-15 12:04:15.215659] [debug] WebSocketServer: Broadcasting to 1 clients: {"server_time":"2026-01-15 12:04:15","timestamp":"1768467855215","isConnected":"True","numBoard":"0","numSteps":"0","numSpeed":"0.000000","numAccel":"0","numDecel":"0","currentPos":"0","startPos":"0","endPos":"0"}
[2026-01-15 12:04:16.216003] [debug] WebSocketServer: Broadcasting to 1 clients: {"server_time":"2026-01-15 12:04:16","timestamp":"1768467856215","isConnected":"True","numBoard":"0","numSteps":"0","numSpeed":"0.000000","numAccel":"0","numDecel":"0","currentPos":"0","startPos":"0","endPos":"0"}
[2026-01-15 12:04:17.216340] [debug] WebSocketServer: Broadcasting to 1 clients: {"server_time":"2026-01-15 12:04:17","timestamp":"1768467857216","isConnected":"True","numBoard":"0","numSteps":"0","numSpeed":"0.000000","numAccel":"0","numDecel":"0","currentPos":"0","startPos":"0","endPos":"0"}
[2026-01-15 12:04:18.216762] [debug] WebSocketServer: Broadcasting to 1 clients: {"server_time":"2026-01-15 12:04:18","timestamp":"1768467858216","isConnected":"True","numBoard":"0","numSteps":"0","numSpeed":"0.000000","numAccel":"0","numDecel":"0","currentPos":"0","startPos":"0","endPos":"0"}
[2026-01-15 12:04:19.217062] [debug] WebSocketServer: Broadcasting to 1 clients: {"server_time":"2026-01-15 12:04:19","timestamp":"1768467859217","isConnected":"True","numBoard":"0","numSteps":"0","numSpeed":"0.000000","numAccel":"0","numDecel":"0","currentPos":"0","startPos":"0","endPos":"0"}
[2026-01-15 12:04:20.217370] [debug] WebSocketServer: Broadcasting to 1 clients: {"server_time":"2026-01-15 12:04:20","timestamp":"1768467860217","isConnected":"True","numBoard":"0","numSteps":"0","numSpeed":"0.000000","numAccel":"0","numDecel":"0","currentPos":"0","startPos":"0","endPos":"0"}
[2026-01-15 12:04:21.217640] [debug] WebSocketServer: Broadcasting to 1 clients: {"server_time":"2026-01-15 12:04:21","timestamp":"1768467861217","isConnected":"True","numBoard":"0","numSteps":"0","numSpeed":"0.000000","numAccel":"0","numDecel":"0","currentPos":"0","startPos":"0","endPos":"0"}
[2026-01-15 12:04:22.217923] [debug] WebSocketServer: Broadcasting to 1 clients: {"server_time":"2026-01-15 12:04:22","timestamp":"1768467862217","isConnected":"True","numBoard":"0","numSteps":"0","numSpeed":"0.000000","numAccel":"0","numDecel":"0","currentPos":"0","startPos":"0","endPos":"0"}
[2026-01-15 12:04:23.218270] [debug] WebSocketServer: Broadcasting to 1 clients: {"server_time":"2026-01-15 12:04:23","timestamp":"1768467863218","isConnected":"True","numBoard":"0","numSteps":"0","numSpeed":"0.000000","numAccel":"0","numDecel":"0","currentPos":"0","startPos":"0","endPos":"0"}
[2026-01-15 12:04:24.218542] [debug] WebSocketServer: Broadcasting to 1 clients: {"server_time":"2026-01-15 12:04:24","timestamp":"1768467864218","isConnected":"True","numBoard":"0","numSteps":"0","numSpeed":"0.000000","numAccel":"0","numDecel":"0","currentPos":"0","startPos":"0","endPos":"0"}
[2026-01-15 12:04:25.218815] [debug] WebSocketServer: Broadcasting to 1 clients: {"server_time":"2026-01-15 12:04:25","timestamp":"1768467865218","isConnected":"True","numBoard":"0","numSteps":"0","numSpeed":"0.000000","numAccel":"0","numDecel":"0","currentPos":"0","startPos":"0","endPos":"0"}
[2026-01-15 12:04:26.219107] [debug] WebSocketServer: Broadcasting to 1 clients: {"server_time":"2026-01-15 12:04:26","timestamp":"1768467866219","isConnected":"True","numBoard":"0","numSteps":"0","numSpeed":"0.000000","numAccel":"0","numDecel":"0","currentPos":"0","startPos":"0","endPos":"0"}
[2026-01-15 12:04:27.219442] [debug] WebSocketServer: Broadcasting to 1 clients: {"server_time":"2026-01-15 12:04:27","timestamp":"1768467867219","isConnected":"True","numBoard":"0","numSteps":"0","numSpeed":"0.000000","numAccel":"0","numDecel":"0","currentPos":"0","startPos":"0","endPos":"0"}
[2026-01-15 12:04:28.219767] [debug] WebSocketServer: Broadcasting to 1 clients: {"server_time":"2026-01-15 12:04:28","timestamp":"1768467868219","isConnected":"True","numBoard":"0","numSteps":"0","numSpeed":"0.000000","numAccel":"0","numDecel":"0","currentPos":"0","startPos":"0","endPos":"0"}
[2026-01-15 12:04:29.220095] [debug] WebSocketServer: Broadcasting to 1 clients: {"server_time":"2026-01-15 12:04:29","timestamp":"1768467869220","isConnected":"True","numBoard":"0","numSteps":"0","numSpeed":"0.000000","numAccel":"0","numDecel":"0","currentPos":"0","startPos":"0","endPos":"0"}
[2026-01-15 12:04:30.220451] [debug] WebSocketServer: Broadcasting to 1 clients: {"server_time":"2026-01-15 12:04:30","timestamp":"1768467870220","isConnected":"True","numBoard":"0","numSteps":"0","numSpeed":"0.000000","numAccel":"0","numDecel":"0","currentPos":"0","startPos":"0","endPos":"0"}
[2026-01-15 12:04:31.220750] [debug] WebSocketServer: Broadcasting to 1 clients: {"server_time":"2026-01-15 12:04:31","timestamp":"1768467871220","isConnected":"True","numBoard":"0","numSteps":"0","numSpeed":"0.000000","numAccel":"0","numDecel":"0","currentPos":"0","startPos":"0","endPos":"0"}
[2026-01-15 12:04:32.221047] [debug] WebSocketServer: Broadcasting to 1 clients: {"server_time":"2026-01-15 12:04:32","timestamp":"1768467872220","isConnected":"True","numBoard":"0","numSteps":"0","numSpeed":"0.000000","numAccel":"0","numDecel":"0","currentPos":"0","startPos":"0","endPos":"0"}
[2026-01-15 12:04:33.221363] [debug] WebSocketServer: Broadcasting to 1 clients: {"server_time":"2026-01-15 12:04:33","timestamp":"1768467873221","isConnected":"True","numBoard":"0","numSteps":"0","numSpeed":"0.000000","numAccel":"0","numDecel":"0","currentPos":"0","startPos":"0","endPos":"0"}
[2026-01-15 12:04:34.221663] [debug] WebSocketServer: Broadcasting to 1 clients: {"server_time":"2026-01-15 12:04:34","timestamp":"1768467874221","isConnected":"True","numBoard":"0","numSteps":"0","numSpeed":"0.000000","numAccel":"0","numDecel":"0","currentPos":"0","startPos":"0","endPos":"0"}
[2026-01-15 12:04:35.221935] [debug] WebSocketServer: Broadcasting to 1 clients: {"server_time":"2026-01-15 12:04:35","timestamp":"1768467875221","isConnected":"True","numBoard":"0","numSteps":"0","numSpeed":"0.000000","numAccel":"0","numDecel":"0","currentPos":"0","startPos":"0","endPos":"0"}
[2026-01-15 12:04:36.222220] [debug] WebSocketServer: Broadcasting to 1 clients: {"server_time":"2026-01-15 12:04:36","timestamp":"1768467876222","isConnected":"True","numBoard":"0","numSteps":"0","numSpeed":"0.000000","numAccel":"0","numDecel":"0","currentPos":"0","startPos":"0","endPos":"0"}
[2026-01-15 12:04:37.222503] [debug] WebSocketServer: Broadcasting to 1 clients: {"server_time":"2026-01-15 12:04:37","timestamp":"1768467877222","isConnected":"True","numBoard":"0","numSteps":"0","numSpeed":"0.000000","numAccel":"0","numDecel":"0","currentPos":"0","startPos":"0","endPos":"0"}
[2026-01-15 12:04:38.222778] [debug] WebSocketServer: Broadcasting to 1 clients: {"server_time":"2026-01-15 12:04:38","timestamp":"1768467878222","isConnected":"True","numBoard":"0","numSteps":"0","numSpeed":"0.000000","numAccel":"0","numDecel":"0","currentPos":"0","startPos":"0","endPos":"0"}
[2026-01-15 12:04:39.223067] [debug] WebSocketServer: Broadcasting to 1 clients: {"server_time":"2026-01-15 12:04:39","timestamp":"1768467879223","isConnected":"True","numBoard":"0","numSteps":"0","numSpeed":"0.000000","numAccel":"0","numDecel":"0","currentPos":"0","startPos":"0","endPos":"0"}
[2026-01-15 12:04:40.223366] [debug] WebSocketServer: Broadcasting to 1 clients: {"server_time":"2026-01-15 12:04:40","timestamp":"1768467880223","isConnected":"True","numBoard":"0","numSteps":"0","numSpeed":"0.000000","numAccel":"0","numDecel":"0","currentPos":"0","startPos":"0","endPos":"0"}
[2026-01-15 12:04:41.223681] [debug] WebSocketServer: Broadcasting to 1 clients: {"server_time":"2026-01-15 12:04:41","timestamp":"1768467881223","isConnected":"True","numBoard":"0","numSteps":"0","numSpeed":"0.000000","numAccel":"0","numDecel":"0","currentPos":"0","startPos":"0","endPos":"0"}
[2026-01-15 12:04:42.223993] [debug] WebSocketServer: Broadcasting to 1 clients: {"server_time":"2026-01-15 12:04:42","timestamp":"1768467882223","isConnected":"True","numBoard":"0","numSteps":"0","numSpeed":"0.000000","numAccel":"0","numDecel":"0","currentPos":"0","startPos":"0","endPos":"0"}
[2026-01-15 12:04:43.224305] [debug] WebSocketServer: Broadcasting to 1 clients: {"server_time":"2026-01-15 12:04:43","timestamp":"1768467883224","isConnected":"True","numBoard":"0","numSteps":"0","numSpeed":"0.000000","numAccel":"0","numDecel":"0","currentPos":"0","startPos":"0","endPos":"0"}
[2026-01-15 12:04:44.224591] [debug] WebSocketServer: Broadcasting to 1 clients: {"server_time":"2026-01-15 12:04:44","timestamp":"1768467884224","isConnected":"True","numBoard":"0","numSteps":"0","numSpeed":"0.000000","numAccel":"0","numDecel":"0","currentPos":"0","startPos":"0","endPos":"0"}
[2026-01-15 12:04:45.224894] [debug] WebSocketServer: Broadcasting to 1 clients: {"server_time":"2026-01-15 12:04:45","timestamp":"1768467885224","isConnected":"True","numBoard":"0","numSteps":"0","numSpeed":"0.000000","numAccel":"0","numDecel":"0","currentPos":"0","startPos":"0","endPos":"0"}
[2026-01-15 12:04:46.225200] [debug] WebSocketServer: Broadcasting to 1 clients: {"server_time":"2026-01-15 12:04:46","timestamp":"1768467886225","isConnected":"True","numBoard":"0","numSteps":"0","numSpeed":"0.000000","numAccel":"0","numDecel":"0","currentPos":"0","startPos":"0","endPos":"0"}
[2026-01-15 12:04:47.225526] [debug] WebSocketServer: Broadcasting to 1 clients: {"server_time":"2026-01-15 12:04:47","timestamp":"1768467887225","isConnected":"True","numBoard":"0","numSteps":"0","numSpeed":"0.000000","numAccel":"0","numDecel":"0","currentPos":"0","startPos":"0","endPos":"0"}
[2026-01-15 12:04:48.225917] [debug] WebSocketServer: Broadcasting to 1 clients: {"server_time":"2026-01-15 12:04:48","timestamp":"1768467888225","isConnected":"True","numBoard":"0","numSteps":"0","numSpeed":"0.000000","numAccel":"0","numDecel":"0","currentPos":"0","startPos":"0","endPos":"0"}
[2026-01-15 12:04:49.226214] [debug] WebSocketServer: Broadcasting to 1 clients: {"server_time":"2026-01-15 12:04:49","timestamp":"1768467889226","isConnected":"True","numBoard":"0","numSteps":"0","numSpeed":"0.000000","numAccel":"0","numDecel":"0","currentPos":"0","startPos":"0","endPos":"0"}
[2026-01-15 12:04:50.226501] [debug] WebSocketServer: Broadcasting to 1 clients: {"server_time":"2026-01-15 12:04:50","timestamp":"1768467890226","isConnected":"True","numBoard":"0","numSteps":"0","numSpeed":"0.000000","numAccel":"0","numDecel":"0","currentPos":"0","startPos":"0","endPos":"0"}
[2026-01-15 12:04:51.226790] [debug] WebSocketServer: Broadcasting to 1 clients: {"server_time":"2026-01-15 12:04:51","timestamp":"1768467891226","isConnected":"True","numBoard":"0","numSteps":"0","numSpeed":"0.000000","numAccel":"0","numDecel":"0","currentPos":"0","startPos":"0","endPos":"0"}
[2026-01-15 12:04:52.227086] [debug] WebSocketServer: Broadcasting to 1 clients: {"server_time":"2026-01-15 12:04:52","timestamp":"1768467892227","isConnected":"True","numBoard":"0","numSteps":"0","numSpeed":"0.000000","numAccel":"0","numDecel":"0","currentPos":"0","startPos":"0","endPos":"0"}
[2026-01-15 12:04:53.227364] [debug] WebSocketServer: Broadcasting to 1 clients: {"server_time":"2026-01-15 12:04:53","timestamp":"1768467893227","isConnected":"True","numBoard":"0","numSteps":"0","numSpeed":"0.000000","numAccel":"0","numDecel":"0","currentPos":"0","startPos":"0","endPos":"0"}
[2026-01-15 12:04:54.227643] [debug] WebSocketServer: Broadcasting to 1 clients: {"server_time":"2026-01-15 12:04:54","timestamp":"1768467894227","isConnected":"True","numBoard":"0","numSteps":"0","numSpeed":"0.000000","numAccel":"0","numDecel":"0","currentPos":"0","startPos":"0","endPos":"0"}
[2026-01-15 12:04:55.227920] [debug] WebSocketServer: Broadcasting to 1 clients: {"server_time":"2026-01-15 12:04:55","timestamp":"1768467895227","isConnected":"True","numBoard":"0","numSteps":"0","numSpeed":"0.000000","numAccel":"0","numDecel":"0","currentPos":"0","startPos":"0","endPos":"0"}
[2026-01-15 12:04:56.228215] [debug] WebSocketServer: Broadcasting to 1 clients: {"server_time":"2026-01-15 12:04:56","timestamp":"1768467896228","isConnected":"True","numBoard":"0","numSteps":"0","numSpeed":"0.000000","numAccel":"0","numDecel":"0","currentPos":"0","startPos":"0","endPos":"0"}
[2026-01-15 12:04:57.228515] [debug] WebSocketServer: Broadcasting to 1 clients: {"server_time":"2026-01-15 12:04:57","timestamp":"1768467897228","isConnected":"True","numBoard":"0","numSteps":"0","numSpeed":"0.000000","numAccel":"0","numDecel":"0","currentPos":"0","startPos":"0","endPos":"0"}
[2026-01-15 12:04:58.228801] [debug] WebSocketServer: Broadcasting to 1 clients: {"server_time":"2026-01-15 12:04:58","timestamp":"1768467898228","isConnected":"True","numBoard":"0","numSteps":"0","numSpeed":"0.000000","numAccel":"0","numDecel":"0","currentPos":"0","startPos":"0","endPos":"0"}
[2026-01-15 12:04:59.229074] [debug] WebSocketServer: Broadcasting to 1 clients: {"server_time":"2026-01-15 12:04:59","timestamp":"1768467899229","isConnected":"True","numBoard":"0","numSteps":"0","numSpeed":"0.000000","numAccel":"0","numDecel":"0","currentPos":"0","startPos":"0","endPos":"0"}
[2026-01-15 12:05:00.229352] [debug] WebSocketServer: Broadcasting to 1 clients: {"server_time":"2026-01-15 12:05:00","timestamp":"1768467900229","isConnected":"True","numBoard":"0","numSteps":"0","numSpeed":"0.000000","numAccel":"0","numDecel":"0","currentPos":"0","startPos":"0","endPos":"0"}
[2026-01-15 12:05:01.229636] [debug] WebSocketServer: Broadcasting to 1 clients: {"server_time":"2026-01-15 12:05:01","timestamp":"1768467901229","isConnected":"True","numBoard":"0","numSteps":"0","numSpeed":"0.000000","numAccel":"0","numDecel":"0","currentPos":"0","startPos":"0","endPos":"0"}
[2026-01-15 12:05:02.229920] [debug] WebSocketServer: Broadcasting to 1 clients: {"server_time":"2026-01-15 12:05:02","timestamp":"1768467902229","isConnected":"True","numBoard":"0","numSteps":"0","numSpeed":"0.000000","numAccel":"0","numDecel":"0","currentPos":"0","startPos":"0","endPos":"0"}
[2026-01-15 12:05:03.230213] [debug] WebSocketServer: Broadcasting to 1 clients: {"server_time":"2026-01-15 12:05:03","timestamp":"1768467903230","isConnected":"True","numBoard":"0","numSteps":"0","numSpeed":"0.000000","numAccel":"0","numDecel":"0","currentPos":"0","startPos":"0","endPos":"0"}
[2026-01-15 12:05:04.230494] [debug] WebSocketServer: Broadcasting to 1 clients: {"server_time":"2026-01-15 12:05:04","timestamp":"1768467904230","isConnected":"True","numBoard":"0","numSteps":"0","numSpeed":"0.000000","numAccel":"0","numDecel":"0","currentPos":"0","startPos":"0","endPos":"0"}
[2026-01-15 12:05:05.230777] [debug] WebSocketServer: Broadcasting to 1 clients: {"server_time":"2026-01-15 12:05:05","timestamp":"1768467905230","isConnected":"True","numBoard":"0","numSteps":"0","numSpeed":"0.000000","numAccel":"0","numDecel":"0","currentPos":"0","startPos":"0","endPos":"0"}
[2026-01-15 12:05:06.231070] [debug] WebSocketServer: Broadcasting to 1 clients: {"server_time":"2026-01-15 12:05:06","timestamp":"1768467906231","isConnected":"True","numBoard":"0","numSteps":"0","numSpeed":"0.000000","numAccel":"0","numDecel":"0","currentPos":"0","startPos":"0","endPos":"0"}
[2026-01-15 12:05:07.231362] [debug] WebSocketServer: Broadcasting to 1 clients: {"server_time":"2026-01-15 12:05:07","timestamp":"1768467907231","isConnected":"True","numBoard":"0","numSteps":"0","numSpeed":"0.000000","numAccel":"0","numDecel":"0","currentPos":"0","startPos":"0","endPos":"0"}
[2026-01-15 12:05:08.231633] [debug] WebSocketServer: Broadcasting to 1 clients: {"server_time":"2026-01-15 12:05:08","timestamp":"1768467908231","isConnected":"True","numBoard":"0","numSteps":"0","numSpeed":"0.000000","numAccel":"0","numDecel":"0","currentPos":"0","startPos":"0","endPos":"0"}
[2026-01-15 12:05:09.231909] [debug] WebSocketServer: Broadcasting to 1 clients: {"server_time":"2026-01-15 12:05:09","timestamp":"1768467909231","isConnected":"True","numBoard":"0","numSteps":"0","numSpeed":"0.000000","numAccel":"0","numDecel":"0","currentPos":"0","startPos":"0","endPos":"0"}
[2026-01-15 12:05:10.232201] [debug] WebSocketServer: Broadcasting to 1 clients: {"server_time":"2026-01-15 12:05:10","timestamp":"1768467910232","isConnected":"True","numBoard":"0","numSteps":"0","numSpeed":"0.000000","numAccel":"0","numDecel":"0","currentPos":"0","startPos":"0","endPos":"0"}
[2026-01-15 12:05:11.232491] [debug] WebSocketServer: Broadcasting to 1 clients: {"server_time":"2026-01-15 12:05:11","timestamp":"1768467911232","isConnected":"True","numBoard":"0","numSteps":"0","numSpeed":"0.000000","numAccel":"0","numDecel":"0","currentPos":"0","startPos":"0","endPos":"0"}
[2026-01-15 12:05:12.232807] [debug] WebSocketServer: Broadcasting to 1 clients: {"server_time":"2026-01-15 12:05:12","timestamp":"1768467912232","isConnected":"True","numBoard":"0","numSteps":"0","numSpeed":"0.000000","numAccel":"0","numDecel":"0","currentPos":"0","startPos":"0","endPos":"0"}
[2026-01-15 12:05:13.233099] [debug] WebSocketServer: Broadcasting to 1 clients: {"server_time":"2026-01-15 12:05:13","timestamp":"1768467913233","isConnected":"True","numBoard":"0","numSteps":"0","numSpeed":"0.000000","numAccel":"0","numDecel":"0","currentPos":"0","startPos":"0","endPos":"0"}
[2026-01-15 12:05:14.233416] [debug] WebSocketServer: Broadcasting to 1 clients: {"server_time":"2026-01-15 12:05:14","timestamp":"1768467914233","isConnected":"True","numBoard":"0","numSteps":"0","numSpeed":"0.000000","numAccel":"0","numDecel":"0","currentPos":"0","startPos":"0","endPos":"0"}
[2026-01-15 12:05:15.233723] [debug] WebSocketServer: Broadcasting to 1 clients: {"server_time":"2026-01-15 12:05:15","timestamp":"1768467915233","isConnected":"True","numBoard":"0","numSteps":"0","numSpeed":"0.000000","numAccel":"0","numDecel":"0","currentPos":"0","startPos":"0","endPos":"0"}
[2026-01-15 12:05:16.234113] [debug] WebSocketServer: Broadcasting to 1 clients: {"server_time":"2026-01-15 12:05:16","timestamp":"1768467916234","isConnected":"True","numBoard":"0","numSteps":"0","numSpeed":"0.000000","numAccel":"0","numDecel":"0","currentPos":"0","startPos":"0","endPos":"0"}
[2026-01-15 12:05:17.234440] [debug] WebSocketServer: Broadcasting to 1 clients: {"server_time":"2026-01-15 12:05:17","timestamp":"1768467917234","isConnected":"True","numBoard":"0","numSteps":"0","numSpeed":"0.000000","numAccel":"0","numDecel":"0","currentPos":"0","startPos":"0","endPos":"0"}
[2026-01-15 12:05:18.234716] [debug] WebSocketServer: Broadcasting to 1 clients: {"server_time":"2026-01-15 12:05:18","timestamp":"1768467918234","isConnected":"True","numBoard":"0","numSteps":"0","numSpeed":"0.000000","numAccel":"0","numDecel":"0","currentPos":"0","startPos":"0","endPos":"0"}
[2026-01-15 12:05:19.235005] [debug] WebSocketServer: Broadcasting to 1 clients: {"server_time":"2026-01-15 12:05:19","timestamp":"1768467919234","isConnected":"True","numBoard":"0","numSteps":"0","numSpeed":"0.000000","numAccel":"0","numDecel":"0","currentPos":"0","startPos":"0","endPos":"0"}
[2026-01-15 12:05:20.235308] [debug] WebSocketServer: Broadcasting to 1 clients: {"server_time":"2026-01-15 12:05:20","timestamp":"1768467920235","isConnected":"True","numBoard":"0","numSteps":"0","numSpeed":"0.000000","numAccel":"0","numDecel":"0","currentPos":"0","startPos":"0","endPos":"0"}
[2026-01-15 12:05:21.235603] [debug] WebSocketServer: Broadcasting to 1 clients: {"server_time":"2026-01-15 12:05:21","timestamp":"1768467921235","isConnected":"True","numBoard":"0","numSteps":"0","numSpeed":"0.000000","numAccel":"0","numDecel":"0","currentPos":"0","startPos":"0","endPos":"0"}
[2026-01-15 12:05:22.235888] [debug] WebSocketServer: Broadcasting to 1 clients: {"server_time":"2026-01-15 12:05:22","timestamp":"1768467922235","isConnected":"True","numBoard":"0","numSteps":"0","numSpeed":"0.000000","numAccel":"0","numDecel":"0","currentPos":"0","startPos":"0","endPos":"0"}
[2026-01-15 12:05:23.236202] [debug] WebSocketServer: Broadcasting to 1 clients: {"server_time":"2026-01-15 12:05:23","timestamp":"1768467923236","isConnected":"True","numBoard":"0","numSteps":"0","numSpeed":"0.000000","numAccel":"0","numDecel":"0","currentPos":"0","startPos":"0","endPos":"0"}
[2026-01-15 12:05:24.236510] [debug] WebSocketServer: Broadcasting to 1 clients: {"server_time":"2026-01-15 12:05:24","timestamp":"1768467924236","isConnected":"True","numBoard":"0","numSteps":"0","numSpeed":"0.000000","numAccel":"0","numDecel":"0","currentPos":"0","startPos":"0","endPos":"0"}
[2026-01-15 12:05:25.236804] [debug] WebSocketServer: Broadcasting to 1 clients: {"server_time":"2026-01-15 12:05:25","timestamp":"1768467925236","isConnected":"True","numBoard":"0","numSteps":"0","numSpeed":"0.000000","numAccel":"0","numDecel":"0","currentPos":"0","startPos":"0","endPos":"0"}
[2026-01-15 12:05:26.237082] [debug] WebSocketServer: Broadcasting to 1 clients: {"server_time":"2026-01-15 12:05:26","timestamp":"1768467926237","isConnected":"True","numBoard":"0","numSteps":"0","numSpeed":"0.000000","numAccel":"0","numDecel":"0","currentPos":"0","startPos":"0","endPos":"0"}
[2026-01-15 12:05:27.237362] [debug] WebSocketServer: Broadcasting to 1 clients: {"server_time":"2026-01-15 12:05:27","timestamp":"1768467927237","isConnected":"True","numBoard":"0","numSteps":"0","numSpeed":"0.000000","numAccel":"0","numDecel":"0","currentPos":"0","startPos":"0","endPos":"0"}
[2026-01-15 12:05:28.237655] [debug] WebSocketServer: Broadcasting to 1 clients: {"server_time":"2026-01-15 12:05:28","timestamp":"1768467928237","isConnected":"True","numBoard":"0","numSteps":"0","numSpeed":"0.000000","numAccel":"0","numDecel":"0","currentPos":"0","startPos":"0","endPos":"0"}
[2026-01-15 12:05:29.237942] [debug] WebSocketServer: Broadcasting to 1 clients: {"server_time":"2026-01-15 12:05:29","timestamp":"1768467929237","isConnected":"True","numBoard":"0","numSteps":"0","numSpeed":"0.000000","numAccel":"0","numDecel":"0","currentPos":"0","startPos":"0","endPos":"0"}
[2026-01-15 12:05:30.238238] [debug] WebSocketServer: Broadcasting to 1 clients: {"server_time":"2026-01-15 12:05:30","timestamp":"1768467930238","isConnected":"True","numBoard":"0","numSteps":"0","numSpeed":"0.000000","numAccel":"0","numDecel":"0","currentPos":"0","startPos":"0","endPos":"0"}
[2026-01-15 12:05:31.238522] [debug] WebSocketServer: Broadcasting to 1 clients: {"server_time":"2026-01-15 12:05:31","timestamp":"1768467931238","isConnected":"True","numBoard":"0","numSteps":"0","numSpeed":"0.000000","numAccel":"0","numDecel":"0","currentPos":"0","startPos":"0","endPos":"0"}
[2026-01-15 12:05:32.238806] [debug] WebSocketServer: Broadcasting to 1 clients: {"server_time":"2026-01-15 12:05:32","timestamp":"1768467932238","isConnected":"True","numBoard":"0","numSteps":"0","numSpeed":"0.000000","numAccel":"0","numDecel":"0","currentPos":"0","startPos":"0","endPos":"0"}
[2026-01-15 12:05:33.239111] [debug] WebSocketServer: Broadcasting to 1 clients: {"server_time":"2026-01-15 12:05:33","timestamp":"1768467933239","isConnected":"True","numBoard":"0","numSteps":"0","numSpeed":"0.000000","numAccel":"0","numDecel":"0","currentPos":"0","startPos":"0","endPos":"0"}
[2026-01-15 12:05:34.239418] [debug] WebSocketServer: Broadcasting to 1 clients: {"server_time":"2026-01-15 12:05:34","timestamp":"1768467934239","isConnected":"True","numBoard":"0","numSteps":"0","numSpeed":"0.000000","numAccel":"0","numDecel":"0","currentPos":"0","startPos":"0","endPos":"0"}
[2026-01-15 12:05:35.239742] [debug] WebSocketServer: Broadcasting to 1 clients: {"server_time":"2026-01-15 12:05:35","timestamp":"1768467935239","isConnected":"True","numBoard":"0","numSteps":"0","numSpeed":"0.000000","numAccel":"0","numDecel":"0","currentPos":"0","startPos":"0","endPos":"0"}
[2026-01-15 12:05:36.240049] [debug] WebSocketServer: Broadcasting to 1 clients: {"server_time":"2026-01-15 12:05:36","timestamp":"1768467936239","isConnected":"True","numBoard":"0","numSteps":"0","numSpeed":"0.000000","numAccel":"0","numDecel":"0","currentPos":"0","startPos":"0","endPos":"0"}
[2026-01-15 12:05:37.240358] [debug] WebSocketServer: Broadcasting to 1 clients: {"server_time":"2026-01-15 12:05:37","timestamp":"1768467937240","isConnected":"True","numBoard":"0","numSteps":"0","numSpeed":"0.000000","numAccel":"0","numDecel":"0","currentPos":"0","startPos":"0","endPos":"0"}
[2026-01-15 12:05:38.240655] [debug] WebSocketServer: Broadcasting to 1 clients: {"server_time":"2026-01-15 12:05:38","timestamp":"1768467938240","isConnected":"True","numBoard":"0","numSteps":"0","numSpeed":"0.000000","numAccel":"0","numDecel":"0","currentPos":"0","startPos":"0","endPos":"0"}
[2026-01-15 12:05:39.240983] [debug] WebSocketServer: Broadcasting to 1 clients: {"server_time":"2026-01-15 12:05:39","timestamp":"1768467939240","isConnected":"True","numBoard":"0","numSteps":"0","numSpeed":"0.000000","numAccel":"0","numDecel":"0","currentPos":"0","startPos":"0","endPos":"0"}
[2026-01-15 12:05:40.241360] [debug] WebSocketServer: Broadcasting to 1 clients: {"server_time":"2026-01-15 12:05:40","timestamp":"1768467940241","isConnected":"True","numBoard":"0","numSteps":"0","numSpeed":"0.000000","numAccel":"0","numDecel":"0","currentPos":"0","startPos":"0","endPos":"0"}
[2026-01-15 12:05:41.241639] [debug] WebSocketServer: Broadcasting to 1 clients: {"server_time":"2026-01-15 12:05:41","timestamp":"1768467941241","isConnected":"True","numBoard":"0","numSteps":"0","numSpeed":"0.000000","numAccel":"0","numDecel":"0","currentPos":"0","startPos":"0","endPos":"0"}
[2026-01-15 12:05:42.241931] [debug] WebSocketServer: Broadcasting to 1 clients: {"server_time":"2026-01-15 12:05:42","timestamp":"1768467942241","isConnected":"True","numBoard":"0","numSteps":"0","numSpeed":"0.000000","numAccel":"0","numDecel":"0","currentPos":"0","startPos":"0","endPos":"0"}
[2026-01-15 12:05:43.242282] [debug] WebSocketServer: Broadcasting to 1 clients: {"server_time":"2026-01-15 12:05:43","timestamp":"1768467943242","isConnected":"True","numBoard":"0","numSteps":"0","numSpeed":"0.000000","numAccel":"0","numDecel":"0","currentPos":"0","startPos":"0","endPos":"0"}
[2026-01-15 12:05:44.242566] [debug] WebSocketServer: Broadcasting to 1 clients: {"server_time":"2026-01-15 12:05:44","timestamp":"1768467944242","isConnected":"True","numBoard":"0","numSteps":"0","numSpeed":"0.000000","numAccel":"0","numDecel":"0","currentPos":"0","startPos":"0","endPos":"0"}
[2026-01-15 12:05:45.242868] [debug] WebSocketServer: Broadcasting to 1 clients: {"server_time":"2026-01-15 12:05:45","timestamp":"1768467945242","isConnected":"True","numBoard":"0","numSteps":"0","numSpeed":"0.000000","numAccel":"0","numDecel":"0","currentPos":"0","startPos":"0","endPos":"0"}
[2026-01-15 12:05:46.243160] [debug] WebSocketServer: Broadcasting to 1 clients: {"server_time":"2026-01-15 12:05:46","timestamp":"1768467946243","isConnected":"True","numBoard":"0","numSteps":"0","numSpeed":"0.000000","numAccel":"0","numDecel":"0","currentPos":"0","startPos":"0","endPos":"0"}
[2026-01-15 12:05:47.243433] [debug] WebSocketServer: Broadcasting to 1 clients: {"server_time":"2026-01-15 12:05:47","timestamp":"1768467947243","isConnected":"True","numBoard":"0","numSteps":"0","numSpeed":"0.000000","numAccel":"0","numDecel":"0","currentPos":"0","startPos":"0","endPos":"0"}
[2026-01-15 12:05:48.243716] [debug] WebSocketServer: Broadcasting to 1 clients: {"server_time":"2026-01-15 12:05:48","timestamp":"1768467948243","isConnected":"True","numBoard":"0","numSteps":"0","numSpeed":"0.000000","numAccel":"0","numDecel":"0","currentPos":"0","startPos":"0","endPos":"0"}
[2026-01-15 12:05:49.244000] [debug] WebSocketServer: Broadcasting to 1 clients: {"server_time":"2026-01-15 12:05:49","timestamp":"1768467949243","isConnected":"True","numBoard":"0","numSteps":"0","numSpeed":"0.000000","numAccel":"0","numDecel":"0","currentPos":"0","startPos":"0","endPos":"0"}
[2026-01-15 12:05:50.244294] [debug] WebSocketServer: Broadcasting to 1 clients: {"server_time":"2026-01-15 12:05:50","timestamp":"1768467950244","isConnected":"True","numBoard":"0","numSteps":"0","numSpeed":"0.000000","numAccel":"0","numDecel":"0","currentPos":"0","startPos":"0","endPos":"0"}
[2026-01-15 12:05:51.244574] [debug] WebSocketServer: Broadcasting to 1 clients: {"server_time":"2026-01-15 12:05:51","timestamp":"1768467951244","isConnected":"True","numBoard":"0","numSteps":"0","numSpeed":"0.000000","numAccel":"0","numDecel":"0","currentPos":"0","startPos":"0","endPos":"0"}
[2026-01-15 12:05:52.244867] [debug] WebSocketServer: Broadcasting to 1 clients: {"server_time":"2026-01-15 12:05:52","timestamp":"1768467952244","isConnected":"True","numBoard":"0","numSteps":"0","numSpeed":"0.000000","numAccel":"0","numDecel":"0","currentPos":"0","startPos":"0","endPos":"0"}
[2026-01-15 12:05:53.245166] [debug] WebSocketServer: Broadcasting to 1 clients: {"server_time":"2026-01-15 12:05:53","timestamp":"1768467953245","isConnected":"True","numBoard":"0","numSteps":"0","numSpeed":"0.000000","numAccel":"0","numDecel":"0","currentPos":"0","startPos":"0","endPos":"0"}
[2026-01-15 12:05:54.245469] [debug] WebSocketServer: Broadcasting to 1 clients: {"server_time":"2026-01-15 12:05:54","timestamp":"1768467954245","isConnected":"True","numBoard":"0","numSteps":"0","numSpeed":"0.000000","numAccel":"0","numDecel":"0","currentPos":"0","startPos":"0","endPos":"0"}
[2026-01-15 12:05:55.245751] [debug] WebSocketServer: Broadcasting to 1 clients: {"server_time":"2026-01-15 12:05:55","timestamp":"1768467955245","isConnected":"True","numBoard":"0","numSteps":"0","numSpeed":"0.000000","numAccel":"0","numDecel":"0","currentPos":"0","startPos":"0","endPos":"0"}
[2026-01-15 12:05:56.246026] [debug] WebSocketServer: Broadcasting to 1 clients: {"server_time":"2026-01-15 12:05:56","timestamp":"1768467956245","isConnected":"True","numBoard":"0","numSteps":"0","numSpeed":"0.000000","numAccel":"0","numDecel":"0","currentPos":"0","startPos":"0","endPos":"0"}
[2026-01-15 12:05:57.246327] [debug] WebSocketServer: Broadcasting to 1 clients: {"server_time":"2026-01-15 12:05:57","timestamp":"1768467957246","isConnected":"True","numBoard":"0","numSteps":"0","numSpeed":"0.000000","numAccel":"0","numDecel":"0","currentPos":"0","startPos":"0","endPos":"0"}
[2026-01-15 12:05:58.246615] [debug] WebSocketServer: Broadcasting to 1 clients: {"server_time":"2026-01-15 12:05:58","timestamp":"1768467958246","isConnected":"True","numBoard":"0","numSteps":"0","numSpeed":"0.000000","numAccel":"0","numDecel":"0","currentPos":"0","startPos":"0","endPos":"0"}
[2026-01-15 12:05:59.246899] [debug] WebSocketServer: Broadcasting to 1 clients: {"server_time":"2026-01-15 12:05:59","timestamp":"1768467959246","isConnected":"True","numBoard":"0","numSteps":"0","numSpeed":"0.000000","numAccel":"0","numDecel":"0","currentPos":"0","startPos":"0","endPos":"0"}
[2026-01-15 12:06:00.247182] [debug] WebSocketServer: Broadcasting to 1 clients: {"server_time":"2026-01-15 12:06:00","timestamp":"1768467960247","isConnected":"True","numBoard":"0","numSteps":"0","numSpeed":"0.000000","numAccel":"0","numDecel":"0","currentPos":"0","startPos":"0","endPos":"0"}
[2026-01-15 12:06:01.247459] [debug] WebSocketServer: Broadcasting to 1 clients: {"server_time":"2026-01-15 12:06:01","timestamp":"1768467961247","isConnected":"True","numBoard":"0","numSteps":"0","numSpeed":"0.000000","numAccel":"0","numDecel":"0","currentPos":"0","startPos":"0","endPos":"0"}
[2026-01-15 12:06:02.247730] [debug] WebSocketServer: Broadcasting to 1 clients: {"server_time":"2026-01-15 12:06:02","timestamp":"1768467962247","isConnected":"True","numBoard":"0","numSteps":"0","numSpeed":"0.000000","numAccel":"0","numDecel":"0","currentPos":"0","startPos":"0","endPos":"0"}
[2026-01-15 12:06:03.248012] [debug] WebSocketServer: Broadcasting to 1 clients: {"server_time":"2026-01-15 12:06:03","timestamp":"1768467963247","isConnected":"True","numBoard":"0","numSteps":"0","numSpeed":"0.000000","numAccel":"0","numDecel":"0","currentPos":"0","startPos":"0","endPos":"0"}
[2026-01-15 12:06:04.248335] [debug] WebSocketServer: Broadcasting to 1 clients: {"server_time":"2026-01-15 12:06:04","timestamp":"1768467964248","isConnected":"True","numBoard":"0","numSteps":"0","numSpeed":"0.000000","numAccel":"0","numDecel":"0","currentPos":"0","startPos":"0","endPos":"0"}
[2026-01-15 12:06:05.248652] [debug] WebSocketServer: Broadcasting to 1 clients: {"server_time":"2026-01-15 12:06:05","timestamp":"1768467965248","isConnected":"True","numBoard":"0","numSteps":"0","numSpeed":"0.000000","numAccel":"0","numDecel":"0","currentPos":"0","startPos":"0","endPos":"0"}
[2026-01-15 12:06:06.248951] [debug] WebSocketServer: Broadcasting to 1 clients: {"server_time":"2026-01-15 12:06:06","timestamp":"1768467966248","isConnected":"True","numBoard":"0","numSteps":"0","numSpeed":"0.000000","numAccel":"0","numDecel":"0","currentPos":"0","startPos":"0","endPos":"0"}
[2026-01-15 12:06:07.249253] [debug] WebSocketServer: Broadcasting to 1 clients: {"server_time":"2026-01-15 12:06:07","timestamp":"1768467967249","isConnected":"True","numBoard":"0","numSteps":"0","numSpeed":"0.000000","numAccel":"0","numDecel":"0","currentPos":"0","startPos":"0","endPos":"0"}
[2026-01-15 12:06:08.249552] [debug] WebSocketServer: Broadcasting to 1 clients: {"server_time":"2026-01-15 12:06:08","timestamp":"1768467968249","isConnected":"True","numBoard":"0","numSteps":"0","numSpeed":"0.000000","numAccel":"0","numDecel":"0","currentPos":"0","startPos":"0","endPos":"0"}
[2026-01-15 12:06:09.249855] [debug] WebSocketServer: Broadcasting to 1 clients: {"server_time":"2026-01-15 12:06:09","timestamp":"1768467969249","isConnected":"True","numBoard":"0","numSteps":"0","numSpeed":"0.000000","numAccel":"0","numDecel":"0","currentPos":"0","startPos":"0","endPos":"0"}
[2026-01-15 12:06:10.250168] [debug] WebSocketServer: Broadcasting to 1 clients: {"server_time":"2026-01-15 12:06:10","timestamp":"1768467970250","isConnected":"True","numBoard":"0","numSteps":"0","numSpeed":"0.000000","numAccel":"0","numDecel":"0","currentPos":"0","startPos":"0","endPos":"0"}
[2026-01-15 12:06:11.250461] [debug] WebSocketServer: Broadcasting to 1 clients: {"server_time":"2026-01-15 12:06:11","timestamp":"1768467971250","isConnected":"True","numBoard":"0","numSteps":"0","numSpeed":"0.000000","numAccel":"0","numDecel":"0","currentPos":"0","startPos":"0","endPos":"0"}
[2026-01-15 12:06:12.250745] [debug] WebSocketServer: Broadcasting to 1 clients: {"server_time":"2026-01-15 12:06:12","timestamp":"1768467972250","isConnected":"True","numBoard":"0","numSteps":"0","numSpeed":"0.000000","numAccel":"0","numDecel":"0","currentPos":"0","startPos":"0","endPos":"0"}
[2026-01-15 12:06:13.251087] [debug] WebSocketServer: Broadcasting to 1 clients: {"server_time":"2026-01-15 12:06:13","timestamp":"1768467973251","isConnected":"True","numBoard":"0","numSteps":"0","numSpeed":"0.000000","numAccel":"0","numDecel":"0","currentPos":"0","startPos":"0","endPos":"0"}
[2026-01-15 12:06:14.251431] [debug] WebSocketServer: Broadcasting to 1 clients: {"server_time":"2026-01-15 12:06:14","timestamp":"1768467974251","isConnected":"True","numBoard":"0","numSteps":"0","numSpeed":"0.000000","numAccel":"0","numDecel":"0","currentPos":"0","startPos":"0","endPos":"0"}
[2026-01-15 12:06:15.251854] [debug] WebSocketServer: Broadcasting to 1 clients: {"server_time":"2026-01-15 12:06:15","timestamp":"1768467975251","isConnected":"True","numBoard":"0","numSteps":"0","numSpeed":"0.000000","numAccel":"0","numDecel":"0","currentPos":"0","startPos":"0","endPos":"0"}
[2026-01-15 12:06:16.252171] [debug] WebSocketServer: Broadcasting to 1 clients: {"server_time":"2026-01-15 12:06:16","timestamp":"1768467976252","isConnected":"True","numBoard":"0","numSteps":"0","numSpeed":"0.000000","numAccel":"0","numDecel":"0","currentPos":"0","startPos":"0","endPos":"0"}
[2026-01-15 12:06:17.252457] [debug] WebSocketServer: Broadcasting to 1 clients: {"server_time":"2026-01-15 12:06:17","timestamp":"1768467977252","isConnected":"True","numBoard":"0","numSteps":"0","numSpeed":"0.000000","numAccel":"0","numDecel":"0","currentPos":"0","startPos":"0","endPos":"0"}
[2026-01-15 12:06:18.252734] [debug] WebSocketServer: Broadcasting to 1 clients: {"server_time":"2026-01-15 12:06:18","timestamp":"1768467978252","isConnected":"True","numBoard":"0","numSteps":"0","numSpeed":"0.000000","numAccel":"0","numDecel":"0","currentPos":"0","startPos":"0","endPos":"0"}
[2026-01-15 12:06:19.253006] [debug] WebSocketServer: Broadcasting to 1 clients: {"server_time":"2026-01-15 12:06:19","timestamp":"1768467979252","isConnected":"True","numBoard":"0","numSteps":"0","numSpeed":"0.000000","numAccel":"0","numDecel":"0","currentPos":"0","startPos":"0","endPos":"0"}
[2026-01-15 12:06:20.253339] [debug] WebSocketServer: Broadcasting to 1 clients: {"server_time":"2026-01-15 12:06:20","timestamp":"1768467980253","isConnected":"True","numBoard":"0","numSteps":"0","numSpeed":"0.000000","numAccel":"0","numDecel":"0","currentPos":"0","startPos":"0","endPos":"0"}
[2026-01-15 12:06:21.254001] [debug] WebSocketServer: Broadcasting to 1 clients: {"server_time":"2026-01-15 12:06:21","timestamp":"1768467981253","isConnected":"True","numBoard":"0","numSteps":"0","numSpeed":"0.000000","numAccel":"0","numDecel":"0","currentPos":"0","startPos":"0","endPos":"0"}
[2026-01-15 12:06:22.254355] [debug] WebSocketServer: Broadcasting to 1 clients: {"server_time":"2026-01-15 12:06:22","timestamp":"1768467982254","isConnected":"True","numBoard":"0","numSteps":"0","numSpeed":"0.000000","numAccel":"0","numDecel":"0","currentPos":"0","startPos":"0","endPos":"0"}
[2026-01-15 12:06:23.255246] [debug] WebSocketServer: Broadcasting to 1 clients: {"server_time":"2026-01-15 12:06:23","timestamp":"1768467983255","isConnected":"True","numBoard":"0","numSteps":"0","numSpeed":"0.000000","numAccel":"0","numDecel":"0","currentPos":"0","startPos":"0","endPos":"0"}
[2026-01-15 12:06:24.255549] [debug] WebSocketServer: Broadcasting to 1 clients: {"server_time":"2026-01-15 12:06:24","timestamp":"1768467984255","isConnected":"True","numBoard":"0","numSteps":"0","numSpeed":"0.000000","numAccel":"0","numDecel":"0","currentPos":"0","startPos":"0","endPos":"0"}
[2026-01-15 12:06:25.256285] [debug] WebSocketServer: Broadcasting to 1 clients: {"server_time":"2026-01-15 12:06:25","timestamp":"1768467985256","isConnected":"True","numBoard":"0","numSteps":"0","numSpeed":"0.000000","numAccel":"0","numDecel":"0","currentPos":"0","startPos":"0","endPos":"0"}
[2026-01-15 12:06:26.256579] [debug] WebSocketServer: Broadcasting to 1 clients: {"server_time":"2026-01-15 12:06:26","timestamp":"1768467986256","isConnected":"True","numBoard":"0","numSteps":"0","numSpeed":"0.000000","numAccel":"0","numDecel":"0","currentPos":"0","startPos":"0","endPos":"0"}
[2026-01-15 12:06:27.256921] [debug] WebSocketServer: Broadcasting to 1 clients: {"server_time":"2026-01-15 12:06:27","timestamp":"1768467987256","isConnected":"True","numBoard":"0","numSteps":"0","numSpeed":"0.000000","numAccel":"0","numDecel":"0","currentPos":"0","startPos":"0","endPos":"0"}
[2026-01-15 12:06:28.257212] [debug] WebSocketServer: Broadcasting to 1 clients: {"server_time":"2026-01-15 12:06:28","timestamp":"1768467988257","isConnected":"True","numBoard":"0","numSteps":"0","numSpeed":"0.000000","numAccel":"0","numDecel":"0","currentPos":"0","startPos":"0","endPos":"0"}
[2026-01-15 12:06:29.257483] [debug] WebSocketServer: Broadcasting to 1 clients: {"server_time":"2026-01-15 12:06:29","timestamp":"1768467989257","isConnected":"True","numBoard":"0","numSteps":"0","numSpeed":"0.000000","numAccel":"0","numDecel":"0","currentPos":"0","startPos":"0","endPos":"0"}
[2026-01-15 12:06:30.257768] [debug] WebSocketServer: Broadcasting to 1 clients: {"server_time":"2026-01-15 12:06:30","timestamp":"1768467990257","isConnected":"True","numBoard":"0","numSteps":"0","numSpeed":"0.000000","numAccel":"0","numDecel":"0","currentPos":"0","startPos":"0","endPos":"0"}
[2026-01-15 12:06:31.258052] [debug] WebSocketServer: Broadcasting to 1 clients: {"server_time":"2026-01-15 12:06:31","timestamp":"1768467991257","isConnected":"True","numBoard":"0","numSteps":"0","numSpeed":"0.000000","numAccel":"0","numDecel":"0","currentPos":"0","startPos":"0","endPos":"0"}
[2026-01-15 12:06:32.258381] [debug] WebSocketServer: Broadcasting to 1 clients: {"server_time":"2026-01-15 12:06:32","timestamp":"1768467992258","isConnected":"True","numBoard":"0","numSteps":"0","numSpeed":"0.000000","numAccel":"0","numDecel":"0","currentPos":"0","startPos":"0","endPos":"0"}
[2026-01-15 12:06:33.258707] [debug] WebSocketServer: Broadcasting to 1 clients: {"server_time":"2026-01-15 12:06:33","timestamp":"1768467993258","isConnected":"True","numBoard":"0","numSteps":"0","numSpeed":"0.000000","numAccel":"0","numDecel":"0","currentPos":"0","startPos":"0","endPos":"0"}
[2026-01-15 12:06:34.259014] [debug] WebSocketServer: Broadcasting to 1 clients: {"server_time":"2026-01-15 12:06:34","timestamp":"1768467994258","isConnected":"True","numBoard":"0","numSteps":"0","numSpeed":"0.000000","numAccel":"0","numDecel":"0","currentPos":"0","startPos":"0","endPos":"0"}
[2026-01-15 12:06:35.259398] [debug] WebSocketServer: Broadcasting to 1 clients: {"server_time":"2026-01-15 12:06:35","timestamp":"1768467995259","isConnected":"True","numBoard":"0","numSteps":"0","numSpeed":"0.000000","numAccel":"0","numDecel":"0","currentPos":"0","startPos":"0","endPos":"0"}
[2026-01-15 12:06:36.259698] [debug] WebSocketServer: Broadcasting to 1 clients: {"server_time":"2026-01-15 12:06:36","timestamp":"1768467996259","isConnected":"True","numBoard":"0","numSteps":"0","numSpeed":"0.000000","numAccel":"0","numDecel":"0","currentPos":"0","startPos":"0","endPos":"0"}
[2026-01-15 12:06:37.260325] [debug] WebSocketServer: Broadcasting to 1 clients: {"server_time":"2026-01-15 12:06:37","timestamp":"1768467997260","isConnected":"True","numBoard":"0","numSteps":"0","numSpeed":"0.000000","numAccel":"0","numDecel":"0","currentPos":"0","startPos":"0","endPos":"0"}
[2026-01-15 12:06:38.260614] [debug] WebSocketServer: Broadcasting to 1 clients: {"server_time":"2026-01-15 12:06:38","timestamp":"1768467998260","isConnected":"True","numBoard":"0","numSteps":"0","numSpeed":"0.000000","numAccel":"0","numDecel":"0","currentPos":"0","startPos":"0","endPos":"0"}
[2026-01-15 12:06:39.261200] [debug] WebSocketServer: Broadcasting to 1 clients: {"server_time":"2026-01-15 12:06:39","timestamp":"1768467999261","isConnected":"True","numBoard":"0","numSteps":"0","numSpeed":"0.000000","numAccel":"0","numDecel":"0","currentPos":"0","startPos":"0","endPos":"0"}
[2026-01-15 12:06:40.261546] [debug] WebSocketServer: Broadcasting to 1 clients: {"server_time":"2026-01-15 12:06:40","timestamp":"1768468000261","isConnected":"True","numBoard":"0","numSteps":"0","numSpeed":"0.000000","numAccel":"0","numDecel":"0","currentPos":"0","startPos":"0","endPos":"0"}
[2026-01-15 12:06:41.262186] [debug] WebSocketServer: Broadcasting to 1 clients: {"server_time":"2026-01-15 12:06:41","timestamp":"1768468001262","isConnected":"True","numBoard":"0","numSteps":"0","numSpeed":"0.000000","numAccel":"0","numDecel":"0","currentPos":"0","startPos":"0","endPos":"0"}
[2026-01-15 12:06:42.262461] [debug] WebSocketServer: Broadcasting to 1 clients: {"server_time":"2026-01-15 12:06:42","timestamp":"1768468002262","isConnected":"True","numBoard":"0","numSteps":"0","numSpeed":"0.000000","numAccel":"0","numDecel":"0","currentPos":"0","startPos":"0","endPos":"0"}
[2026-01-15 12:06:43.262743] [debug] WebSocketServer: Broadcasting to 1 clients: {"server_time":"2026-01-15 12:06:43","timestamp":"1768468003262","isConnected":"True","numBoard":"0","numSteps":"0","numSpeed":"0.000000","numAccel":"0","numDecel":"0","currentPos":"0","startPos":"0","endPos":"0"}
[2026-01-15 12:06:44.263023] [debug] WebSocketServer: Broadcasting to 1 clients: {"server_time":"2026-01-15 12:06:44","timestamp":"1768468004262","isConnected":"True","numBoard":"0","numSteps":"0","numSpeed":"0.000000","numAccel":"0","numDecel":"0","currentPos":"0","startPos":"0","endPos":"0"}
[2026-01-15 12:06:45.263323] [debug] WebSocketServer: Broadcasting to 1 clients: {"server_time":"2026-01-15 12:06:45","timestamp":"1768468005263","isConnected":"True","numBoard":"0","numSteps":"0","numSpeed":"0.000000","numAccel":"0","numDecel":"0","currentPos":"0","startPos":"0","endPos":"0"}
[2026-01-15 12:06:46.263576] [debug] WebSocketServer: Broadcasting to 1 clients: {"server_time":"2026-01-15 12:06:46","timestamp":"1768468006263","isConnected":"True","numBoard":"0","numSteps":"0","numSpeed":"0.000000","numAccel":"0","numDecel":"0","currentPos":"0","startPos":"0","endPos":"0"}
[2026-01-15 12:06:47.263874] [debug] WebSocketServer: Broadcasting to 1 clients: {"server_time":"2026-01-15 12:06:47","timestamp":"1768468007263","isConnected":"True","numBoard":"0","numSteps":"0","numSpeed":"0.000000","numAccel":"0","numDecel":"0","currentPos":"0","startPos":"0","endPos":"0"}
[2026-01-15 12:06:48.264170] [debug] WebSocketServer: Broadcasting to 1 clients: {"server_time":"2026-01-15 12:06:48","timestamp":"1768468008264","isConnected":"True","numBoard":"0","numSteps":"0","numSpeed":"0.000000","numAccel":"0","numDecel":"0","currentPos":"0","startPos":"0","endPos":"0"}
[2026-01-15 12:06:49.264447] [debug] WebSocketServer: Broadcasting to 1 clients: {"server_time":"2026-01-15 12:06:49","timestamp":"1768468009264","isConnected":"True","numBoard":"0","numSteps":"0","numSpeed":"0.000000","numAccel":"0","numDecel":"0","currentPos":"0","startPos":"0","endPos":"0"}
[2026-01-15 12:06:50.264710] [debug] WebSocketServer: Broadcasting to 1 clients: {"server_time":"2026-01-15 12:06:50","timestamp":"1768468010264","isConnected":"True","numBoard":"0","numSteps":"0","numSpeed":"0.000000","numAccel":"0","numDecel":"0","currentPos":"0","startPos":"0","endPos":"0"}
[2026-01-15 12:06:51.264997] [debug] WebSocketServer: Broadcasting to 1 clients: {"server_time":"2026-01-15 12:06:51","timestamp":"1768468011264","isConnected":"True","numBoard":"0","numSteps":"0","numSpeed":"0.000000","numAccel":"0","numDecel":"0","currentPos":"0","startPos":"0","endPos":"0"}
[2026-01-15 12:06:52.265288] [debug] WebSocketServer: Broadcasting to 1 clients: {"server_time":"2026-01-15 12:06:52","timestamp":"1768468012265","isConnected":"True","numBoard":"0","numSteps":"0","numSpeed":"0.000000","numAccel":"0","numDecel":"0","currentPos":"0","startPos":"0","endPos":"0"}
[2026-01-15 12:06:53.265570] [debug] WebSocketServer: Broadcasting to 1 clients: {"server_time":"2026-01-15 12:06:53","timestamp":"1768468013265","isConnected":"True","numBoard":"0","numSteps":"0","numSpeed":"0.000000","numAccel":"0","numDecel":"0","currentPos":"0","startPos":"0","endPos":"0"}
[2026-01-15 12:06:54.265861] [debug] WebSocketServer: Broadcasting to 1 clients: {"server_time":"2026-01-15 12:06:54","timestamp":"1768468014265","isConnected":"True","numBoard":"0","numSteps":"0","numSpeed":"0.000000","numAccel":"0","numDecel":"0","currentPos":"0","startPos":"0","endPos":"0"}
[2026-01-15 12:06:55.266216] [debug] WebSocketServer: Broadcasting to 1 clients: {"server_time":"2026-01-15 12:06:55","timestamp":"1768468015266","isConnected":"True","numBoard":"0","numSteps":"0","numSpeed":"0.000000","numAccel":"0","numDecel":"0","currentPos":"0","startPos":"0","endPos":"0"}
[2026-01-15 12:06:56.266501] [debug] WebSocketServer: Broadcasting to 1 clients: {"server_time":"2026-01-15 12:06:56","timestamp":"1768468016266","isConnected":"True","numBoard":"0","numSteps":"0","numSpeed":"0.000000","numAccel":"0","numDecel":"0","currentPos":"0","startPos":"0","endPos":"0"}
[2026-01-15 12:06:57.266799] [debug] WebSocketServer: Broadcasting to 1 clients: {"server_time":"2026-01-15 12:06:57","timestamp":"1768468017266","isConnected":"True","numBoard":"0","numSteps":"0","numSpeed":"0.000000","numAccel":"0","numDecel":"0","currentPos":"0","startPos":"0","endPos":"0"}
[2026-01-15 12:06:58.267068] [debug] WebSocketServer: Broadcasting to 1 clients: {"server_time":"2026-01-15 12:06:58","timestamp":"1768468018267","isConnected":"True","numBoard":"0","numSteps":"0","numSpeed":"0.000000","numAccel":"0","numDecel":"0","currentPos":"0","startPos":"0","endPos":"0"}
[2026-01-15 12:06:59.267359] [debug] WebSocketServer: Broadcasting to 1 clients: {"server_time":"2026-01-15 12:06:59","timestamp":"1768468019267","isConnected":"True","numBoard":"0","numSteps":"0","numSpeed":"0.000000","numAccel":"0","numDecel":"0","currentPos":"0","startPos":"0","endPos":"0"}
[2026-01-15 12:07:00.267653] [debug] WebSocketServer: Broadcasting to 1 clients: {"server_time":"2026-01-15 12:07:00","timestamp":"1768468020267","isConnected":"True","numBoard":"0","numSteps":"0","numSpeed":"0.000000","numAccel":"0","numDecel":"0","currentPos":"0","startPos":"0","endPos":"0"}
[2026-01-15 12:07:01.267947] [debug] WebSocketServer: Broadcasting to 1 clients: {"server_time":"2026-01-15 12:07:01","timestamp":"1768468021267","isConnected":"True","numBoard":"0","numSteps":"0","numSpeed":"0.000000","numAccel":"0","numDecel":"0","currentPos":"0","startPos":"0","endPos":"0"}
[2026-01-15 12:07:02.268284] [debug] WebSocketServer: Broadcasting to 1 clients: {"server_time":"2026-01-15 12:07:02","timestamp":"1768468022268","isConnected":"True","numBoard":"0","numSteps":"0","numSpeed":"0.000000","numAccel":"0","numDecel":"0","currentPos":"0","startPos":"0","endPos":"0"}
[2026-01-15 12:07:03.268762] [debug] WebSocketServer: Broadcasting to 1 clients: {"server_time":"2026-01-15 12:07:03","timestamp":"1768468023268","isConnected":"True","numBoard":"0","numSteps":"0","numSpeed":"0.000000","numAccel":"0","numDecel":"0","currentPos":"0","startPos":"0","endPos":"0"}
[2026-01-15 12:07:04.269161] [debug] WebSocketServer: Broadcasting to 1 clients: {"server_time":"2026-01-15 12:07:04","timestamp":"1768468024269","isConnected":"True","numBoard":"0","numSteps":"0","numSpeed":"0.000000","numAccel":"0","numDecel":"0","currentPos":"0","startPos":"0","endPos":"0"}
[2026-01-15 12:07:05.269444] [debug] WebSocketServer: Broadcasting to 1 clients: {"server_time":"2026-01-15 12:07:05","timestamp":"1768468025269","isConnected":"True","numBoard":"0","numSteps":"0","numSpeed":"0.000000","numAccel":"0","numDecel":"0","currentPos":"0","startPos":"0","endPos":"0"}
[2026-01-15 12:07:06.269753] [debug] WebSocketServer: Broadcasting to 1 clients: {"server_time":"2026-01-15 12:07:06","timestamp":"1768468026269","isConnected":"True","numBoard":"0","numSteps":"0","numSpeed":"0.000000","numAccel":"0","numDecel":"0","currentPos":"0","startPos":"0","endPos":"0"}
[2026-01-15 12:07:07.270059] [debug] WebSocketServer: Broadcasting to 1 clients: {"server_time":"2026-01-15 12:07:07","timestamp":"1768468027270","isConnected":"True","numBoard":"0","numSteps":"0","numSpeed":"0.000000","numAccel":"0","numDecel":"0","currentPos":"0","startPos":"0","endPos":"0"}
[2026-01-15 12:07:08.270412] [debug] WebSocketServer: Broadcasting to 1 clients: {"server_time":"2026-01-15 12:07:08","timestamp":"1768468028270","isConnected":"True","numBoard":"0","numSteps":"0","numSpeed":"0.000000","numAccel":"0","numDecel":"0","currentPos":"0","startPos":"0","endPos":"0"}
[2026-01-15 12:07:09.270732] [debug] WebSocketServer: Broadcasting to 1 clients: {"server_time":"2026-01-15 12:07:09","timestamp":"1768468029270","isConnected":"True","numBoard":"0","numSteps":"0","numSpeed":"0.000000","numAccel":"0","numDecel":"0","currentPos":"0","startPos":"0","endPos":"0"}
[2026-01-15 12:07:10.271045] [debug] WebSocketServer: Broadcasting to 1 clients: {"server_time":"2026-01-15 12:07:10","timestamp":"1768468030270","isConnected":"True","numBoard":"0","numSteps":"0","numSpeed":"0.000000","numAccel":"0","numDecel":"0","currentPos":"0","startPos":"0","endPos":"0"}
[2026-01-15 12:07:11.271363] [debug] WebSocketServer: Broadcasting to 1 clients: {"server_time":"2026-01-15 12:07:11","timestamp":"1768468031271","isConnected":"True","numBoard":"0","numSteps":"0","numSpeed":"0.000000","numAccel":"0","numDecel":"0","currentPos":"0","startPos":"0","endPos":"0"}
[2026-01-15 12:07:12.271641] [debug] WebSocketServer: Broadcasting to 1 clients: {"server_time":"2026-01-15 12:07:12","timestamp":"1768468032271","isConnected":"True","numBoard":"0","numSteps":"0","numSpeed":"0.000000","numAccel":"0","numDecel":"0","currentPos":"0","startPos":"0","endPos":"0"}
[2026-01-15 12:07:13.271922] [debug] WebSocketServer: Broadcasting to 1 clients: {"server_time":"2026-01-15 12:07:13","timestamp":"1768468033271","isConnected":"True","numBoard":"0","numSteps":"0","numSpeed":"0.000000","numAccel":"0","numDecel":"0","currentPos":"0","startPos":"0","endPos":"0"}
[2026-01-15 12:07:14.272243] [debug] WebSocketServer: Broadcasting to 1 clients: {"server_time":"2026-01-15 12:07:14","timestamp":"1768468034272","isConnected":"True","numBoard":"0","numSteps":"0","numSpeed":"0.000000","numAccel":"0","numDecel":"0","currentPos":"0","startPos":"0","endPos":"0"}
[2026-01-15 12:07:15.272542] [debug] WebSocketServer: Broadcasting to 1 clients: {"server_time":"2026-01-15 12:07:15","timestamp":"1768468035272","isConnected":"True","numBoard":"0","numSteps":"0","numSpeed":"0.000000","numAccel":"0","numDecel":"0","currentPos":"0","startPos":"0","endPos":"0"}
[2026-01-15 12:07:16.272795] [debug] WebSocketServer: Broadcasting to 1 clients: {"server_time":"2026-01-15 12:07:16","timestamp":"1768468036272","isConnected":"True","numBoard":"0","numSteps":"0","numSpeed":"0.000000","numAccel":"0","numDecel":"0","currentPos":"0","startPos":"0","endPos":"0"}
[2026-01-15 12:07:17.273064] [debug] WebSocketServer: Broadcasting to 1 clients: {"server_time":"2026-01-15 12:07:17","timestamp":"1768468037273","isConnected":"True","numBoard":"0","numSteps":"0","numSpeed":"0.000000","numAccel":"0","numDecel":"0","currentPos":"0","startPos":"0","endPos":"0"}
[2026-01-15 12:07:18.273420] [debug] WebSocketServer: Broadcasting to 1 clients: {"server_time":"2026-01-15 12:07:18","timestamp":"1768468038273","isConnected":"True","numBoard":"0","numSteps":"0","numSpeed":"0.000000","numAccel":"0","numDecel":"0","currentPos":"0","startPos":"0","endPos":"0"}
[2026-01-15 12:07:19.273708] [debug] WebSocketServer: Broadcasting to 1 clients: {"server_time":"2026-01-15 12:07:19","timestamp":"1768468039273","isConnected":"True","numBoard":"0","numSteps":"0","numSpeed":"0.000000","numAccel":"0","numDecel":"0","currentPos":"0","startPos":"0","endPos":"0"}
[2026-01-15 12:07:20.273972] [debug] WebSocketServer: Broadcasting to 1 clients: {"server_time":"2026-01-15 12:07:20","timestamp":"1768468040273","isConnected":"True","numBoard":"0","numSteps":"0","numSpeed":"0.000000","numAccel":"0","numDecel":"0","currentPos":"0","startPos":"0","endPos":"0"}
[2026-01-15 12:07:21.274297] [debug] WebSocketServer: Broadcasting to 1 clients: {"server_time":"2026-01-15 12:07:21","timestamp":"1768468041274","isConnected":"True","numBoard":"0","numSteps":"0","numSpeed":"0.000000","numAccel":"0","numDecel":"0","currentPos":"0","startPos":"0","endPos":"0"}
[2026-01-15 12:07:22.274618] [debug] WebSocketServer: Broadcasting to 1 clients: {"server_time":"2026-01-15 12:07:22","timestamp":"1768468042274","isConnected":"True","numBoard":"0","numSteps":"0","numSpeed":"0.000000","numAccel":"0","numDecel":"0","currentPos":"0","startPos":"0","endPos":"0"}
[2026-01-15 12:07:23.274894] [debug] WebSocketServer: Broadcasting to 1 clients: {"server_time":"2026-01-15 12:07:23","timestamp":"1768468043274","isConnected":"True","numBoard":"0","numSteps":"0","numSpeed":"0.000000","numAccel":"0","numDecel":"0","currentPos":"0","startPos":"0","endPos":"0"}
[2026-01-15 12:07:24.275195] [debug] WebSocketServer: Broadcasting to 1 clients: {"server_time":"2026-01-15 12:07:24","timestamp":"1768468044275","isConnected":"True","numBoard":"0","numSteps":"0","numSpeed":"0.000000","numAccel":"0","numDecel":"0","currentPos":"0","startPos":"0","endPos":"0"}
[2026-01-15 12:07:25.275469] [debug] WebSocketServer: Broadcasting to 1 clients: {"server_time":"2026-01-15 12:07:25","timestamp":"1768468045275","isConnected":"True","numBoard":"0","numSteps":"0","numSpeed":"0.000000","numAccel":"0","numDecel":"0","currentPos":"0","startPos":"0","endPos":"0"}
[2026-01-15 12:07:26.275746] [debug] WebSocketServer: Broadcasting to 1 clients: {"server_time":"2026-01-15 12:07:26","timestamp":"1768468046275","isConnected":"True","numBoard":"0","numSteps":"0","numSpeed":"0.000000","numAccel":"0","numDecel":"0","currentPos":"0","startPos":"0","endPos":"0"}
[2026-01-15 12:07:27.276016] [debug] WebSocketServer: Broadcasting to 1 clients: {"server_time":"2026-01-15 12:07:27","timestamp":"1768468047275","isConnected":"True","numBoard":"0","numSteps":"0","numSpeed":"0.000000","numAccel":"0","numDecel":"0","currentPos":"0","startPos":"0","endPos":"0"}
[2026-01-15 12:07:28.276308] [debug] WebSocketServer: Broadcasting to 1 clients: {"server_time":"2026-01-15 12:07:28","timestamp":"1768468048276","isConnected":"True","numBoard":"0","numSteps":"0","numSpeed":"0.000000","numAccel":"0","numDecel":"0","currentPos":"0","startPos":"0","endPos":"0"}
[2026-01-15 12:07:29.276601] [debug] WebSocketServer: Broadcasting to 1 clients: {"server_time":"2026-01-15 12:07:29","timestamp":"1768468049276","isConnected":"True","numBoard":"0","numSteps":"0","numSpeed":"0.000000","numAccel":"0","numDecel":"0","currentPos":"0","startPos":"0","endPos":"0"}
[2026-01-15 12:07:30.276886] [debug] WebSocketServer: Broadcasting to 1 clients: {"server_time":"2026-01-15 12:07:30","timestamp":"1768468050276","isConnected":"True","numBoard":"0","numSteps":"0","numSpeed":"0.000000","numAccel":"0","numDecel":"0","currentPos":"0","startPos":"0","endPos":"0"}
[2026-01-15 12:07:31.277464] [debug] WebSocketServer: Broadcasting to 1 clients: {"server_time":"2026-01-15 12:07:31","timestamp":"1768468051277","isConnected":"True","numBoard":"0","numSteps":"0","numSpeed":"0.000000","numAccel":"0","numDecel":"0","currentPos":"0","startPos":"0","endPos":"0"}
[2026-01-15 12:07:32.278218] [debug] WebSocketServer: Broadcasting to 1 clients: {"server_time":"2026-01-15 12:07:32","timestamp":"1768468052278","isConnected":"True","numBoard":"0","numSteps":"0","numSpeed":"0.000000","numAccel":"0","numDecel":"0","currentPos":"0","startPos":"0","endPos":"0"}
[2026-01-15 12:07:33.278539] [debug] WebSocketServer: Broadcasting to 1 clients: {"server_time":"2026-01-15 12:07:33","timestamp":"1768468053278","isConnected":"True","numBoard":"0","numSteps":"0","numSpeed":"0.000000","numAccel":"0","numDecel":"0","currentPos":"0","startPos":"0","endPos":"0"}
[2026-01-15 12:07:34.278862] [debug] WebSocketServer: Broadcasting to 1 clients: {"server_time":"2026-01-15 12:07:34","timestamp":"1768468054278","isConnected":"True","numBoard":"0","numSteps":"0","numSpeed":"0.000000","numAccel":"0","numDecel":"0","currentPos":"0","startPos":"0","endPos":"0"}
[2026-01-15 12:07:35.279192] [debug] WebSocketServer: Broadcasting to 1 clients: {"server_time":"2026-01-15 12:07:35","timestamp":"1768468055279","isConnected":"True","numBoard":"0","numSteps":"0","numSpeed":"0.000000","numAccel":"0","numDecel":"0","currentPos":"0","startPos":"0","endPos":"0"}
[2026-01-15 12:07:36.279503] [debug] WebSocketServer: Broadcasting to 1 clients: {"server_time":"2026-01-15 12:07:36","timestamp":"1768468056279","isConnected":"True","numBoard":"0","numSteps":"0","numSpeed":"0.000000","numAccel":"0","numDecel":"0","currentPos":"0","startPos":"0","endPos":"0"}
[2026-01-15 12:07:37.279822] [debug] WebSocketServer: Broadcasting to 1 clients: {"server_time":"2026-01-15 12:07:37","timestamp":"1768468057279","isConnected":"True","numBoard":"0","numSteps":"0","numSpeed":"0.000000","numAccel":"0","numDecel":"0","currentPos":"0","startPos":"0","endPos":"0"}
[2026-01-15 12:07:38.280131] [debug] WebSocketServer: Broadcasting to 1 clients: {"server_time":"2026-01-15 12:07:38","timestamp":"1768468058280","isConnected":"True","numBoard":"0","numSteps":"0","numSpeed":"0.000000","numAccel":"0","numDecel":"0","currentPos":"0","startPos":"0","endPos":"0"}
[2026-01-15 12:07:39.280453] [debug] WebSocketServer: Broadcasting to 1 clients: {"server_time":"2026-01-15 12:07:39","timestamp":"1768468059280","isConnected":"True","numBoard":"0","numSteps":"0","numSpeed":"0.000000","numAccel":"0","numDecel":"0","currentPos":"0","startPos":"0","endPos":"0"}
[2026-01-15 12:07:40.280758] [debug] WebSocketServer: Broadcasting to 1 clients: {"server_time":"2026-01-15 12:07:40","timestamp":"1768468060280","isConnected":"True","numBoard":"0","numSteps":"0","numSpeed":"0.000000","numAccel":"0","numDecel":"0","currentPos":"0","startPos":"0","endPos":"0"}
[2026-01-15 12:07:41.281049] [debug] WebSocketServer: Broadcasting to 1 clients: {"server_time":"2026-01-15 12:07:41","timestamp":"1768468061281","isConnected":"True","numBoard":"0","numSteps":"0","numSpeed":"0.000000","numAccel":"0","numDecel":"0","currentPos":"0","startPos":"0","endPos":"0"}
[2026-01-15 12:07:42.281309] [debug] WebSocketServer: Broadcasting to 1 clients: {"server_time":"2026-01-15 12:07:42","timestamp":"1768468062281","isConnected":"True","numBoard":"0","numSteps":"0","numSpeed":"0.000000","numAccel":"0","numDecel":"0","currentPos":"0","startPos":"0","endPos":"0"}
[2026-01-15 12:07:43.281605] [debug] WebSocketServer: Broadcasting to 1 clients: {"server_time":"2026-01-15 12:07:43","timestamp":"1768468063281","isConnected":"True","numBoard":"0","numSteps":"0","numSpeed":"0.000000","numAccel":"0","numDecel":"0","currentPos":"0","startPos":"0","endPos":"0"}
[2026-01-15 12:07:44.281873] [debug] WebSocketServer: Broadcasting to 1 clients: {"server_time":"2026-01-15 12:07:44","timestamp":"1768468064281","isConnected":"True","numBoard":"0","numSteps":"0","numSpeed":"0.000000","numAccel":"0","numDecel":"0","currentPos":"0","startPos":"0","endPos":"0"}
[2026-01-15 12:07:45.282196] [debug] WebSocketServer: Broadcasting to 1 clients: {"server_time":"2026-01-15 12:07:45","timestamp":"1768468065282","isConnected":"True","numBoard":"0","numSteps":"0","numSpeed":"0.000000","numAccel":"0","numDecel":"0","currentPos":"0","startPos":"0","endPos":"0"}
[2026-01-15 12:07:46.282476] [debug] WebSocketServer: Broadcasting to 1 clients: {"server_time":"2026-01-15 12:07:46","timestamp":"1768468066282","isConnected":"True","numBoard":"0","numSteps":"0","numSpeed":"0.000000","numAccel":"0","numDecel":"0","currentPos":"0","startPos":"0","endPos":"0"}
[2026-01-15 12:07:47.282764] [debug] WebSocketServer: Broadcasting to 1 clients: {"server_time":"2026-01-15 12:07:47","timestamp":"1768468067282","isConnected":"True","numBoard":"0","numSteps":"0","numSpeed":"0.000000","numAccel":"0","numDecel":"0","currentPos":"0","startPos":"0","endPos":"0"}
[2026-01-15 12:07:48.283021] [debug] WebSocketServer: Broadcasting to 1 clients: {"server_time":"2026-01-15 12:07:48","timestamp":"1768468068282","isConnected":"True","numBoard":"0","numSteps":"0","numSpeed":"0.000000","numAccel":"0","numDecel":"0","currentPos":"0","startPos":"0","endPos":"0"}
[2026-01-15 12:07:49.283327] [debug] WebSocketServer: Broadcasting to 1 clients: {"server_time":"2026-01-15 12:07:49","timestamp":"1768468069283","isConnected":"True","numBoard":"0","numSteps":"0","numSpeed":"0.000000","numAccel":"0","numDecel":"0","currentPos":"0","startPos":"0","endPos":"0"}
[2026-01-15 12:07:50.283603] [debug] WebSocketServer: Broadcasting to 1 clients: {"server_time":"2026-01-15 12:07:50","timestamp":"1768468070283","isConnected":"True","numBoard":"0","numSteps":"0","numSpeed":"0.000000","numAccel":"0","numDecel":"0","currentPos":"0","startPos":"0","endPos":"0"}
[2026-01-15 12:07:51.283886] [debug] WebSocketServer: Broadcasting to 1 clients: {"server_time":"2026-01-15 12:07:51","timestamp":"1768468071283","isConnected":"True","numBoard":"0","numSteps":"0","numSpeed":"0.000000","numAccel":"0","numDecel":"0","currentPos":"0","startPos":"0","endPos":"0"}
[2026-01-15 12:07:52.284179] [debug] WebSocketServer: Broadcasting to 1 clients: {"server_time":"2026-01-15 12:07:52","timestamp":"1768468072284","isConnected":"True","numBoard":"0","numSteps":"0","numSpeed":"0.000000","numAccel":"0","numDecel":"0","currentPos":"0","startPos":"0","endPos":"0"}
[2026-01-15 12:07:53.284498] [debug] WebSocketServer: Broadcasting to 1 clients: {"server_time":"2026-01-15 12:07:53","timestamp":"1768468073284","isConnected":"True","numBoard":"0","numSteps":"0","numSpeed":"0.000000","numAccel":"0","numDecel":"0","currentPos":"0","startPos":"0","endPos":"0"}
[2026-01-15 12:07:54.284772] [debug] WebSocketServer: Broadcasting to 1 clients: {"server_time":"2026-01-15 12:07:54","timestamp":"1768468074284","isConnected":"True","numBoard":"0","numSteps":"0","numSpeed":"0.000000","numAccel":"0","numDecel":"0","currentPos":"0","startPos":"0","endPos":"0"}
[2026-01-15 12:07:55.285082] [debug] WebSocketServer: Broadcasting to 1 clients: {"server_time":"2026-01-15 12:07:55","timestamp":"1768468075285","isConnected":"True","numBoard":"0","numSteps":"0","numSpeed":"0.000000","numAccel":"0","numDecel":"0","currentPos":"0","startPos":"0","endPos":"0"}
[2026-01-15 12:07:56.285391] [debug] WebSocketServer: Broadcasting to 1 clients: {"server_time":"2026-01-15 12:07:56","timestamp":"1768468076285","isConnected":"True","numBoard":"0","numSteps":"0","numSpeed":"0.000000","numAccel":"0","numDecel":"0","currentPos":"0","startPos":"0","endPos":"0"}
[2026-01-15 12:07:57.285688] [debug] WebSocketServer: Broadcasting to 1 clients: {"server_time":"2026-01-15 12:07:57","timestamp":"1768468077285","isConnected":"True","numBoard":"0","numSteps":"0","numSpeed":"0.000000","numAccel":"0","numDecel":"0","currentPos":"0","startPos":"0","endPos":"0"}
[2026-01-15 12:07:58.285960] [debug] WebSocketServer: Broadcasting to 1 clients: {"server_time":"2026-01-15 12:07:58","timestamp":"1768468078285","isConnected":"True","numBoard":"0","numSteps":"0","numSpeed":"0.000000","numAccel":"0","numDecel":"0","currentPos":"0","startPos":"0","endPos":"0"}
[2026-01-15 12:07:59.286213] [debug] WebSocketServer: Broadcasting to 1 clients: {"server_time":"2026-01-15 12:07:59","timestamp":"1768468079286","isConnected":"True","numBoard":"0","numSteps":"0","numSpeed":"0.000000","numAccel":"0","numDecel":"0","currentPos":"0","startPos":"0","endPos":"0"}
[2026-01-15 12:08:00.286499] [debug] WebSocketServer: Broadcasting to 1 clients: {"server_time":"2026-01-15 12:08:00","timestamp":"1768468080286","isConnected":"True","numBoard":"0","numSteps":"0","numSpeed":"0.000000","numAccel":"0","numDecel":"0","currentPos":"0","startPos":"0","endPos":"0"}
[2026-01-15 12:08:01.286802] [debug] WebSocketServer: Broadcasting to 1 clients: {"server_time":"2026-01-15 12:08:01","timestamp":"1768468081286","isConnected":"True","numBoard":"0","numSteps":"0","numSpeed":"0.000000","numAccel":"0","numDecel":"0","currentPos":"0","startPos":"0","endPos":"0"}
[2026-01-15 12:08:02.287108] [debug] WebSocketServer: Broadcasting to 1 clients: {"server_time":"2026-01-15 12:08:02","timestamp":"1768468082287","isConnected":"True","numBoard":"0","numSteps":"0","numSpeed":"0.000000","numAccel":"0","numDecel":"0","currentPos":"0","startPos":"0","endPos":"0"}
[2026-01-15 12:08:03.287388] [debug] WebSocketServer: Broadcasting to 1 clients: {"server_time":"2026-01-15 12:08:03","timestamp":"1768468083287","isConnected":"True","numBoard":"0","numSteps":"0","numSpeed":"0.000000","numAccel":"0","numDecel":"0","currentPos":"0","startPos":"0","endPos":"0"}
[2026-01-15 12:08:04.287699] [debug] WebSocketServer: Broadcasting to 1 clients: {"server_time":"2026-01-15 12:08:04","timestamp":"1768468084287","isConnected":"True","numBoard":"0","numSteps":"0","numSpeed":"0.000000","numAccel":"0","numDecel":"0","currentPos":"0","startPos":"0","endPos":"0"}
[2026-01-15 12:08:05.288011] [debug] WebSocketServer: Broadcasting to 1 clients: {"server_time":"2026-01-15 12:08:05","timestamp":"1768468085287","isConnected":"True","numBoard":"0","numSteps":"0","numSpeed":"0.000000","numAccel":"0","numDecel":"0","currentPos":"0","startPos":"0","endPos":"0"}
[2026-01-15 12:08:06.288298] [debug] WebSocketServer: Broadcasting to 1 clients: {"server_time":"2026-01-15 12:08:06","timestamp":"1768468086288","isConnected":"True","numBoard":"0","numSteps":"0","numSpeed":"0.000000","numAccel":"0","numDecel":"0","currentPos":"0","startPos":"0","endPos":"0"}
[2026-01-15 12:08:07.288599] [debug] WebSocketServer: Broadcasting to 1 clients: {"server_time":"2026-01-15 12:08:07","timestamp":"1768468087288","isConnected":"True","numBoard":"0","numSteps":"0","numSpeed":"0.000000","numAccel":"0","numDecel":"0","currentPos":"0","startPos":"0","endPos":"0"}
[2026-01-15 12:08:08.288871] [debug] WebSocketServer: Broadcasting to 1 clients: {"server_time":"2026-01-15 12:08:08","timestamp":"1768468088288","isConnected":"True","numBoard":"0","numSteps":"0","numSpeed":"0.000000","numAccel":"0","numDecel":"0","currentPos":"0","startPos":"0","endPos":"0"}
[2026-01-15 12:08:09.289165] [debug] WebSocketServer: Broadcasting to 1 clients: {"server_time":"2026-01-15 12:08:09","timestamp":"1768468089289","isConnected":"True","numBoard":"0","numSteps":"0","numSpeed":"0.000000","numAccel":"0","numDecel":"0","currentPos":"0","startPos":"0","endPos":"0"}
[2026-01-15 12:08:10.289469] [debug] WebSocketServer: Broadcasting to 1 clients: {"server_time":"2026-01-15 12:08:10","timestamp":"1768468090289","isConnected":"True","numBoard":"0","numSteps":"0","numSpeed":"0.000000","numAccel":"0","numDecel":"0","currentPos":"0","startPos":"0","endPos":"0"}
[2026-01-15 12:08:11.289770] [debug] WebSocketServer: Broadcasting to 1 clients: {"server_time":"2026-01-15 12:08:11","timestamp":"1768468091289","isConnected":"True","numBoard":"0","numSteps":"0","numSpeed":"0.000000","numAccel":"0","numDecel":"0","currentPos":"0","startPos":"0","endPos":"0"}
[2026-01-15 12:08:12.290080] [debug] WebSocketServer: Broadcasting to 1 clients: {"server_time":"2026-01-15 12:08:12","timestamp":"1768468092290","isConnected":"True","numBoard":"0","numSteps":"0","numSpeed":"0.000000","numAccel":"0","numDecel":"0","currentPos":"0","startPos":"0","endPos":"0"}
[2026-01-15 12:08:13.290383] [debug] WebSocketServer: Broadcasting to 1 clients: {"server_time":"2026-01-15 12:08:13","timestamp":"1768468093290","isConnected":"True","numBoard":"0","numSteps":"0","numSpeed":"0.000000","numAccel":"0","numDecel":"0","currentPos":"0","startPos":"0","endPos":"0"}
[2026-01-15 12:08:14.290845] [debug] WebSocketServer: Broadcasting to 1 clients: {"server_time":"2026-01-15 12:08:14","timestamp":"1768468094290","isConnected":"True","numBoard":"0","numSteps":"0","numSpeed":"0.000000","numAccel":"0","numDecel":"0","currentPos":"0","startPos":"0","endPos":"0"}
[2026-01-15 12:08:15.292206] [debug] WebSocketServer: Broadcasting to 1 clients: {"server_time":"2026-01-15 12:08:15","timestamp":"1768468095292","isConnected":"True","numBoard":"0","numSteps":"0","numSpeed":"0.000000","numAccel":"0","numDecel":"0","currentPos":"0","startPos":"0","endPos":"0"}
[2026-01-15 12:08:16.292545] [debug] WebSocketServer: Broadcasting to 1 clients: {"server_time":"2026-01-15 12:08:16","timestamp":"1768468096292","isConnected":"True","numBoard":"0","numSteps":"0","numSpeed":"0.000000","numAccel":"0","numDecel":"0","currentPos":"0","startPos":"0","endPos":"0"}
[2026-01-15 12:08:17.292831] [debug] WebSocketServer: Broadcasting to 1 clients: {"server_time":"2026-01-15 12:08:17","timestamp":"1768468097292","isConnected":"True","numBoard":"0","numSteps":"0","numSpeed":"0.000000","numAccel":"0","numDecel":"0","currentPos":"0","startPos":"0","endPos":"0"}
[2026-01-15 12:08:18.293442] [debug] WebSocketServer: Broadcasting to 1 clients: {"server_time":"2026-01-15 12:08:18","timestamp":"1768468098293","isConnected":"True","numBoard":"0","numSteps":"0","numSpeed":"0.000000","numAccel":"0","numDecel":"0","currentPos":"0","startPos":"0","endPos":"0"}
[2026-01-15 12:08:19.293758] [debug] WebSocketServer: Broadcasting to 1 clients: {"server_time":"2026-01-15 12:08:19","timestamp":"1768468099293","isConnected":"True","numBoard":"0","numSteps":"0","numSpeed":"0.000000","numAccel":"0","numDecel":"0","currentPos":"0","startPos":"0","endPos":"0"}
[2026-01-15 12:08:20.294581] [debug] WebSocketServer: Broadcasting to 1 clients: {"server_time":"2026-01-15 12:08:20","timestamp":"1768468100294","isConnected":"True","numBoard":"0","numSteps":"0","numSpeed":"0.000000","numAccel":"0","numDecel":"0","currentPos":"0","startPos":"0","endPos":"0"}
[2026-01-15 12:08:21.294891] [debug] WebSocketServer: Broadcasting to 1 clients: {"server_time":"2026-01-15 12:08:21","timestamp":"1768468101294","isConnected":"True","numBoard":"0","numSteps":"0","numSpeed":"0.000000","numAccel":"0","numDecel":"0","currentPos":"0","startPos":"0","endPos":"0"}
[2026-01-15 12:08:22.295215] [debug] WebSocketServer: Broadcasting to 1 clients: {"server_time":"2026-01-15 12:08:22","timestamp":"1768468102295","isConnected":"True","numBoard":"0","numSteps":"0","numSpeed":"0.000000","numAccel":"0","numDecel":"0","currentPos":"0","startPos":"0","endPos":"0"}
[2026-01-15 12:08:23.295496] [debug] WebSocketServer: Broadcasting to 1 clients: {"server_time":"2026-01-15 12:08:23","timestamp":"1768468103295","isConnected":"True","numBoard":"0","numSteps":"0","numSpeed":"0.000000","numAccel":"0","numDecel":"0","currentPos":"0","startPos":"0","endPos":"0"}
[2026-01-15 12:08:24.295788] [debug] WebSocketServer: Broadcasting to 1 clients: {"server_time":"2026-01-15 12:08:24","timestamp":"1768468104295","isConnected":"True","numBoard":"0","numSteps":"0","numSpeed":"0.000000","numAccel":"0","numDecel":"0","currentPos":"0","startPos":"0","endPos":"0"}
[2026-01-15 12:08:25.296108] [debug] WebSocketServer: Broadcasting to 1 clients: {"server_time":"2026-01-15 12:08:25","timestamp":"1768468105296","isConnected":"True","numBoard":"0","numSteps":"0","numSpeed":"0.000000","numAccel":"0","numDecel":"0","currentPos":"0","startPos":"0","endPos":"0"}
[2026-01-15 12:08:26.296428] [debug] WebSocketServer: Broadcasting to 1 clients: {"server_time":"2026-01-15 12:08:26","timestamp":"1768468106296","isConnected":"True","numBoard":"0","numSteps":"0","numSpeed":"0.000000","numAccel":"0","numDecel":"0","currentPos":"0","startPos":"0","endPos":"0"}
[2026-01-15 12:08:27.296723] [debug] WebSocketServer: Broadcasting to 1 clients: {"server_time":"2026-01-15 12:08:27","timestamp":"1768468107296","isConnected":"True","numBoard":"0","numSteps":"0","numSpeed":"0.000000","numAccel":"0","numDecel":"0","currentPos":"0","startPos":"0","endPos":"0"}
[2026-01-15 12:08:28.297036] [debug] WebSocketServer: Broadcasting to 1 clients: {"server_time":"2026-01-15 12:08:28","timestamp":"1768468108296","isConnected":"True","numBoard":"0","numSteps":"0","numSpeed":"0.000000","numAccel":"0","numDecel":"0","currentPos":"0","startPos":"0","endPos":"0"}
[2026-01-15 12:08:29.297353] [debug] WebSocketServer: Broadcasting to 1 clients: {"server_time":"2026-01-15 12:08:29","timestamp":"1768468109297","isConnected":"True","numBoard":"0","numSteps":"0","numSpeed":"0.000000","numAccel":"0","numDecel":"0","currentPos":"0","startPos":"0","endPos":"0"}
[2026-01-15 12:08:30.297662] [debug] WebSocketServer: Broadcasting to 1 clients: {"server_time":"2026-01-15 12:08:30","timestamp":"1768468110297","isConnected":"True","numBoard":"0","numSteps":"0","numSpeed":"0.000000","numAccel":"0","numDecel":"0","currentPos":"0","startPos":"0","endPos":"0"}
[2026-01-15 12:08:31.297960] [debug] WebSocketServer: Broadcasting to 1 clients: {"server_time":"2026-01-15 12:08:31","timestamp":"1768468111297","isConnected":"True","numBoard":"0","numSteps":"0","numSpeed":"0.000000","numAccel":"0","numDecel":"0","currentPos":"0","startPos":"0","endPos":"0"}
[2026-01-15 12:08:32.298249] [debug] WebSocketServer: Broadcasting to 1 clients: {"server_time":"2026-01-15 12:08:32","timestamp":"1768468112298","isConnected":"True","numBoard":"0","numSteps":"0","numSpeed":"0.000000","numAccel":"0","numDecel":"0","currentPos":"0","startPos":"0","endPos":"0"}
[2026-01-15 12:08:33.298556] [debug] WebSocketServer: Broadcasting to 1 clients: {"server_time":"2026-01-15 12:08:33","timestamp":"1768468113298","isConnected":"True","numBoard":"0","numSteps":"0","numSpeed":"0.000000","numAccel":"0","numDecel":"0","currentPos":"0","startPos":"0","endPos":"0"}
[2026-01-15 12:08:34.298843] [debug] WebSocketServer: Broadcasting to 1 clients: {"server_time":"2026-01-15 12:08:34","timestamp":"1768468114298","isConnected":"True","numBoard":"0","numSteps":"0","numSpeed":"0.000000","numAccel":"0","numDecel":"0","currentPos":"0","startPos":"0","endPos":"0"}
[2026-01-15 12:08:35.299162] [debug] WebSocketServer: Broadcasting to 1 clients: {"server_time":"2026-01-15 12:08:35","timestamp":"1768468115299","isConnected":"True","numBoard":"0","numSteps":"0","numSpeed":"0.000000","numAccel":"0","numDecel":"0","currentPos":"0","startPos":"0","endPos":"0"}
[2026-01-15 12:08:36.299448] [debug] WebSocketServer: Broadcasting to 1 clients: {"server_time":"2026-01-15 12:08:36","timestamp":"1768468116299","isConnected":"True","numBoard":"0","numSteps":"0","numSpeed":"0.000000","numAccel":"0","numDecel":"0","currentPos":"0","startPos":"0","endPos":"0"}
[2026-01-15 12:08:37.299749] [debug] WebSocketServer: Broadcasting to 1 clients: {"server_time":"2026-01-15 12:08:37","timestamp":"1768468117299","isConnected":"True","numBoard":"0","numSteps":"0","numSpeed":"0.000000","numAccel":"0","numDecel":"0","currentPos":"0","startPos":"0","endPos":"0"}
[2026-01-15 12:08:38.300108] [debug] WebSocketServer: Broadcasting to 1 clients: {"server_time":"2026-01-15 12:08:38","timestamp":"1768468118300","isConnected":"True","numBoard":"0","numSteps":"0","numSpeed":"0.000000","numAccel":"0","numDecel":"0","currentPos":"0","startPos":"0","endPos":"0"}
[2026-01-15 12:08:39.300431] [debug] WebSocketServer: Broadcasting to 1 clients: {"server_time":"2026-01-15 12:08:39","timestamp":"1768468119300","isConnected":"True","numBoard":"0","numSteps":"0","numSpeed":"0.000000","numAccel":"0","numDecel":"0","currentPos":"0","startPos":"0","endPos":"0"}
[2026-01-15 12:08:40.300730] [debug] WebSocketServer: Broadcasting to 1 clients: {"server_time":"2026-01-15 12:08:40","timestamp":"1768468120300","isConnected":"True","numBoard":"0","numSteps":"0","numSpeed":"0.000000","numAccel":"0","numDecel":"0","currentPos":"0","startPos":"0","endPos":"0"}
[2026-01-15 12:08:41.301020] [debug] WebSocketServer: Broadcasting to 1 clients: {"server_time":"2026-01-15 12:08:41","timestamp":"1768468121300","isConnected":"True","numBoard":"0","numSteps":"0","numSpeed":"0.000000","numAccel":"0","numDecel":"0","currentPos":"0","startPos":"0","endPos":"0"}
[2026-01-15 12:08:42.301317] [debug] WebSocketServer: Broadcasting to 1 clients: {"server_time":"2026-01-15 12:08:42","timestamp":"1768468122301","isConnected":"True","numBoard":"0","numSteps":"0","numSpeed":"0.000000","numAccel":"0","numDecel":"0","currentPos":"0","startPos":"0","endPos":"0"}
[2026-01-15 12:08:43.301645] [debug] WebSocketServer: Broadcasting to 1 clients: {"server_time":"2026-01-15 12:08:43","timestamp":"1768468123301","isConnected":"True","numBoard":"0","numSteps":"0","numSpeed":"0.000000","numAccel":"0","numDecel":"0","currentPos":"0","startPos":"0","endPos":"0"}
[2026-01-15 12:08:44.301977] [debug] WebSocketServer: Broadcasting to 1 clients: {"server_time":"2026-01-15 12:08:44","timestamp":"1768468124301","isConnected":"True","numBoard":"0","numSteps":"0","numSpeed":"0.000000","numAccel":"0","numDecel":"0","currentPos":"0","startPos":"0","endPos":"0"}
[2026-01-15 12:08:45.302256] [debug] WebSocketServer: Broadcasting to 1 clients: {"server_time":"2026-01-15 12:08:45","timestamp":"1768468125302","isConnected":"True","numBoard":"0","numSteps":"0","numSpeed":"0.000000","numAccel":"0","numDecel":"0","currentPos":"0","startPos":"0","endPos":"0"}
[2026-01-15 12:08:46.302557] [debug] WebSocketServer: Broadcasting to 1 clients: {"server_time":"2026-01-15 12:08:46","timestamp":"1768468126302","isConnected":"True","numBoard":"0","numSteps":"0","numSpeed":"0.000000","numAccel":"0","numDecel":"0","currentPos":"0","startPos":"0","endPos":"0"}
[2026-01-15 12:08:47.302958] [debug] WebSocketServer: Broadcasting to 1 clients: {"server_time":"2026-01-15 12:08:47","timestamp":"1768468127302","isConnected":"True","numBoard":"0","numSteps":"0","numSpeed":"0.000000","numAccel":"0","numDecel":"0","currentPos":"0","startPos":"0","endPos":"0"}
[2026-01-15 12:08:48.303442] [debug] WebSocketServer: Broadcasting to 1 clients: {"server_time":"2026-01-15 12:08:48","timestamp":"1768468128303","isConnected":"True","numBoard":"0","numSteps":"0","numSpeed":"0.000000","numAccel":"0","numDecel":"0","currentPos":"0","startPos":"0","endPos":"0"}
[2026-01-15 12:08:49.303857] [debug] WebSocketServer: Broadcasting to 1 clients: {"server_time":"2026-01-15 12:08:49","timestamp":"1768468129303","isConnected":"True","numBoard":"0","numSteps":"0","numSpeed":"0.000000","numAccel":"0","numDecel":"0","currentPos":"0","startPos":"0","endPos":"0"}
[2026-01-15 12:08:50.304154] [debug] WebSocketServer: Broadcasting to 1 clients: {"server_time":"2026-01-15 12:08:50","timestamp":"1768468130304","isConnected":"True","numBoard":"0","numSteps":"0","numSpeed":"0.000000","numAccel":"0","numDecel":"0","currentPos":"0","startPos":"0","endPos":"0"}
[2026-01-15 12:08:51.304449] [debug] WebSocketServer: Broadcasting to 1 clients: {"server_time":"2026-01-15 12:08:51","timestamp":"1768468131304","isConnected":"True","numBoard":"0","numSteps":"0","numSpeed":"0.000000","numAccel":"0","numDecel":"0","currentPos":"0","startPos":"0","endPos":"0"}
[2026-01-15 12:08:52.304749] [debug] WebSocketServer: Broadcasting to 1 clients: {"server_time":"2026-01-15 12:08:52","timestamp":"1768468132304","isConnected":"True","numBoard":"0","numSteps":"0","numSpeed":"0.000000","numAccel":"0","numDecel":"0","currentPos":"0","startPos":"0","endPos":"0"}
[2026-01-15 12:08:53.305027] [debug] WebSocketServer: Broadcasting to 1 clients: {"server_time":"2026-01-15 12:08:53","timestamp":"1768468133304","isConnected":"True","numBoard":"0","numSteps":"0","numSpeed":"0.000000","numAccel":"0","numDecel":"0","currentPos":"0","startPos":"0","endPos":"0"}
[2026-01-15 12:08:54.305321] [debug] WebSocketServer: Broadcasting to 1 clients: {"server_time":"2026-01-15 12:08:54","timestamp":"1768468134305","isConnected":"True","numBoard":"0","numSteps":"0","numSpeed":"0.000000","numAccel":"0","numDecel":"0","currentPos":"0","startPos":"0","endPos":"0"}
[2026-01-15 12:08:55.305608] [debug] WebSocketServer: Broadcasting to 1 clients: {"server_time":"2026-01-15 12:08:55","timestamp":"1768468135305","isConnected":"True","numBoard":"0","numSteps":"0","numSpeed":"0.000000","numAccel":"0","numDecel":"0","currentPos":"0","startPos":"0","endPos":"0"}
[2026-01-15 12:08:56.305936] [debug] WebSocketServer: Broadcasting to 1 clients: {"server_time":"2026-01-15 12:08:56","timestamp":"1768468136305","isConnected":"True","numBoard":"0","numSteps":"0","numSpeed":"0.000000","numAccel":"0","numDecel":"0","currentPos":"0","startPos":"0","endPos":"0"}
[2026-01-15 12:08:57.306210] [debug] WebSocketServer: Broadcasting to 1 clients: {"server_time":"2026-01-15 12:08:57","timestamp":"1768468137306","isConnected":"True","numBoard":"0","numSteps":"0","numSpeed":"0.000000","numAccel":"0","numDecel":"0","currentPos":"0","startPos":"0","endPos":"0"}
[2026-01-15 12:08:58.306509] [debug] WebSocketServer: Broadcasting to 1 clients: {"server_time":"2026-01-15 12:08:58","timestamp":"1768468138306","isConnected":"True","numBoard":"0","numSteps":"0","numSpeed":"0.000000","numAccel":"0","numDecel":"0","currentPos":"0","startPos":"0","endPos":"0"}
[2026-01-15 12:08:59.306803] [debug] WebSocketServer: Broadcasting to 1 clients: {"server_time":"2026-01-15 12:08:59","timestamp":"1768468139306","isConnected":"True","numBoard":"0","numSteps":"0","numSpeed":"0.000000","numAccel":"0","numDecel":"0","currentPos":"0","startPos":"0","endPos":"0"}
[2026-01-15 12:09:00.307094] [debug] WebSocketServer: Broadcasting to 1 clients: {"server_time":"2026-01-15 12:09:00","timestamp":"1768468140307","isConnected":"True","numBoard":"0","numSteps":"0","numSpeed":"0.000000","numAccel":"0","numDecel":"0","currentPos":"0","startPos":"0","endPos":"0"}
[2026-01-15 12:09:01.307396] [debug] WebSocketServer: Broadcasting to 1 clients: {"server_time":"2026-01-15 12:09:01","timestamp":"1768468141307","isConnected":"True","numBoard":"0","numSteps":"0","numSpeed":"0.000000","numAccel":"0","numDecel":"0","currentPos":"0","startPos":"0","endPos":"0"}
[2026-01-15 12:09:02.307654] [debug] WebSocketServer: Broadcasting to 1 clients: {"server_time":"2026-01-15 12:09:02","timestamp":"1768468142307","isConnected":"True","numBoard":"0","numSteps":"0","numSpeed":"0.000000","numAccel":"0","numDecel":"0","currentPos":"0","startPos":"0","endPos":"0"}
[2026-01-15 12:09:03.307938] [debug] WebSocketServer: Broadcasting to 1 clients: {"server_time":"2026-01-15 12:09:03","timestamp":"1768468143307","isConnected":"True","numBoard":"0","numSteps":"0","numSpeed":"0.000000","numAccel":"0","numDecel":"0","currentPos":"0","startPos":"0","endPos":"0"}
[2026-01-15 12:09:04.308232] [debug] WebSocketServer: Broadcasting to 1 clients: {"server_time":"2026-01-15 12:09:04","timestamp":"1768468144308","isConnected":"True","numBoard":"0","numSteps":"0","numSpeed":"0.000000","numAccel":"0","numDecel":"0","currentPos":"0","startPos":"0","endPos":"0"}
[2026-01-15 12:09:05.308520] [debug] WebSocketServer: Broadcasting to 1 clients: {"server_time":"2026-01-15 12:09:05","timestamp":"1768468145308","isConnected":"True","numBoard":"0","numSteps":"0","numSpeed":"0.000000","numAccel":"0","numDecel":"0","currentPos":"0","startPos":"0","endPos":"0"}
[2026-01-15 12:09:06.308837] [debug] WebSocketServer: Broadcasting to 1 clients: {"server_time":"2026-01-15 12:09:06","timestamp":"1768468146308","isConnected":"True","numBoard":"0","numSteps":"0","numSpeed":"0.000000","numAccel":"0","numDecel":"0","currentPos":"0","startPos":"0","endPos":"0"}
[2026-01-15 12:09:07.309135] [debug] WebSocketServer: Broadcasting to 1 clients: {"server_time":"2026-01-15 12:09:07","timestamp":"1768468147309","isConnected":"True","numBoard":"0","numSteps":"0","numSpeed":"0.000000","numAccel":"0","numDecel":"0","currentPos":"0","startPos":"0","endPos":"0"}
[2026-01-15 12:09:08.309429] [debug] WebSocketServer: Broadcasting to 1 clients: {"server_time":"2026-01-15 12:09:08","timestamp":"1768468148309","isConnected":"True","numBoard":"0","numSteps":"0","numSpeed":"0.000000","numAccel":"0","numDecel":"0","currentPos":"0","startPos":"0","endPos":"0"}
[2026-01-15 12:09:09.309708] [debug] WebSocketServer: Broadcasting to 1 clients: {"server_time":"2026-01-15 12:09:09","timestamp":"1768468149309","isConnected":"True","numBoard":"0","numSteps":"0","numSpeed":"0.000000","numAccel":"0","numDecel":"0","currentPos":"0","startPos":"0","endPos":"0"}
[2026-01-15 12:09:10.309986] [debug] WebSocketServer: Broadcasting to 1 clients: {"server_time":"2026-01-15 12:09:10","timestamp":"1768468150309","isConnected":"True","numBoard":"0","numSteps":"0","numSpeed":"0.000000","numAccel":"0","numDecel":"0","currentPos":"0","startPos":"0","endPos":"0"}
[2026-01-15 12:09:11.310281] [debug] WebSocketServer: Broadcasting to 1 clients: {"server_time":"2026-01-15 12:09:11","timestamp":"1768468151310","isConnected":"True","numBoard":"0","numSteps":"0","numSpeed":"0.000000","numAccel":"0","numDecel":"0","currentPos":"0","startPos":"0","endPos":"0"}
[2026-01-15 12:09:12.310570] [debug] WebSocketServer: Broadcasting to 1 clients: {"server_time":"2026-01-15 12:09:12","timestamp":"1768468152310","isConnected":"True","numBoard":"0","numSteps":"0","numSpeed":"0.000000","numAccel":"0","numDecel":"0","currentPos":"0","startPos":"0","endPos":"0"}
[2026-01-15 12:09:13.310842] [debug] WebSocketServer: Broadcasting to 1 clients: {"server_time":"2026-01-15 12:09:13","timestamp":"1768468153310","isConnected":"True","numBoard":"0","numSteps":"0","numSpeed":"0.000000","numAccel":"0","numDecel":"0","currentPos":"0","startPos":"0","endPos":"0"}
[2026-01-15 12:09:14.311102] [debug] WebSocketServer: Broadcasting to 1 clients: {"server_time":"2026-01-15 12:09:14","timestamp":"1768468154311","isConnected":"True","numBoard":"0","numSteps":"0","numSpeed":"0.000000","numAccel":"0","numDecel":"0","currentPos":"0","startPos":"0","endPos":"0"}
[2026-01-15 12:09:15.311403] [debug] WebSocketServer: Broadcasting to 1 clients: {"server_time":"2026-01-15 12:09:15","timestamp":"1768468155311","isConnected":"True","numBoard":"0","numSteps":"0","numSpeed":"0.000000","numAccel":"0","numDecel":"0","currentPos":"0","startPos":"0","endPos":"0"}
[2026-01-15 12:09:16.311699] [debug] WebSocketServer: Broadcasting to 1 clients: {"server_time":"2026-01-15 12:09:16","timestamp":"1768468156311","isConnected":"True","numBoard":"0","numSteps":"0","numSpeed":"0.000000","numAccel":"0","numDecel":"0","currentPos":"0","startPos":"0","endPos":"0"}
[2026-01-15 12:09:17.311954] [debug] WebSocketServer: Broadcasting to 1 clients: {"server_time":"2026-01-15 12:09:17","timestamp":"1768468157311","isConnected":"True","numBoard":"0","numSteps":"0","numSpeed":"0.000000","numAccel":"0","numDecel":"0","currentPos":"0","startPos":"0","endPos":"0"}
[2026-01-15 12:09:18.312213] [debug] WebSocketServer: Broadcasting to 1 clients: {"server_time":"2026-01-15 12:09:18","timestamp":"1768468158312","isConnected":"True","numBoard":"0","numSteps":"0","numSpeed":"0.000000","numAccel":"0","numDecel":"0","currentPos":"0","startPos":"0","endPos":"0"}
[2026-01-15 12:09:19.312520] [debug] WebSocketServer: Broadcasting to 1 clients: {"server_time":"2026-01-15 12:09:19","timestamp":"1768468159312","isConnected":"True","numBoard":"0","numSteps":"0","numSpeed":"0.000000","numAccel":"0","numDecel":"0","currentPos":"0","startPos":"0","endPos":"0"}
[2026-01-15 12:09:20.312874] [debug] WebSocketServer: Broadcasting to 1 clients: {"server_time":"2026-01-15 12:09:20","timestamp":"1768468160312","isConnected":"True","numBoard":"0","numSteps":"0","numSpeed":"0.000000","numAccel":"0","numDecel":"0","currentPos":"0","startPos":"0","endPos":"0"}
[2026-01-15 12:09:21.313216] [debug] WebSocketServer: Broadcasting to 1 clients: {"server_time":"2026-01-15 12:09:21","timestamp":"1768468161313","isConnected":"True","numBoard":"0","numSteps":"0","numSpeed":"0.000000","numAccel":"0","numDecel":"0","currentPos":"0","startPos":"0","endPos":"0"}
[2026-01-15 12:09:22.313506] [debug] WebSocketServer: Broadcasting to 1 clients: {"server_time":"2026-01-15 12:09:22","timestamp":"1768468162313","isConnected":"True","numBoard":"0","numSteps":"0","numSpeed":"0.000000","numAccel":"0","numDecel":"0","currentPos":"0","startPos":"0","endPos":"0"}
[2026-01-15 12:09:23.313821] [debug] WebSocketServer: Broadcasting to 1 clients: {"server_time":"2026-01-15 12:09:23","timestamp":"1768468163313","isConnected":"True","numBoard":"0","numSteps":"0","numSpeed":"0.000000","numAccel":"0","numDecel":"0","currentPos":"0","startPos":"0","endPos":"0"}
[2026-01-15 12:09:24.314138] [debug] WebSocketServer: Broadcasting to 1 clients: {"server_time":"2026-01-15 12:09:24","timestamp":"1768468164314","isConnected":"True","numBoard":"0","numSteps":"0","numSpeed":"0.000000","numAccel":"0","numDecel":"0","currentPos":"0","startPos":"0","endPos":"0"}
[2026-01-15 12:09:25.314430] [debug] WebSocketServer: Broadcasting to 1 clients: {"server_time":"2026-01-15 12:09:25","timestamp":"1768468165314","isConnected":"True","numBoard":"0","numSteps":"0","numSpeed":"0.000000","numAccel":"0","numDecel":"0","currentPos":"0","startPos":"0","endPos":"0"}
[2026-01-15 12:09:26.314718] [debug] WebSocketServer: Broadcasting to 1 clients: {"server_time":"2026-01-15 12:09:26","timestamp":"1768468166314","isConnected":"True","numBoard":"0","numSteps":"0","numSpeed":"0.000000","numAccel":"0","numDecel":"0","currentPos":"0","startPos":"0","endPos":"0"}
[2026-01-15 12:09:27.315002] [debug] WebSocketServer: Broadcasting to 1 clients: {"server_time":"2026-01-15 12:09:27","timestamp":"1768468167314","isConnected":"True","numBoard":"0","numSteps":"0","numSpeed":"0.000000","numAccel":"0","numDecel":"0","currentPos":"0","startPos":"0","endPos":"0"}
[2026-01-15 12:09:28.315330] [debug] WebSocketServer: Broadcasting to 1 clients: {"server_time":"2026-01-15 12:09:28","timestamp":"1768468168315","isConnected":"True","numBoard":"0","numSteps":"0","numSpeed":"0.000000","numAccel":"0","numDecel":"0","currentPos":"0","startPos":"0","endPos":"0"}
[2026-01-15 12:09:29.315615] [debug] WebSocketServer: Broadcasting to 1 clients: {"server_time":"2026-01-15 12:09:29","timestamp":"1768468169315","isConnected":"True","numBoard":"0","numSteps":"0","numSpeed":"0.000000","numAccel":"0","numDecel":"0","currentPos":"0","startPos":"0","endPos":"0"}
[2026-01-15 12:09:30.315893] [debug] WebSocketServer: Broadcasting to 1 clients: {"server_time":"2026-01-15 12:09:30","timestamp":"1768468170315","isConnected":"True","numBoard":"0","numSteps":"0","numSpeed":"0.000000","numAccel":"0","numDecel":"0","currentPos":"0","startPos":"0","endPos":"0"}
[2026-01-15 12:09:31.316178] [debug] WebSocketServer: Broadcasting to 1 clients: {"server_time":"2026-01-15 12:09:31","timestamp":"1768468171316","isConnected":"True","numBoard":"0","numSteps":"0","numSpeed":"0.000000","numAccel":"0","numDecel":"0","currentPos":"0","startPos":"0","endPos":"0"}
[2026-01-15 12:09:32.316454] [debug] WebSocketServer: Broadcasting to 1 clients: {"server_time":"2026-01-15 12:09:32","timestamp":"1768468172316","isConnected":"True","numBoard":"0","numSteps":"0","numSpeed":"0.000000","numAccel":"0","numDecel":"0","currentPos":"0","startPos":"0","endPos":"0"}
[2026-01-15 12:09:33.316732] [debug] WebSocketServer: Broadcasting to 1 clients: {"server_time":"2026-01-15 12:09:33","timestamp":"1768468173316","isConnected":"True","numBoard":"0","numSteps":"0","numSpeed":"0.000000","numAccel":"0","numDecel":"0","currentPos":"0","startPos":"0","endPos":"0"}
[2026-01-15 12:09:34.317038] [debug] WebSocketServer: Broadcasting to 1 clients: {"server_time":"2026-01-15 12:09:34","timestamp":"1768468174316","isConnected":"True","numBoard":"0","numSteps":"0","numSpeed":"0.000000","numAccel":"0","numDecel":"0","currentPos":"0","startPos":"0","endPos":"0"}
[2026-01-15 12:09:35.317323] [debug] WebSocketServer: Broadcasting to 1 clients: {"server_time":"2026-01-15 12:09:35","timestamp":"1768468175317","isConnected":"True","numBoard":"0","numSteps":"0","numSpeed":"0.000000","numAccel":"0","numDecel":"0","currentPos":"0","startPos":"0","endPos":"0"}
[2026-01-15 12:09:36.317622] [debug] WebSocketServer: Broadcasting to 1 clients: {"server_time":"2026-01-15 12:09:36","timestamp":"1768468176317","isConnected":"True","numBoard":"0","numSteps":"0","numSpeed":"0.000000","numAccel":"0","numDecel":"0","currentPos":"0","startPos":"0","endPos":"0"}
[2026-01-15 12:09:37.317902] [debug] WebSocketServer: Broadcasting to 1 clients: {"server_time":"2026-01-15 12:09:37","timestamp":"1768468177317","isConnected":"True","numBoard":"0","numSteps":"0","numSpeed":"0.000000","numAccel":"0","numDecel":"0","currentPos":"0","startPos":"0","endPos":"0"}
[2026-01-15 12:09:38.318247] [debug] WebSocketServer: Broadcasting to 1 clients: {"server_time":"2026-01-15 12:09:38","timestamp":"1768468178318","isConnected":"True","numBoard":"0","numSteps":"0","numSpeed":"0.000000","numAccel":"0","numDecel":"0","currentPos":"0","startPos":"0","endPos":"0"}
[2026-01-15 12:09:39.318552] [debug] WebSocketServer: Broadcasting to 1 clients: {"server_time":"2026-01-15 12:09:39","timestamp":"1768468179318","isConnected":"True","numBoard":"0","numSteps":"0","numSpeed":"0.000000","numAccel":"0","numDecel":"0","currentPos":"0","startPos":"0","endPos":"0"}
[2026-01-15 12:09:40.318830] [debug] WebSocketServer: Broadcasting to 1 clients: {"server_time":"2026-01-15 12:09:40","timestamp":"1768468180318","isConnected":"True","numBoard":"0","numSteps":"0","numSpeed":"0.000000","numAccel":"0","numDecel":"0","currentPos":"0","startPos":"0","endPos":"0"}
[2026-01-15 12:09:41.319105] [debug] WebSocketServer: Broadcasting to 1 clients: {"server_time":"2026-01-15 12:09:41","timestamp":"1768468181319","isConnected":"True","numBoard":"0","numSteps":"0","numSpeed":"0.000000","numAccel":"0","numDecel":"0","currentPos":"0","startPos":"0","endPos":"0"}
[2026-01-15 12:09:42.319415] [debug] WebSocketServer: Broadcasting to 1 clients: {"server_time":"2026-01-15 12:09:42","timestamp":"1768468182319","isConnected":"True","numBoard":"0","numSteps":"0","numSpeed":"0.000000","numAccel":"0","numDecel":"0","currentPos":"0","startPos":"0","endPos":"0"}
[2026-01-15 12:09:43.319684] [debug] WebSocketServer: Broadcasting to 1 clients: {"server_time":"2026-01-15 12:09:43","timestamp":"1768468183319","isConnected":"True","numBoard":"0","numSteps":"0","numSpeed":"0.000000","numAccel":"0","numDecel":"0","currentPos":"0","startPos":"0","endPos":"0"}
[2026-01-15 12:09:44.319987] [debug] WebSocketServer: Broadcasting to 1 clients: {"server_time":"2026-01-15 12:09:44","timestamp":"1768468184319","isConnected":"True","numBoard":"0","numSteps":"0","numSpeed":"0.000000","numAccel":"0","numDecel":"0","currentPos":"0","startPos":"0","endPos":"0"}
[2026-01-15 12:09:45.320279] [debug] WebSocketServer: Broadcasting to 1 clients: {"server_time":"2026-01-15 12:09:45","timestamp":"1768468185320","isConnected":"True","numBoard":"0","numSteps":"0","numSpeed":"0.000000","numAccel":"0","numDecel":"0","currentPos":"0","startPos":"0","endPos":"0"}
[2026-01-15 12:09:46.320589] [debug] WebSocketServer: Broadcasting to 1 clients: {"server_time":"2026-01-15 12:09:46","timestamp":"1768468186320","isConnected":"True","numBoard":"0","numSteps":"0","numSpeed":"0.000000","numAccel":"0","numDecel":"0","currentPos":"0","startPos":"0","endPos":"0"}
[2026-01-15 12:09:47.320950] [debug] WebSocketServer: Broadcasting to 1 clients: {"server_time":"2026-01-15 12:09:47","timestamp":"1768468187320","isConnected":"True","numBoard":"0","numSteps":"0","numSpeed":"0.000000","numAccel":"0","numDecel":"0","currentPos":"0","startPos":"0","endPos":"0"}
[2026-01-15 12:09:48.321393] [debug] WebSocketServer: Broadcasting to 1 clients: {"server_time":"2026-01-15 12:09:48","timestamp":"1768468188321","isConnected":"True","numBoard":"0","numSteps":"0","numSpeed":"0.000000","numAccel":"0","numDecel":"0","currentPos":"0","startPos":"0","endPos":"0"}
[2026-01-15 12:09:49.321691] [debug] WebSocketServer: Broadcasting to 1 clients: {"server_time":"2026-01-15 12:09:49","timestamp":"1768468189321","isConnected":"True","numBoard":"0","numSteps":"0","numSpeed":"0.000000","numAccel":"0","numDecel":"0","currentPos":"0","startPos":"0","endPos":"0"}
[2026-01-15 12:09:50.321977] [debug] WebSocketServer: Broadcasting to 1 clients: {"server_time":"2026-01-15 12:09:50","timestamp":"1768468190321","isConnected":"True","numBoard":"0","numSteps":"0","numSpeed":"0.000000","numAccel":"0","numDecel":"0","currentPos":"0","startPos":"0","endPos":"0"}
[2026-01-15 12:09:51.322282] [debug] WebSocketServer: Broadcasting to 1 clients: {"server_time":"2026-01-15 12:09:51","timestamp":"1768468191322","isConnected":"True","numBoard":"0","numSteps":"0","numSpeed":"0.000000","numAccel":"0","numDecel":"0","currentPos":"0","startPos":"0","endPos":"0"}
[2026-01-15 12:09:52.322593] [debug] WebSocketServer: Broadcasting to 1 clients: {"server_time":"2026-01-15 12:09:52","timestamp":"1768468192322","isConnected":"True","numBoard":"0","numSteps":"0","numSpeed":"0.000000","numAccel":"0","numDecel":"0","currentPos":"0","startPos":"0","endPos":"0"}
[2026-01-15 12:09:53.322900] [debug] WebSocketServer: Broadcasting to 1 clients: {"server_time":"2026-01-15 12:09:53","timestamp":"1768468193322","isConnected":"True","numBoard":"0","numSteps":"0","numSpeed":"0.000000","numAccel":"0","numDecel":"0","currentPos":"0","startPos":"0","endPos":"0"}
[2026-01-15 12:09:54.323224] [debug] WebSocketServer: Broadcasting to 1 clients: {"server_time":"2026-01-15 12:09:54","timestamp":"1768468194323","isConnected":"True","numBoard":"0","numSteps":"0","numSpeed":"0.000000","numAccel":"0","numDecel":"0","currentPos":"0","startPos":"0","endPos":"0"}
[2026-01-15 12:09:55.323503] [debug] WebSocketServer: Broadcasting to 1 clients: {"server_time":"2026-01-15 12:09:55","timestamp":"1768468195323","isConnected":"True","numBoard":"0","numSteps":"0","numSpeed":"0.000000","numAccel":"0","numDecel":"0","currentPos":"0","startPos":"0","endPos":"0"}
[2026-01-15 12:09:56.323803] [debug] WebSocketServer: Broadcasting to 1 clients: {"server_time":"2026-01-15 12:09:56","timestamp":"1768468196323","isConnected":"True","numBoard":"0","numSteps":"0","numSpeed":"0.000000","numAccel":"0","numDecel":"0","currentPos":"0","startPos":"0","endPos":"0"}
[2026-01-15 12:09:57.324090] [debug] WebSocketServer: Broadcasting to 1 clients: {"server_time":"2026-01-15 12:09:57","timestamp":"1768468197324","isConnected":"True","numBoard":"0","numSteps":"0","numSpeed":"0.000000","numAccel":"0","numDecel":"0","currentPos":"0","startPos":"0","endPos":"0"}
[2026-01-15 12:09:58.324431] [debug] WebSocketServer: Broadcasting to 1 clients: {"server_time":"2026-01-15 12:09:58","timestamp":"1768468198324","isConnected":"True","numBoard":"0","numSteps":"0","numSpeed":"0.000000","numAccel":"0","numDecel":"0","currentPos":"0","startPos":"0","endPos":"0"}
[2026-01-15 12:09:59.324833] [debug] WebSocketServer: Broadcasting to 1 clients: {"server_time":"2026-01-15 12:09:59","timestamp":"1768468199324","isConnected":"True","numBoard":"0","numSteps":"0","numSpeed":"0.000000","numAccel":"0","numDecel":"0","currentPos":"0","startPos":"0","endPos":"0"}
[2026-01-15 12:10:00.325121] [debug] WebSocketServer: Broadcasting to 1 clients: {"server_time":"2026-01-15 12:10:00","timestamp":"1768468200325","isConnected":"True","numBoard":"0","numSteps":"0","numSpeed":"0.000000","numAccel":"0","numDecel":"0","currentPos":"0","startPos":"0","endPos":"0"}
[2026-01-15 12:10:01.325404] [debug] WebSocketServer: Broadcasting to 1 clients: {"server_time":"2026-01-15 12:10:01","timestamp":"1768468201325","isConnected":"True","numBoard":"0","numSteps":"0","numSpeed":"0.000000","numAccel":"0","numDecel":"0","currentPos":"0","startPos":"0","endPos":"0"}
[2026-01-15 12:10:02.325675] [debug] WebSocketServer: Broadcasting to 1 clients: {"server_time":"2026-01-15 12:10:02","timestamp":"1768468202325","isConnected":"True","numBoard":"0","numSteps":"0","numSpeed":"0.000000","numAccel":"0","numDecel":"0","currentPos":"0","startPos":"0","endPos":"0"}
[2026-01-15 12:10:03.325952] [debug] WebSocketServer: Broadcasting to 1 clients: {"server_time":"2026-01-15 12:10:03","timestamp":"1768468203325","isConnected":"True","numBoard":"0","numSteps":"0","numSpeed":"0.000000","numAccel":"0","numDecel":"0","currentPos":"0","startPos":"0","endPos":"0"}
[2026-01-15 12:10:04.326236] [debug] WebSocketServer: Broadcasting to 1 clients: {"server_time":"2026-01-15 12:10:04","timestamp":"1768468204326","isConnected":"True","numBoard":"0","numSteps":"0","numSpeed":"0.000000","numAccel":"0","numDecel":"0","currentPos":"0","startPos":"0","endPos":"0"}
[2026-01-15 12:10:05.326512] [debug] WebSocketServer: Broadcasting to 1 clients: {"server_time":"2026-01-15 12:10:05","timestamp":"1768468205326","isConnected":"True","numBoard":"0","numSteps":"0","numSpeed":"0.000000","numAccel":"0","numDecel":"0","currentPos":"0","startPos":"0","endPos":"0"}
[2026-01-15 12:10:06.326807] [debug] WebSocketServer: Broadcasting to 1 clients: {"server_time":"2026-01-15 12:10:06","timestamp":"1768468206326","isConnected":"True","numBoard":"0","numSteps":"0","numSpeed":"0.000000","numAccel":"0","numDecel":"0","currentPos":"0","startPos":"0","endPos":"0"}
[2026-01-15 12:10:07.327095] [debug] WebSocketServer: Broadcasting to 1 clients: {"server_time":"2026-01-15 12:10:07","timestamp":"1768468207327","isConnected":"True","numBoard":"0","numSteps":"0","numSpeed":"0.000000","numAccel":"0","numDecel":"0","currentPos":"0","startPos":"0","endPos":"0"}
[2026-01-15 12:10:08.327403] [debug] WebSocketServer: Broadcasting to 1 clients: {"server_time":"2026-01-15 12:10:08","timestamp":"1768468208327","isConnected":"True","numBoard":"0","numSteps":"0","numSpeed":"0.000000","numAccel":"0","numDecel":"0","currentPos":"0","startPos":"0","endPos":"0"}
[2026-01-15 12:10:09.327683] [debug] WebSocketServer: Broadcasting to 1 clients: {"server_time":"2026-01-15 12:10:09","timestamp":"1768468209327","isConnected":"True","numBoard":"0","numSteps":"0","numSpeed":"0.000000","numAccel":"0","numDecel":"0","currentPos":"0","startPos":"0","endPos":"0"}
[2026-01-15 12:10:10.327973] [debug] WebSocketServer: Broadcasting to 1 clients: {"server_time":"2026-01-15 12:10:10","timestamp":"1768468210327","isConnected":"True","numBoard":"0","numSteps":"0","numSpeed":"0.000000","numAccel":"0","numDecel":"0","currentPos":"0","startPos":"0","endPos":"0"}
[2026-01-15 12:10:11.328251] [debug] WebSocketServer: Broadcasting to 1 clients: {"server_time":"2026-01-15 12:10:11","timestamp":"1768468211328","isConnected":"True","numBoard":"0","numSteps":"0","numSpeed":"0.000000","numAccel":"0","numDecel":"0","currentPos":"0","startPos":"0","endPos":"0"}
[2026-01-15 12:10:12.328538] [debug] WebSocketServer: Broadcasting to 1 clients: {"server_time":"2026-01-15 12:10:12","timestamp":"1768468212328","isConnected":"True","numBoard":"0","numSteps":"0","numSpeed":"0.000000","numAccel":"0","numDecel":"0","currentPos":"0","startPos":"0","endPos":"0"}
[2026-01-15 12:10:13.328833] [debug] WebSocketServer: Broadcasting to 1 clients: {"server_time":"2026-01-15 12:10:13","timestamp":"1768468213328","isConnected":"True","numBoard":"0","numSteps":"0","numSpeed":"0.000000","numAccel":"0","numDecel":"0","currentPos":"0","startPos":"0","endPos":"0"}
[2026-01-15 12:10:14.329213] [debug] WebSocketServer: Broadcasting to 1 clients: {"server_time":"2026-01-15 12:10:14","timestamp":"1768468214329","isConnected":"True","numBoard":"0","numSteps":"0","numSpeed":"0.000000","numAccel":"0","numDecel":"0","currentPos":"0","startPos":"0","endPos":"0"}
[2026-01-15 12:10:15.329503] [debug] WebSocketServer: Broadcasting to 1 clients: {"server_time":"2026-01-15 12:10:15","timestamp":"1768468215329","isConnected":"True","numBoard":"0","numSteps":"0","numSpeed":"0.000000","numAccel":"0","numDecel":"0","currentPos":"0","startPos":"0","endPos":"0"}
[2026-01-15 12:10:16.329788] [debug] WebSocketServer: Broadcasting to 1 clients: {"server_time":"2026-01-15 12:10:16","timestamp":"1768468216329","isConnected":"True","numBoard":"0","numSteps":"0","numSpeed":"0.000000","numAccel":"0","numDecel":"0","currentPos":"0","startPos":"0","endPos":"0"}
[2026-01-15 12:10:17.330214] [debug] WebSocketServer: Broadcasting to 1 clients: {"server_time":"2026-01-15 12:10:17","timestamp":"1768468217330","isConnected":"True","numBoard":"0","numSteps":"0","numSpeed":"0.000000","numAccel":"0","numDecel":"0","currentPos":"0","startPos":"0","endPos":"0"}
[2026-01-15 12:10:18.330836] [debug] WebSocketServer: Broadcasting to 1 clients: {"server_time":"2026-01-15 12:10:18","timestamp":"1768468218330","isConnected":"True","numBoard":"0","numSteps":"0","numSpeed":"0.000000","numAccel":"0","numDecel":"0","currentPos":"0","startPos":"0","endPos":"0"}
[2026-01-15 12:10:19.331167] [debug] WebSocketServer: Broadcasting to 1 clients: {"server_time":"2026-01-15 12:10:19","timestamp":"1768468219331","isConnected":"True","numBoard":"0","numSteps":"0","numSpeed":"0.000000","numAccel":"0","numDecel":"0","currentPos":"0","startPos":"0","endPos":"0"}
[2026-01-15 12:10:20.332048] [debug] WebSocketServer: Broadcasting to 1 clients: {"server_time":"2026-01-15 12:10:20","timestamp":"1768468220331","isConnected":"True","numBoard":"0","numSteps":"0","numSpeed":"0.000000","numAccel":"0","numDecel":"0","currentPos":"0","startPos":"0","endPos":"0"}
[2026-01-15 12:10:21.332348] [debug] WebSocketServer: Broadcasting to 1 clients: {"server_time":"2026-01-15 12:10:21","timestamp":"1768468221332","isConnected":"True","numBoard":"0","numSteps":"0","numSpeed":"0.000000","numAccel":"0","numDecel":"0","currentPos":"0","startPos":"0","endPos":"0"}
[2026-01-15 12:10:22.332819] [debug] WebSocketServer: Broadcasting to 1 clients: {"server_time":"2026-01-15 12:10:22","timestamp":"1768468222332","isConnected":"True","numBoard":"0","numSteps":"0","numSpeed":"0.000000","numAccel":"0","numDecel":"0","currentPos":"0","startPos":"0","endPos":"0"}
[2026-01-15 12:10:23.333132] [debug] WebSocketServer: Broadcasting to 1 clients: {"server_time":"2026-01-15 12:10:23","timestamp":"1768468223333","isConnected":"True","numBoard":"0","numSteps":"0","numSpeed":"0.000000","numAccel":"0","numDecel":"0","currentPos":"0","startPos":"0","endPos":"0"}
[2026-01-15 12:10:24.333496] [debug] WebSocketServer: Broadcasting to 1 clients: {"server_time":"2026-01-15 12:10:24","timestamp":"1768468224333","isConnected":"True","numBoard":"0","numSteps":"0","numSpeed":"0.000000","numAccel":"0","numDecel":"0","currentPos":"0","startPos":"0","endPos":"0"}
[2026-01-15 12:10:25.333807] [debug] WebSocketServer: Broadcasting to 1 clients: {"server_time":"2026-01-15 12:10:25","timestamp":"1768468225333","isConnected":"True","numBoard":"0","numSteps":"0","numSpeed":"0.000000","numAccel":"0","numDecel":"0","currentPos":"0","startPos":"0","endPos":"0"}
[2026-01-15 12:10:26.334099] [debug] WebSocketServer: Broadcasting to 1 clients: {"server_time":"2026-01-15 12:10:26","timestamp":"1768468226334","isConnected":"True","numBoard":"0","numSteps":"0","numSpeed":"0.000000","numAccel":"0","numDecel":"0","currentPos":"0","startPos":"0","endPos":"0"}
[2026-01-15 12:10:27.334415] [debug] WebSocketServer: Broadcasting to 1 clients: {"server_time":"2026-01-15 12:10:27","timestamp":"1768468227334","isConnected":"True","numBoard":"0","numSteps":"0","numSpeed":"0.000000","numAccel":"0","numDecel":"0","currentPos":"0","startPos":"0","endPos":"0"}
[2026-01-15 12:10:28.334754] [debug] WebSocketServer: Broadcasting to 1 clients: {"server_time":"2026-01-15 12:10:28","timestamp":"1768468228334","isConnected":"True","numBoard":"0","numSteps":"0","numSpeed":"0.000000","numAccel":"0","numDecel":"0","currentPos":"0","startPos":"0","endPos":"0"}
[2026-01-15 12:10:29.335048] [debug] WebSocketServer: Broadcasting to 1 clients: {"server_time":"2026-01-15 12:10:29","timestamp":"1768468229334","isConnected":"True","numBoard":"0","numSteps":"0","numSpeed":"0.000000","numAccel":"0","numDecel":"0","currentPos":"0","startPos":"0","endPos":"0"}
[2026-01-15 12:10:30.335347] [debug] WebSocketServer: Broadcasting to 1 clients: {"server_time":"2026-01-15 12:10:30","timestamp":"1768468230335","isConnected":"True","numBoard":"0","numSteps":"0","numSpeed":"0.000000","numAccel":"0","numDecel":"0","currentPos":"0","startPos":"0","endPos":"0"}
[2026-01-15 12:10:31.335636] [debug] WebSocketServer: Broadcasting to 1 clients: {"server_time":"2026-01-15 12:10:31","timestamp":"1768468231335","isConnected":"True","numBoard":"0","numSteps":"0","numSpeed":"0.000000","numAccel":"0","numDecel":"0","currentPos":"0","startPos":"0","endPos":"0"}
[2026-01-15 12:10:32.335938] [debug] WebSocketServer: Broadcasting to 1 clients: {"server_time":"2026-01-15 12:10:32","timestamp":"1768468232335","isConnected":"True","numBoard":"0","numSteps":"0","numSpeed":"0.000000","numAccel":"0","numDecel":"0","currentPos":"0","startPos":"0","endPos":"0"}
[2026-01-15 12:10:33.336238] [debug] WebSocketServer: Broadcasting to 1 clients: {"server_time":"2026-01-15 12:10:33","timestamp":"1768468233336","isConnected":"True","numBoard":"0","numSteps":"0","numSpeed":"0.000000","numAccel":"0","numDecel":"0","currentPos":"0","startPos":"0","endPos":"0"}
[2026-01-15 12:10:34.336514] [debug] WebSocketServer: Broadcasting to 1 clients: {"server_time":"2026-01-15 12:10:34","timestamp":"1768468234336","isConnected":"True","numBoard":"0","numSteps":"0","numSpeed":"0.000000","numAccel":"0","numDecel":"0","currentPos":"0","startPos":"0","endPos":"0"}
[2026-01-15 12:10:35.336796] [debug] WebSocketServer: Broadcasting to 1 clients: {"server_time":"2026-01-15 12:10:35","timestamp":"1768468235336","isConnected":"True","numBoard":"0","numSteps":"0","numSpeed":"0.000000","numAccel":"0","numDecel":"0","currentPos":"0","startPos":"0","endPos":"0"}
[2026-01-15 12:10:36.337166] [debug] WebSocketServer: Broadcasting to 1 clients: {"server_time":"2026-01-15 12:10:36","timestamp":"1768468236337","isConnected":"True","numBoard":"0","numSteps":"0","numSpeed":"0.000000","numAccel":"0","numDecel":"0","currentPos":"0","startPos":"0","endPos":"0"}
[2026-01-15 12:10:37.337524] [debug] WebSocketServer: Broadcasting to 1 clients: {"server_time":"2026-01-15 12:10:37","timestamp":"1768468237337","isConnected":"True","numBoard":"0","numSteps":"0","numSpeed":"0.000000","numAccel":"0","numDecel":"0","currentPos":"0","startPos":"0","endPos":"0"}
[2026-01-15 12:10:38.337898] [debug] WebSocketServer: Broadcasting to 1 clients: {"server_time":"2026-01-15 12:10:38","timestamp":"1768468238337","isConnected":"True","numBoard":"0","numSteps":"0","numSpeed":"0.000000","numAccel":"0","numDecel":"0","currentPos":"0","startPos":"0","endPos":"0"}
[2026-01-15 12:10:39.338197] [debug] WebSocketServer: Broadcasting to 1 clients: {"server_time":"2026-01-15 12:10:39","timestamp":"1768468239338","isConnected":"True","numBoard":"0","numSteps":"0","numSpeed":"0.000000","numAccel":"0","numDecel":"0","currentPos":"0","startPos":"0","endPos":"0"}
[2026-01-15 12:10:40.338495] [debug] WebSocketServer: Broadcasting to 1 clients: {"server_time":"2026-01-15 12:10:40","timestamp":"1768468240338","isConnected":"True","numBoard":"0","numSteps":"0","numSpeed":"0.000000","numAccel":"0","numDecel":"0","currentPos":"0","startPos":"0","endPos":"0"}
[2026-01-15 12:10:41.338855] [debug] WebSocketServer: Broadcasting to 1 clients: {"server_time":"2026-01-15 12:10:41","timestamp":"1768468241338","isConnected":"True","numBoard":"0","numSteps":"0","numSpeed":"0.000000","numAccel":"0","numDecel":"0","currentPos":"0","startPos":"0","endPos":"0"}
[2026-01-15 12:10:42.339258] [debug] WebSocketServer: Broadcasting to 1 clients: {"server_time":"2026-01-15 12:10:42","timestamp":"1768468242339","isConnected":"True","numBoard":"0","numSteps":"0","numSpeed":"0.000000","numAccel":"0","numDecel":"0","currentPos":"0","startPos":"0","endPos":"0"}
[2026-01-15 12:10:43.339557] [debug] WebSocketServer: Broadcasting to 1 clients: {"server_time":"2026-01-15 12:10:43","timestamp":"1768468243339","isConnected":"True","numBoard":"0","numSteps":"0","numSpeed":"0.000000","numAccel":"0","numDecel":"0","currentPos":"0","startPos":"0","endPos":"0"}
[2026-01-15 12:10:44.339866] [debug] WebSocketServer: Broadcasting to 1 clients: {"server_time":"2026-01-15 12:10:44","timestamp":"1768468244339","isConnected":"True","numBoard":"0","numSteps":"0","numSpeed":"0.000000","numAccel":"0","numDecel":"0","currentPos":"0","startPos":"0","endPos":"0"}
[2026-01-15 12:10:45.340151] [debug] WebSocketServer: Broadcasting to 1 clients: {"server_time":"2026-01-15 12:10:45","timestamp":"1768468245340","isConnected":"True","numBoard":"0","numSteps":"0","numSpeed":"0.000000","numAccel":"0","numDecel":"0","currentPos":"0","startPos":"0","endPos":"0"}
[2026-01-15 12:10:46.340451] [debug] WebSocketServer: Broadcasting to 1 clients: {"server_time":"2026-01-15 12:10:46","timestamp":"1768468246340","isConnected":"True","numBoard":"0","numSteps":"0","numSpeed":"0.000000","numAccel":"0","numDecel":"0","currentPos":"0","startPos":"0","endPos":"0"}
[2026-01-15 12:10:47.340768] [debug] WebSocketServer: Broadcasting to 1 clients: {"server_time":"2026-01-15 12:10:47","timestamp":"1768468247340","isConnected":"True","numBoard":"0","numSteps":"0","numSpeed":"0.000000","numAccel":"0","numDecel":"0","currentPos":"0","startPos":"0","endPos":"0"}
[2026-01-15 12:10:48.341093] [debug] WebSocketServer: Broadcasting to 1 clients: {"server_time":"2026-01-15 12:10:48","timestamp":"1768468248341","isConnected":"True","numBoard":"0","numSteps":"0","numSpeed":"0.000000","numAccel":"0","numDecel":"0","currentPos":"0","startPos":"0","endPos":"0"}
[2026-01-15 12:10:49.341403] [debug] WebSocketServer: Broadcasting to 1 clients: {"server_time":"2026-01-15 12:10:49","timestamp":"1768468249341","isConnected":"True","numBoard":"0","numSteps":"0","numSpeed":"0.000000","numAccel":"0","numDecel":"0","currentPos":"0","startPos":"0","endPos":"0"}
[2026-01-15 12:10:50.341707] [debug] WebSocketServer: Broadcasting to 1 clients: {"server_time":"2026-01-15 12:10:50","timestamp":"1768468250341","isConnected":"True","numBoard":"0","numSteps":"0","numSpeed":"0.000000","numAccel":"0","numDecel":"0","currentPos":"0","startPos":"0","endPos":"0"}
[2026-01-15 12:10:51.341996] [debug] WebSocketServer: Broadcasting to 1 clients: {"server_time":"2026-01-15 12:10:51","timestamp":"1768468251341","isConnected":"True","numBoard":"0","numSteps":"0","numSpeed":"0.000000","numAccel":"0","numDecel":"0","currentPos":"0","startPos":"0","endPos":"0"}
[2026-01-15 12:10:52.342351] [debug] WebSocketServer: Broadcasting to 1 clients: {"server_time":"2026-01-15 12:10:52","timestamp":"1768468252342","isConnected":"True","numBoard":"0","numSteps":"0","numSpeed":"0.000000","numAccel":"0","numDecel":"0","currentPos":"0","startPos":"0","endPos":"0"}
[2026-01-15 12:10:53.342616] [debug] WebSocketServer: Broadcasting to 1 clients: {"server_time":"2026-01-15 12:10:53","timestamp":"1768468253342","isConnected":"True","numBoard":"0","numSteps":"0","numSpeed":"0.000000","numAccel":"0","numDecel":"0","currentPos":"0","startPos":"0","endPos":"0"}
[2026-01-15 12:10:54.342920] [debug] WebSocketServer: Broadcasting to 1 clients: {"server_time":"2026-01-15 12:10:54","timestamp":"1768468254342","isConnected":"True","numBoard":"0","numSteps":"0","numSpeed":"0.000000","numAccel":"0","numDecel":"0","currentPos":"0","startPos":"0","endPos":"0"}
[2026-01-15 12:10:55.343216] [debug] WebSocketServer: Broadcasting to 1 clients: {"server_time":"2026-01-15 12:10:55","timestamp":"1768468255343","isConnected":"True","numBoard":"0","numSteps":"0","numSpeed":"0.000000","numAccel":"0","numDecel":"0","currentPos":"0","startPos":"0","endPos":"0"}
[2026-01-15 12:10:56.343537] [debug] WebSocketServer: Broadcasting to 1 clients: {"server_time":"2026-01-15 12:10:56","timestamp":"1768468256343","isConnected":"True","numBoard":"0","numSteps":"0","numSpeed":"0.000000","numAccel":"0","numDecel":"0","currentPos":"0","startPos":"0","endPos":"0"}
[2026-01-15 12:10:57.343819] [debug] WebSocketServer: Broadcasting to 1 clients: {"server_time":"2026-01-15 12:10:57","timestamp":"1768468257343","isConnected":"True","numBoard":"0","numSteps":"0","numSpeed":"0.000000","numAccel":"0","numDecel":"0","currentPos":"0","startPos":"0","endPos":"0"}
[2026-01-15 12:10:58.344214] [debug] WebSocketServer: Broadcasting to 1 clients: {"server_time":"2026-01-15 12:10:58","timestamp":"1768468258344","isConnected":"True","numBoard":"0","numSteps":"0","numSpeed":"0.000000","numAccel":"0","numDecel":"0","currentPos":"0","startPos":"0","endPos":"0"}
[2026-01-15 12:10:59.344485] [debug] WebSocketServer: Broadcasting to 1 clients: {"server_time":"2026-01-15 12:10:59","timestamp":"1768468259344","isConnected":"True","numBoard":"0","numSteps":"0","numSpeed":"0.000000","numAccel":"0","numDecel":"0","currentPos":"0","startPos":"0","endPos":"0"}
[2026-01-15 12:11:00.344769] [debug] WebSocketServer: Broadcasting to 1 clients: {"server_time":"2026-01-15 12:11:00","timestamp":"1768468260344","isConnected":"True","numBoard":"0","numSteps":"0","numSpeed":"0.000000","numAccel":"0","numDecel":"0","currentPos":"0","startPos":"0","endPos":"0"}
[2026-01-15 12:11:01.345047] [debug] WebSocketServer: Broadcasting to 1 clients: {"server_time":"2026-01-15 12:11:01","timestamp":"1768468261344","isConnected":"True","numBoard":"0","numSteps":"0","numSpeed":"0.000000","numAccel":"0","numDecel":"0","currentPos":"0","startPos":"0","endPos":"0"}
[2026-01-15 12:11:02.345342] [debug] WebSocketServer: Broadcasting to 1 clients: {"server_time":"2026-01-15 12:11:02","timestamp":"1768468262345","isConnected":"True","numBoard":"0","numSteps":"0","numSpeed":"0.000000","numAccel":"0","numDecel":"0","currentPos":"0","startPos":"0","endPos":"0"}
[2026-01-15 12:11:03.345616] [debug] WebSocketServer: Broadcasting to 1 clients: {"server_time":"2026-01-15 12:11:03","timestamp":"1768468263345","isConnected":"True","numBoard":"0","numSteps":"0","numSpeed":"0.000000","numAccel":"0","numDecel":"0","currentPos":"0","startPos":"0","endPos":"0"}
[2026-01-15 12:11:04.345909] [debug] WebSocketServer: Broadcasting to 1 clients: {"server_time":"2026-01-15 12:11:04","timestamp":"1768468264345","isConnected":"True","numBoard":"0","numSteps":"0","numSpeed":"0.000000","numAccel":"0","numDecel":"0","currentPos":"0","startPos":"0","endPos":"0"}
[2026-01-15 12:11:05.346326] [debug] WebSocketServer: Broadcasting to 1 clients: {"server_time":"2026-01-15 12:11:05","timestamp":"1768468265346","isConnected":"True","numBoard":"0","numSteps":"0","numSpeed":"0.000000","numAccel":"0","numDecel":"0","currentPos":"0","startPos":"0","endPos":"0"}
[2026-01-15 12:11:06.347219] [debug] WebSocketServer: Broadcasting to 1 clients: {"server_time":"2026-01-15 12:11:06","timestamp":"1768468266347","isConnected":"True","numBoard":"0","numSteps":"0","numSpeed":"0.000000","numAccel":"0","numDecel":"0","currentPos":"0","startPos":"0","endPos":"0"}
[2026-01-15 12:11:07.347508] [debug] WebSocketServer: Broadcasting to 1 clients: {"server_time":"2026-01-15 12:11:07","timestamp":"1768468267347","isConnected":"True","numBoard":"0","numSteps":"0","numSpeed":"0.000000","numAccel":"0","numDecel":"0","currentPos":"0","startPos":"0","endPos":"0"}
[2026-01-15 12:11:08.347817] [debug] WebSocketServer: Broadcasting to 1 clients: {"server_time":"2026-01-15 12:11:08","timestamp":"1768468268347","isConnected":"True","numBoard":"0","numSteps":"0","numSpeed":"0.000000","numAccel":"0","numDecel":"0","currentPos":"0","startPos":"0","endPos":"0"}
[2026-01-15 12:11:09.348132] [debug] WebSocketServer: Broadcasting to 1 clients: {"server_time":"2026-01-15 12:11:09","timestamp":"1768468269348","isConnected":"True","numBoard":"0","numSteps":"0","numSpeed":"0.000000","numAccel":"0","numDecel":"0","currentPos":"0","startPos":"0","endPos":"0"}
[2026-01-15 12:11:10.348514] [debug] WebSocketServer: Broadcasting to 1 clients: {"server_time":"2026-01-15 12:11:10","timestamp":"1768468270348","isConnected":"True","numBoard":"0","numSteps":"0","numSpeed":"0.000000","numAccel":"0","numDecel":"0","currentPos":"0","startPos":"0","endPos":"0"}
[2026-01-15 12:11:11.348808] [debug] WebSocketServer: Broadcasting to 1 clients: {"server_time":"2026-01-15 12:11:11","timestamp":"1768468271348","isConnected":"True","numBoard":"0","numSteps":"0","numSpeed":"0.000000","numAccel":"0","numDecel":"0","currentPos":"0","startPos":"0","endPos":"0"}
[2026-01-15 12:11:12.349086] [debug] WebSocketServer: Broadcasting to 1 clients: {"server_time":"2026-01-15 12:11:12","timestamp":"1768468272349","isConnected":"True","numBoard":"0","numSteps":"0","numSpeed":"0.000000","numAccel":"0","numDecel":"0","currentPos":"0","startPos":"0","endPos":"0"}
[2026-01-15 12:11:13.349367] [debug] WebSocketServer: Broadcasting to 1 clients: {"server_time":"2026-01-15 12:11:13","timestamp":"1768468273349","isConnected":"True","numBoard":"0","numSteps":"0","numSpeed":"0.000000","numAccel":"0","numDecel":"0","currentPos":"0","startPos":"0","endPos":"0"}
[2026-01-15 12:11:14.349657] [debug] WebSocketServer: Broadcasting to 1 clients: {"server_time":"2026-01-15 12:11:14","timestamp":"1768468274349","isConnected":"True","numBoard":"0","numSteps":"0","numSpeed":"0.000000","numAccel":"0","numDecel":"0","currentPos":"0","startPos":"0","endPos":"0"}
[2026-01-15 12:11:15.349944] [debug] WebSocketServer: Broadcasting to 1 clients: {"server_time":"2026-01-15 12:11:15","timestamp":"1768468275349","isConnected":"True","numBoard":"0","numSteps":"0","numSpeed":"0.000000","numAccel":"0","numDecel":"0","currentPos":"0","startPos":"0","endPos":"0"}
[2026-01-15 12:11:16.350216] [debug] WebSocketServer: Broadcasting to 1 clients: {"server_time":"2026-01-15 12:11:16","timestamp":"1768468276350","isConnected":"True","numBoard":"0","numSteps":"0","numSpeed":"0.000000","numAccel":"0","numDecel":"0","currentPos":"0","startPos":"0","endPos":"0"}
[2026-01-15 12:11:17.350517] [debug] WebSocketServer: Broadcasting to 1 clients: {"server_time":"2026-01-15 12:11:17","timestamp":"1768468277350","isConnected":"True","numBoard":"0","numSteps":"0","numSpeed":"0.000000","numAccel":"0","numDecel":"0","currentPos":"0","startPos":"0","endPos":"0"}
[2026-01-15 12:11:18.350800] [debug] WebSocketServer: Broadcasting to 1 clients: {"server_time":"2026-01-15 12:11:18","timestamp":"1768468278350","isConnected":"True","numBoard":"0","numSteps":"0","numSpeed":"0.000000","numAccel":"0","numDecel":"0","currentPos":"0","startPos":"0","endPos":"0"}
[2026-01-15 12:11:19.351083] [debug] WebSocketServer: Broadcasting to 1 clients: {"server_time":"2026-01-15 12:11:19","timestamp":"1768468279351","isConnected":"True","numBoard":"0","numSteps":"0","numSpeed":"0.000000","numAccel":"0","numDecel":"0","currentPos":"0","startPos":"0","endPos":"0"}
[2026-01-15 12:11:20.351384] [debug] WebSocketServer: Broadcasting to 1 clients: {"server_time":"2026-01-15 12:11:20","timestamp":"1768468280351","isConnected":"True","numBoard":"0","numSteps":"0","numSpeed":"0.000000","numAccel":"0","numDecel":"0","currentPos":"0","startPos":"0","endPos":"0"}
[2026-01-15 12:11:21.351684] [debug] WebSocketServer: Broadcasting to 1 clients: {"server_time":"2026-01-15 12:11:21","timestamp":"1768468281351","isConnected":"True","numBoard":"0","numSteps":"0","numSpeed":"0.000000","numAccel":"0","numDecel":"0","currentPos":"0","startPos":"0","endPos":"0"}
[2026-01-15 12:11:22.352014] [debug] WebSocketServer: Broadcasting to 1 clients: {"server_time":"2026-01-15 12:11:22","timestamp":"1768468282351","isConnected":"True","numBoard":"0","numSteps":"0","numSpeed":"0.000000","numAccel":"0","numDecel":"0","currentPos":"0","startPos":"0","endPos":"0"}
[2026-01-15 12:11:23.352339] [debug] WebSocketServer: Broadcasting to 1 clients: {"server_time":"2026-01-15 12:11:23","timestamp":"1768468283352","isConnected":"True","numBoard":"0","numSteps":"0","numSpeed":"0.000000","numAccel":"0","numDecel":"0","currentPos":"0","startPos":"0","endPos":"0"}
[2026-01-15 12:11:24.353472] [debug] WebSocketServer: Broadcasting to 1 clients: {"server_time":"2026-01-15 12:11:24","timestamp":"1768468284353","isConnected":"True","numBoard":"0","numSteps":"0","numSpeed":"0.000000","numAccel":"0","numDecel":"0","currentPos":"0","startPos":"0","endPos":"0"}
[2026-01-15 12:11:25.353760] [debug] WebSocketServer: Broadcasting to 1 clients: {"server_time":"2026-01-15 12:11:25","timestamp":"1768468285353","isConnected":"True","numBoard":"0","numSteps":"0","numSpeed":"0.000000","numAccel":"0","numDecel":"0","currentPos":"0","startPos":"0","endPos":"0"}
[2026-01-15 12:11:26.354058] [debug] WebSocketServer: Broadcasting to 1 clients: {"server_time":"2026-01-15 12:11:26","timestamp":"1768468286354","isConnected":"True","numBoard":"0","numSteps":"0","numSpeed":"0.000000","numAccel":"0","numDecel":"0","currentPos":"0","startPos":"0","endPos":"0"}
[2026-01-15 12:11:27.354346] [debug] WebSocketServer: Broadcasting to 1 clients: {"server_time":"2026-01-15 12:11:27","timestamp":"1768468287354","isConnected":"True","numBoard":"0","numSteps":"0","numSpeed":"0.000000","numAccel":"0","numDecel":"0","currentPos":"0","startPos":"0","endPos":"0"}
[2026-01-15 12:11:28.354638] [debug] WebSocketServer: Broadcasting to 1 clients: {"server_time":"2026-01-15 12:11:28","timestamp":"1768468288354","isConnected":"True","numBoard":"0","numSteps":"0","numSpeed":"0.000000","numAccel":"0","numDecel":"0","currentPos":"0","startPos":"0","endPos":"0"}
[2026-01-15 12:11:29.354952] [debug] WebSocketServer: Broadcasting to 1 clients: {"server_time":"2026-01-15 12:11:29","timestamp":"1768468289354","isConnected":"True","numBoard":"0","numSteps":"0","numSpeed":"0.000000","numAccel":"0","numDecel":"0","currentPos":"0","startPos":"0","endPos":"0"}
[2026-01-15 12:11:30.355335] [debug] WebSocketServer: Broadcasting to 1 clients: {"server_time":"2026-01-15 12:11:30","timestamp":"1768468290355","isConnected":"True","numBoard":"0","numSteps":"0","numSpeed":"0.000000","numAccel":"0","numDecel":"0","currentPos":"0","startPos":"0","endPos":"0"}
[2026-01-15 12:11:31.355630] [debug] WebSocketServer: Broadcasting to 1 clients: {"server_time":"2026-01-15 12:11:31","timestamp":"1768468291355","isConnected":"True","numBoard":"0","numSteps":"0","numSpeed":"0.000000","numAccel":"0","numDecel":"0","currentPos":"0","startPos":"0","endPos":"0"}
[2026-01-15 12:11:32.355999] [debug] WebSocketServer: Broadcasting to 1 clients: {"server_time":"2026-01-15 12:11:32","timestamp":"1768468292355","isConnected":"True","numBoard":"0","numSteps":"0","numSpeed":"0.000000","numAccel":"0","numDecel":"0","currentPos":"0","startPos":"0","endPos":"0"}
[2026-01-15 12:11:33.356272] [debug] WebSocketServer: Broadcasting to 1 clients: {"server_time":"2026-01-15 12:11:33","timestamp":"1768468293356","isConnected":"True","numBoard":"0","numSteps":"0","numSpeed":"0.000000","numAccel":"0","numDecel":"0","currentPos":"0","startPos":"0","endPos":"0"}
[2026-01-15 12:11:34.356551] [debug] WebSocketServer: Broadcasting to 1 clients: {"server_time":"2026-01-15 12:11:34","timestamp":"1768468294356","isConnected":"True","numBoard":"0","numSteps":"0","numSpeed":"0.000000","numAccel":"0","numDecel":"0","currentPos":"0","startPos":"0","endPos":"0"}
[2026-01-15 12:11:35.356883] [debug] WebSocketServer: Broadcasting to 1 clients: {"server_time":"2026-01-15 12:11:35","timestamp":"1768468295356","isConnected":"True","numBoard":"0","numSteps":"0","numSpeed":"0.000000","numAccel":"0","numDecel":"0","currentPos":"0","startPos":"0","endPos":"0"}
[2026-01-15 12:11:36.357209] [debug] WebSocketServer: Broadcasting to 1 clients: {"server_time":"2026-01-15 12:11:36","timestamp":"1768468296357","isConnected":"True","numBoard":"0","numSteps":"0","numSpeed":"0.000000","numAccel":"0","numDecel":"0","currentPos":"0","startPos":"0","endPos":"0"}
[2026-01-15 12:11:37.357489] [debug] WebSocketServer: Broadcasting to 1 clients: {"server_time":"2026-01-15 12:11:37","timestamp":"1768468297357","isConnected":"True","numBoard":"0","numSteps":"0","numSpeed":"0.000000","numAccel":"0","numDecel":"0","currentPos":"0","startPos":"0","endPos":"0"}
[2026-01-15 12:11:38.357793] [debug] WebSocketServer: Broadcasting to 1 clients: {"server_time":"2026-01-15 12:11:38","timestamp":"1768468298357","isConnected":"True","numBoard":"0","numSteps":"0","numSpeed":"0.000000","numAccel":"0","numDecel":"0","currentPos":"0","startPos":"0","endPos":"0"}
[2026-01-15 12:11:39.358101] [debug] WebSocketServer: Broadcasting to 1 clients: {"server_time":"2026-01-15 12:11:39","timestamp":"1768468299358","isConnected":"True","numBoard":"0","numSteps":"0","numSpeed":"0.000000","numAccel":"0","numDecel":"0","currentPos":"0","startPos":"0","endPos":"0"}
[2026-01-15 12:11:40.358423] [debug] WebSocketServer: Broadcasting to 1 clients: {"server_time":"2026-01-15 12:11:40","timestamp":"1768468300358","isConnected":"True","numBoard":"0","numSteps":"0","numSpeed":"0.000000","numAccel":"0","numDecel":"0","currentPos":"0","startPos":"0","endPos":"0"}
[2026-01-15 12:11:41.358739] [debug] WebSocketServer: Broadcasting to 1 clients: {"server_time":"2026-01-15 12:11:41","timestamp":"1768468301358","isConnected":"True","numBoard":"0","numSteps":"0","numSpeed":"0.000000","numAccel":"0","numDecel":"0","currentPos":"0","startPos":"0","endPos":"0"}
[2026-01-15 12:11:42.359050] [debug] WebSocketServer: Broadcasting to 1 clients: {"server_time":"2026-01-15 12:11:42","timestamp":"1768468302358","isConnected":"True","numBoard":"0","numSteps":"0","numSpeed":"0.000000","numAccel":"0","numDecel":"0","currentPos":"0","startPos":"0","endPos":"0"}
[2026-01-15 12:11:43.359343] [debug] WebSocketServer: Broadcasting to 1 clients: {"server_time":"2026-01-15 12:11:43","timestamp":"1768468303359","isConnected":"True","numBoard":"0","numSteps":"0","numSpeed":"0.000000","numAccel":"0","numDecel":"0","currentPos":"0","startPos":"0","endPos":"0"}
[2026-01-15 12:11:44.359684] [debug] WebSocketServer: Broadcasting to 1 clients: {"server_time":"2026-01-15 12:11:44","timestamp":"1768468304359","isConnected":"True","numBoard":"0","numSteps":"0","numSpeed":"0.000000","numAccel":"0","numDecel":"0","currentPos":"0","startPos":"0","endPos":"0"}
[2026-01-15 12:11:45.359979] [debug] WebSocketServer: Broadcasting to 1 clients: {"server_time":"2026-01-15 12:11:45","timestamp":"1768468305359","isConnected":"True","numBoard":"0","numSteps":"0","numSpeed":"0.000000","numAccel":"0","numDecel":"0","currentPos":"0","startPos":"0","endPos":"0"}
[2026-01-15 12:11:46.360288] [debug] WebSocketServer: Broadcasting to 1 clients: {"server_time":"2026-01-15 12:11:46","timestamp":"1768468306360","isConnected":"True","numBoard":"0","numSteps":"0","numSpeed":"0.000000","numAccel":"0","numDecel":"0","currentPos":"0","startPos":"0","endPos":"0"}
[2026-01-15 12:11:47.360570] [debug] WebSocketServer: Broadcasting to 1 clients: {"server_time":"2026-01-15 12:11:47","timestamp":"1768468307360","isConnected":"True","numBoard":"0","numSteps":"0","numSpeed":"0.000000","numAccel":"0","numDecel":"0","currentPos":"0","startPos":"0","endPos":"0"}
[2026-01-15 12:11:48.360853] [debug] WebSocketServer: Broadcasting to 1 clients: {"server_time":"2026-01-15 12:11:48","timestamp":"1768468308360","isConnected":"True","numBoard":"0","numSteps":"0","numSpeed":"0.000000","numAccel":"0","numDecel":"0","currentPos":"0","startPos":"0","endPos":"0"}
[2026-01-15 12:11:49.361152] [debug] WebSocketServer: Broadcasting to 1 clients: {"server_time":"2026-01-15 12:11:49","timestamp":"1768468309361","isConnected":"True","numBoard":"0","numSteps":"0","numSpeed":"0.000000","numAccel":"0","numDecel":"0","currentPos":"0","startPos":"0","endPos":"0"}
[2026-01-15 12:11:50.361448] [debug] WebSocketServer: Broadcasting to 1 clients: {"server_time":"2026-01-15 12:11:50","timestamp":"1768468310361","isConnected":"True","numBoard":"0","numSteps":"0","numSpeed":"0.000000","numAccel":"0","numDecel":"0","currentPos":"0","startPos":"0","endPos":"0"}
[2026-01-15 12:11:51.361729] [debug] WebSocketServer: Broadcasting to 1 clients: {"server_time":"2026-01-15 12:11:51","timestamp":"1768468311361","isConnected":"True","numBoard":"0","numSteps":"0","numSpeed":"0.000000","numAccel":"0","numDecel":"0","currentPos":"0","startPos":"0","endPos":"0"}
[2026-01-15 12:11:52.362015] [debug] WebSocketServer: Broadcasting to 1 clients: {"server_time":"2026-01-15 12:11:52","timestamp":"1768468312361","isConnected":"True","numBoard":"0","numSteps":"0","numSpeed":"0.000000","numAccel":"0","numDecel":"0","currentPos":"0","startPos":"0","endPos":"0"}
[2026-01-15 12:11:53.362311] [debug] WebSocketServer: Broadcasting to 1 clients: {"server_time":"2026-01-15 12:11:53","timestamp":"1768468313362","isConnected":"True","numBoard":"0","numSteps":"0","numSpeed":"0.000000","numAccel":"0","numDecel":"0","currentPos":"0","startPos":"0","endPos":"0"}
[2026-01-15 12:11:54.362602] [debug] WebSocketServer: Broadcasting to 1 clients: {"server_time":"2026-01-15 12:11:54","timestamp":"1768468314362","isConnected":"True","numBoard":"0","numSteps":"0","numSpeed":"0.000000","numAccel":"0","numDecel":"0","currentPos":"0","startPos":"0","endPos":"0"}
[2026-01-15 12:11:55.362897] [debug] WebSocketServer: Broadcasting to 1 clients: {"server_time":"2026-01-15 12:11:55","timestamp":"1768468315362","isConnected":"True","numBoard":"0","numSteps":"0","numSpeed":"0.000000","numAccel":"0","numDecel":"0","currentPos":"0","startPos":"0","endPos":"0"}
[2026-01-15 12:11:56.363239] [debug] WebSocketServer: Broadcasting to 1 clients: {"server_time":"2026-01-15 12:11:56","timestamp":"1768468316363","isConnected":"True","numBoard":"0","numSteps":"0","numSpeed":"0.000000","numAccel":"0","numDecel":"0","currentPos":"0","startPos":"0","endPos":"0"}
[2026-01-15 12:11:57.363514] [debug] WebSocketServer: Broadcasting to 1 clients: {"server_time":"2026-01-15 12:11:57","timestamp":"1768468317363","isConnected":"True","numBoard":"0","numSteps":"0","numSpeed":"0.000000","numAccel":"0","numDecel":"0","currentPos":"0","startPos":"0","endPos":"0"}
[2026-01-15 12:11:58.363789] [debug] WebSocketServer: Broadcasting to 1 clients: {"server_time":"2026-01-15 12:11:58","timestamp":"1768468318363","isConnected":"True","numBoard":"0","numSteps":"0","numSpeed":"0.000000","numAccel":"0","numDecel":"0","currentPos":"0","startPos":"0","endPos":"0"}
[2026-01-15 12:11:59.364059] [debug] WebSocketServer: Broadcasting to 1 clients: {"server_time":"2026-01-15 12:11:59","timestamp":"1768468319364","isConnected":"True","numBoard":"0","numSteps":"0","numSpeed":"0.000000","numAccel":"0","numDecel":"0","currentPos":"0","startPos":"0","endPos":"0"}
[2026-01-15 12:12:00.364336] [debug] WebSocketServer: Broadcasting to 1 clients: {"server_time":"2026-01-15 12:12:00","timestamp":"1768468320364","isConnected":"True","numBoard":"0","numSteps":"0","numSpeed":"0.000000","numAccel":"0","numDecel":"0","currentPos":"0","startPos":"0","endPos":"0"}
[2026-01-15 12:12:01.364608] [debug] WebSocketServer: Broadcasting to 1 clients: {"server_time":"2026-01-15 12:12:01","timestamp":"1768468321364","isConnected":"True","numBoard":"0","numSteps":"0","numSpeed":"0.000000","numAccel":"0","numDecel":"0","currentPos":"0","startPos":"0","endPos":"0"}
[2026-01-15 12:12:02.364912] [debug] WebSocketServer: Broadcasting to 1 clients: {"server_time":"2026-01-15 12:12:02","timestamp":"1768468322364","isConnected":"True","numBoard":"0","numSteps":"0","numSpeed":"0.000000","numAccel":"0","numDecel":"0","currentPos":"0","startPos":"0","endPos":"0"}
[2026-01-15 12:12:03.365204] [debug] WebSocketServer: Broadcasting to 1 clients: {"server_time":"2026-01-15 12:12:03","timestamp":"1768468323365","isConnected":"True","numBoard":"0","numSteps":"0","numSpeed":"0.000000","numAccel":"0","numDecel":"0","currentPos":"0","startPos":"0","endPos":"0"}
[2026-01-15 12:12:04.365499] [debug] WebSocketServer: Broadcasting to 1 clients: {"server_time":"2026-01-15 12:12:04","timestamp":"1768468324365","isConnected":"True","numBoard":"0","numSteps":"0","numSpeed":"0.000000","numAccel":"0","numDecel":"0","currentPos":"0","startPos":"0","endPos":"0"}
[2026-01-15 12:12:05.365845] [debug] WebSocketServer: Broadcasting to 1 clients: {"server_time":"2026-01-15 12:12:05","timestamp":"1768468325365","isConnected":"True","numBoard":"0","numSteps":"0","numSpeed":"0.000000","numAccel":"0","numDecel":"0","currentPos":"0","startPos":"0","endPos":"0"}
[2026-01-15 12:12:06.366125] [debug] WebSocketServer: Broadcasting to 1 clients: {"server_time":"2026-01-15 12:12:06","timestamp":"1768468326366","isConnected":"True","numBoard":"0","numSteps":"0","numSpeed":"0.000000","numAccel":"0","numDecel":"0","currentPos":"0","startPos":"0","endPos":"0"}
[2026-01-15 12:12:07.366402] [debug] WebSocketServer: Broadcasting to 1 clients: {"server_time":"2026-01-15 12:12:07","timestamp":"1768468327366","isConnected":"True","numBoard":"0","numSteps":"0","numSpeed":"0.000000","numAccel":"0","numDecel":"0","currentPos":"0","startPos":"0","endPos":"0"}
[2026-01-15 12:12:08.366695] [debug] WebSocketServer: Broadcasting to 1 clients: {"server_time":"2026-01-15 12:12:08","timestamp":"1768468328366","isConnected":"True","numBoard":"0","numSteps":"0","numSpeed":"0.000000","numAccel":"0","numDecel":"0","currentPos":"0","startPos":"0","endPos":"0"}
[2026-01-15 12:12:09.366966] [debug] WebSocketServer: Broadcasting to 1 clients: {"server_time":"2026-01-15 12:12:09","timestamp":"1768468329366","isConnected":"True","numBoard":"0","numSteps":"0","numSpeed":"0.000000","numAccel":"0","numDecel":"0","currentPos":"0","startPos":"0","endPos":"0"}
[2026-01-15 12:12:10.367264] [debug] WebSocketServer: Broadcasting to 1 clients: {"server_time":"2026-01-15 12:12:10","timestamp":"1768468330367","isConnected":"True","numBoard":"0","numSteps":"0","numSpeed":"0.000000","numAccel":"0","numDecel":"0","currentPos":"0","startPos":"0","endPos":"0"}
[2026-01-15 12:12:11.367545] [debug] WebSocketServer: Broadcasting to 1 clients: {"server_time":"2026-01-15 12:12:11","timestamp":"1768468331367","isConnected":"True","numBoard":"0","numSteps":"0","numSpeed":"0.000000","numAccel":"0","numDecel":"0","currentPos":"0","startPos":"0","endPos":"0"}
[2026-01-15 12:12:12.367868] [debug] WebSocketServer: Broadcasting to 1 clients: {"server_time":"2026-01-15 12:12:12","timestamp":"1768468332367","isConnected":"True","numBoard":"0","numSteps":"0","numSpeed":"0.000000","numAccel":"0","numDecel":"0","currentPos":"0","startPos":"0","endPos":"0"}
[2026-01-15 12:12:13.368225] [debug] WebSocketServer: Broadcasting to 1 clients: {"server_time":"2026-01-15 12:12:13","timestamp":"1768468333368","isConnected":"True","numBoard":"0","numSteps":"0","numSpeed":"0.000000","numAccel":"0","numDecel":"0","currentPos":"0","startPos":"0","endPos":"0"}
[2026-01-15 12:12:14.368485] [debug] WebSocketServer: Broadcasting to 1 clients: {"server_time":"2026-01-15 12:12:14","timestamp":"1768468334368","isConnected":"True","numBoard":"0","numSteps":"0","numSpeed":"0.000000","numAccel":"0","numDecel":"0","currentPos":"0","startPos":"0","endPos":"0"}
[2026-01-15 12:12:15.368743] [debug] WebSocketServer: Broadcasting to 1 clients: {"server_time":"2026-01-15 12:12:15","timestamp":"1768468335368","isConnected":"True","numBoard":"0","numSteps":"0","numSpeed":"0.000000","numAccel":"0","numDecel":"0","currentPos":"0","startPos":"0","endPos":"0"}
[2026-01-15 12:12:16.369012] [debug] WebSocketServer: Broadcasting to 1 clients: {"server_time":"2026-01-15 12:12:16","timestamp":"1768468336368","isConnected":"True","numBoard":"0","numSteps":"0","numSpeed":"0.000000","numAccel":"0","numDecel":"0","currentPos":"0","startPos":"0","endPos":"0"}
[2026-01-15 12:12:17.369294] [debug] WebSocketServer: Broadcasting to 1 clients: {"server_time":"2026-01-15 12:12:17","timestamp":"1768468337369","isConnected":"True","numBoard":"0","numSteps":"0","numSpeed":"0.000000","numAccel":"0","numDecel":"0","currentPos":"0","startPos":"0","endPos":"0"}
[2026-01-15 12:12:18.369592] [debug] WebSocketServer: Broadcasting to 1 clients: {"server_time":"2026-01-15 12:12:18","timestamp":"1768468338369","isConnected":"True","numBoard":"0","numSteps":"0","numSpeed":"0.000000","numAccel":"0","numDecel":"0","currentPos":"0","startPos":"0","endPos":"0"}
[2026-01-15 12:12:19.369895] [debug] WebSocketServer: Broadcasting to 1 clients: {"server_time":"2026-01-15 12:12:19","timestamp":"1768468339369","isConnected":"True","numBoard":"0","numSteps":"0","numSpeed":"0.000000","numAccel":"0","numDecel":"0","currentPos":"0","startPos":"0","endPos":"0"}
[2026-01-15 12:12:20.370205] [debug] WebSocketServer: Broadcasting to 1 clients: {"server_time":"2026-01-15 12:12:20","timestamp":"1768468340370","isConnected":"True","numBoard":"0","numSteps":"0","numSpeed":"0.000000","numAccel":"0","numDecel":"0","currentPos":"0","startPos":"0","endPos":"0"}
[2026-01-15 12:12:21.370483] [debug] WebSocketServer: Broadcasting to 1 clients: {"server_time":"2026-01-15 12:12:21","timestamp":"1768468341370","isConnected":"True","numBoard":"0","numSteps":"0","numSpeed":"0.000000","numAccel":"0","numDecel":"0","currentPos":"0","startPos":"0","endPos":"0"}
[2026-01-15 12:12:22.370763] [debug] WebSocketServer: Broadcasting to 1 clients: {"server_time":"2026-01-15 12:12:22","timestamp":"1768468342370","isConnected":"True","numBoard":"0","numSteps":"0","numSpeed":"0.000000","numAccel":"0","numDecel":"0","currentPos":"0","startPos":"0","endPos":"0"}
[2026-01-15 12:12:23.371046] [debug] WebSocketServer: Broadcasting to 1 clients: {"server_time":"2026-01-15 12:12:23","timestamp":"1768468343370","isConnected":"True","numBoard":"0","numSteps":"0","numSpeed":"0.000000","numAccel":"0","numDecel":"0","currentPos":"0","startPos":"0","endPos":"0"}
[2026-01-15 12:12:24.371352] [debug] WebSocketServer: Broadcasting to 1 clients: {"server_time":"2026-01-15 12:12:24","timestamp":"1768468344371","isConnected":"True","numBoard":"0","numSteps":"0","numSpeed":"0.000000","numAccel":"0","numDecel":"0","currentPos":"0","startPos":"0","endPos":"0"}
[2026-01-15 12:12:25.371678] [debug] WebSocketServer: Broadcasting to 1 clients: {"server_time":"2026-01-15 12:12:25","timestamp":"1768468345371","isConnected":"True","numBoard":"0","numSteps":"0","numSpeed":"0.000000","numAccel":"0","numDecel":"0","currentPos":"0","startPos":"0","endPos":"0"}
[2026-01-15 12:12:26.372027] [debug] WebSocketServer: Broadcasting to 1 clients: {"server_time":"2026-01-15 12:12:26","timestamp":"1768468346371","isConnected":"True","numBoard":"0","numSteps":"0","numSpeed":"0.000000","numAccel":"0","numDecel":"0","currentPos":"0","startPos":"0","endPos":"0"}
[2026-01-15 12:12:27.373025] [debug] WebSocketServer: Broadcasting to 1 clients: {"server_time":"2026-01-15 12:12:27","timestamp":"1768468347372","isConnected":"True","numBoard":"0","numSteps":"0","numSpeed":"0.000000","numAccel":"0","numDecel":"0","currentPos":"0","startPos":"0","endPos":"0"}
[2026-01-15 12:12:28.373364] [debug] WebSocketServer: Broadcasting to 1 clients: {"server_time":"2026-01-15 12:12:28","timestamp":"1768468348373","isConnected":"True","numBoard":"0","numSteps":"0","numSpeed":"0.000000","numAccel":"0","numDecel":"0","currentPos":"0","startPos":"0","endPos":"0"}
[2026-01-15 12:12:29.374539] [debug] WebSocketServer: Broadcasting to 1 clients: {"server_time":"2026-01-15 12:12:29","timestamp":"1768468349374","isConnected":"True","numBoard":"0","numSteps":"0","numSpeed":"0.000000","numAccel":"0","numDecel":"0","currentPos":"0","startPos":"0","endPos":"0"}
[2026-01-15 12:12:30.374831] [debug] WebSocketServer: Broadcasting to 1 clients: {"server_time":"2026-01-15 12:12:30","timestamp":"1768468350374","isConnected":"True","numBoard":"0","numSteps":"0","numSpeed":"0.000000","numAccel":"0","numDecel":"0","currentPos":"0","startPos":"0","endPos":"0"}
[2026-01-15 12:12:31.375633] [debug] WebSocketServer: Broadcasting to 1 clients: {"server_time":"2026-01-15 12:12:31","timestamp":"1768468351375","isConnected":"True","numBoard":"0","numSteps":"0","numSpeed":"0.000000","numAccel":"0","numDecel":"0","currentPos":"0","startPos":"0","endPos":"0"}
[2026-01-15 12:12:32.375911] [debug] WebSocketServer: Broadcasting to 1 clients: {"server_time":"2026-01-15 12:12:32","timestamp":"1768468352375","isConnected":"True","numBoard":"0","numSteps":"0","numSpeed":"0.000000","numAccel":"0","numDecel":"0","currentPos":"0","startPos":"0","endPos":"0"}
[2026-01-15 12:12:33.376197] [debug] WebSocketServer: Broadcasting to 1 clients: {"server_time":"2026-01-15 12:12:33","timestamp":"1768468353376","isConnected":"True","numBoard":"0","numSteps":"0","numSpeed":"0.000000","numAccel":"0","numDecel":"0","currentPos":"0","startPos":"0","endPos":"0"}
[2026-01-15 12:12:34.376481] [debug] WebSocketServer: Broadcasting to 1 clients: {"server_time":"2026-01-15 12:12:34","timestamp":"1768468354376","isConnected":"True","numBoard":"0","numSteps":"0","numSpeed":"0.000000","numAccel":"0","numDecel":"0","currentPos":"0","startPos":"0","endPos":"0"}
[2026-01-15 12:12:35.376743] [debug] WebSocketServer: Broadcasting to 1 clients: {"server_time":"2026-01-15 12:12:35","timestamp":"1768468355376","isConnected":"True","numBoard":"0","numSteps":"0","numSpeed":"0.000000","numAccel":"0","numDecel":"0","currentPos":"0","startPos":"0","endPos":"0"}
[2026-01-15 12:12:36.377042] [debug] WebSocketServer: Broadcasting to 1 clients: {"server_time":"2026-01-15 12:12:36","timestamp":"1768468356376","isConnected":"True","numBoard":"0","numSteps":"0","numSpeed":"0.000000","numAccel":"0","numDecel":"0","currentPos":"0","startPos":"0","endPos":"0"}
[2026-01-15 12:12:37.377312] [debug] WebSocketServer: Broadcasting to 1 clients: {"server_time":"2026-01-15 12:12:37","timestamp":"1768468357377","isConnected":"True","numBoard":"0","numSteps":"0","numSpeed":"0.000000","numAccel":"0","numDecel":"0","currentPos":"0","startPos":"0","endPos":"0"}
[2026-01-15 12:12:38.377586] [debug] WebSocketServer: Broadcasting to 1 clients: {"server_time":"2026-01-15 12:12:38","timestamp":"1768468358377","isConnected":"True","numBoard":"0","numSteps":"0","numSpeed":"0.000000","numAccel":"0","numDecel":"0","currentPos":"0","startPos":"0","endPos":"0"}
[2026-01-15 12:12:39.377849] [debug] WebSocketServer: Broadcasting to 1 clients: {"server_time":"2026-01-15 12:12:39","timestamp":"1768468359377","isConnected":"True","numBoard":"0","numSteps":"0","numSpeed":"0.000000","numAccel":"0","numDecel":"0","currentPos":"0","startPos":"0","endPos":"0"}
[2026-01-15 12:12:40.378121] [debug] WebSocketServer: Broadcasting to 1 clients: {"server_time":"2026-01-15 12:12:40","timestamp":"1768468360378","isConnected":"True","numBoard":"0","numSteps":"0","numSpeed":"0.000000","numAccel":"0","numDecel":"0","currentPos":"0","startPos":"0","endPos":"0"}
[2026-01-15 12:12:41.378422] [debug] WebSocketServer: Broadcasting to 1 clients: {"server_time":"2026-01-15 12:12:41","timestamp":"1768468361378","isConnected":"True","numBoard":"0","numSteps":"0","numSpeed":"0.000000","numAccel":"0","numDecel":"0","currentPos":"0","startPos":"0","endPos":"0"}
[2026-01-15 12:12:42.378702] [debug] WebSocketServer: Broadcasting to 1 clients: {"server_time":"2026-01-15 12:12:42","timestamp":"1768468362378","isConnected":"True","numBoard":"0","numSteps":"0","numSpeed":"0.000000","numAccel":"0","numDecel":"0","currentPos":"0","startPos":"0","endPos":"0"}
[2026-01-15 12:12:43.379008] [debug] WebSocketServer: Broadcasting to 1 clients: {"server_time":"2026-01-15 12:12:43","timestamp":"1768468363378","isConnected":"True","numBoard":"0","numSteps":"0","numSpeed":"0.000000","numAccel":"0","numDecel":"0","currentPos":"0","startPos":"0","endPos":"0"}
[2026-01-15 12:12:44.379306] [debug] WebSocketServer: Broadcasting to 1 clients: {"server_time":"2026-01-15 12:12:44","timestamp":"1768468364379","isConnected":"True","numBoard":"0","numSteps":"0","numSpeed":"0.000000","numAccel":"0","numDecel":"0","currentPos":"0","startPos":"0","endPos":"0"}
[2026-01-15 12:12:45.379583] [debug] WebSocketServer: Broadcasting to 1 clients: {"server_time":"2026-01-15 12:12:45","timestamp":"1768468365379","isConnected":"True","numBoard":"0","numSteps":"0","numSpeed":"0.000000","numAccel":"0","numDecel":"0","currentPos":"0","startPos":"0","endPos":"0"}
[2026-01-15 12:12:46.379852] [debug] WebSocketServer: Broadcasting to 1 clients: {"server_time":"2026-01-15 12:12:46","timestamp":"1768468366379","isConnected":"True","numBoard":"0","numSteps":"0","numSpeed":"0.000000","numAccel":"0","numDecel":"0","currentPos":"0","startPos":"0","endPos":"0"}
[2026-01-15 12:12:47.380126] [debug] WebSocketServer: Broadcasting to 1 clients: {"server_time":"2026-01-15 12:12:47","timestamp":"1768468367380","isConnected":"True","numBoard":"0","numSteps":"0","numSpeed":"0.000000","numAccel":"0","numDecel":"0","currentPos":"0","startPos":"0","endPos":"0"}
[2026-01-15 12:12:48.380437] [debug] WebSocketServer: Broadcasting to 1 clients: {"server_time":"2026-01-15 12:12:48","timestamp":"1768468368380","isConnected":"True","numBoard":"0","numSteps":"0","numSpeed":"0.000000","numAccel":"0","numDecel":"0","currentPos":"0","startPos":"0","endPos":"0"}
[2026-01-15 12:12:49.380717] [debug] WebSocketServer: Broadcasting to 1 clients: {"server_time":"2026-01-15 12:12:49","timestamp":"1768468369380","isConnected":"True","numBoard":"0","numSteps":"0","numSpeed":"0.000000","numAccel":"0","numDecel":"0","currentPos":"0","startPos":"0","endPos":"0"}
[2026-01-15 12:12:50.380965] [debug] WebSocketServer: Broadcasting to 1 clients: {"server_time":"2026-01-15 12:12:50","timestamp":"1768468370380","isConnected":"True","numBoard":"0","numSteps":"0","numSpeed":"0.000000","numAccel":"0","numDecel":"0","currentPos":"0","startPos":"0","endPos":"0"}
[2026-01-15 12:12:51.381248] [debug] WebSocketServer: Broadcasting to 1 clients: {"server_time":"2026-01-15 12:12:51","timestamp":"1768468371381","isConnected":"True","numBoard":"0","numSteps":"0","numSpeed":"0.000000","numAccel":"0","numDecel":"0","currentPos":"0","startPos":"0","endPos":"0"}
[2026-01-15 12:12:52.381535] [debug] WebSocketServer: Broadcasting to 1 clients: {"server_time":"2026-01-15 12:12:52","timestamp":"1768468372381","isConnected":"True","numBoard":"0","numSteps":"0","numSpeed":"0.000000","numAccel":"0","numDecel":"0","currentPos":"0","startPos":"0","endPos":"0"}
[2026-01-15 12:12:53.381809] [debug] WebSocketServer: Broadcasting to 1 clients: {"server_time":"2026-01-15 12:12:53","timestamp":"1768468373381","isConnected":"True","numBoard":"0","numSteps":"0","numSpeed":"0.000000","numAccel":"0","numDecel":"0","currentPos":"0","startPos":"0","endPos":"0"}
[2026-01-15 12:12:54.382117] [debug] WebSocketServer: Broadcasting to 1 clients: {"server_time":"2026-01-15 12:12:54","timestamp":"1768468374382","isConnected":"True","numBoard":"0","numSteps":"0","numSpeed":"0.000000","numAccel":"0","numDecel":"0","currentPos":"0","startPos":"0","endPos":"0"}
[2026-01-15 12:12:55.382406] [debug] WebSocketServer: Broadcasting to 1 clients: {"server_time":"2026-01-15 12:12:55","timestamp":"1768468375382","isConnected":"True","numBoard":"0","numSteps":"0","numSpeed":"0.000000","numAccel":"0","numDecel":"0","currentPos":"0","startPos":"0","endPos":"0"}
[2026-01-15 12:12:56.382688] [debug] WebSocketServer: Broadcasting to 1 clients: {"server_time":"2026-01-15 12:12:56","timestamp":"1768468376382","isConnected":"True","numBoard":"0","numSteps":"0","numSpeed":"0.000000","numAccel":"0","numDecel":"0","currentPos":"0","startPos":"0","endPos":"0"}
[2026-01-15 12:12:57.382954] [debug] WebSocketServer: Broadcasting to 1 clients: {"server_time":"2026-01-15 12:12:57","timestamp":"1768468377382","isConnected":"True","numBoard":"0","numSteps":"0","numSpeed":"0.000000","numAccel":"0","numDecel":"0","currentPos":"0","startPos":"0","endPos":"0"}
[2026-01-15 12:12:58.383208] [debug] WebSocketServer: Broadcasting to 1 clients: {"server_time":"2026-01-15 12:12:58","timestamp":"1768468378383","isConnected":"True","numBoard":"0","numSteps":"0","numSpeed":"0.000000","numAccel":"0","numDecel":"0","currentPos":"0","startPos":"0","endPos":"0"}
[2026-01-15 12:12:59.383507] [debug] WebSocketServer: Broadcasting to 1 clients: {"server_time":"2026-01-15 12:12:59","timestamp":"1768468379383","isConnected":"True","numBoard":"0","numSteps":"0","numSpeed":"0.000000","numAccel":"0","numDecel":"0","currentPos":"0","startPos":"0","endPos":"0"}
[2026-01-15 12:13:00.383775] [debug] WebSocketServer: Broadcasting to 1 clients: {"server_time":"2026-01-15 12:13:00","timestamp":"1768468380383","isConnected":"True","numBoard":"0","numSteps":"0","numSpeed":"0.000000","numAccel":"0","numDecel":"0","currentPos":"0","startPos":"0","endPos":"0"}
[2026-01-15 12:13:01.384055] [debug] WebSocketServer: Broadcasting to 1 clients: {"server_time":"2026-01-15 12:13:01","timestamp":"1768468381384","isConnected":"True","numBoard":"0","numSteps":"0","numSpeed":"0.000000","numAccel":"0","numDecel":"0","currentPos":"0","startPos":"0","endPos":"0"}
[2026-01-15 12:13:02.384397] [debug] WebSocketServer: Broadcasting to 1 clients: {"server_time":"2026-01-15 12:13:02","timestamp":"1768468382384","isConnected":"True","numBoard":"0","numSteps":"0","numSpeed":"0.000000","numAccel":"0","numDecel":"0","currentPos":"0","startPos":"0","endPos":"0"}
[2026-01-15 12:13:03.384729] [debug] WebSocketServer: Broadcasting to 1 clients: {"server_time":"2026-01-15 12:13:03","timestamp":"1768468383384","isConnected":"True","numBoard":"0","numSteps":"0","numSpeed":"0.000000","numAccel":"0","numDecel":"0","currentPos":"0","startPos":"0","endPos":"0"}
[2026-01-15 12:13:04.385025] [debug] WebSocketServer: Broadcasting to 1 clients: {"server_time":"2026-01-15 12:13:04","timestamp":"1768468384384","isConnected":"True","numBoard":"0","numSteps":"0","numSpeed":"0.000000","numAccel":"0","numDecel":"0","currentPos":"0","startPos":"0","endPos":"0"}
[2026-01-15 12:13:05.129895] [info] WebSocket client disconnected (ENOTCONN)
[2026-01-15 12:13:05.130002] [info] Session removed. Active clients: 0
[2026-01-15 12:13:05.130044] [info] WebSocket session destroyed
[2026-01-15 12:13:56.884467] [info] RestApiServer created on port 8080
[2026-01-15 12:13:56.884678] [info] WebSocketServer created on port 8081
[2026-01-15 12:13:56.884861] [info] WebSocketServer starting on port 8081
[2026-01-15 12:13:56.885088] [info] WebSocketServer: Started auto updates with interval 1000ms
[2026-01-15 12:13:56.885202] [info] WebSocketServer: Auto update worker started
[2026-01-15 12:13:56.885138] [info] Run RestApiServer on port 8080
[2026-01-15 12:13:59.022672] [info] WebSocket client connected. Total clients: 1
[2026-01-15 12:13:59.885627] [debug] WebSocketServer: Broadcasting to 1 clients: {"server_time":"2026-01-15 12:13:59","timestamp":"1768468439885","isConnected":"False","numBoard":"0","numSteps":"0","numSpeed":"0.000000","numAccel":"0","numDecel":"0","currentPos":"0","startPos":"0","endPos":"0"}
[2026-01-15 12:14:00.885915] [debug] WebSocketServer: Broadcasting to 1 clients: {"server_time":"2026-01-15 12:14:00","timestamp":"1768468440885","isConnected":"False","numBoard":"0","numSteps":"0","numSpeed":"0.000000","numAccel":"0","numDecel":"0","currentPos":"0","startPos":"0","endPos":"0"}
[2026-01-15 12:14:01.858335] [info] GET /api/connect
[2026-01-15 12:14:01.886209] [debug] WebSocketServer: Broadcasting to 1 clients: {"server_time":"2026-01-15 12:14:01","timestamp":"1768468441886","isConnected":"True","numBoard":"0","numSteps":"0","numSpeed":"0.000000","numAccel":"0","numDecel":"0","currentPos":"0","startPos":"0","endPos":"0"}
[2026-01-15 12:14:02.424922] [info] POST /api/board/set {"numBoard":0}
[2026-01-15 12:14:02.886500] [debug] WebSocketServer: Broadcasting to 1 clients: {"server_time":"2026-01-15 12:14:02","timestamp":"1768468442886","isConnected":"True","numBoard":"0","numSteps":"0","numSpeed":"0.000000","numAccel":"0","numDecel":"0","currentPos":"0","startPos":"0","endPos":"0"}
[2026-01-15 12:14:03.886766] [debug] WebSocketServer: Broadcasting to 1 clients: {"server_time":"2026-01-15 12:14:03","timestamp":"1768468443886","isConnected":"True","numBoard":"0","numSteps":"0","numSpeed":"0.000000","numAccel":"0","numDecel":"0","currentPos":"0","startPos":"0","endPos":"0"}
[2026-01-15 12:14:04.887069] [debug] WebSocketServer: Broadcasting to 1 clients: {"server_time":"2026-01-15 12:14:04","timestamp":"1768468444887","isConnected":"True","numBoard":"0","numSteps":"0","numSpeed":"0.000000","numAccel":"0","numDecel":"0","currentPos":"0","startPos":"0","endPos":"0"}
[2026-01-15 12:14:05.380860] [info] POST /api/flash/type/save {"type":"CAN-STEP"}
[2026-01-15 12:14:05.887402] [debug] WebSocketServer: Broadcasting to 1 clients: {"server_time":"2026-01-15 12:14:05","timestamp":"1768468445887","isConnected":"True","numBoard":"0","numSteps":"0","numSpeed":"0.000000","numAccel":"0","numDecel":"0","currentPos":"0","startPos":"0","endPos":"0"}
[2026-01-15 12:14:05.961282] [info] POST /api/flash/type/set {"type":"CAN-STEP"}
[2026-01-15 12:14:06.681539] [info] POST /api/flash/run {"filename":"../firmware/STM32F103C8T6CAN_Step_v2_5_297.bin"}
[2026-01-15 12:14:06.887726] [debug] WebSocketServer: Broadcasting to 1 clients: {"server_time":"2026-01-15 12:14:06","timestamp":"1768468446887","isConnected":"True","numBoard":"0","numSteps":"0","numSpeed":"0.000000","numAccel":"0","numDecel":"0","currentPos":"0","startPos":"0","endPos":"0"}
[2026-01-15 12:14:07.888079] [debug] WebSocketServer: Broadcasting to 1 clients: {"server_time":"2026-01-15 12:14:07","timestamp":"1768468447888","isConnected":"True","numBoard":"0","numSteps":"0","numSpeed":"0.000000","numAccel":"0","numDecel":"0","currentPos":"0","startPos":"0","endPos":"0"}
[2026-01-15 12:14:08.888367] [debug] WebSocketServer: Broadcasting to 1 clients: {"server_time":"2026-01-15 12:14:08","timestamp":"1768468448888","isConnected":"True","numBoard":"0","numSteps":"0","numSpeed":"0.000000","numAccel":"0","numDecel":"0","currentPos":"0","startPos":"0","endPos":"0"}
[2026-01-15 12:14:09.888763] [debug] WebSocketServer: Broadcasting to 1 clients: {"server_time":"2026-01-15 12:14:09","timestamp":"1768468449888","isConnected":"True","numBoard":"0","numSteps":"0","numSpeed":"0.000000","numAccel":"0","numDecel":"0","currentPos":"0","startPos":"0","endPos":"0"}
[2026-01-15 12:14:10.889042] [debug] WebSocketServer: Broadcasting to 1 clients: {"server_time":"2026-01-15 12:14:10","timestamp":"1768468450888","isConnected":"True","numBoard":"0","numSteps":"0","numSpeed":"0.000000","numAccel":"0","numDecel":"0","currentPos":"0","startPos":"0","endPos":"0"}
[2026-01-15 12:14:11.890029] [debug] WebSocketServer: Broadcasting to 1 clients: {"server_time":"2026-01-15 12:14:11","timestamp":"1768468451889","isConnected":"True","numBoard":"0","numSteps":"0","numSpeed":"0.000000","numAccel":"0","numDecel":"0","currentPos":"0","startPos":"0","endPos":"0"}
[2026-01-15 12:14:12.890339] [debug] WebSocketServer: Broadcasting to 1 clients: {"server_time":"2026-01-15 12:14:12","timestamp":"1768468452890","isConnected":"True","numBoard":"0","numSteps":"0","numSpeed":"0.000000","numAccel":"0","numDecel":"0","currentPos":"0","startPos":"0","endPos":"0"}
[2026-01-15 12:14:13.890752] [debug] WebSocketServer: Broadcasting to 1 clients: {"server_time":"2026-01-15 12:14:13","timestamp":"1768468453890","isConnected":"True","numBoard":"0","numSteps":"0","numSpeed":"0.000000","numAccel":"0","numDecel":"0","currentPos":"0","startPos":"0","endPos":"0"}
[2026-01-15 12:14:14.891016] [debug] WebSocketServer: Broadcasting to 1 clients: {"server_time":"2026-01-15 12:14:14","timestamp":"1768468454890","isConnected":"True","numBoard":"0","numSteps":"0","numSpeed":"0.000000","numAccel":"0","numDecel":"0","currentPos":"0","startPos":"0","endPos":"0"}
[2026-01-15 12:14:15.891303] [debug] WebSocketServer: Broadcasting to 1 clients: {"server_time":"2026-01-15 12:14:15","timestamp":"1768468455891","isConnected":"True","numBoard":"0","numSteps":"0","numSpeed":"0.000000","numAccel":"0","numDecel":"0","currentPos":"0","startPos":"0","endPos":"0"}
[2026-01-15 12:14:16.891559] [debug] WebSocketServer: Broadcasting to 1 clients: {"server_time":"2026-01-15 12:14:16","timestamp":"1768468456891","isConnected":"True","numBoard":"0","numSteps":"0","numSpeed":"0.000000","numAccel":"0","numDecel":"0","currentPos":"0","startPos":"0","endPos":"0"}
[2026-01-15 12:14:17.891843] [debug] WebSocketServer: Broadcasting to 1 clients: {"server_time":"2026-01-15 12:14:17","timestamp":"1768468457891","isConnected":"True","numBoard":"0","numSteps":"0","numSpeed":"0.000000","numAccel":"0","numDecel":"0","currentPos":"0","startPos":"0","endPos":"0"}
[2026-01-15 12:14:18.892141] [debug] WebSocketServer: Broadcasting to 1 clients: {"server_time":"2026-01-15 12:14:18","timestamp":"1768468458892","isConnected":"True","numBoard":"0","numSteps":"0","numSpeed":"0.000000","numAccel":"0","numDecel":"0","currentPos":"0","startPos":"0","endPos":"0"}
[2026-01-15 12:14:19.892443] [debug] WebSocketServer: Broadcasting to 1 clients: {"server_time":"2026-01-15 12:14:19","timestamp":"1768468459892","isConnected":"True","numBoard":"0","numSteps":"0","numSpeed":"0.000000","numAccel":"0","numDecel":"0","currentPos":"0","startPos":"0","endPos":"0"}
[2026-01-15 12:14:20.892725] [debug] WebSocketServer: Broadcasting to 1 clients: {"server_time":"2026-01-15 12:14:20","timestamp":"1768468460892","isConnected":"True","numBoard":"0","numSteps":"0","numSpeed":"0.000000","numAccel":"0","numDecel":"0","currentPos":"0","startPos":"0","endPos":"0"}
[2026-01-15 12:14:21.893022] [debug] WebSocketServer: Broadcasting to 1 clients: {"server_time":"2026-01-15 12:14:21","timestamp":"1768468461892","isConnected":"True","numBoard":"0","numSteps":"0","numSpeed":"0.000000","numAccel":"0","numDecel":"0","currentPos":"0","startPos":"0","endPos":"0"}
[2026-01-15 12:14:22.893306] [debug] WebSocketServer: Broadcasting to 1 clients: {"server_time":"2026-01-15 12:14:22","timestamp":"1768468462893","isConnected":"True","numBoard":"0","numSteps":"0","numSpeed":"0.000000","numAccel":"0","numDecel":"0","currentPos":"0","startPos":"0","endPos":"0"}
[2026-01-15 12:14:23.893615] [debug] WebSocketServer: Broadcasting to 1 clients: {"server_time":"2026-01-15 12:14:23","timestamp":"1768468463893","isConnected":"True","numBoard":"0","numSteps":"0","numSpeed":"0.000000","numAccel":"0","numDecel":"0","currentPos":"0","startPos":"0","endPos":"0"}
[2026-01-15 12:14:24.893920] [debug] WebSocketServer: Broadcasting to 1 clients: {"server_time":"2026-01-15 12:14:24","timestamp":"1768468464893","isConnected":"True","numBoard":"0","numSteps":"0","numSpeed":"0.000000","numAccel":"0","numDecel":"0","currentPos":"0","startPos":"0","endPos":"0"}
[2026-01-15 12:14:25.894205] [debug] WebSocketServer: Broadcasting to 1 clients: {"server_time":"2026-01-15 12:14:25","timestamp":"1768468465894","isConnected":"True","numBoard":"0","numSteps":"0","numSpeed":"0.000000","numAccel":"0","numDecel":"0","currentPos":"0","startPos":"0","endPos":"0"}
[2026-01-15 12:14:26.894487] [debug] WebSocketServer: Broadcasting to 1 clients: {"server_time":"2026-01-15 12:14:26","timestamp":"1768468466894","isConnected":"True","numBoard":"0","numSteps":"0","numSpeed":"0.000000","numAccel":"0","numDecel":"0","currentPos":"0","startPos":"0","endPos":"0"}
[2026-01-15 12:14:27.894771] [debug] WebSocketServer: Broadcasting to 1 clients: {"server_time":"2026-01-15 12:14:27","timestamp":"1768468467894","isConnected":"True","numBoard":"0","numSteps":"0","numSpeed":"0.000000","numAccel":"0","numDecel":"0","currentPos":"0","startPos":"0","endPos":"0"}
[2026-01-15 12:14:28.895064] [debug] WebSocketServer: Broadcasting to 1 clients: {"server_time":"2026-01-15 12:14:28","timestamp":"1768468468894","isConnected":"True","numBoard":"0","numSteps":"0","numSpeed":"0.000000","numAccel":"0","numDecel":"0","currentPos":"0","startPos":"0","endPos":"0"}
[2026-01-15 12:14:29.895954] [debug] WebSocketServer: Broadcasting to 1 clients: {"server_time":"2026-01-15 12:14:29","timestamp":"1768468469895","isConnected":"True","numBoard":"0","numSteps":"0","numSpeed":"0.000000","numAccel":"0","numDecel":"0","currentPos":"0","startPos":"0","endPos":"0"}
[2026-01-15 12:14:30.896220] [debug] WebSocketServer: Broadcasting to 1 clients: {"server_time":"2026-01-15 12:14:30","timestamp":"1768468470896","isConnected":"True","numBoard":"0","numSteps":"0","numSpeed":"0.000000","numAccel":"0","numDecel":"0","currentPos":"0","startPos":"0","endPos":"0"}
[2026-01-15 12:14:31.897230] [debug] WebSocketServer: Broadcasting to 1 clients: {"server_time":"2026-01-15 12:14:31","timestamp":"1768468471897","isConnected":"True","numBoard":"0","numSteps":"0","numSpeed":"0.000000","numAccel":"0","numDecel":"0","currentPos":"0","startPos":"0","endPos":"0"}
[2026-01-15 12:14:32.897498] [debug] WebSocketServer: Broadcasting to 1 clients: {"server_time":"2026-01-15 12:14:32","timestamp":"1768468472897","isConnected":"True","numBoard":"0","numSteps":"0","numSpeed":"0.000000","numAccel":"0","numDecel":"0","currentPos":"0","startPos":"0","endPos":"0"}
[2026-01-15 12:14:33.897840] [debug] WebSocketServer: Broadcasting to 1 clients: {"server_time":"2026-01-15 12:14:33","timestamp":"1768468473897","isConnected":"True","numBoard":"0","numSteps":"0","numSpeed":"0.000000","numAccel":"0","numDecel":"0","currentPos":"0","startPos":"0","endPos":"0"}
[2026-01-15 12:14:34.898187] [debug] WebSocketServer: Broadcasting to 1 clients: {"server_time":"2026-01-15 12:14:34","timestamp":"1768468474898","isConnected":"True","numBoard":"0","numSteps":"0","numSpeed":"0.000000","numAccel":"0","numDecel":"0","currentPos":"0","startPos":"0","endPos":"0"}
[2026-01-15 12:14:35.898500] [debug] WebSocketServer: Broadcasting to 1 clients: {"server_time":"2026-01-15 12:14:35","timestamp":"1768468475898","isConnected":"True","numBoard":"0","numSteps":"0","numSpeed":"0.000000","numAccel":"0","numDecel":"0","currentPos":"0","startPos":"0","endPos":"0"}
[2026-01-15 12:14:36.898798] [debug] WebSocketServer: Broadcasting to 1 clients: {"server_time":"2026-01-15 12:14:36","timestamp":"1768468476898","isConnected":"True","numBoard":"0","numSteps":"0","numSpeed":"0.000000","numAccel":"0","numDecel":"0","currentPos":"0","startPos":"0","endPos":"0"}
[2026-01-15 12:14:37.899087] [debug] WebSocketServer: Broadcasting to 1 clients: {"server_time":"2026-01-15 12:14:37","timestamp":"1768468477899","isConnected":"True","numBoard":"0","numSteps":"0","numSpeed":"0.000000","numAccel":"0","numDecel":"0","currentPos":"0","startPos":"0","endPos":"0"}
[2026-01-15 12:14:38.899374] [debug] WebSocketServer: Broadcasting to 1 clients: {"server_time":"2026-01-15 12:14:38","timestamp":"1768468478899","isConnected":"True","numBoard":"0","numSteps":"0","numSpeed":"0.000000","numAccel":"0","numDecel":"0","currentPos":"0","startPos":"0","endPos":"0"}
[2026-01-15 12:14:39.899647] [debug] WebSocketServer: Broadcasting to 1 clients: {"server_time":"2026-01-15 12:14:39","timestamp":"1768468479899","isConnected":"True","numBoard":"0","numSteps":"0","numSpeed":"0.000000","numAccel":"0","numDecel":"0","currentPos":"0","startPos":"0","endPos":"0"}
[2026-01-15 12:14:40.899928] [debug] WebSocketServer: Broadcasting to 1 clients: {"server_time":"2026-01-15 12:14:40","timestamp":"1768468480899","isConnected":"True","numBoard":"0","numSteps":"0","numSpeed":"0.000000","numAccel":"0","numDecel":"0","currentPos":"0","startPos":"0","endPos":"0"}
[2026-01-15 12:14:41.900210] [debug] WebSocketServer: Broadcasting to 1 clients: {"server_time":"2026-01-15 12:14:41","timestamp":"1768468481900","isConnected":"True","numBoard":"0","numSteps":"0","numSpeed":"0.000000","numAccel":"0","numDecel":"0","currentPos":"0","startPos":"0","endPos":"0"}
[2026-01-15 12:14:42.900486] [debug] WebSocketServer: Broadcasting to 1 clients: {"server_time":"2026-01-15 12:14:42","timestamp":"1768468482900","isConnected":"True","numBoard":"0","numSteps":"0","numSpeed":"0.000000","numAccel":"0","numDecel":"0","currentPos":"0","startPos":"0","endPos":"0"}
[2026-01-15 12:14:43.900724] [debug] WebSocketServer: Broadcasting to 1 clients: {"server_time":"2026-01-15 12:14:43","timestamp":"1768468483900","isConnected":"True","numBoard":"0","numSteps":"0","numSpeed":"0.000000","numAccel":"0","numDecel":"0","currentPos":"0","startPos":"0","endPos":"0"}
[2026-01-15 12:14:44.901060] [debug] WebSocketServer: Broadcasting to 1 clients: {"server_time":"2026-01-15 12:14:44","timestamp":"1768468484901","isConnected":"True","numBoard":"0","numSteps":"0","numSpeed":"0.000000","numAccel":"0","numDecel":"0","currentPos":"0","startPos":"0","endPos":"0"}
[2026-01-15 12:14:45.901581] [debug] WebSocketServer: Broadcasting to 1 clients: {"server_time":"2026-01-15 12:14:45","timestamp":"1768468485901","isConnected":"True","numBoard":"0","numSteps":"0","numSpeed":"0.000000","numAccel":"0","numDecel":"0","currentPos":"0","startPos":"0","endPos":"0"}
[2026-01-15 12:14:46.901974] [debug] WebSocketServer: Broadcasting to 1 clients: {"server_time":"2026-01-15 12:14:46","timestamp":"1768468486901","isConnected":"True","numBoard":"0","numSteps":"0","numSpeed":"0.000000","numAccel":"0","numDecel":"0","currentPos":"0","startPos":"0","endPos":"0"}
[2026-01-15 12:14:47.902658] [debug] WebSocketServer: Broadcasting to 1 clients: {"server_time":"2026-01-15 12:14:47","timestamp":"1768468487902","isConnected":"True","numBoard":"0","numSteps":"0","numSpeed":"0.000000","numAccel":"0","numDecel":"0","currentPos":"0","startPos":"0","endPos":"0"}
[2026-01-15 12:14:48.903049] [debug] WebSocketServer: Broadcasting to 1 clients: {"server_time":"2026-01-15 12:14:48","timestamp":"1768468488902","isConnected":"True","numBoard":"0","numSteps":"0","numSpeed":"0.000000","numAccel":"0","numDecel":"0","currentPos":"0","startPos":"0","endPos":"0"}
[2026-01-15 12:14:49.903399] [debug] WebSocketServer: Broadcasting to 1 clients: {"server_time":"2026-01-15 12:14:49","timestamp":"1768468489903","isConnected":"True","numBoard":"0","numSteps":"0","numSpeed":"0.000000","numAccel":"0","numDecel":"0","currentPos":"0","startPos":"0","endPos":"0"}
[2026-01-15 12:14:50.903738] [debug] WebSocketServer: Broadcasting to 1 clients: {"server_time":"2026-01-15 12:14:50","timestamp":"1768468490903","isConnected":"True","numBoard":"0","numSteps":"0","numSpeed":"0.000000","numAccel":"0","numDecel":"0","currentPos":"0","startPos":"0","endPos":"0"}
[2026-01-15 12:14:51.904022] [debug] WebSocketServer: Broadcasting to 1 clients: {"server_time":"2026-01-15 12:14:51","timestamp":"1768468491903","isConnected":"True","numBoard":"0","numSteps":"0","numSpeed":"0.000000","numAccel":"0","numDecel":"0","currentPos":"0","startPos":"0","endPos":"0"}
[2026-01-15 12:14:52.904311] [debug] WebSocketServer: Broadcasting to 1 clients: {"server_time":"2026-01-15 12:14:52","timestamp":"1768468492904","isConnected":"True","numBoard":"0","numSteps":"0","numSpeed":"0.000000","numAccel":"0","numDecel":"0","currentPos":"0","startPos":"0","endPos":"0"}
[2026-01-15 12:14:53.904642] [debug] WebSocketServer: Broadcasting to 1 clients: {"server_time":"2026-01-15 12:14:53","timestamp":"1768468493904","isConnected":"True","numBoard":"0","numSteps":"0","numSpeed":"0.000000","numAccel":"0","numDecel":"0","currentPos":"0","startPos":"0","endPos":"0"}
[2026-01-15 12:14:54.904928] [debug] WebSocketServer: Broadcasting to 1 clients: {"server_time":"2026-01-15 12:14:54","timestamp":"1768468494904","isConnected":"True","numBoard":"0","numSteps":"0","numSpeed":"0.000000","numAccel":"0","numDecel":"0","currentPos":"0","startPos":"0","endPos":"0"}
[2026-01-15 12:14:55.905221] [debug] WebSocketServer: Broadcasting to 1 clients: {"server_time":"2026-01-15 12:14:55","timestamp":"1768468495905","isConnected":"True","numBoard":"0","numSteps":"0","numSpeed":"0.000000","numAccel":"0","numDecel":"0","currentPos":"0","startPos":"0","endPos":"0"}
[2026-01-15 12:14:56.905510] [debug] WebSocketServer: Broadcasting to 1 clients: {"server_time":"2026-01-15 12:14:56","timestamp":"1768468496905","isConnected":"True","numBoard":"0","numSteps":"0","numSpeed":"0.000000","numAccel":"0","numDecel":"0","currentPos":"0","startPos":"0","endPos":"0"}
[2026-01-15 12:14:57.905837] [debug] WebSocketServer: Broadcasting to 1 clients: {"server_time":"2026-01-15 12:14:57","timestamp":"1768468497905","isConnected":"True","numBoard":"0","numSteps":"0","numSpeed":"0.000000","numAccel":"0","numDecel":"0","currentPos":"0","startPos":"0","endPos":"0"}
[2026-01-15 12:14:58.906088] [debug] WebSocketServer: Broadcasting to 1 clients: {"server_time":"2026-01-15 12:14:58","timestamp":"1768468498906","isConnected":"True","numBoard":"0","numSteps":"0","numSpeed":"0.000000","numAccel":"0","numDecel":"0","currentPos":"0","startPos":"0","endPos":"0"}
[2026-01-15 12:14:59.906364] [debug] WebSocketServer: Broadcasting to 1 clients: {"server_time":"2026-01-15 12:14:59","timestamp":"1768468499906","isConnected":"True","numBoard":"0","numSteps":"0","numSpeed":"0.000000","numAccel":"0","numDecel":"0","currentPos":"0","startPos":"0","endPos":"0"}
[2026-01-15 12:15:00.906646] [debug] WebSocketServer: Broadcasting to 1 clients: {"server_time":"2026-01-15 12:15:00","timestamp":"1768468500906","isConnected":"True","numBoard":"0","numSteps":"0","numSpeed":"0.000000","numAccel":"0","numDecel":"0","currentPos":"0","startPos":"0","endPos":"0"}
[2026-01-15 12:15:01.906924] [debug] WebSocketServer: Broadcasting to 1 clients: {"server_time":"2026-01-15 12:15:01","timestamp":"1768468501906","isConnected":"True","numBoard":"0","numSteps":"0","numSpeed":"0.000000","numAccel":"0","numDecel":"0","currentPos":"0","startPos":"0","endPos":"0"}
[2026-01-15 12:15:02.907207] [debug] WebSocketServer: Broadcasting to 1 clients: {"server_time":"2026-01-15 12:15:02","timestamp":"1768468502907","isConnected":"True","numBoard":"0","numSteps":"0","numSpeed":"0.000000","numAccel":"0","numDecel":"0","currentPos":"0","startPos":"0","endPos":"0"}
[2026-01-15 12:15:03.907512] [debug] WebSocketServer: Broadcasting to 1 clients: {"server_time":"2026-01-15 12:15:03","timestamp":"1768468503907","isConnected":"True","numBoard":"0","numSteps":"0","numSpeed":"0.000000","numAccel":"0","numDecel":"0","currentPos":"0","startPos":"0","endPos":"0"}
[2026-01-15 12:15:04.907808] [debug] WebSocketServer: Broadcasting to 1 clients: {"server_time":"2026-01-15 12:15:04","timestamp":"1768468504907","isConnected":"True","numBoard":"0","numSteps":"0","numSpeed":"0.000000","numAccel":"0","numDecel":"0","currentPos":"0","startPos":"0","endPos":"0"}
[2026-01-15 12:15:05.908164] [debug] WebSocketServer: Broadcasting to 1 clients: {"server_time":"2026-01-15 12:15:05","timestamp":"1768468505908","isConnected":"True","numBoard":"0","numSteps":"0","numSpeed":"0.000000","numAccel":"0","numDecel":"0","currentPos":"0","startPos":"0","endPos":"0"}
[2026-01-15 12:15:06.908528] [debug] WebSocketServer: Broadcasting to 1 clients: {"server_time":"2026-01-15 12:15:06","timestamp":"1768468506908","isConnected":"True","numBoard":"0","numSteps":"0","numSpeed":"0.000000","numAccel":"0","numDecel":"0","currentPos":"0","startPos":"0","endPos":"0"}
[2026-01-15 12:15:07.908823] [debug] WebSocketServer: Broadcasting to 1 clients: {"server_time":"2026-01-15 12:15:07","timestamp":"1768468507908","isConnected":"True","numBoard":"0","numSteps":"0","numSpeed":"0.000000","numAccel":"0","numDecel":"0","currentPos":"0","startPos":"0","endPos":"0"}
[2026-01-15 12:15:08.909119] [debug] WebSocketServer: Broadcasting to 1 clients: {"server_time":"2026-01-15 12:15:08","timestamp":"1768468508909","isConnected":"True","numBoard":"0","numSteps":"0","numSpeed":"0.000000","numAccel":"0","numDecel":"0","currentPos":"0","startPos":"0","endPos":"0"}
[2026-01-15 12:15:09.909428] [debug] WebSocketServer: Broadcasting to 1 clients: {"server_time":"2026-01-15 12:15:09","timestamp":"1768468509909","isConnected":"True","numBoard":"0","numSteps":"0","numSpeed":"0.000000","numAccel":"0","numDecel":"0","currentPos":"0","startPos":"0","endPos":"0"}
[2026-01-15 12:15:10.909693] [debug] WebSocketServer: Broadcasting to 1 clients: {"server_time":"2026-01-15 12:15:10","timestamp":"1768468510909","isConnected":"True","numBoard":"0","numSteps":"0","numSpeed":"0.000000","numAccel":"0","numDecel":"0","currentPos":"0","startPos":"0","endPos":"0"}
[2026-01-15 12:15:11.910036] [debug] WebSocketServer: Broadcasting to 1 clients: {"server_time":"2026-01-15 12:15:11","timestamp":"1768468511909","isConnected":"True","numBoard":"0","numSteps":"0","numSpeed":"0.000000","numAccel":"0","numDecel":"0","currentPos":"0","startPos":"0","endPos":"0"}
[2026-01-15 12:15:12.910309] [debug] WebSocketServer: Broadcasting to 1 clients: {"server_time":"2026-01-15 12:15:12","timestamp":"1768468512910","isConnected":"True","numBoard":"0","numSteps":"0","numSpeed":"0.000000","numAccel":"0","numDecel":"0","currentPos":"0","startPos":"0","endPos":"0"}
[2026-01-15 12:15:13.910588] [debug] WebSocketServer: Broadcasting to 1 clients: {"server_time":"2026-01-15 12:15:13","timestamp":"1768468513910","isConnected":"True","numBoard":"0","numSteps":"0","numSpeed":"0.000000","numAccel":"0","numDecel":"0","currentPos":"0","startPos":"0","endPos":"0"}
[2026-01-15 12:15:14.910866] [debug] WebSocketServer: Broadcasting to 1 clients: {"server_time":"2026-01-15 12:15:14","timestamp":"1768468514910","isConnected":"True","numBoard":"0","numSteps":"0","numSpeed":"0.000000","numAccel":"0","numDecel":"0","currentPos":"0","startPos":"0","endPos":"0"}
[2026-01-15 12:15:15.911190] [debug] WebSocketServer: Broadcasting to 1 clients: {"server_time":"2026-01-15 12:15:15","timestamp":"1768468515911","isConnected":"True","numBoard":"0","numSteps":"0","numSpeed":"0.000000","numAccel":"0","numDecel":"0","currentPos":"0","startPos":"0","endPos":"0"}
[2026-01-15 12:15:16.911482] [debug] WebSocketServer: Broadcasting to 1 clients: {"server_time":"2026-01-15 12:15:16","timestamp":"1768468516911","isConnected":"True","numBoard":"0","numSteps":"0","numSpeed":"0.000000","numAccel":"0","numDecel":"0","currentPos":"0","startPos":"0","endPos":"0"}
[2026-01-15 12:15:17.911774] [debug] WebSocketServer: Broadcasting to 1 clients: {"server_time":"2026-01-15 12:15:17","timestamp":"1768468517911","isConnected":"True","numBoard":"0","numSteps":"0","numSpeed":"0.000000","numAccel":"0","numDecel":"0","currentPos":"0","startPos":"0","endPos":"0"}
[2026-01-15 12:15:18.912071] [debug] WebSocketServer: Broadcasting to 1 clients: {"server_time":"2026-01-15 12:15:18","timestamp":"1768468518912","isConnected":"True","numBoard":"0","numSteps":"0","numSpeed":"0.000000","numAccel":"0","numDecel":"0","currentPos":"0","startPos":"0","endPos":"0"}
[2026-01-15 12:15:19.912877] [debug] WebSocketServer: Broadcasting to 1 clients: {"server_time":"2026-01-15 12:15:19","timestamp":"1768468519912","isConnected":"True","numBoard":"0","numSteps":"0","numSpeed":"0.000000","numAccel":"0","numDecel":"0","currentPos":"0","startPos":"0","endPos":"0"}
[2026-01-15 12:15:20.913166] [debug] WebSocketServer: Broadcasting to 1 clients: {"server_time":"2026-01-15 12:15:20","timestamp":"1768468520913","isConnected":"True","numBoard":"0","numSteps":"0","numSpeed":"0.000000","numAccel":"0","numDecel":"0","currentPos":"0","startPos":"0","endPos":"0"}
[2026-01-15 12:15:21.913488] [debug] WebSocketServer: Broadcasting to 1 clients: {"server_time":"2026-01-15 12:15:21","timestamp":"1768468521913","isConnected":"True","numBoard":"0","numSteps":"0","numSpeed":"0.000000","numAccel":"0","numDecel":"0","currentPos":"0","startPos":"0","endPos":"0"}
[2026-01-15 12:15:22.913847] [debug] WebSocketServer: Broadcasting to 1 clients: {"server_time":"2026-01-15 12:15:22","timestamp":"1768468522913","isConnected":"True","numBoard":"0","numSteps":"0","numSpeed":"0.000000","numAccel":"0","numDecel":"0","currentPos":"0","startPos":"0","endPos":"0"}
[2026-01-15 12:15:23.914228] [debug] WebSocketServer: Broadcasting to 1 clients: {"server_time":"2026-01-15 12:15:23","timestamp":"1768468523914","isConnected":"True","numBoard":"0","numSteps":"0","numSpeed":"0.000000","numAccel":"0","numDecel":"0","currentPos":"0","startPos":"0","endPos":"0"}
[2026-01-15 12:15:24.914493] [debug] WebSocketServer: Broadcasting to 1 clients: {"server_time":"2026-01-15 12:15:24","timestamp":"1768468524914","isConnected":"True","numBoard":"0","numSteps":"0","numSpeed":"0.000000","numAccel":"0","numDecel":"0","currentPos":"0","startPos":"0","endPos":"0"}
[2026-01-15 12:15:25.914791] [debug] WebSocketServer: Broadcasting to 1 clients: {"server_time":"2026-01-15 12:15:25","timestamp":"1768468525914","isConnected":"True","numBoard":"0","numSteps":"0","numSpeed":"0.000000","numAccel":"0","numDecel":"0","currentPos":"0","startPos":"0","endPos":"0"}
[2026-01-15 12:15:26.915028] [debug] WebSocketServer: Broadcasting to 1 clients: {"server_time":"2026-01-15 12:15:26","timestamp":"1768468526914","isConnected":"True","numBoard":"0","numSteps":"0","numSpeed":"0.000000","numAccel":"0","numDecel":"0","currentPos":"0","startPos":"0","endPos":"0"}
[2026-01-15 12:15:27.915299] [debug] WebSocketServer: Broadcasting to 1 clients: {"server_time":"2026-01-15 12:15:27","timestamp":"1768468527915","isConnected":"True","numBoard":"0","numSteps":"0","numSpeed":"0.000000","numAccel":"0","numDecel":"0","currentPos":"0","startPos":"0","endPos":"0"}
[2026-01-15 12:15:28.915570] [debug] WebSocketServer: Broadcasting to 1 clients: {"server_time":"2026-01-15 12:15:28","timestamp":"1768468528915","isConnected":"True","numBoard":"0","numSteps":"0","numSpeed":"0.000000","numAccel":"0","numDecel":"0","currentPos":"0","startPos":"0","endPos":"0"}
[2026-01-15 12:15:29.915873] [debug] WebSocketServer: Broadcasting to 1 clients: {"server_time":"2026-01-15 12:15:29","timestamp":"1768468529915","isConnected":"True","numBoard":"0","numSteps":"0","numSpeed":"0.000000","numAccel":"0","numDecel":"0","currentPos":"0","startPos":"0","endPos":"0"}
[2026-01-15 12:15:30.921868] [debug] WebSocketServer: Broadcasting to 1 clients: {"server_time":"2026-01-15 12:15:30","timestamp":"1768468530921","isConnected":"True","numBoard":"0","numSteps":"0","numSpeed":"0.000000","numAccel":"0","numDecel":"0","currentPos":"0","startPos":"0","endPos":"0"}
[2026-01-15 12:15:31.922162] [debug] WebSocketServer: Broadcasting to 1 clients: {"server_time":"2026-01-15 12:15:31","timestamp":"1768468531922","isConnected":"True","numBoard":"0","numSteps":"0","numSpeed":"0.000000","numAccel":"0","numDecel":"0","currentPos":"0","startPos":"0","endPos":"0"}
[2026-01-15 12:15:32.922428] [debug] WebSocketServer: Broadcasting to 1 clients: {"server_time":"2026-01-15 12:15:32","timestamp":"1768468532922","isConnected":"True","numBoard":"0","numSteps":"0","numSpeed":"0.000000","numAccel":"0","numDecel":"0","currentPos":"0","startPos":"0","endPos":"0"}
[2026-01-15 12:15:33.922703] [debug] WebSocketServer: Broadcasting to 1 clients: {"server_time":"2026-01-15 12:15:33","timestamp":"1768468533922","isConnected":"True","numBoard":"0","numSteps":"0","numSpeed":"0.000000","numAccel":"0","numDecel":"0","currentPos":"0","startPos":"0","endPos":"0"}
[2026-01-15 12:15:34.922987] [debug] WebSocketServer: Broadcasting to 1 clients: {"server_time":"2026-01-15 12:15:34","timestamp":"1768468534922","isConnected":"True","numBoard":"0","numSteps":"0","numSpeed":"0.000000","numAccel":"0","numDecel":"0","currentPos":"0","startPos":"0","endPos":"0"}
[2026-01-15 12:15:35.923278] [debug] WebSocketServer: Broadcasting to 1 clients: {"server_time":"2026-01-15 12:15:35","timestamp":"1768468535923","isConnected":"True","numBoard":"0","numSteps":"0","numSpeed":"0.000000","numAccel":"0","numDecel":"0","currentPos":"0","startPos":"0","endPos":"0"}
[2026-01-15 12:15:36.923555] [debug] WebSocketServer: Broadcasting to 1 clients: {"server_time":"2026-01-15 12:15:36","timestamp":"1768468536923","isConnected":"True","numBoard":"0","numSteps":"0","numSpeed":"0.000000","numAccel":"0","numDecel":"0","currentPos":"0","startPos":"0","endPos":"0"}
[2026-01-15 12:15:37.923835] [debug] WebSocketServer: Broadcasting to 1 clients: {"server_time":"2026-01-15 12:15:37","timestamp":"1768468537923","isConnected":"True","numBoard":"0","numSteps":"0","numSpeed":"0.000000","numAccel":"0","numDecel":"0","currentPos":"0","startPos":"0","endPos":"0"}
[2026-01-15 12:15:38.924123] [debug] WebSocketServer: Broadcasting to 1 clients: {"server_time":"2026-01-15 12:15:38","timestamp":"1768468538924","isConnected":"True","numBoard":"0","numSteps":"0","numSpeed":"0.000000","numAccel":"0","numDecel":"0","currentPos":"0","startPos":"0","endPos":"0"}
[2026-01-15 12:15:39.924409] [debug] WebSocketServer: Broadcasting to 1 clients: {"server_time":"2026-01-15 12:15:39","timestamp":"1768468539924","isConnected":"True","numBoard":"0","numSteps":"0","numSpeed":"0.000000","numAccel":"0","numDecel":"0","currentPos":"0","startPos":"0","endPos":"0"}
[2026-01-15 12:15:40.924668] [debug] WebSocketServer: Broadcasting to 1 clients: {"server_time":"2026-01-15 12:15:40","timestamp":"1768468540924","isConnected":"True","numBoard":"0","numSteps":"0","numSpeed":"0.000000","numAccel":"0","numDecel":"0","currentPos":"0","startPos":"0","endPos":"0"}
[2026-01-15 12:15:41.924925] [debug] WebSocketServer: Broadcasting to 1 clients: {"server_time":"2026-01-15 12:15:41","timestamp":"1768468541924","isConnected":"True","numBoard":"0","numSteps":"0","numSpeed":"0.000000","numAccel":"0","numDecel":"0","currentPos":"0","startPos":"0","endPos":"0"}
[2026-01-15 12:15:42.925182] [debug] WebSocketServer: Broadcasting to 1 clients: {"server_time":"2026-01-15 12:15:42","timestamp":"1768468542925","isConnected":"True","numBoard":"0","numSteps":"0","numSpeed":"0.000000","numAccel":"0","numDecel":"0","currentPos":"0","startPos":"0","endPos":"0"}
[2026-01-15 12:15:43.925467] [debug] WebSocketServer: Broadcasting to 1 clients: {"server_time":"2026-01-15 12:15:43","timestamp":"1768468543925","isConnected":"True","numBoard":"0","numSteps":"0","numSpeed":"0.000000","numAccel":"0","numDecel":"0","currentPos":"0","startPos":"0","endPos":"0"}
[2026-01-15 12:15:44.925723] [debug] WebSocketServer: Broadcasting to 1 clients: {"server_time":"2026-01-15 12:15:44","timestamp":"1768468544925","isConnected":"True","numBoard":"0","numSteps":"0","numSpeed":"0.000000","numAccel":"0","numDecel":"0","currentPos":"0","startPos":"0","endPos":"0"}
[2026-01-15 12:15:45.925995] [debug] WebSocketServer: Broadcasting to 1 clients: {"server_time":"2026-01-15 12:15:45","timestamp":"1768468545925","isConnected":"True","numBoard":"0","numSteps":"0","numSpeed":"0.000000","numAccel":"0","numDecel":"0","currentPos":"0","startPos":"0","endPos":"0"}
[2026-01-15 12:15:46.926216] [debug] WebSocketServer: Broadcasting to 1 clients: {"server_time":"2026-01-15 12:15:46","timestamp":"1768468546926","isConnected":"True","numBoard":"0","numSteps":"0","numSpeed":"0.000000","numAccel":"0","numDecel":"0","currentPos":"0","startPos":"0","endPos":"0"}
[2026-01-15 12:15:47.926503] [debug] WebSocketServer: Broadcasting to 1 clients: {"server_time":"2026-01-15 12:15:47","timestamp":"1768468547926","isConnected":"True","numBoard":"0","numSteps":"0","numSpeed":"0.000000","numAccel":"0","numDecel":"0","currentPos":"0","startPos":"0","endPos":"0"}
[2026-01-15 12:15:48.926768] [debug] WebSocketServer: Broadcasting to 1 clients: {"server_time":"2026-01-15 12:15:48","timestamp":"1768468548926","isConnected":"True","numBoard":"0","numSteps":"0","numSpeed":"0.000000","numAccel":"0","numDecel":"0","currentPos":"0","startPos":"0","endPos":"0"}
[2026-01-15 12:15:49.927056] [debug] WebSocketServer: Broadcasting to 1 clients: {"server_time":"2026-01-15 12:15:49","timestamp":"1768468549927","isConnected":"True","numBoard":"0","numSteps":"0","numSpeed":"0.000000","numAccel":"0","numDecel":"0","currentPos":"0","startPos":"0","endPos":"0"}
[2026-01-15 12:15:50.927341] [debug] WebSocketServer: Broadcasting to 1 clients: {"server_time":"2026-01-15 12:15:50","timestamp":"1768468550927","isConnected":"True","numBoard":"0","numSteps":"0","numSpeed":"0.000000","numAccel":"0","numDecel":"0","currentPos":"0","startPos":"0","endPos":"0"}
[2026-01-15 12:15:51.927621] [debug] WebSocketServer: Broadcasting to 1 clients: {"server_time":"2026-01-15 12:15:51","timestamp":"1768468551927","isConnected":"True","numBoard":"0","numSteps":"0","numSpeed":"0.000000","numAccel":"0","numDecel":"0","currentPos":"0","startPos":"0","endPos":"0"}
[2026-01-15 12:15:52.927897] [debug] WebSocketServer: Broadcasting to 1 clients: {"server_time":"2026-01-15 12:15:52","timestamp":"1768468552927","isConnected":"True","numBoard":"0","numSteps":"0","numSpeed":"0.000000","numAccel":"0","numDecel":"0","currentPos":"0","startPos":"0","endPos":"0"}
[2026-01-15 12:15:53.928174] [debug] WebSocketServer: Broadcasting to 1 clients: {"server_time":"2026-01-15 12:15:53","timestamp":"1768468553928","isConnected":"True","numBoard":"0","numSteps":"0","numSpeed":"0.000000","numAccel":"0","numDecel":"0","currentPos":"0","startPos":"0","endPos":"0"}
[2026-01-15 12:15:54.928422] [debug] WebSocketServer: Broadcasting to 1 clients: {"server_time":"2026-01-15 12:15:54","timestamp":"1768468554928","isConnected":"True","numBoard":"0","numSteps":"0","numSpeed":"0.000000","numAccel":"0","numDecel":"0","currentPos":"0","startPos":"0","endPos":"0"}
[2026-01-15 12:15:55.928714] [debug] WebSocketServer: Broadcasting to 1 clients: {"server_time":"2026-01-15 12:15:55","timestamp":"1768468555928","isConnected":"True","numBoard":"0","numSteps":"0","numSpeed":"0.000000","numAccel":"0","numDecel":"0","currentPos":"0","startPos":"0","endPos":"0"}
[2026-01-15 12:15:56.929000] [debug] WebSocketServer: Broadcasting to 1 clients: {"server_time":"2026-01-15 12:15:56","timestamp":"1768468556928","isConnected":"True","numBoard":"0","numSteps":"0","numSpeed":"0.000000","numAccel":"0","numDecel":"0","currentPos":"0","startPos":"0","endPos":"0"}
[2026-01-15 12:15:57.929345] [debug] WebSocketServer: Broadcasting to 1 clients: {"server_time":"2026-01-15 12:15:57","timestamp":"1768468557929","isConnected":"True","numBoard":"0","numSteps":"0","numSpeed":"0.000000","numAccel":"0","numDecel":"0","currentPos":"0","startPos":"0","endPos":"0"}
[2026-01-15 12:15:58.929605] [debug] WebSocketServer: Broadcasting to 1 clients: {"server_time":"2026-01-15 12:15:58","timestamp":"1768468558929","isConnected":"True","numBoard":"0","numSteps":"0","numSpeed":"0.000000","numAccel":"0","numDecel":"0","currentPos":"0","startPos":"0","endPos":"0"}
[2026-01-15 12:15:59.929883] [debug] WebSocketServer: Broadcasting to 1 clients: {"server_time":"2026-01-15 12:15:59","timestamp":"1768468559929","isConnected":"True","numBoard":"0","numSteps":"0","numSpeed":"0.000000","numAccel":"0","numDecel":"0","currentPos":"0","startPos":"0","endPos":"0"}
[2026-01-15 12:16:00.930178] [debug] WebSocketServer: Broadcasting to 1 clients: {"server_time":"2026-01-15 12:16:00","timestamp":"1768468560930","isConnected":"True","numBoard":"0","numSteps":"0","numSpeed":"0.000000","numAccel":"0","numDecel":"0","currentPos":"0","startPos":"0","endPos":"0"}
[2026-01-15 12:16:01.930469] [debug] WebSocketServer: Broadcasting to 1 clients: {"server_time":"2026-01-15 12:16:01","timestamp":"1768468561930","isConnected":"True","numBoard":"0","numSteps":"0","numSpeed":"0.000000","numAccel":"0","numDecel":"0","currentPos":"0","startPos":"0","endPos":"0"}
[2026-01-15 12:16:02.930749] [debug] WebSocketServer: Broadcasting to 1 clients: {"server_time":"2026-01-15 12:16:02","timestamp":"1768468562930","isConnected":"True","numBoard":"0","numSteps":"0","numSpeed":"0.000000","numAccel":"0","numDecel":"0","currentPos":"0","startPos":"0","endPos":"0"}
[2026-01-15 12:16:03.931065] [debug] WebSocketServer: Broadcasting to 1 clients: {"server_time":"2026-01-15 12:16:03","timestamp":"1768468563930","isConnected":"True","numBoard":"0","numSteps":"0","numSpeed":"0.000000","numAccel":"0","numDecel":"0","currentPos":"0","startPos":"0","endPos":"0"}
[2026-01-15 12:16:04.931353] [debug] WebSocketServer: Broadcasting to 1 clients: {"server_time":"2026-01-15 12:16:04","timestamp":"1768468564931","isConnected":"True","numBoard":"0","numSteps":"0","numSpeed":"0.000000","numAccel":"0","numDecel":"0","currentPos":"0","startPos":"0","endPos":"0"}
[2026-01-15 12:16:05.931641] [debug] WebSocketServer: Broadcasting to 1 clients: {"server_time":"2026-01-15 12:16:05","timestamp":"1768468565931","isConnected":"True","numBoard":"0","numSteps":"0","numSpeed":"0.000000","numAccel":"0","numDecel":"0","currentPos":"0","startPos":"0","endPos":"0"}
[2026-01-15 12:16:06.931911] [debug] WebSocketServer: Broadcasting to 1 clients: {"server_time":"2026-01-15 12:16:06","timestamp":"1768468566931","isConnected":"True","numBoard":"0","numSteps":"0","numSpeed":"0.000000","numAccel":"0","numDecel":"0","currentPos":"0","startPos":"0","endPos":"0"}
[2026-01-15 12:16:07.932189] [debug] WebSocketServer: Broadcasting to 1 clients: {"server_time":"2026-01-15 12:16:07","timestamp":"1768468567932","isConnected":"True","numBoard":"0","numSteps":"0","numSpeed":"0.000000","numAccel":"0","numDecel":"0","currentPos":"0","startPos":"0","endPos":"0"}
[2026-01-15 12:16:08.932460] [debug] WebSocketServer: Broadcasting to 1 clients: {"server_time":"2026-01-15 12:16:08","timestamp":"1768468568932","isConnected":"True","numBoard":"0","numSteps":"0","numSpeed":"0.000000","numAccel":"0","numDecel":"0","currentPos":"0","startPos":"0","endPos":"0"}
[2026-01-15 12:16:09.932742] [debug] WebSocketServer: Broadcasting to 1 clients: {"server_time":"2026-01-15 12:16:09","timestamp":"1768468569932","isConnected":"True","numBoard":"0","numSteps":"0","numSpeed":"0.000000","numAccel":"0","numDecel":"0","currentPos":"0","startPos":"0","endPos":"0"}
[2026-01-15 12:16:10.932987] [debug] WebSocketServer: Broadcasting to 1 clients: {"server_time":"2026-01-15 12:16:10","timestamp":"1768468570932","isConnected":"True","numBoard":"0","numSteps":"0","numSpeed":"0.000000","numAccel":"0","numDecel":"0","currentPos":"0","startPos":"0","endPos":"0"}
[2026-01-15 12:16:11.933296] [debug] WebSocketServer: Broadcasting to 1 clients: {"server_time":"2026-01-15 12:16:11","timestamp":"1768468571933","isConnected":"True","numBoard":"0","numSteps":"0","numSpeed":"0.000000","numAccel":"0","numDecel":"0","currentPos":"0","startPos":"0","endPos":"0"}
[2026-01-15 12:16:12.933572] [debug] WebSocketServer: Broadcasting to 1 clients: {"server_time":"2026-01-15 12:16:12","timestamp":"1768468572933","isConnected":"True","numBoard":"0","numSteps":"0","numSpeed":"0.000000","numAccel":"0","numDecel":"0","currentPos":"0","startPos":"0","endPos":"0"}
[2026-01-15 12:16:13.933857] [debug] WebSocketServer: Broadcasting to 1 clients: {"server_time":"2026-01-15 12:16:13","timestamp":"1768468573933","isConnected":"True","numBoard":"0","numSteps":"0","numSpeed":"0.000000","numAccel":"0","numDecel":"0","currentPos":"0","startPos":"0","endPos":"0"}
[2026-01-15 12:16:14.934112] [debug] WebSocketServer: Broadcasting to 1 clients: {"server_time":"2026-01-15 12:16:14","timestamp":"1768468574934","isConnected":"True","numBoard":"0","numSteps":"0","numSpeed":"0.000000","numAccel":"0","numDecel":"0","currentPos":"0","startPos":"0","endPos":"0"}
[2026-01-15 12:16:15.934400] [debug] WebSocketServer: Broadcasting to 1 clients: {"server_time":"2026-01-15 12:16:15","timestamp":"1768468575934","isConnected":"True","numBoard":"0","numSteps":"0","numSpeed":"0.000000","numAccel":"0","numDecel":"0","currentPos":"0","startPos":"0","endPos":"0"}
[2026-01-15 12:16:16.934681] [debug] WebSocketServer: Broadcasting to 1 clients: {"server_time":"2026-01-15 12:16:16","timestamp":"1768468576934","isConnected":"True","numBoard":"0","numSteps":"0","numSpeed":"0.000000","numAccel":"0","numDecel":"0","currentPos":"0","startPos":"0","endPos":"0"}
[2026-01-15 12:16:17.935235] [debug] WebSocketServer: Broadcasting to 1 clients: {"server_time":"2026-01-15 12:16:17","timestamp":"1768468577935","isConnected":"True","numBoard":"0","numSteps":"0","numSpeed":"0.000000","numAccel":"0","numDecel":"0","currentPos":"0","startPos":"0","endPos":"0"}
[2026-01-15 12:16:18.935828] [debug] WebSocketServer: Broadcasting to 1 clients: {"server_time":"2026-01-15 12:16:18","timestamp":"1768468578935","isConnected":"True","numBoard":"0","numSteps":"0","numSpeed":"0.000000","numAccel":"0","numDecel":"0","currentPos":"0","startPos":"0","endPos":"0"}
[2026-01-15 12:16:19.936108] [debug] WebSocketServer: Broadcasting to 1 clients: {"server_time":"2026-01-15 12:16:19","timestamp":"1768468579936","isConnected":"True","numBoard":"0","numSteps":"0","numSpeed":"0.000000","numAccel":"0","numDecel":"0","currentPos":"0","startPos":"0","endPos":"0"}
[2026-01-15 12:16:20.936972] [debug] WebSocketServer: Broadcasting to 1 clients: {"server_time":"2026-01-15 12:16:20","timestamp":"1768468580936","isConnected":"True","numBoard":"0","numSteps":"0","numSpeed":"0.000000","numAccel":"0","numDecel":"0","currentPos":"0","startPos":"0","endPos":"0"}
[2026-01-15 12:16:21.937536] [debug] WebSocketServer: Broadcasting to 1 clients: {"server_time":"2026-01-15 12:16:21","timestamp":"1768468581937","isConnected":"True","numBoard":"0","numSteps":"0","numSpeed":"0.000000","numAccel":"0","numDecel":"0","currentPos":"0","startPos":"0","endPos":"0"}
[2026-01-15 12:16:22.937862] [debug] WebSocketServer: Broadcasting to 1 clients: {"server_time":"2026-01-15 12:16:22","timestamp":"1768468582937","isConnected":"True","numBoard":"0","numSteps":"0","numSpeed":"0.000000","numAccel":"0","numDecel":"0","currentPos":"0","startPos":"0","endPos":"0"}
[2026-01-15 12:16:23.938372] [debug] WebSocketServer: Broadcasting to 1 clients: {"server_time":"2026-01-15 12:16:23","timestamp":"1768468583938","isConnected":"True","numBoard":"0","numSteps":"0","numSpeed":"0.000000","numAccel":"0","numDecel":"0","currentPos":"0","startPos":"0","endPos":"0"}
[2026-01-15 12:16:24.938644] [debug] WebSocketServer: Broadcasting to 1 clients: {"server_time":"2026-01-15 12:16:24","timestamp":"1768468584938","isConnected":"True","numBoard":"0","numSteps":"0","numSpeed":"0.000000","numAccel":"0","numDecel":"0","currentPos":"0","startPos":"0","endPos":"0"}
[2026-01-15 12:16:25.938962] [debug] WebSocketServer: Broadcasting to 1 clients: {"server_time":"2026-01-15 12:16:25","timestamp":"1768468585938","isConnected":"True","numBoard":"0","numSteps":"0","numSpeed":"0.000000","numAccel":"0","numDecel":"0","currentPos":"0","startPos":"0","endPos":"0"}
[2026-01-15 12:16:26.939296] [debug] WebSocketServer: Broadcasting to 1 clients: {"server_time":"2026-01-15 12:16:26","timestamp":"1768468586939","isConnected":"True","numBoard":"0","numSteps":"0","numSpeed":"0.000000","numAccel":"0","numDecel":"0","currentPos":"0","startPos":"0","endPos":"0"}
[2026-01-15 12:16:27.939583] [debug] WebSocketServer: Broadcasting to 1 clients: {"server_time":"2026-01-15 12:16:27","timestamp":"1768468587939","isConnected":"True","numBoard":"0","numSteps":"0","numSpeed":"0.000000","numAccel":"0","numDecel":"0","currentPos":"0","startPos":"0","endPos":"0"}
[2026-01-15 12:16:28.940343] [debug] WebSocketServer: Broadcasting to 1 clients: {"server_time":"2026-01-15 12:16:28","timestamp":"1768468588940","isConnected":"True","numBoard":"0","numSteps":"0","numSpeed":"0.000000","numAccel":"0","numDecel":"0","currentPos":"0","startPos":"0","endPos":"0"}
[2026-01-15 12:16:29.940623] [debug] WebSocketServer: Broadcasting to 1 clients: {"server_time":"2026-01-15 12:16:29","timestamp":"1768468589940","isConnected":"True","numBoard":"0","numSteps":"0","numSpeed":"0.000000","numAccel":"0","numDecel":"0","currentPos":"0","startPos":"0","endPos":"0"}
[2026-01-15 12:16:30.941554] [debug] WebSocketServer: Broadcasting to 1 clients: {"server_time":"2026-01-15 12:16:30","timestamp":"1768468590941","isConnected":"True","numBoard":"0","numSteps":"0","numSpeed":"0.000000","numAccel":"0","numDecel":"0","currentPos":"0","startPos":"0","endPos":"0"}
[2026-01-15 12:16:31.941856] [debug] WebSocketServer: Broadcasting to 1 clients: {"server_time":"2026-01-15 12:16:31","timestamp":"1768468591941","isConnected":"True","numBoard":"0","numSteps":"0","numSpeed":"0.000000","numAccel":"0","numDecel":"0","currentPos":"0","startPos":"0","endPos":"0"}
[2026-01-15 12:16:32.942135] [debug] WebSocketServer: Broadcasting to 1 clients: {"server_time":"2026-01-15 12:16:32","timestamp":"1768468592942","isConnected":"True","numBoard":"0","numSteps":"0","numSpeed":"0.000000","numAccel":"0","numDecel":"0","currentPos":"0","startPos":"0","endPos":"0"}
[2026-01-15 12:16:33.942430] [debug] WebSocketServer: Broadcasting to 1 clients: {"server_time":"2026-01-15 12:16:33","timestamp":"1768468593942","isConnected":"True","numBoard":"0","numSteps":"0","numSpeed":"0.000000","numAccel":"0","numDecel":"0","currentPos":"0","startPos":"0","endPos":"0"}
[2026-01-15 12:16:34.943265] [debug] WebSocketServer: Broadcasting to 1 clients: {"server_time":"2026-01-15 12:16:34","timestamp":"1768468594943","isConnected":"True","numBoard":"0","numSteps":"0","numSpeed":"0.000000","numAccel":"0","numDecel":"0","currentPos":"0","startPos":"0","endPos":"0"}
[2026-01-15 12:16:35.943606] [debug] WebSocketServer: Broadcasting to 1 clients: {"server_time":"2026-01-15 12:16:35","timestamp":"1768468595943","isConnected":"True","numBoard":"0","numSteps":"0","numSpeed":"0.000000","numAccel":"0","numDecel":"0","currentPos":"0","startPos":"0","endPos":"0"}
[2026-01-15 12:16:36.943909] [debug] WebSocketServer: Broadcasting to 1 clients: {"server_time":"2026-01-15 12:16:36","timestamp":"1768468596943","isConnected":"True","numBoard":"0","numSteps":"0","numSpeed":"0.000000","numAccel":"0","numDecel":"0","currentPos":"0","startPos":"0","endPos":"0"}
[2026-01-15 12:16:37.944244] [debug] WebSocketServer: Broadcasting to 1 clients: {"server_time":"2026-01-15 12:16:37","timestamp":"1768468597944","isConnected":"True","numBoard":"0","numSteps":"0","numSpeed":"0.000000","numAccel":"0","numDecel":"0","currentPos":"0","startPos":"0","endPos":"0"}
[2026-01-15 12:16:38.945239] [debug] WebSocketServer: Broadcasting to 1 clients: {"server_time":"2026-01-15 12:16:38","timestamp":"1768468598945","isConnected":"True","numBoard":"0","numSteps":"0","numSpeed":"0.000000","numAccel":"0","numDecel":"0","currentPos":"0","startPos":"0","endPos":"0"}
[2026-01-15 12:16:39.945538] [debug] WebSocketServer: Broadcasting to 1 clients: {"server_time":"2026-01-15 12:16:39","timestamp":"1768468599945","isConnected":"True","numBoard":"0","numSteps":"0","numSpeed":"0.000000","numAccel":"0","numDecel":"0","currentPos":"0","startPos":"0","endPos":"0"}
[2026-01-15 12:16:40.945859] [debug] WebSocketServer: Broadcasting to 1 clients: {"server_time":"2026-01-15 12:16:40","timestamp":"1768468600945","isConnected":"True","numBoard":"0","numSteps":"0","numSpeed":"0.000000","numAccel":"0","numDecel":"0","currentPos":"0","startPos":"0","endPos":"0"}
[2026-01-15 12:16:41.946155] [debug] WebSocketServer: Broadcasting to 1 clients: {"server_time":"2026-01-15 12:16:41","timestamp":"1768468601946","isConnected":"True","numBoard":"0","numSteps":"0","numSpeed":"0.000000","numAccel":"0","numDecel":"0","currentPos":"0","startPos":"0","endPos":"0"}
[2026-01-15 12:16:42.946449] [debug] WebSocketServer: Broadcasting to 1 clients: {"server_time":"2026-01-15 12:16:42","timestamp":"1768468602946","isConnected":"True","numBoard":"0","numSteps":"0","numSpeed":"0.000000","numAccel":"0","numDecel":"0","currentPos":"0","startPos":"0","endPos":"0"}
[2026-01-15 12:16:43.946763] [debug] WebSocketServer: Broadcasting to 1 clients: {"server_time":"2026-01-15 12:16:43","timestamp":"1768468603946","isConnected":"True","numBoard":"0","numSteps":"0","numSpeed":"0.000000","numAccel":"0","numDecel":"0","currentPos":"0","startPos":"0","endPos":"0"}
[2026-01-15 12:16:44.947050] [debug] WebSocketServer: Broadcasting to 1 clients: {"server_time":"2026-01-15 12:16:44","timestamp":"1768468604946","isConnected":"True","numBoard":"0","numSteps":"0","numSpeed":"0.000000","numAccel":"0","numDecel":"0","currentPos":"0","startPos":"0","endPos":"0"}
[2026-01-15 12:16:45.947357] [debug] WebSocketServer: Broadcasting to 1 clients: {"server_time":"2026-01-15 12:16:45","timestamp":"1768468605947","isConnected":"True","numBoard":"0","numSteps":"0","numSpeed":"0.000000","numAccel":"0","numDecel":"0","currentPos":"0","startPos":"0","endPos":"0"}
[2026-01-15 12:16:46.947665] [debug] WebSocketServer: Broadcasting to 1 clients: {"server_time":"2026-01-15 12:16:46","timestamp":"1768468606947","isConnected":"True","numBoard":"0","numSteps":"0","numSpeed":"0.000000","numAccel":"0","numDecel":"0","currentPos":"0","startPos":"0","endPos":"0"}
[2026-01-15 12:16:47.947981] [debug] WebSocketServer: Broadcasting to 1 clients: {"server_time":"2026-01-15 12:16:47","timestamp":"1768468607947","isConnected":"True","numBoard":"0","numSteps":"0","numSpeed":"0.000000","numAccel":"0","numDecel":"0","currentPos":"0","startPos":"0","endPos":"0"}
[2026-01-15 12:16:48.948290] [debug] WebSocketServer: Broadcasting to 1 clients: {"server_time":"2026-01-15 12:16:48","timestamp":"1768468608948","isConnected":"True","numBoard":"0","numSteps":"0","numSpeed":"0.000000","numAccel":"0","numDecel":"0","currentPos":"0","startPos":"0","endPos":"0"}
[2026-01-15 12:16:49.948569] [debug] WebSocketServer: Broadcasting to 1 clients: {"server_time":"2026-01-15 12:16:49","timestamp":"1768468609948","isConnected":"True","numBoard":"0","numSteps":"0","numSpeed":"0.000000","numAccel":"0","numDecel":"0","currentPos":"0","startPos":"0","endPos":"0"}
[2026-01-15 12:16:50.948861] [debug] WebSocketServer: Broadcasting to 1 clients: {"server_time":"2026-01-15 12:16:50","timestamp":"1768468610948","isConnected":"True","numBoard":"0","numSteps":"0","numSpeed":"0.000000","numAccel":"0","numDecel":"0","currentPos":"0","startPos":"0","endPos":"0"}
[2026-01-15 12:16:51.949247] [debug] WebSocketServer: Broadcasting to 1 clients: {"server_time":"2026-01-15 12:16:51","timestamp":"1768468611949","isConnected":"True","numBoard":"0","numSteps":"0","numSpeed":"0.000000","numAccel":"0","numDecel":"0","currentPos":"0","startPos":"0","endPos":"0"}
[2026-01-15 12:16:52.949580] [debug] WebSocketServer: Broadcasting to 1 clients: {"server_time":"2026-01-15 12:16:52","timestamp":"1768468612949","isConnected":"True","numBoard":"0","numSteps":"0","numSpeed":"0.000000","numAccel":"0","numDecel":"0","currentPos":"0","startPos":"0","endPos":"0"}
[2026-01-15 12:16:53.949865] [debug] WebSocketServer: Broadcasting to 1 clients: {"server_time":"2026-01-15 12:16:53","timestamp":"1768468613949","isConnected":"True","numBoard":"0","numSteps":"0","numSpeed":"0.000000","numAccel":"0","numDecel":"0","currentPos":"0","startPos":"0","endPos":"0"}
[2026-01-15 12:16:54.950139] [debug] WebSocketServer: Broadcasting to 1 clients: {"server_time":"2026-01-15 12:16:54","timestamp":"1768468614950","isConnected":"True","numBoard":"0","numSteps":"0","numSpeed":"0.000000","numAccel":"0","numDecel":"0","currentPos":"0","startPos":"0","endPos":"0"}
[2026-01-15 12:16:55.950430] [debug] WebSocketServer: Broadcasting to 1 clients: {"server_time":"2026-01-15 12:16:55","timestamp":"1768468615950","isConnected":"True","numBoard":"0","numSteps":"0","numSpeed":"0.000000","numAccel":"0","numDecel":"0","currentPos":"0","startPos":"0","endPos":"0"}
[2026-01-15 12:16:56.950715] [debug] WebSocketServer: Broadcasting to 1 clients: {"server_time":"2026-01-15 12:16:56","timestamp":"1768468616950","isConnected":"True","numBoard":"0","numSteps":"0","numSpeed":"0.000000","numAccel":"0","numDecel":"0","currentPos":"0","startPos":"0","endPos":"0"}
[2026-01-15 12:16:57.951001] [debug] WebSocketServer: Broadcasting to 1 clients: {"server_time":"2026-01-15 12:16:57","timestamp":"1768468617950","isConnected":"True","numBoard":"0","numSteps":"0","numSpeed":"0.000000","numAccel":"0","numDecel":"0","currentPos":"0","startPos":"0","endPos":"0"}
[2026-01-15 12:16:58.951315] [debug] WebSocketServer: Broadcasting to 1 clients: {"server_time":"2026-01-15 12:16:58","timestamp":"1768468618951","isConnected":"True","numBoard":"0","numSteps":"0","numSpeed":"0.000000","numAccel":"0","numDecel":"0","currentPos":"0","startPos":"0","endPos":"0"}
[2026-01-15 12:16:59.951603] [debug] WebSocketServer: Broadcasting to 1 clients: {"server_time":"2026-01-15 12:16:59","timestamp":"1768468619951","isConnected":"True","numBoard":"0","numSteps":"0","numSpeed":"0.000000","numAccel":"0","numDecel":"0","currentPos":"0","startPos":"0","endPos":"0"}
[2026-01-15 12:17:00.951883] [debug] WebSocketServer: Broadcasting to 1 clients: {"server_time":"2026-01-15 12:17:00","timestamp":"1768468620951","isConnected":"True","numBoard":"0","numSteps":"0","numSpeed":"0.000000","numAccel":"0","numDecel":"0","currentPos":"0","startPos":"0","endPos":"0"}
[2026-01-15 12:17:01.952181] [debug] WebSocketServer: Broadcasting to 1 clients: {"server_time":"2026-01-15 12:17:01","timestamp":"1768468621952","isConnected":"True","numBoard":"0","numSteps":"0","numSpeed":"0.000000","numAccel":"0","numDecel":"0","currentPos":"0","startPos":"0","endPos":"0"}
[2026-01-15 12:17:02.952476] [debug] WebSocketServer: Broadcasting to 1 clients: {"server_time":"2026-01-15 12:17:02","timestamp":"1768468622952","isConnected":"True","numBoard":"0","numSteps":"0","numSpeed":"0.000000","numAccel":"0","numDecel":"0","currentPos":"0","startPos":"0","endPos":"0"}
[2026-01-15 12:17:03.952759] [debug] WebSocketServer: Broadcasting to 1 clients: {"server_time":"2026-01-15 12:17:03","timestamp":"1768468623952","isConnected":"True","numBoard":"0","numSteps":"0","numSpeed":"0.000000","numAccel":"0","numDecel":"0","currentPos":"0","startPos":"0","endPos":"0"}
[2026-01-15 12:17:04.953116] [debug] WebSocketServer: Broadcasting to 1 clients: {"server_time":"2026-01-15 12:17:04","timestamp":"1768468624953","isConnected":"True","numBoard":"0","numSteps":"0","numSpeed":"0.000000","numAccel":"0","numDecel":"0","currentPos":"0","startPos":"0","endPos":"0"}
[2026-01-15 12:17:05.953470] [debug] WebSocketServer: Broadcasting to 1 clients: {"server_time":"2026-01-15 12:17:05","timestamp":"1768468625953","isConnected":"True","numBoard":"0","numSteps":"0","numSpeed":"0.000000","numAccel":"0","numDecel":"0","currentPos":"0","startPos":"0","endPos":"0"}
[2026-01-15 12:17:06.953912] [debug] WebSocketServer: Broadcasting to 1 clients: {"server_time":"2026-01-15 12:17:06","timestamp":"1768468626953","isConnected":"True","numBoard":"0","numSteps":"0","numSpeed":"0.000000","numAccel":"0","numDecel":"0","currentPos":"0","startPos":"0","endPos":"0"}
[2026-01-15 12:17:07.954209] [debug] WebSocketServer: Broadcasting to 1 clients: {"server_time":"2026-01-15 12:17:07","timestamp":"1768468627954","isConnected":"True","numBoard":"0","numSteps":"0","numSpeed":"0.000000","numAccel":"0","numDecel":"0","currentPos":"0","startPos":"0","endPos":"0"}
[2026-01-15 12:17:08.954524] [debug] WebSocketServer: Broadcasting to 1 clients: {"server_time":"2026-01-15 12:17:08","timestamp":"1768468628954","isConnected":"True","numBoard":"0","numSteps":"0","numSpeed":"0.000000","numAccel":"0","numDecel":"0","currentPos":"0","startPos":"0","endPos":"0"}
[2026-01-15 12:17:09.954796] [debug] WebSocketServer: Broadcasting to 1 clients: {"server_time":"2026-01-15 12:17:09","timestamp":"1768468629954","isConnected":"True","numBoard":"0","numSteps":"0","numSpeed":"0.000000","numAccel":"0","numDecel":"0","currentPos":"0","startPos":"0","endPos":"0"}
[2026-01-15 12:17:10.955050] [debug] WebSocketServer: Broadcasting to 1 clients: {"server_time":"2026-01-15 12:17:10","timestamp":"1768468630954","isConnected":"True","numBoard":"0","numSteps":"0","numSpeed":"0.000000","numAccel":"0","numDecel":"0","currentPos":"0","startPos":"0","endPos":"0"}
[2026-01-15 12:17:11.955356] [debug] WebSocketServer: Broadcasting to 1 clients: {"server_time":"2026-01-15 12:17:11","timestamp":"1768468631955","isConnected":"True","numBoard":"0","numSteps":"0","numSpeed":"0.000000","numAccel":"0","numDecel":"0","currentPos":"0","startPos":"0","endPos":"0"}
[2026-01-15 12:17:12.955640] [debug] WebSocketServer: Broadcasting to 1 clients: {"server_time":"2026-01-15 12:17:12","timestamp":"1768468632955","isConnected":"True","numBoard":"0","numSteps":"0","numSpeed":"0.000000","numAccel":"0","numDecel":"0","currentPos":"0","startPos":"0","endPos":"0"}
[2026-01-15 12:17:13.955918] [debug] WebSocketServer: Broadcasting to 1 clients: {"server_time":"2026-01-15 12:17:13","timestamp":"1768468633955","isConnected":"True","numBoard":"0","numSteps":"0","numSpeed":"0.000000","numAccel":"0","numDecel":"0","currentPos":"0","startPos":"0","endPos":"0"}
[2026-01-15 12:17:14.956215] [debug] WebSocketServer: Broadcasting to 1 clients: {"server_time":"2026-01-15 12:17:14","timestamp":"1768468634956","isConnected":"True","numBoard":"0","numSteps":"0","numSpeed":"0.000000","numAccel":"0","numDecel":"0","currentPos":"0","startPos":"0","endPos":"0"}
[2026-01-15 12:17:15.956493] [debug] WebSocketServer: Broadcasting to 1 clients: {"server_time":"2026-01-15 12:17:15","timestamp":"1768468635956","isConnected":"True","numBoard":"0","numSteps":"0","numSpeed":"0.000000","numAccel":"0","numDecel":"0","currentPos":"0","startPos":"0","endPos":"0"}
[2026-01-15 12:17:16.956783] [debug] WebSocketServer: Broadcasting to 1 clients: {"server_time":"2026-01-15 12:17:16","timestamp":"1768468636956","isConnected":"True","numBoard":"0","numSteps":"0","numSpeed":"0.000000","numAccel":"0","numDecel":"0","currentPos":"0","startPos":"0","endPos":"0"}
[2026-01-15 12:17:17.957069] [debug] WebSocketServer: Broadcasting to 1 clients: {"server_time":"2026-01-15 12:17:17","timestamp":"1768468637957","isConnected":"True","numBoard":"0","numSteps":"0","numSpeed":"0.000000","numAccel":"0","numDecel":"0","currentPos":"0","startPos":"0","endPos":"0"}
[2026-01-15 12:17:18.957392] [debug] WebSocketServer: Broadcasting to 1 clients: {"server_time":"2026-01-15 12:17:18","timestamp":"1768468638957","isConnected":"True","numBoard":"0","numSteps":"0","numSpeed":"0.000000","numAccel":"0","numDecel":"0","currentPos":"0","startPos":"0","endPos":"0"}
[2026-01-15 12:17:19.957680] [debug] WebSocketServer: Broadcasting to 1 clients: {"server_time":"2026-01-15 12:17:19","timestamp":"1768468639957","isConnected":"True","numBoard":"0","numSteps":"0","numSpeed":"0.000000","numAccel":"0","numDecel":"0","currentPos":"0","startPos":"0","endPos":"0"}
[2026-01-15 12:17:20.957969] [debug] WebSocketServer: Broadcasting to 1 clients: {"server_time":"2026-01-15 12:17:20","timestamp":"1768468640957","isConnected":"True","numBoard":"0","numSteps":"0","numSpeed":"0.000000","numAccel":"0","numDecel":"0","currentPos":"0","startPos":"0","endPos":"0"}
[2026-01-15 12:17:21.958228] [debug] WebSocketServer: Broadcasting to 1 clients: {"server_time":"2026-01-15 12:17:21","timestamp":"1768468641958","isConnected":"True","numBoard":"0","numSteps":"0","numSpeed":"0.000000","numAccel":"0","numDecel":"0","currentPos":"0","startPos":"0","endPos":"0"}
[2026-01-15 12:17:22.958503] [debug] WebSocketServer: Broadcasting to 1 clients: {"server_time":"2026-01-15 12:17:22","timestamp":"1768468642958","isConnected":"True","numBoard":"0","numSteps":"0","numSpeed":"0.000000","numAccel":"0","numDecel":"0","currentPos":"0","startPos":"0","endPos":"0"}
[2026-01-15 12:17:23.958821] [debug] WebSocketServer: Broadcasting to 1 clients: {"server_time":"2026-01-15 12:17:23","timestamp":"1768468643958","isConnected":"True","numBoard":"0","numSteps":"0","numSpeed":"0.000000","numAccel":"0","numDecel":"0","currentPos":"0","startPos":"0","endPos":"0"}
[2026-01-15 12:17:24.959097] [debug] WebSocketServer: Broadcasting to 1 clients: {"server_time":"2026-01-15 12:17:24","timestamp":"1768468644959","isConnected":"True","numBoard":"0","numSteps":"0","numSpeed":"0.000000","numAccel":"0","numDecel":"0","currentPos":"0","startPos":"0","endPos":"0"}
[2026-01-15 12:17:25.959387] [debug] WebSocketServer: Broadcasting to 1 clients: {"server_time":"2026-01-15 12:17:25","timestamp":"1768468645959","isConnected":"True","numBoard":"0","numSteps":"0","numSpeed":"0.000000","numAccel":"0","numDecel":"0","currentPos":"0","startPos":"0","endPos":"0"}
[2026-01-15 12:17:26.962263] [debug] WebSocketServer: Broadcasting to 1 clients: {"server_time":"2026-01-15 12:17:26","timestamp":"1768468646962","isConnected":"True","numBoard":"0","numSteps":"0","numSpeed":"0.000000","numAccel":"0","numDecel":"0","currentPos":"0","startPos":"0","endPos":"0"}
[2026-01-15 12:17:27.962696] [debug] WebSocketServer: Broadcasting to 1 clients: {"server_time":"2026-01-15 12:17:27","timestamp":"1768468647962","isConnected":"True","numBoard":"0","numSteps":"0","numSpeed":"0.000000","numAccel":"0","numDecel":"0","currentPos":"0","startPos":"0","endPos":"0"}
[2026-01-15 12:17:28.963126] [debug] WebSocketServer: Broadcasting to 1 clients: {"server_time":"2026-01-15 12:17:28","timestamp":"1768468648963","isConnected":"True","numBoard":"0","numSteps":"0","numSpeed":"0.000000","numAccel":"0","numDecel":"0","currentPos":"0","startPos":"0","endPos":"0"}
[2026-01-15 12:17:29.963431] [debug] WebSocketServer: Broadcasting to 1 clients: {"server_time":"2026-01-15 12:17:29","timestamp":"1768468649963","isConnected":"True","numBoard":"0","numSteps":"0","numSpeed":"0.000000","numAccel":"0","numDecel":"0","currentPos":"0","startPos":"0","endPos":"0"}
[2026-01-15 12:17:30.963736] [debug] WebSocketServer: Broadcasting to 1 clients: {"server_time":"2026-01-15 12:17:30","timestamp":"1768468650963","isConnected":"True","numBoard":"0","numSteps":"0","numSpeed":"0.000000","numAccel":"0","numDecel":"0","currentPos":"0","startPos":"0","endPos":"0"}
[2026-01-15 12:17:31.964098] [debug] WebSocketServer: Broadcasting to 1 clients: {"server_time":"2026-01-15 12:17:31","timestamp":"1768468651963","isConnected":"True","numBoard":"0","numSteps":"0","numSpeed":"0.000000","numAccel":"0","numDecel":"0","currentPos":"0","startPos":"0","endPos":"0"}
[2026-01-15 12:17:32.964456] [debug] WebSocketServer: Broadcasting to 1 clients: {"server_time":"2026-01-15 12:17:32","timestamp":"1768468652964","isConnected":"True","numBoard":"0","numSteps":"0","numSpeed":"0.000000","numAccel":"0","numDecel":"0","currentPos":"0","startPos":"0","endPos":"0"}
[2026-01-15 12:17:33.964820] [debug] WebSocketServer: Broadcasting to 1 clients: {"server_time":"2026-01-15 12:17:33","timestamp":"1768468653964","isConnected":"True","numBoard":"0","numSteps":"0","numSpeed":"0.000000","numAccel":"0","numDecel":"0","currentPos":"0","startPos":"0","endPos":"0"}
[2026-01-15 12:17:34.965131] [debug] WebSocketServer: Broadcasting to 1 clients: {"server_time":"2026-01-15 12:17:34","timestamp":"1768468654965","isConnected":"True","numBoard":"0","numSteps":"0","numSpeed":"0.000000","numAccel":"0","numDecel":"0","currentPos":"0","startPos":"0","endPos":"0"}
[2026-01-15 12:17:35.965428] [debug] WebSocketServer: Broadcasting to 1 clients: {"server_time":"2026-01-15 12:17:35","timestamp":"1768468655965","isConnected":"True","numBoard":"0","numSteps":"0","numSpeed":"0.000000","numAccel":"0","numDecel":"0","currentPos":"0","startPos":"0","endPos":"0"}
[2026-01-15 12:17:36.965758] [debug] WebSocketServer: Broadcasting to 1 clients: {"server_time":"2026-01-15 12:17:36","timestamp":"1768468656965","isConnected":"True","numBoard":"0","numSteps":"0","numSpeed":"0.000000","numAccel":"0","numDecel":"0","currentPos":"0","startPos":"0","endPos":"0"}
[2026-01-15 12:17:37.966042] [debug] WebSocketServer: Broadcasting to 1 clients: {"server_time":"2026-01-15 12:17:37","timestamp":"1768468657965","isConnected":"True","numBoard":"0","numSteps":"0","numSpeed":"0.000000","numAccel":"0","numDecel":"0","currentPos":"0","startPos":"0","endPos":"0"}
[2026-01-15 12:17:38.966319] [debug] WebSocketServer: Broadcasting to 1 clients: {"server_time":"2026-01-15 12:17:38","timestamp":"1768468658966","isConnected":"True","numBoard":"0","numSteps":"0","numSpeed":"0.000000","numAccel":"0","numDecel":"0","currentPos":"0","startPos":"0","endPos":"0"}
[2026-01-15 12:17:39.966591] [debug] WebSocketServer: Broadcasting to 1 clients: {"server_time":"2026-01-15 12:17:39","timestamp":"1768468659966","isConnected":"True","numBoard":"0","numSteps":"0","numSpeed":"0.000000","numAccel":"0","numDecel":"0","currentPos":"0","startPos":"0","endPos":"0"}
[2026-01-15 12:17:40.966875] [debug] WebSocketServer: Broadcasting to 1 clients: {"server_time":"2026-01-15 12:17:40","timestamp":"1768468660966","isConnected":"True","numBoard":"0","numSteps":"0","numSpeed":"0.000000","numAccel":"0","numDecel":"0","currentPos":"0","startPos":"0","endPos":"0"}
[2026-01-15 12:17:41.967158] [debug] WebSocketServer: Broadcasting to 1 clients: {"server_time":"2026-01-15 12:17:41","timestamp":"1768468661967","isConnected":"True","numBoard":"0","numSteps":"0","numSpeed":"0.000000","numAccel":"0","numDecel":"0","currentPos":"0","startPos":"0","endPos":"0"}
[2026-01-15 12:17:42.967428] [debug] WebSocketServer: Broadcasting to 1 clients: {"server_time":"2026-01-15 12:17:42","timestamp":"1768468662967","isConnected":"True","numBoard":"0","numSteps":"0","numSpeed":"0.000000","numAccel":"0","numDecel":"0","currentPos":"0","startPos":"0","endPos":"0"}
[2026-01-15 12:17:43.967723] [debug] WebSocketServer: Broadcasting to 1 clients: {"server_time":"2026-01-15 12:17:43","timestamp":"1768468663967","isConnected":"True","numBoard":"0","numSteps":"0","numSpeed":"0.000000","numAccel":"0","numDecel":"0","currentPos":"0","startPos":"0","endPos":"0"}
[2026-01-15 12:17:44.967991] [debug] WebSocketServer: Broadcasting to 1 clients: {"server_time":"2026-01-15 12:17:44","timestamp":"1768468664967","isConnected":"True","numBoard":"0","numSteps":"0","numSpeed":"0.000000","numAccel":"0","numDecel":"0","currentPos":"0","startPos":"0","endPos":"0"}
[2026-01-15 12:17:45.968290] [debug] WebSocketServer: Broadcasting to 1 clients: {"server_time":"2026-01-15 12:17:45","timestamp":"1768468665968","isConnected":"True","numBoard":"0","numSteps":"0","numSpeed":"0.000000","numAccel":"0","numDecel":"0","currentPos":"0","startPos":"0","endPos":"0"}
[2026-01-15 12:17:46.968577] [debug] WebSocketServer: Broadcasting to 1 clients: {"server_time":"2026-01-15 12:17:46","timestamp":"1768468666968","isConnected":"True","numBoard":"0","numSteps":"0","numSpeed":"0.000000","numAccel":"0","numDecel":"0","currentPos":"0","startPos":"0","endPos":"0"}
[2026-01-15 12:17:47.968859] [debug] WebSocketServer: Broadcasting to 1 clients: {"server_time":"2026-01-15 12:17:47","timestamp":"1768468667968","isConnected":"True","numBoard":"0","numSteps":"0","numSpeed":"0.000000","numAccel":"0","numDecel":"0","currentPos":"0","startPos":"0","endPos":"0"}
[2026-01-15 12:17:48.969405] [debug] WebSocketServer: Broadcasting to 1 clients: {"server_time":"2026-01-15 12:17:48","timestamp":"1768468668969","isConnected":"True","numBoard":"0","numSteps":"0","numSpeed":"0.000000","numAccel":"0","numDecel":"0","currentPos":"0","startPos":"0","endPos":"0"}
[2026-01-15 12:17:49.969785] [debug] WebSocketServer: Broadcasting to 1 clients: {"server_time":"2026-01-15 12:17:49","timestamp":"1768468669969","isConnected":"True","numBoard":"0","numSteps":"0","numSpeed":"0.000000","numAccel":"0","numDecel":"0","currentPos":"0","startPos":"0","endPos":"0"}
[2026-01-15 12:17:50.970093] [debug] WebSocketServer: Broadcasting to 1 clients: {"server_time":"2026-01-15 12:17:50","timestamp":"1768468670970","isConnected":"True","numBoard":"0","numSteps":"0","numSpeed":"0.000000","numAccel":"0","numDecel":"0","currentPos":"0","startPos":"0","endPos":"0"}
[2026-01-15 12:17:51.970393] [debug] WebSocketServer: Broadcasting to 1 clients: {"server_time":"2026-01-15 12:17:51","timestamp":"1768468671970","isConnected":"True","numBoard":"0","numSteps":"0","numSpeed":"0.000000","numAccel":"0","numDecel":"0","currentPos":"0","startPos":"0","endPos":"0"}
[2026-01-15 12:17:52.970672] [debug] WebSocketServer: Broadcasting to 1 clients: {"server_time":"2026-01-15 12:17:52","timestamp":"1768468672970","isConnected":"True","numBoard":"0","numSteps":"0","numSpeed":"0.000000","numAccel":"0","numDecel":"0","currentPos":"0","startPos":"0","endPos":"0"}
[2026-01-15 12:17:53.970943] [debug] WebSocketServer: Broadcasting to 1 clients: {"server_time":"2026-01-15 12:17:53","timestamp":"1768468673970","isConnected":"True","numBoard":"0","numSteps":"0","numSpeed":"0.000000","numAccel":"0","numDecel":"0","currentPos":"0","startPos":"0","endPos":"0"}
[2026-01-15 12:17:54.971217] [debug] WebSocketServer: Broadcasting to 1 clients: {"server_time":"2026-01-15 12:17:54","timestamp":"1768468674971","isConnected":"True","numBoard":"0","numSteps":"0","numSpeed":"0.000000","numAccel":"0","numDecel":"0","currentPos":"0","startPos":"0","endPos":"0"}
[2026-01-15 12:17:55.971504] [debug] WebSocketServer: Broadcasting to 1 clients: {"server_time":"2026-01-15 12:17:55","timestamp":"1768468675971","isConnected":"True","numBoard":"0","numSteps":"0","numSpeed":"0.000000","numAccel":"0","numDecel":"0","currentPos":"0","startPos":"0","endPos":"0"}
[2026-01-15 12:17:56.971813] [debug] WebSocketServer: Broadcasting to 1 clients: {"server_time":"2026-01-15 12:17:56","timestamp":"1768468676971","isConnected":"True","numBoard":"0","numSteps":"0","numSpeed":"0.000000","numAccel":"0","numDecel":"0","currentPos":"0","startPos":"0","endPos":"0"}
[2026-01-15 12:17:57.972096] [debug] WebSocketServer: Broadcasting to 1 clients: {"server_time":"2026-01-15 12:17:57","timestamp":"1768468677972","isConnected":"True","numBoard":"0","numSteps":"0","numSpeed":"0.000000","numAccel":"0","numDecel":"0","currentPos":"0","startPos":"0","endPos":"0"}
[2026-01-15 12:17:58.972425] [debug] WebSocketServer: Broadcasting to 1 clients: {"server_time":"2026-01-15 12:17:58","timestamp":"1768468678972","isConnected":"True","numBoard":"0","numSteps":"0","numSpeed":"0.000000","numAccel":"0","numDecel":"0","currentPos":"0","startPos":"0","endPos":"0"}
[2026-01-15 12:17:59.972713] [debug] WebSocketServer: Broadcasting to 1 clients: {"server_time":"2026-01-15 12:17:59","timestamp":"1768468679972","isConnected":"True","numBoard":"0","numSteps":"0","numSpeed":"0.000000","numAccel":"0","numDecel":"0","currentPos":"0","startPos":"0","endPos":"0"}
[2026-01-15 12:18:00.973027] [debug] WebSocketServer: Broadcasting to 1 clients: {"server_time":"2026-01-15 12:18:00","timestamp":"1768468680972","isConnected":"True","numBoard":"0","numSteps":"0","numSpeed":"0.000000","numAccel":"0","numDecel":"0","currentPos":"0","startPos":"0","endPos":"0"}
[2026-01-15 12:18:01.973329] [debug] WebSocketServer: Broadcasting to 1 clients: {"server_time":"2026-01-15 12:18:01","timestamp":"1768468681973","isConnected":"True","numBoard":"0","numSteps":"0","numSpeed":"0.000000","numAccel":"0","numDecel":"0","currentPos":"0","startPos":"0","endPos":"0"}
[2026-01-15 12:18:02.973643] [debug] WebSocketServer: Broadcasting to 1 clients: {"server_time":"2026-01-15 12:18:02","timestamp":"1768468682973","isConnected":"True","numBoard":"0","numSteps":"0","numSpeed":"0.000000","numAccel":"0","numDecel":"0","currentPos":"0","startPos":"0","endPos":"0"}
[2026-01-15 12:18:03.973946] [debug] WebSocketServer: Broadcasting to 1 clients: {"server_time":"2026-01-15 12:18:03","timestamp":"1768468683973","isConnected":"True","numBoard":"0","numSteps":"0","numSpeed":"0.000000","numAccel":"0","numDecel":"0","currentPos":"0","startPos":"0","endPos":"0"}
[2026-01-15 12:18:04.974310] [debug] WebSocketServer: Broadcasting to 1 clients: {"server_time":"2026-01-15 12:18:04","timestamp":"1768468684974","isConnected":"True","numBoard":"0","numSteps":"0","numSpeed":"0.000000","numAccel":"0","numDecel":"0","currentPos":"0","startPos":"0","endPos":"0"}
[2026-01-15 12:18:05.974589] [debug] WebSocketServer: Broadcasting to 1 clients: {"server_time":"2026-01-15 12:18:05","timestamp":"1768468685974","isConnected":"True","numBoard":"0","numSteps":"0","numSpeed":"0.000000","numAccel":"0","numDecel":"0","currentPos":"0","startPos":"0","endPos":"0"}
[2026-01-15 12:18:06.974865] [debug] WebSocketServer: Broadcasting to 1 clients: {"server_time":"2026-01-15 12:18:06","timestamp":"1768468686974","isConnected":"True","numBoard":"0","numSteps":"0","numSpeed":"0.000000","numAccel":"0","numDecel":"0","currentPos":"0","startPos":"0","endPos":"0"}
[2026-01-15 12:18:07.975222] [debug] WebSocketServer: Broadcasting to 1 clients: {"server_time":"2026-01-15 12:18:07","timestamp":"1768468687975","isConnected":"True","numBoard":"0","numSteps":"0","numSpeed":"0.000000","numAccel":"0","numDecel":"0","currentPos":"0","startPos":"0","endPos":"0"}
[2026-01-15 12:18:08.975576] [debug] WebSocketServer: Broadcasting to 1 clients: {"server_time":"2026-01-15 12:18:08","timestamp":"1768468688975","isConnected":"True","numBoard":"0","numSteps":"0","numSpeed":"0.000000","numAccel":"0","numDecel":"0","currentPos":"0","startPos":"0","endPos":"0"}
[2026-01-15 12:18:09.975853] [debug] WebSocketServer: Broadcasting to 1 clients: {"server_time":"2026-01-15 12:18:09","timestamp":"1768468689975","isConnected":"True","numBoard":"0","numSteps":"0","numSpeed":"0.000000","numAccel":"0","numDecel":"0","currentPos":"0","startPos":"0","endPos":"0"}
[2026-01-15 12:18:10.976151] [debug] WebSocketServer: Broadcasting to 1 clients: {"server_time":"2026-01-15 12:18:10","timestamp":"1768468690976","isConnected":"True","numBoard":"0","numSteps":"0","numSpeed":"0.000000","numAccel":"0","numDecel":"0","currentPos":"0","startPos":"0","endPos":"0"}
[2026-01-15 12:18:11.976503] [debug] WebSocketServer: Broadcasting to 1 clients: {"server_time":"2026-01-15 12:18:11","timestamp":"1768468691976","isConnected":"True","numBoard":"0","numSteps":"0","numSpeed":"0.000000","numAccel":"0","numDecel":"0","currentPos":"0","startPos":"0","endPos":"0"}
[2026-01-15 12:18:12.976778] [debug] WebSocketServer: Broadcasting to 1 clients: {"server_time":"2026-01-15 12:18:12","timestamp":"1768468692976","isConnected":"True","numBoard":"0","numSteps":"0","numSpeed":"0.000000","numAccel":"0","numDecel":"0","currentPos":"0","startPos":"0","endPos":"0"}
[2026-01-15 12:18:13.977044] [debug] WebSocketServer: Broadcasting to 1 clients: {"server_time":"2026-01-15 12:18:13","timestamp":"1768468693976","isConnected":"True","numBoard":"0","numSteps":"0","numSpeed":"0.000000","numAccel":"0","numDecel":"0","currentPos":"0","startPos":"0","endPos":"0"}
[2026-01-15 12:18:14.977324] [debug] WebSocketServer: Broadcasting to 1 clients: {"server_time":"2026-01-15 12:18:14","timestamp":"1768468694977","isConnected":"True","numBoard":"0","numSteps":"0","numSpeed":"0.000000","numAccel":"0","numDecel":"0","currentPos":"0","startPos":"0","endPos":"0"}
[2026-01-15 12:18:15.977598] [debug] WebSocketServer: Broadcasting to 1 clients: {"server_time":"2026-01-15 12:18:15","timestamp":"1768468695977","isConnected":"True","numBoard":"0","numSteps":"0","numSpeed":"0.000000","numAccel":"0","numDecel":"0","currentPos":"0","startPos":"0","endPos":"0"}
[2026-01-15 12:18:16.977885] [debug] WebSocketServer: Broadcasting to 1 clients: {"server_time":"2026-01-15 12:18:16","timestamp":"1768468696977","isConnected":"True","numBoard":"0","numSteps":"0","numSpeed":"0.000000","numAccel":"0","numDecel":"0","currentPos":"0","startPos":"0","endPos":"0"}
[2026-01-15 12:18:17.978177] [debug] WebSocketServer: Broadcasting to 1 clients: {"server_time":"2026-01-15 12:18:17","timestamp":"1768468697978","isConnected":"True","numBoard":"0","numSteps":"0","numSpeed":"0.000000","numAccel":"0","numDecel":"0","currentPos":"0","startPos":"0","endPos":"0"}
[2026-01-15 12:18:18.978483] [debug] WebSocketServer: Broadcasting to 1 clients: {"server_time":"2026-01-15 12:18:18","timestamp":"1768468698978","isConnected":"True","numBoard":"0","numSteps":"0","numSpeed":"0.000000","numAccel":"0","numDecel":"0","currentPos":"0","startPos":"0","endPos":"0"}
[2026-01-15 12:18:19.978779] [debug] WebSocketServer: Broadcasting to 1 clients: {"server_time":"2026-01-15 12:18:19","timestamp":"1768468699978","isConnected":"True","numBoard":"0","numSteps":"0","numSpeed":"0.000000","numAccel":"0","numDecel":"0","currentPos":"0","startPos":"0","endPos":"0"}
[2026-01-15 12:18:20.979211] [debug] WebSocketServer: Broadcasting to 1 clients: {"server_time":"2026-01-15 12:18:20","timestamp":"1768468700979","isConnected":"True","numBoard":"0","numSteps":"0","numSpeed":"0.000000","numAccel":"0","numDecel":"0","currentPos":"0","startPos":"0","endPos":"0"}
[2026-01-15 12:18:21.979597] [debug] WebSocketServer: Broadcasting to 1 clients: {"server_time":"2026-01-15 12:18:21","timestamp":"1768468701979","isConnected":"True","numBoard":"0","numSteps":"0","numSpeed":"0.000000","numAccel":"0","numDecel":"0","currentPos":"0","startPos":"0","endPos":"0"}
[2026-01-15 12:18:22.979896] [debug] WebSocketServer: Broadcasting to 1 clients: {"server_time":"2026-01-15 12:18:22","timestamp":"1768468702979","isConnected":"True","numBoard":"0","numSteps":"0","numSpeed":"0.000000","numAccel":"0","numDecel":"0","currentPos":"0","startPos":"0","endPos":"0"}
[2026-01-15 12:18:23.980204] [debug] WebSocketServer: Broadcasting to 1 clients: {"server_time":"2026-01-15 12:18:23","timestamp":"1768468703980","isConnected":"True","numBoard":"0","numSteps":"0","numSpeed":"0.000000","numAccel":"0","numDecel":"0","currentPos":"0","startPos":"0","endPos":"0"}
[2026-01-15 12:18:24.980595] [debug] WebSocketServer: Broadcasting to 1 clients: {"server_time":"2026-01-15 12:18:24","timestamp":"1768468704980","isConnected":"True","numBoard":"0","numSteps":"0","numSpeed":"0.000000","numAccel":"0","numDecel":"0","currentPos":"0","startPos":"0","endPos":"0"}
[2026-01-15 12:18:25.981051] [debug] WebSocketServer: Broadcasting to 1 clients: {"server_time":"2026-01-15 12:18:25","timestamp":"1768468705980","isConnected":"True","numBoard":"0","numSteps":"0","numSpeed":"0.000000","numAccel":"0","numDecel":"0","currentPos":"0","startPos":"0","endPos":"0"}
[2026-01-15 12:18:26.981393] [debug] WebSocketServer: Broadcasting to 1 clients: {"server_time":"2026-01-15 12:18:26","timestamp":"1768468706981","isConnected":"True","numBoard":"0","numSteps":"0","numSpeed":"0.000000","numAccel":"0","numDecel":"0","currentPos":"0","startPos":"0","endPos":"0"}
[2026-01-15 12:18:27.981723] [debug] WebSocketServer: Broadcasting to 1 clients: {"server_time":"2026-01-15 12:18:27","timestamp":"1768468707981","isConnected":"True","numBoard":"0","numSteps":"0","numSpeed":"0.000000","numAccel":"0","numDecel":"0","currentPos":"0","startPos":"0","endPos":"0"}
[2026-01-15 12:18:28.982088] [debug] WebSocketServer: Broadcasting to 1 clients: {"server_time":"2026-01-15 12:18:28","timestamp":"1768468708982","isConnected":"True","numBoard":"0","numSteps":"0","numSpeed":"0.000000","numAccel":"0","numDecel":"0","currentPos":"0","startPos":"0","endPos":"0"}
[2026-01-15 12:18:29.982375] [debug] WebSocketServer: Broadcasting to 1 clients: {"server_time":"2026-01-15 12:18:29","timestamp":"1768468709982","isConnected":"True","numBoard":"0","numSteps":"0","numSpeed":"0.000000","numAccel":"0","numDecel":"0","currentPos":"0","startPos":"0","endPos":"0"}
[2026-01-15 12:18:30.982722] [debug] WebSocketServer: Broadcasting to 1 clients: {"server_time":"2026-01-15 12:18:30","timestamp":"1768468710982","isConnected":"True","numBoard":"0","numSteps":"0","numSpeed":"0.000000","numAccel":"0","numDecel":"0","currentPos":"0","startPos":"0","endPos":"0"}
[2026-01-15 12:18:31.983018] [debug] WebSocketServer: Broadcasting to 1 clients: {"server_time":"2026-01-15 12:18:31","timestamp":"1768468711982","isConnected":"True","numBoard":"0","numSteps":"0","numSpeed":"0.000000","numAccel":"0","numDecel":"0","currentPos":"0","startPos":"0","endPos":"0"}
[2026-01-15 12:18:32.983322] [debug] WebSocketServer: Broadcasting to 1 clients: {"server_time":"2026-01-15 12:18:32","timestamp":"1768468712983","isConnected":"True","numBoard":"0","numSteps":"0","numSpeed":"0.000000","numAccel":"0","numDecel":"0","currentPos":"0","startPos":"0","endPos":"0"}
[2026-01-15 12:18:33.983592] [debug] WebSocketServer: Broadcasting to 1 clients: {"server_time":"2026-01-15 12:18:33","timestamp":"1768468713983","isConnected":"True","numBoard":"0","numSteps":"0","numSpeed":"0.000000","numAccel":"0","numDecel":"0","currentPos":"0","startPos":"0","endPos":"0"}
[2026-01-15 12:18:34.983861] [debug] WebSocketServer: Broadcasting to 1 clients: {"server_time":"2026-01-15 12:18:34","timestamp":"1768468714983","isConnected":"True","numBoard":"0","numSteps":"0","numSpeed":"0.000000","numAccel":"0","numDecel":"0","currentPos":"0","startPos":"0","endPos":"0"}
[2026-01-15 12:18:35.984162] [debug] WebSocketServer: Broadcasting to 1 clients: {"server_time":"2026-01-15 12:18:35","timestamp":"1768468715984","isConnected":"True","numBoard":"0","numSteps":"0","numSpeed":"0.000000","numAccel":"0","numDecel":"0","currentPos":"0","startPos":"0","endPos":"0"}
[2026-01-15 12:18:36.984439] [debug] WebSocketServer: Broadcasting to 1 clients: {"server_time":"2026-01-15 12:18:36","timestamp":"1768468716984","isConnected":"True","numBoard":"0","numSteps":"0","numSpeed":"0.000000","numAccel":"0","numDecel":"0","currentPos":"0","startPos":"0","endPos":"0"}
[2026-01-15 12:18:37.984700] [debug] WebSocketServer: Broadcasting to 1 clients: {"server_time":"2026-01-15 12:18:37","timestamp":"1768468717984","isConnected":"True","numBoard":"0","numSteps":"0","numSpeed":"0.000000","numAccel":"0","numDecel":"0","currentPos":"0","startPos":"0","endPos":"0"}
[2026-01-15 12:18:38.984972] [debug] WebSocketServer: Broadcasting to 1 clients: {"server_time":"2026-01-15 12:18:38","timestamp":"1768468718984","isConnected":"True","numBoard":"0","numSteps":"0","numSpeed":"0.000000","numAccel":"0","numDecel":"0","currentPos":"0","startPos":"0","endPos":"0"}
[2026-01-15 12:18:39.985307] [debug] WebSocketServer: Broadcasting to 1 clients: {"server_time":"2026-01-15 12:18:39","timestamp":"1768468719985","isConnected":"True","numBoard":"0","numSteps":"0","numSpeed":"0.000000","numAccel":"0","numDecel":"0","currentPos":"0","startPos":"0","endPos":"0"}
[2026-01-15 12:18:40.985600] [debug] WebSocketServer: Broadcasting to 1 clients: {"server_time":"2026-01-15 12:18:40","timestamp":"1768468720985","isConnected":"True","numBoard":"0","numSteps":"0","numSpeed":"0.000000","numAccel":"0","numDecel":"0","currentPos":"0","startPos":"0","endPos":"0"}
[2026-01-15 12:18:41.985903] [debug] WebSocketServer: Broadcasting to 1 clients: {"server_time":"2026-01-15 12:18:41","timestamp":"1768468721985","isConnected":"True","numBoard":"0","numSteps":"0","numSpeed":"0.000000","numAccel":"0","numDecel":"0","currentPos":"0","startPos":"0","endPos":"0"}
[2026-01-15 12:18:42.986214] [debug] WebSocketServer: Broadcasting to 1 clients: {"server_time":"2026-01-15 12:18:42","timestamp":"1768468722986","isConnected":"True","numBoard":"0","numSteps":"0","numSpeed":"0.000000","numAccel":"0","numDecel":"0","currentPos":"0","startPos":"0","endPos":"0"}
[2026-01-15 12:18:43.986552] [debug] WebSocketServer: Broadcasting to 1 clients: {"server_time":"2026-01-15 12:18:43","timestamp":"1768468723986","isConnected":"True","numBoard":"0","numSteps":"0","numSpeed":"0.000000","numAccel":"0","numDecel":"0","currentPos":"0","startPos":"0","endPos":"0"}
[2026-01-15 12:18:44.987126] [debug] WebSocketServer: Broadcasting to 1 clients: {"server_time":"2026-01-15 12:18:44","timestamp":"1768468724987","isConnected":"True","numBoard":"0","numSteps":"0","numSpeed":"0.000000","numAccel":"0","numDecel":"0","currentPos":"0","startPos":"0","endPos":"0"}
[2026-01-15 12:18:45.987425] [debug] WebSocketServer: Broadcasting to 1 clients: {"server_time":"2026-01-15 12:18:45","timestamp":"1768468725987","isConnected":"True","numBoard":"0","numSteps":"0","numSpeed":"0.000000","numAccel":"0","numDecel":"0","currentPos":"0","startPos":"0","endPos":"0"}
[2026-01-15 12:18:46.987744] [debug] WebSocketServer: Broadcasting to 1 clients: {"server_time":"2026-01-15 12:18:46","timestamp":"1768468726987","isConnected":"True","numBoard":"0","numSteps":"0","numSpeed":"0.000000","numAccel":"0","numDecel":"0","currentPos":"0","startPos":"0","endPos":"0"}
[2026-01-15 12:18:47.988072] [debug] WebSocketServer: Broadcasting to 1 clients: {"server_time":"2026-01-15 12:18:47","timestamp":"1768468727987","isConnected":"True","numBoard":"0","numSteps":"0","numSpeed":"0.000000","numAccel":"0","numDecel":"0","currentPos":"0","startPos":"0","endPos":"0"}
[2026-01-15 12:18:48.989007] [debug] WebSocketServer: Broadcasting to 1 clients: {"server_time":"2026-01-15 12:18:48","timestamp":"1768468728988","isConnected":"True","numBoard":"0","numSteps":"0","numSpeed":"0.000000","numAccel":"0","numDecel":"0","currentPos":"0","startPos":"0","endPos":"0"}
[2026-01-15 12:18:49.989332] [debug] WebSocketServer: Broadcasting to 1 clients: {"server_time":"2026-01-15 12:18:49","timestamp":"1768468729989","isConnected":"True","numBoard":"0","numSteps":"0","numSpeed":"0.000000","numAccel":"0","numDecel":"0","currentPos":"0","startPos":"0","endPos":"0"}
[2026-01-15 12:18:50.989608] [debug] WebSocketServer: Broadcasting to 1 clients: {"server_time":"2026-01-15 12:18:50","timestamp":"1768468730989","isConnected":"True","numBoard":"0","numSteps":"0","numSpeed":"0.000000","numAccel":"0","numDecel":"0","currentPos":"0","startPos":"0","endPos":"0"}
[2026-01-15 12:18:51.989889] [debug] WebSocketServer: Broadcasting to 1 clients: {"server_time":"2026-01-15 12:18:51","timestamp":"1768468731989","isConnected":"True","numBoard":"0","numSteps":"0","numSpeed":"0.000000","numAccel":"0","numDecel":"0","currentPos":"0","startPos":"0","endPos":"0"}
[2026-01-15 12:18:52.990183] [debug] WebSocketServer: Broadcasting to 1 clients: {"server_time":"2026-01-15 12:18:52","timestamp":"1768468732990","isConnected":"True","numBoard":"0","numSteps":"0","numSpeed":"0.000000","numAccel":"0","numDecel":"0","currentPos":"0","startPos":"0","endPos":"0"}
[2026-01-15 12:18:53.990471] [debug] WebSocketServer: Broadcasting to 1 clients: {"server_time":"2026-01-15 12:18:53","timestamp":"1768468733990","isConnected":"True","numBoard":"0","numSteps":"0","numSpeed":"0.000000","numAccel":"0","numDecel":"0","currentPos":"0","startPos":"0","endPos":"0"}
[2026-01-15 12:18:54.990737] [debug] WebSocketServer: Broadcasting to 1 clients: {"server_time":"2026-01-15 12:18:54","timestamp":"1768468734990","isConnected":"True","numBoard":"0","numSteps":"0","numSpeed":"0.000000","numAccel":"0","numDecel":"0","currentPos":"0","startPos":"0","endPos":"0"}
[2026-01-15 12:18:55.991017] [debug] WebSocketServer: Broadcasting to 1 clients: {"server_time":"2026-01-15 12:18:55","timestamp":"1768468735990","isConnected":"True","numBoard":"0","numSteps":"0","numSpeed":"0.000000","numAccel":"0","numDecel":"0","currentPos":"0","startPos":"0","endPos":"0"}
[2026-01-15 12:18:56.991305] [debug] WebSocketServer: Broadcasting to 1 clients: {"server_time":"2026-01-15 12:18:56","timestamp":"1768468736991","isConnected":"True","numBoard":"0","numSteps":"0","numSpeed":"0.000000","numAccel":"0","numDecel":"0","currentPos":"0","startPos":"0","endPos":"0"}
[2026-01-15 12:18:57.991632] [debug] WebSocketServer: Broadcasting to 1 clients: {"server_time":"2026-01-15 12:18:57","timestamp":"1768468737991","isConnected":"True","numBoard":"0","numSteps":"0","numSpeed":"0.000000","numAccel":"0","numDecel":"0","currentPos":"0","startPos":"0","endPos":"0"}
[2026-01-15 12:18:58.991922] [debug] WebSocketServer: Broadcasting to 1 clients: {"server_time":"2026-01-15 12:18:58","timestamp":"1768468738991","isConnected":"True","numBoard":"0","numSteps":"0","numSpeed":"0.000000","numAccel":"0","numDecel":"0","currentPos":"0","startPos":"0","endPos":"0"}
[2026-01-15 12:18:59.992215] [debug] WebSocketServer: Broadcasting to 1 clients: {"server_time":"2026-01-15 12:18:59","timestamp":"1768468739992","isConnected":"True","numBoard":"0","numSteps":"0","numSpeed":"0.000000","numAccel":"0","numDecel":"0","currentPos":"0","startPos":"0","endPos":"0"}
[2026-01-15 12:19:00.992474] [debug] WebSocketServer: Broadcasting to 1 clients: {"server_time":"2026-01-15 12:19:00","timestamp":"1768468740992","isConnected":"True","numBoard":"0","numSteps":"0","numSpeed":"0.000000","numAccel":"0","numDecel":"0","currentPos":"0","startPos":"0","endPos":"0"}
[2026-01-15 12:19:01.992744] [debug] WebSocketServer: Broadcasting to 1 clients: {"server_time":"2026-01-15 12:19:01","timestamp":"1768468741992","isConnected":"True","numBoard":"0","numSteps":"0","numSpeed":"0.000000","numAccel":"0","numDecel":"0","currentPos":"0","startPos":"0","endPos":"0"}
[2026-01-15 12:19:02.993005] [debug] WebSocketServer: Broadcasting to 1 clients: {"server_time":"2026-01-15 12:19:02","timestamp":"1768468742992","isConnected":"True","numBoard":"0","numSteps":"0","numSpeed":"0.000000","numAccel":"0","numDecel":"0","currentPos":"0","startPos":"0","endPos":"0"}
[2026-01-15 12:19:03.993280] [debug] WebSocketServer: Broadcasting to 1 clients: {"server_time":"2026-01-15 12:19:03","timestamp":"1768468743993","isConnected":"True","numBoard":"0","numSteps":"0","numSpeed":"0.000000","numAccel":"0","numDecel":"0","currentPos":"0","startPos":"0","endPos":"0"}
[2026-01-15 12:19:04.993575] [debug] WebSocketServer: Broadcasting to 1 clients: {"server_time":"2026-01-15 12:19:04","timestamp":"1768468744993","isConnected":"True","numBoard":"0","numSteps":"0","numSpeed":"0.000000","numAccel":"0","numDecel":"0","currentPos":"0","startPos":"0","endPos":"0"}
[2026-01-15 12:19:05.993908] [debug] WebSocketServer: Broadcasting to 1 clients: {"server_time":"2026-01-15 12:19:05","timestamp":"1768468745993","isConnected":"True","numBoard":"0","numSteps":"0","numSpeed":"0.000000","numAccel":"0","numDecel":"0","currentPos":"0","startPos":"0","endPos":"0"}
[2026-01-15 12:19:06.994248] [debug] WebSocketServer: Broadcasting to 1 clients: {"server_time":"2026-01-15 12:19:06","timestamp":"1768468746994","isConnected":"True","numBoard":"0","numSteps":"0","numSpeed":"0.000000","numAccel":"0","numDecel":"0","currentPos":"0","startPos":"0","endPos":"0"}
[2026-01-15 12:19:07.994613] [debug] WebSocketServer: Broadcasting to 1 clients: {"server_time":"2026-01-15 12:19:07","timestamp":"1768468747994","isConnected":"True","numBoard":"0","numSteps":"0","numSpeed":"0.000000","numAccel":"0","numDecel":"0","currentPos":"0","startPos":"0","endPos":"0"}
[2026-01-15 12:19:08.994938] [debug] WebSocketServer: Broadcasting to 1 clients: {"server_time":"2026-01-15 12:19:08","timestamp":"1768468748994","isConnected":"True","numBoard":"0","numSteps":"0","numSpeed":"0.000000","numAccel":"0","numDecel":"0","currentPos":"0","startPos":"0","endPos":"0"}
[2026-01-15 12:19:09.995206] [debug] WebSocketServer: Broadcasting to 1 clients: {"server_time":"2026-01-15 12:19:09","timestamp":"1768468749995","isConnected":"True","numBoard":"0","numSteps":"0","numSpeed":"0.000000","numAccel":"0","numDecel":"0","currentPos":"0","startPos":"0","endPos":"0"}
[2026-01-15 12:19:10.995481] [debug] WebSocketServer: Broadcasting to 1 clients: {"server_time":"2026-01-15 12:19:10","timestamp":"1768468750995","isConnected":"True","numBoard":"0","numSteps":"0","numSpeed":"0.000000","numAccel":"0","numDecel":"0","currentPos":"0","startPos":"0","endPos":"0"}
[2026-01-15 12:19:11.995795] [debug] WebSocketServer: Broadcasting to 1 clients: {"server_time":"2026-01-15 12:19:11","timestamp":"1768468751995","isConnected":"True","numBoard":"0","numSteps":"0","numSpeed":"0.000000","numAccel":"0","numDecel":"0","currentPos":"0","startPos":"0","endPos":"0"}
[2026-01-15 12:19:12.996154] [debug] WebSocketServer: Broadcasting to 1 clients: {"server_time":"2026-01-15 12:19:12","timestamp":"1768468752996","isConnected":"True","numBoard":"0","numSteps":"0","numSpeed":"0.000000","numAccel":"0","numDecel":"0","currentPos":"0","startPos":"0","endPos":"0"}
[2026-01-15 12:19:13.996669] [debug] WebSocketServer: Broadcasting to 1 clients: {"server_time":"2026-01-15 12:19:13","timestamp":"1768468753996","isConnected":"True","numBoard":"0","numSteps":"0","numSpeed":"0.000000","numAccel":"0","numDecel":"0","currentPos":"0","startPos":"0","endPos":"0"}
[2026-01-15 12:19:14.997072] [debug] WebSocketServer: Broadcasting to 1 clients: {"server_time":"2026-01-15 12:19:14","timestamp":"1768468754997","isConnected":"True","numBoard":"0","numSteps":"0","numSpeed":"0.000000","numAccel":"0","numDecel":"0","currentPos":"0","startPos":"0","endPos":"0"}
[2026-01-15 12:19:15.997376] [debug] WebSocketServer: Broadcasting to 1 clients: {"server_time":"2026-01-15 12:19:15","timestamp":"1768468755997","isConnected":"True","numBoard":"0","numSteps":"0","numSpeed":"0.000000","numAccel":"0","numDecel":"0","currentPos":"0","startPos":"0","endPos":"0"}
[2026-01-15 12:19:16.997673] [debug] WebSocketServer: Broadcasting to 1 clients: {"server_time":"2026-01-15 12:19:16","timestamp":"1768468756997","isConnected":"True","numBoard":"0","numSteps":"0","numSpeed":"0.000000","numAccel":"0","numDecel":"0","currentPos":"0","startPos":"0","endPos":"0"}
[2026-01-15 12:19:17.997956] [debug] WebSocketServer: Broadcasting to 1 clients: {"server_time":"2026-01-15 12:19:17","timestamp":"1768468757997","isConnected":"True","numBoard":"0","numSteps":"0","numSpeed":"0.000000","numAccel":"0","numDecel":"0","currentPos":"0","startPos":"0","endPos":"0"}
[2026-01-15 12:19:18.998241] [debug] WebSocketServer: Broadcasting to 1 clients: {"server_time":"2026-01-15 12:19:18","timestamp":"1768468758998","isConnected":"True","numBoard":"0","numSteps":"0","numSpeed":"0.000000","numAccel":"0","numDecel":"0","currentPos":"0","startPos":"0","endPos":"0"}
[2026-01-15 12:19:19.998556] [debug] WebSocketServer: Broadcasting to 1 clients: {"server_time":"2026-01-15 12:19:19","timestamp":"1768468759998","isConnected":"True","numBoard":"0","numSteps":"0","numSpeed":"0.000000","numAccel":"0","numDecel":"0","currentPos":"0","startPos":"0","endPos":"0"}
[2026-01-15 12:19:20.998814] [debug] WebSocketServer: Broadcasting to 1 clients: {"server_time":"2026-01-15 12:19:20","timestamp":"1768468760998","isConnected":"True","numBoard":"0","numSteps":"0","numSpeed":"0.000000","numAccel":"0","numDecel":"0","currentPos":"0","startPos":"0","endPos":"0"}
[2026-01-15 12:19:21.999067] [debug] WebSocketServer: Broadcasting to 1 clients: {"server_time":"2026-01-15 12:19:21","timestamp":"1768468761999","isConnected":"True","numBoard":"0","numSteps":"0","numSpeed":"0.000000","numAccel":"0","numDecel":"0","currentPos":"0","startPos":"0","endPos":"0"}
[2026-01-15 12:19:22.999394] [debug] WebSocketServer: Broadcasting to 1 clients: {"server_time":"2026-01-15 12:19:22","timestamp":"1768468762999","isConnected":"True","numBoard":"0","numSteps":"0","numSpeed":"0.000000","numAccel":"0","numDecel":"0","currentPos":"0","startPos":"0","endPos":"0"}
[2026-01-15 12:19:23.999697] [debug] WebSocketServer: Broadcasting to 1 clients: {"server_time":"2026-01-15 12:19:23","timestamp":"1768468763999","isConnected":"True","numBoard":"0","numSteps":"0","numSpeed":"0.000000","numAccel":"0","numDecel":"0","currentPos":"0","startPos":"0","endPos":"0"}
[2026-01-15 12:19:24.999994] [debug] WebSocketServer: Broadcasting to 1 clients: {"server_time":"2026-01-15 12:19:24","timestamp":"1768468764999","isConnected":"True","numBoard":"0","numSteps":"0","numSpeed":"0.000000","numAccel":"0","numDecel":"0","currentPos":"0","startPos":"0","endPos":"0"}
[2026-01-15 12:19:26.000363] [debug] WebSocketServer: Broadcasting to 1 clients: {"server_time":"2026-01-15 12:19:26","timestamp":"1768468766000","isConnected":"True","numBoard":"0","numSteps":"0","numSpeed":"0.000000","numAccel":"0","numDecel":"0","currentPos":"0","startPos":"0","endPos":"0"}
[2026-01-15 12:19:27.000711] [debug] WebSocketServer: Broadcasting to 1 clients: {"server_time":"2026-01-15 12:19:27","timestamp":"1768468767000","isConnected":"True","numBoard":"0","numSteps":"0","numSpeed":"0.000000","numAccel":"0","numDecel":"0","currentPos":"0","startPos":"0","endPos":"0"}
[2026-01-15 12:19:28.001162] [debug] WebSocketServer: Broadcasting to 1 clients: {"server_time":"2026-01-15 12:19:28","timestamp":"1768468768001","isConnected":"True","numBoard":"0","numSteps":"0","numSpeed":"0.000000","numAccel":"0","numDecel":"0","currentPos":"0","startPos":"0","endPos":"0"}
[2026-01-15 12:19:29.001469] [debug] WebSocketServer: Broadcasting to 1 clients: {"server_time":"2026-01-15 12:19:29","timestamp":"1768468769001","isConnected":"True","numBoard":"0","numSteps":"0","numSpeed":"0.000000","numAccel":"0","numDecel":"0","currentPos":"0","startPos":"0","endPos":"0"}
[2026-01-15 12:19:30.001760] [debug] WebSocketServer: Broadcasting to 1 clients: {"server_time":"2026-01-15 12:19:30","timestamp":"1768468770001","isConnected":"True","numBoard":"0","numSteps":"0","numSpeed":"0.000000","numAccel":"0","numDecel":"0","currentPos":"0","startPos":"0","endPos":"0"}
[2026-01-15 12:19:31.002088] [debug] WebSocketServer: Broadcasting to 1 clients: {"server_time":"2026-01-15 12:19:31","timestamp":"1768468771002","isConnected":"True","numBoard":"0","numSteps":"0","numSpeed":"0.000000","numAccel":"0","numDecel":"0","currentPos":"0","startPos":"0","endPos":"0"}
[2026-01-15 12:19:32.002445] [debug] WebSocketServer: Broadcasting to 1 clients: {"server_time":"2026-01-15 12:19:32","timestamp":"1768468772002","isConnected":"True","numBoard":"0","numSteps":"0","numSpeed":"0.000000","numAccel":"0","numDecel":"0","currentPos":"0","startPos":"0","endPos":"0"}
[2026-01-15 12:19:33.002802] [debug] WebSocketServer: Broadcasting to 1 clients: {"server_time":"2026-01-15 12:19:33","timestamp":"1768468773002","isConnected":"True","numBoard":"0","numSteps":"0","numSpeed":"0.000000","numAccel":"0","numDecel":"0","currentPos":"0","startPos":"0","endPos":"0"}
[2026-01-15 12:19:34.003098] [debug] WebSocketServer: Broadcasting to 1 clients: {"server_time":"2026-01-15 12:19:34","timestamp":"1768468774003","isConnected":"True","numBoard":"0","numSteps":"0","numSpeed":"0.000000","numAccel":"0","numDecel":"0","currentPos":"0","startPos":"0","endPos":"0"}
[2026-01-15 12:19:35.003525] [debug] WebSocketServer: Broadcasting to 1 clients: {"server_time":"2026-01-15 12:19:35","timestamp":"1768468775003","isConnected":"True","numBoard":"0","numSteps":"0","numSpeed":"0.000000","numAccel":"0","numDecel":"0","currentPos":"0","startPos":"0","endPos":"0"}
[2026-01-15 12:19:36.004233] [debug] WebSocketServer: Broadcasting to 1 clients: {"server_time":"2026-01-15 12:19:36","timestamp":"1768468776004","isConnected":"True","numBoard":"0","numSteps":"0","numSpeed":"0.000000","numAccel":"0","numDecel":"0","currentPos":"0","startPos":"0","endPos":"0"}
[2026-01-15 12:19:37.004559] [debug] WebSocketServer: Broadcasting to 1 clients: {"server_time":"2026-01-15 12:19:37","timestamp":"1768468777004","isConnected":"True","numBoard":"0","numSteps":"0","numSpeed":"0.000000","numAccel":"0","numDecel":"0","currentPos":"0","startPos":"0","endPos":"0"}
[2026-01-15 12:19:38.004839] [debug] WebSocketServer: Broadcasting to 1 clients: {"server_time":"2026-01-15 12:19:38","timestamp":"1768468778004","isConnected":"True","numBoard":"0","numSteps":"0","numSpeed":"0.000000","numAccel":"0","numDecel":"0","currentPos":"0","startPos":"0","endPos":"0"}
[2026-01-15 12:19:39.006209] [debug] WebSocketServer: Broadcasting to 1 clients: {"server_time":"2026-01-15 12:19:39","timestamp":"1768468779006","isConnected":"True","numBoard":"0","numSteps":"0","numSpeed":"0.000000","numAccel":"0","numDecel":"0","currentPos":"0","startPos":"0","endPos":"0"}
[2026-01-15 12:19:40.006540] [debug] WebSocketServer: Broadcasting to 1 clients: {"server_time":"2026-01-15 12:19:40","timestamp":"1768468780006","isConnected":"True","numBoard":"0","numSteps":"0","numSpeed":"0.000000","numAccel":"0","numDecel":"0","currentPos":"0","startPos":"0","endPos":"0"}
[2026-01-15 12:19:41.006937] [debug] WebSocketServer: Broadcasting to 1 clients: {"server_time":"2026-01-15 12:19:41","timestamp":"1768468781006","isConnected":"True","numBoard":"0","numSteps":"0","numSpeed":"0.000000","numAccel":"0","numDecel":"0","currentPos":"0","startPos":"0","endPos":"0"}
[2026-01-15 12:19:42.007242] [debug] WebSocketServer: Broadcasting to 1 clients: {"server_time":"2026-01-15 12:19:42","timestamp":"1768468782007","isConnected":"True","numBoard":"0","numSteps":"0","numSpeed":"0.000000","numAccel":"0","numDecel":"0","currentPos":"0","startPos":"0","endPos":"0"}
[2026-01-15 12:19:43.007536] [debug] WebSocketServer: Broadcasting to 1 clients: {"server_time":"2026-01-15 12:19:43","timestamp":"1768468783007","isConnected":"True","numBoard":"0","numSteps":"0","numSpeed":"0.000000","numAccel":"0","numDecel":"0","currentPos":"0","startPos":"0","endPos":"0"}
[2026-01-15 12:19:44.007831] [debug] WebSocketServer: Broadcasting to 1 clients: {"server_time":"2026-01-15 12:19:44","timestamp":"1768468784007","isConnected":"True","numBoard":"0","numSteps":"0","numSpeed":"0.000000","numAccel":"0","numDecel":"0","currentPos":"0","startPos":"0","endPos":"0"}
[2026-01-15 12:19:45.008297] [debug] WebSocketServer: Broadcasting to 1 clients: {"server_time":"2026-01-15 12:19:45","timestamp":"1768468785008","isConnected":"True","numBoard":"0","numSteps":"0","numSpeed":"0.000000","numAccel":"0","numDecel":"0","currentPos":"0","startPos":"0","endPos":"0"}
[2026-01-15 12:19:46.008569] [debug] WebSocketServer: Broadcasting to 1 clients: {"server_time":"2026-01-15 12:19:46","timestamp":"1768468786008","isConnected":"True","numBoard":"0","numSteps":"0","numSpeed":"0.000000","numAccel":"0","numDecel":"0","currentPos":"0","startPos":"0","endPos":"0"}
[2026-01-15 12:19:47.008920] [debug] WebSocketServer: Broadcasting to 1 clients: {"server_time":"2026-01-15 12:19:47","timestamp":"1768468787008","isConnected":"True","numBoard":"0","numSteps":"0","numSpeed":"0.000000","numAccel":"0","numDecel":"0","currentPos":"0","startPos":"0","endPos":"0"}
[2026-01-15 12:19:48.009221] [debug] WebSocketServer: Broadcasting to 1 clients: {"server_time":"2026-01-15 12:19:48","timestamp":"1768468788009","isConnected":"True","numBoard":"0","numSteps":"0","numSpeed":"0.000000","numAccel":"0","numDecel":"0","currentPos":"0","startPos":"0","endPos":"0"}
[2026-01-15 12:19:49.009522] [debug] WebSocketServer: Broadcasting to 1 clients: {"server_time":"2026-01-15 12:19:49","timestamp":"1768468789009","isConnected":"True","numBoard":"0","numSteps":"0","numSpeed":"0.000000","numAccel":"0","numDecel":"0","currentPos":"0","startPos":"0","endPos":"0"}
[2026-01-15 12:19:50.009854] [debug] WebSocketServer: Broadcasting to 1 clients: {"server_time":"2026-01-15 12:19:50","timestamp":"1768468790009","isConnected":"True","numBoard":"0","numSteps":"0","numSpeed":"0.000000","numAccel":"0","numDecel":"0","currentPos":"0","startPos":"0","endPos":"0"}
[2026-01-15 12:19:51.010123] [debug] WebSocketServer: Broadcasting to 1 clients: {"server_time":"2026-01-15 12:19:51","timestamp":"1768468791010","isConnected":"True","numBoard":"0","numSteps":"0","numSpeed":"0.000000","numAccel":"0","numDecel":"0","currentPos":"0","startPos":"0","endPos":"0"}
[2026-01-15 12:19:52.010430] [debug] WebSocketServer: Broadcasting to 1 clients: {"server_time":"2026-01-15 12:19:52","timestamp":"1768468792010","isConnected":"True","numBoard":"0","numSteps":"0","numSpeed":"0.000000","numAccel":"0","numDecel":"0","currentPos":"0","startPos":"0","endPos":"0"}
[2026-01-15 12:19:53.010762] [debug] WebSocketServer: Broadcasting to 1 clients: {"server_time":"2026-01-15 12:19:53","timestamp":"1768468793010","isConnected":"True","numBoard":"0","numSteps":"0","numSpeed":"0.000000","numAccel":"0","numDecel":"0","currentPos":"0","startPos":"0","endPos":"0"}
[2026-01-15 12:19:54.011001] [debug] WebSocketServer: Broadcasting to 1 clients: {"server_time":"2026-01-15 12:19:54","timestamp":"1768468794010","isConnected":"True","numBoard":"0","numSteps":"0","numSpeed":"0.000000","numAccel":"0","numDecel":"0","currentPos":"0","startPos":"0","endPos":"0"}
[2026-01-15 12:19:55.011287] [debug] WebSocketServer: Broadcasting to 1 clients: {"server_time":"2026-01-15 12:19:55","timestamp":"1768468795011","isConnected":"True","numBoard":"0","numSteps":"0","numSpeed":"0.000000","numAccel":"0","numDecel":"0","currentPos":"0","startPos":"0","endPos":"0"}
[2026-01-15 12:19:56.011570] [debug] WebSocketServer: Broadcasting to 1 clients: {"server_time":"2026-01-15 12:19:56","timestamp":"1768468796011","isConnected":"True","numBoard":"0","numSteps":"0","numSpeed":"0.000000","numAccel":"0","numDecel":"0","currentPos":"0","startPos":"0","endPos":"0"}
[2026-01-15 12:19:57.011858] [debug] WebSocketServer: Broadcasting to 1 clients: {"server_time":"2026-01-15 12:19:57","timestamp":"1768468797011","isConnected":"True","numBoard":"0","numSteps":"0","numSpeed":"0.000000","numAccel":"0","numDecel":"0","currentPos":"0","startPos":"0","endPos":"0"}
[2026-01-15 12:19:58.012136] [debug] WebSocketServer: Broadcasting to 1 clients: {"server_time":"2026-01-15 12:19:58","timestamp":"1768468798012","isConnected":"True","numBoard":"0","numSteps":"0","numSpeed":"0.000000","numAccel":"0","numDecel":"0","currentPos":"0","startPos":"0","endPos":"0"}
[2026-01-15 12:19:59.012436] [debug] WebSocketServer: Broadcasting to 1 clients: {"server_time":"2026-01-15 12:19:59","timestamp":"1768468799012","isConnected":"True","numBoard":"0","numSteps":"0","numSpeed":"0.000000","numAccel":"0","numDecel":"0","currentPos":"0","startPos":"0","endPos":"0"}
[2026-01-15 12:20:00.012717] [debug] WebSocketServer: Broadcasting to 1 clients: {"server_time":"2026-01-15 12:20:00","timestamp":"1768468800012","isConnected":"True","numBoard":"0","numSteps":"0","numSpeed":"0.000000","numAccel":"0","numDecel":"0","currentPos":"0","startPos":"0","endPos":"0"}
[2026-01-15 12:20:01.013089] [debug] WebSocketServer: Broadcasting to 1 clients: {"server_time":"2026-01-15 12:20:01","timestamp":"1768468801012","isConnected":"True","numBoard":"0","numSteps":"0","numSpeed":"0.000000","numAccel":"0","numDecel":"0","currentPos":"0","startPos":"0","endPos":"0"}
[2026-01-15 12:20:02.013639] [debug] WebSocketServer: Broadcasting to 1 clients: {"server_time":"2026-01-15 12:20:02","timestamp":"1768468802013","isConnected":"True","numBoard":"0","numSteps":"0","numSpeed":"0.000000","numAccel":"0","numDecel":"0","currentPos":"0","startPos":"0","endPos":"0"}
[2026-01-15 12:20:03.013963] [debug] WebSocketServer: Broadcasting to 1 clients: {"server_time":"2026-01-15 12:20:03","timestamp":"1768468803013","isConnected":"True","numBoard":"0","numSteps":"0","numSpeed":"0.000000","numAccel":"0","numDecel":"0","currentPos":"0","startPos":"0","endPos":"0"}
[2026-01-15 12:20:04.014208] [debug] WebSocketServer: Broadcasting to 1 clients: {"server_time":"2026-01-15 12:20:04","timestamp":"1768468804014","isConnected":"True","numBoard":"0","numSteps":"0","numSpeed":"0.000000","numAccel":"0","numDecel":"0","currentPos":"0","startPos":"0","endPos":"0"}
[2026-01-15 12:20:05.014489] [debug] WebSocketServer: Broadcasting to 1 clients: {"server_time":"2026-01-15 12:20:05","timestamp":"1768468805014","isConnected":"True","numBoard":"0","numSteps":"0","numSpeed":"0.000000","numAccel":"0","numDecel":"0","currentPos":"0","startPos":"0","endPos":"0"}
[2026-01-15 12:20:06.014748] [debug] WebSocketServer: Broadcasting to 1 clients: {"server_time":"2026-01-15 12:20:06","timestamp":"1768468806014","isConnected":"True","numBoard":"0","numSteps":"0","numSpeed":"0.000000","numAccel":"0","numDecel":"0","currentPos":"0","startPos":"0","endPos":"0"}
[2026-01-15 12:20:07.015005] [debug] WebSocketServer: Broadcasting to 1 clients: {"server_time":"2026-01-15 12:20:07","timestamp":"1768468807014","isConnected":"True","numBoard":"0","numSteps":"0","numSpeed":"0.000000","numAccel":"0","numDecel":"0","currentPos":"0","startPos":"0","endPos":"0"}
[2026-01-15 12:20:08.015293] [debug] WebSocketServer: Broadcasting to 1 clients: {"server_time":"2026-01-15 12:20:08","timestamp":"1768468808015","isConnected":"True","numBoard":"0","numSteps":"0","numSpeed":"0.000000","numAccel":"0","numDecel":"0","currentPos":"0","startPos":"0","endPos":"0"}
[2026-01-15 12:20:09.015571] [debug] WebSocketServer: Broadcasting to 1 clients: {"server_time":"2026-01-15 12:20:09","timestamp":"1768468809015","isConnected":"True","numBoard":"0","numSteps":"0","numSpeed":"0.000000","numAccel":"0","numDecel":"0","currentPos":"0","startPos":"0","endPos":"0"}
[2026-01-15 12:20:10.015858] [debug] WebSocketServer: Broadcasting to 1 clients: {"server_time":"2026-01-15 12:20:10","timestamp":"1768468810015","isConnected":"True","numBoard":"0","numSteps":"0","numSpeed":"0.000000","numAccel":"0","numDecel":"0","currentPos":"0","startPos":"0","endPos":"0"}
[2026-01-15 12:20:11.016171] [debug] WebSocketServer: Broadcasting to 1 clients: {"server_time":"2026-01-15 12:20:11","timestamp":"1768468811016","isConnected":"True","numBoard":"0","numSteps":"0","numSpeed":"0.000000","numAccel":"0","numDecel":"0","currentPos":"0","startPos":"0","endPos":"0"}
[2026-01-15 12:20:12.016426] [debug] WebSocketServer: Broadcasting to 1 clients: {"server_time":"2026-01-15 12:20:12","timestamp":"1768468812016","isConnected":"True","numBoard":"0","numSteps":"0","numSpeed":"0.000000","numAccel":"0","numDecel":"0","currentPos":"0","startPos":"0","endPos":"0"}
[2026-01-15 12:20:13.016724] [debug] WebSocketServer: Broadcasting to 1 clients: {"server_time":"2026-01-15 12:20:13","timestamp":"1768468813016","isConnected":"True","numBoard":"0","numSteps":"0","numSpeed":"0.000000","numAccel":"0","numDecel":"0","currentPos":"0","startPos":"0","endPos":"0"}
[2026-01-15 12:20:14.016999] [debug] WebSocketServer: Broadcasting to 1 clients: {"server_time":"2026-01-15 12:20:14","timestamp":"1768468814016","isConnected":"True","numBoard":"0","numSteps":"0","numSpeed":"0.000000","numAccel":"0","numDecel":"0","currentPos":"0","startPos":"0","endPos":"0"}
[2026-01-15 12:20:15.017294] [debug] WebSocketServer: Broadcasting to 1 clients: {"server_time":"2026-01-15 12:20:15","timestamp":"1768468815017","isConnected":"True","numBoard":"0","numSteps":"0","numSpeed":"0.000000","numAccel":"0","numDecel":"0","currentPos":"0","startPos":"0","endPos":"0"}
[2026-01-15 12:20:16.017584] [debug] WebSocketServer: Broadcasting to 1 clients: {"server_time":"2026-01-15 12:20:16","timestamp":"1768468816017","isConnected":"True","numBoard":"0","numSteps":"0","numSpeed":"0.000000","numAccel":"0","numDecel":"0","currentPos":"0","startPos":"0","endPos":"0"}
[2026-01-15 12:20:17.017901] [debug] WebSocketServer: Broadcasting to 1 clients: {"server_time":"2026-01-15 12:20:17","timestamp":"1768468817017","isConnected":"True","numBoard":"0","numSteps":"0","numSpeed":"0.000000","numAccel":"0","numDecel":"0","currentPos":"0","startPos":"0","endPos":"0"}
[2026-01-15 12:20:18.018189] [debug] WebSocketServer: Broadcasting to 1 clients: {"server_time":"2026-01-15 12:20:18","timestamp":"1768468818018","isConnected":"True","numBoard":"0","numSteps":"0","numSpeed":"0.000000","numAccel":"0","numDecel":"0","currentPos":"0","startPos":"0","endPos":"0"}
[2026-01-15 12:20:19.018508] [debug] WebSocketServer: Broadcasting to 1 clients: {"server_time":"2026-01-15 12:20:19","timestamp":"1768468819018","isConnected":"True","numBoard":"0","numSteps":"0","numSpeed":"0.000000","numAccel":"0","numDecel":"0","currentPos":"0","startPos":"0","endPos":"0"}
[2026-01-15 12:20:20.018871] [debug] WebSocketServer: Broadcasting to 1 clients: {"server_time":"2026-01-15 12:20:20","timestamp":"1768468820018","isConnected":"True","numBoard":"0","numSteps":"0","numSpeed":"0.000000","numAccel":"0","numDecel":"0","currentPos":"0","startPos":"0","endPos":"0"}
[2026-01-15 12:20:21.019214] [debug] WebSocketServer: Broadcasting to 1 clients: {"server_time":"2026-01-15 12:20:21","timestamp":"1768468821019","isConnected":"True","numBoard":"0","numSteps":"0","numSpeed":"0.000000","numAccel":"0","numDecel":"0","currentPos":"0","startPos":"0","endPos":"0"}
[2026-01-15 12:20:22.019491] [debug] WebSocketServer: Broadcasting to 1 clients: {"server_time":"2026-01-15 12:20:22","timestamp":"1768468822019","isConnected":"True","numBoard":"0","numSteps":"0","numSpeed":"0.000000","numAccel":"0","numDecel":"0","currentPos":"0","startPos":"0","endPos":"0"}
[2026-01-15 12:20:23.019782] [debug] WebSocketServer: Broadcasting to 1 clients: {"server_time":"2026-01-15 12:20:23","timestamp":"1768468823019","isConnected":"True","numBoard":"0","numSteps":"0","numSpeed":"0.000000","numAccel":"0","numDecel":"0","currentPos":"0","startPos":"0","endPos":"0"}
[2026-01-15 12:20:24.020066] [debug] WebSocketServer: Broadcasting to 1 clients: {"server_time":"2026-01-15 12:20:24","timestamp":"1768468824020","isConnected":"True","numBoard":"0","numSteps":"0","numSpeed":"0.000000","numAccel":"0","numDecel":"0","currentPos":"0","startPos":"0","endPos":"0"}
[2026-01-15 12:20:25.020538] [debug] WebSocketServer: Broadcasting to 1 clients: {"server_time":"2026-01-15 12:20:25","timestamp":"1768468825020","isConnected":"True","numBoard":"0","numSteps":"0","numSpeed":"0.000000","numAccel":"0","numDecel":"0","currentPos":"0","startPos":"0","endPos":"0"}
[2026-01-15 12:20:26.020889] [debug] WebSocketServer: Broadcasting to 1 clients: {"server_time":"2026-01-15 12:20:26","timestamp":"1768468826020","isConnected":"True","numBoard":"0","numSteps":"0","numSpeed":"0.000000","numAccel":"0","numDecel":"0","currentPos":"0","startPos":"0","endPos":"0"}
[2026-01-15 12:20:27.021211] [debug] WebSocketServer: Broadcasting to 1 clients: {"server_time":"2026-01-15 12:20:27","timestamp":"1768468827021","isConnected":"True","numBoard":"0","numSteps":"0","numSpeed":"0.000000","numAccel":"0","numDecel":"0","currentPos":"0","startPos":"0","endPos":"0"}
[2026-01-15 12:20:28.021536] [debug] WebSocketServer: Broadcasting to 1 clients: {"server_time":"2026-01-15 12:20:28","timestamp":"1768468828021","isConnected":"True","numBoard":"0","numSteps":"0","numSpeed":"0.000000","numAccel":"0","numDecel":"0","currentPos":"0","startPos":"0","endPos":"0"}
[2026-01-15 12:20:29.021909] [debug] WebSocketServer: Broadcasting to 1 clients: {"server_time":"2026-01-15 12:20:29","timestamp":"1768468829021","isConnected":"True","numBoard":"0","numSteps":"0","numSpeed":"0.000000","numAccel":"0","numDecel":"0","currentPos":"0","startPos":"0","endPos":"0"}
[2026-01-15 12:20:30.022187] [debug] WebSocketServer: Broadcasting to 1 clients: {"server_time":"2026-01-15 12:20:30","timestamp":"1768468830022","isConnected":"True","numBoard":"0","numSteps":"0","numSpeed":"0.000000","numAccel":"0","numDecel":"0","currentPos":"0","startPos":"0","endPos":"0"}
[2026-01-15 12:20:31.022457] [debug] WebSocketServer: Broadcasting to 1 clients: {"server_time":"2026-01-15 12:20:31","timestamp":"1768468831022","isConnected":"True","numBoard":"0","numSteps":"0","numSpeed":"0.000000","numAccel":"0","numDecel":"0","currentPos":"0","startPos":"0","endPos":"0"}
[2026-01-15 12:20:32.022767] [debug] WebSocketServer: Broadcasting to 1 clients: {"server_time":"2026-01-15 12:20:32","timestamp":"1768468832022","isConnected":"True","numBoard":"0","numSteps":"0","numSpeed":"0.000000","numAccel":"0","numDecel":"0","currentPos":"0","startPos":"0","endPos":"0"}
[2026-01-15 12:20:33.023053] [debug] WebSocketServer: Broadcasting to 1 clients: {"server_time":"2026-01-15 12:20:33","timestamp":"1768468833022","isConnected":"True","numBoard":"0","numSteps":"0","numSpeed":"0.000000","numAccel":"0","numDecel":"0","currentPos":"0","startPos":"0","endPos":"0"}
[2026-01-15 12:20:34.023375] [debug] WebSocketServer: Broadcasting to 1 clients: {"server_time":"2026-01-15 12:20:34","timestamp":"1768468834023","isConnected":"True","numBoard":"0","numSteps":"0","numSpeed":"0.000000","numAccel":"0","numDecel":"0","currentPos":"0","startPos":"0","endPos":"0"}
[2026-01-15 12:20:35.023663] [debug] WebSocketServer: Broadcasting to 1 clients: {"server_time":"2026-01-15 12:20:35","timestamp":"1768468835023","isConnected":"True","numBoard":"0","numSteps":"0","numSpeed":"0.000000","numAccel":"0","numDecel":"0","currentPos":"0","startPos":"0","endPos":"0"}
[2026-01-15 12:20:36.023991] [debug] WebSocketServer: Broadcasting to 1 clients: {"server_time":"2026-01-15 12:20:36","timestamp":"1768468836023","isConnected":"True","numBoard":"0","numSteps":"0","numSpeed":"0.000000","numAccel":"0","numDecel":"0","currentPos":"0","startPos":"0","endPos":"0"}
[2026-01-15 12:20:37.024317] [debug] WebSocketServer: Broadcasting to 1 clients: {"server_time":"2026-01-15 12:20:37","timestamp":"1768468837024","isConnected":"True","numBoard":"0","numSteps":"0","numSpeed":"0.000000","numAccel":"0","numDecel":"0","currentPos":"0","startPos":"0","endPos":"0"}
[2026-01-15 12:20:38.024666] [debug] WebSocketServer: Broadcasting to 1 clients: {"server_time":"2026-01-15 12:20:38","timestamp":"1768468838024","isConnected":"True","numBoard":"0","numSteps":"0","numSpeed":"0.000000","numAccel":"0","numDecel":"0","currentPos":"0","startPos":"0","endPos":"0"}
[2026-01-15 12:20:39.024994] [debug] WebSocketServer: Broadcasting to 1 clients: {"server_time":"2026-01-15 12:20:39","timestamp":"1768468839024","isConnected":"True","numBoard":"0","numSteps":"0","numSpeed":"0.000000","numAccel":"0","numDecel":"0","currentPos":"0","startPos":"0","endPos":"0"}
[2026-01-15 12:20:40.025302] [debug] WebSocketServer: Broadcasting to 1 clients: {"server_time":"2026-01-15 12:20:40","timestamp":"1768468840025","isConnected":"True","numBoard":"0","numSteps":"0","numSpeed":"0.000000","numAccel":"0","numDecel":"0","currentPos":"0","startPos":"0","endPos":"0"}
[2026-01-15 12:20:41.025613] [debug] WebSocketServer: Broadcasting to 1 clients: {"server_time":"2026-01-15 12:20:41","timestamp":"1768468841025","isConnected":"True","numBoard":"0","numSteps":"0","numSpeed":"0.000000","numAccel":"0","numDecel":"0","currentPos":"0","startPos":"0","endPos":"0"}
[2026-01-15 12:20:42.025990] [debug] WebSocketServer: Broadcasting to 1 clients: {"server_time":"2026-01-15 12:20:42","timestamp":"1768468842025","isConnected":"True","numBoard":"0","numSteps":"0","numSpeed":"0.000000","numAccel":"0","numDecel":"0","currentPos":"0","startPos":"0","endPos":"0"}
[2026-01-15 12:20:43.026344] [debug] WebSocketServer: Broadcasting to 1 clients: {"server_time":"2026-01-15 12:20:43","timestamp":"1768468843026","isConnected":"True","numBoard":"0","numSteps":"0","numSpeed":"0.000000","numAccel":"0","numDecel":"0","currentPos":"0","startPos":"0","endPos":"0"}
[2026-01-15 12:20:44.026597] [debug] WebSocketServer: Broadcasting to 1 clients: {"server_time":"2026-01-15 12:20:44","timestamp":"1768468844026","isConnected":"True","numBoard":"0","numSteps":"0","numSpeed":"0.000000","numAccel":"0","numDecel":"0","currentPos":"0","startPos":"0","endPos":"0"}
[2026-01-15 12:20:45.026857] [debug] WebSocketServer: Broadcasting to 1 clients: {"server_time":"2026-01-15 12:20:45","timestamp":"1768468845026","isConnected":"True","numBoard":"0","numSteps":"0","numSpeed":"0.000000","numAccel":"0","numDecel":"0","currentPos":"0","startPos":"0","endPos":"0"}
[2026-01-15 12:20:46.027177] [debug] WebSocketServer: Broadcasting to 1 clients: {"server_time":"2026-01-15 12:20:46","timestamp":"1768468846027","isConnected":"True","numBoard":"0","numSteps":"0","numSpeed":"0.000000","numAccel":"0","numDecel":"0","currentPos":"0","startPos":"0","endPos":"0"}
[2026-01-15 12:20:47.027462] [debug] WebSocketServer: Broadcasting to 1 clients: {"server_time":"2026-01-15 12:20:47","timestamp":"1768468847027","isConnected":"True","numBoard":"0","numSteps":"0","numSpeed":"0.000000","numAccel":"0","numDecel":"0","currentPos":"0","startPos":"0","endPos":"0"}
[2026-01-15 12:20:48.027815] [debug] WebSocketServer: Broadcasting to 1 clients: {"server_time":"2026-01-15 12:20:48","timestamp":"1768468848027","isConnected":"True","numBoard":"0","numSteps":"0","numSpeed":"0.000000","numAccel":"0","numDecel":"0","currentPos":"0","startPos":"0","endPos":"0"}
[2026-01-15 12:20:49.028111] [debug] WebSocketServer: Broadcasting to 1 clients: {"server_time":"2026-01-15 12:20:49","timestamp":"1768468849028","isConnected":"True","numBoard":"0","numSteps":"0","numSpeed":"0.000000","numAccel":"0","numDecel":"0","currentPos":"0","startPos":"0","endPos":"0"}
[2026-01-15 12:20:50.028431] [debug] WebSocketServer: Broadcasting to 1 clients: {"server_time":"2026-01-15 12:20:50","timestamp":"1768468850028","isConnected":"True","numBoard":"0","numSteps":"0","numSpeed":"0.000000","numAccel":"0","numDecel":"0","currentPos":"0","startPos":"0","endPos":"0"}
[2026-01-15 12:20:51.028723] [debug] WebSocketServer: Broadcasting to 1 clients: {"server_time":"2026-01-15 12:20:51","timestamp":"1768468851028","isConnected":"True","numBoard":"0","numSteps":"0","numSpeed":"0.000000","numAccel":"0","numDecel":"0","currentPos":"0","startPos":"0","endPos":"0"}
[2026-01-15 12:20:52.029042] [debug] WebSocketServer: Broadcasting to 1 clients: {"server_time":"2026-01-15 12:20:52","timestamp":"1768468852028","isConnected":"True","numBoard":"0","numSteps":"0","numSpeed":"0.000000","numAccel":"0","numDecel":"0","currentPos":"0","startPos":"0","endPos":"0"}
[2026-01-15 12:20:53.029340] [debug] WebSocketServer: Broadcasting to 1 clients: {"server_time":"2026-01-15 12:20:53","timestamp":"1768468853029","isConnected":"True","numBoard":"0","numSteps":"0","numSpeed":"0.000000","numAccel":"0","numDecel":"0","currentPos":"0","startPos":"0","endPos":"0"}
[2026-01-15 12:20:54.029622] [debug] WebSocketServer: Broadcasting to 1 clients: {"server_time":"2026-01-15 12:20:54","timestamp":"1768468854029","isConnected":"True","numBoard":"0","numSteps":"0","numSpeed":"0.000000","numAccel":"0","numDecel":"0","currentPos":"0","startPos":"0","endPos":"0"}
[2026-01-15 12:20:55.029927] [debug] WebSocketServer: Broadcasting to 1 clients: {"server_time":"2026-01-15 12:20:55","timestamp":"1768468855029","isConnected":"True","numBoard":"0","numSteps":"0","numSpeed":"0.000000","numAccel":"0","numDecel":"0","currentPos":"0","startPos":"0","endPos":"0"}
[2026-01-15 12:20:56.030311] [debug] WebSocketServer: Broadcasting to 1 clients: {"server_time":"2026-01-15 12:20:56","timestamp":"1768468856030","isConnected":"True","numBoard":"0","numSteps":"0","numSpeed":"0.000000","numAccel":"0","numDecel":"0","currentPos":"0","startPos":"0","endPos":"0"}
[2026-01-15 12:20:57.030641] [debug] WebSocketServer: Broadcasting to 1 clients: {"server_time":"2026-01-15 12:20:57","timestamp":"1768468857030","isConnected":"True","numBoard":"0","numSteps":"0","numSpeed":"0.000000","numAccel":"0","numDecel":"0","currentPos":"0","startPos":"0","endPos":"0"}
[2026-01-15 12:20:58.030958] [debug] WebSocketServer: Broadcasting to 1 clients: {"server_time":"2026-01-15 12:20:58","timestamp":"1768468858030","isConnected":"True","numBoard":"0","numSteps":"0","numSpeed":"0.000000","numAccel":"0","numDecel":"0","currentPos":"0","startPos":"0","endPos":"0"}
[2026-01-15 12:20:59.031312] [debug] WebSocketServer: Broadcasting to 1 clients: {"server_time":"2026-01-15 12:20:59","timestamp":"1768468859031","isConnected":"True","numBoard":"0","numSteps":"0","numSpeed":"0.000000","numAccel":"0","numDecel":"0","currentPos":"0","startPos":"0","endPos":"0"}
[2026-01-15 12:21:00.031653] [debug] WebSocketServer: Broadcasting to 1 clients: {"server_time":"2026-01-15 12:21:00","timestamp":"1768468860031","isConnected":"True","numBoard":"0","numSteps":"0","numSpeed":"0.000000","numAccel":"0","numDecel":"0","currentPos":"0","startPos":"0","endPos":"0"}
[2026-01-15 12:21:01.031963] [debug] WebSocketServer: Broadcasting to 1 clients: {"server_time":"2026-01-15 12:21:01","timestamp":"1768468861031","isConnected":"True","numBoard":"0","numSteps":"0","numSpeed":"0.000000","numAccel":"0","numDecel":"0","currentPos":"0","startPos":"0","endPos":"0"}
[2026-01-15 12:21:02.032254] [debug] WebSocketServer: Broadcasting to 1 clients: {"server_time":"2026-01-15 12:21:02","timestamp":"1768468862032","isConnected":"True","numBoard":"0","numSteps":"0","numSpeed":"0.000000","numAccel":"0","numDecel":"0","currentPos":"0","startPos":"0","endPos":"0"}
[2026-01-15 12:21:03.032757] [debug] WebSocketServer: Broadcasting to 1 clients: {"server_time":"2026-01-15 12:21:03","timestamp":"1768468863032","isConnected":"True","numBoard":"0","numSteps":"0","numSpeed":"0.000000","numAccel":"0","numDecel":"0","currentPos":"0","startPos":"0","endPos":"0"}
[2026-01-15 12:21:04.033077] [debug] WebSocketServer: Broadcasting to 1 clients: {"server_time":"2026-01-15 12:21:04","timestamp":"1768468864033","isConnected":"True","numBoard":"0","numSteps":"0","numSpeed":"0.000000","numAccel":"0","numDecel":"0","currentPos":"0","startPos":"0","endPos":"0"}
[2026-01-15 12:21:05.033363] [debug] WebSocketServer: Broadcasting to 1 clients: {"server_time":"2026-01-15 12:21:05","timestamp":"1768468865033","isConnected":"True","numBoard":"0","numSteps":"0","numSpeed":"0.000000","numAccel":"0","numDecel":"0","currentPos":"0","startPos":"0","endPos":"0"}
[2026-01-15 12:21:06.033870] [debug] WebSocketServer: Broadcasting to 1 clients: {"server_time":"2026-01-15 12:21:06","timestamp":"1768468866033","isConnected":"True","numBoard":"0","numSteps":"0","numSpeed":"0.000000","numAccel":"0","numDecel":"0","currentPos":"0","startPos":"0","endPos":"0"}
[2026-01-15 12:21:07.034158] [debug] WebSocketServer: Broadcasting to 1 clients: {"server_time":"2026-01-15 12:21:07","timestamp":"1768468867034","isConnected":"True","numBoard":"0","numSteps":"0","numSpeed":"0.000000","numAccel":"0","numDecel":"0","currentPos":"0","startPos":"0","endPos":"0"}
[2026-01-15 12:21:08.034435] [debug] WebSocketServer: Broadcasting to 1 clients: {"server_time":"2026-01-15 12:21:08","timestamp":"1768468868034","isConnected":"True","numBoard":"0","numSteps":"0","numSpeed":"0.000000","numAccel":"0","numDecel":"0","currentPos":"0","startPos":"0","endPos":"0"}
[2026-01-15 12:21:09.034715] [debug] WebSocketServer: Broadcasting to 1 clients: {"server_time":"2026-01-15 12:21:09","timestamp":"1768468869034","isConnected":"True","numBoard":"0","numSteps":"0","numSpeed":"0.000000","numAccel":"0","numDecel":"0","currentPos":"0","startPos":"0","endPos":"0"}
[2026-01-15 12:21:10.035079] [debug] WebSocketServer: Broadcasting to 1 clients: {"server_time":"2026-01-15 12:21:10","timestamp":"1768468870034","isConnected":"True","numBoard":"0","numSteps":"0","numSpeed":"0.000000","numAccel":"0","numDecel":"0","currentPos":"0","startPos":"0","endPos":"0"}
[2026-01-15 12:21:11.035451] [debug] WebSocketServer: Broadcasting to 1 clients: {"server_time":"2026-01-15 12:21:11","timestamp":"1768468871035","isConnected":"True","numBoard":"0","numSteps":"0","numSpeed":"0.000000","numAccel":"0","numDecel":"0","currentPos":"0","startPos":"0","endPos":"0"}
[2026-01-15 12:21:12.035766] [debug] WebSocketServer: Broadcasting to 1 clients: {"server_time":"2026-01-15 12:21:12","timestamp":"1768468872035","isConnected":"True","numBoard":"0","numSteps":"0","numSpeed":"0.000000","numAccel":"0","numDecel":"0","currentPos":"0","startPos":"0","endPos":"0"}
[2026-01-15 12:21:13.036082] [debug] WebSocketServer: Broadcasting to 1 clients: {"server_time":"2026-01-15 12:21:13","timestamp":"1768468873036","isConnected":"True","numBoard":"0","numSteps":"0","numSpeed":"0.000000","numAccel":"0","numDecel":"0","currentPos":"0","startPos":"0","endPos":"0"}
[2026-01-15 12:21:14.036390] [debug] WebSocketServer: Broadcasting to 1 clients: {"server_time":"2026-01-15 12:21:14","timestamp":"1768468874036","isConnected":"True","numBoard":"0","numSteps":"0","numSpeed":"0.000000","numAccel":"0","numDecel":"0","currentPos":"0","startPos":"0","endPos":"0"}
[2026-01-15 12:21:15.036668] [debug] WebSocketServer: Broadcasting to 1 clients: {"server_time":"2026-01-15 12:21:15","timestamp":"1768468875036","isConnected":"True","numBoard":"0","numSteps":"0","numSpeed":"0.000000","numAccel":"0","numDecel":"0","currentPos":"0","startPos":"0","endPos":"0"}
[2026-01-15 12:21:16.036951] [debug] WebSocketServer: Broadcasting to 1 clients: {"server_time":"2026-01-15 12:21:16","timestamp":"1768468876036","isConnected":"True","numBoard":"0","numSteps":"0","numSpeed":"0.000000","numAccel":"0","numDecel":"0","currentPos":"0","startPos":"0","endPos":"0"}
[2026-01-15 12:21:17.037361] [debug] WebSocketServer: Broadcasting to 1 clients: {"server_time":"2026-01-15 12:21:17","timestamp":"1768468877037","isConnected":"True","numBoard":"0","numSteps":"0","numSpeed":"0.000000","numAccel":"0","numDecel":"0","currentPos":"0","startPos":"0","endPos":"0"}
[2026-01-15 12:21:18.037721] [debug] WebSocketServer: Broadcasting to 1 clients: {"server_time":"2026-01-15 12:21:18","timestamp":"1768468878037","isConnected":"True","numBoard":"0","numSteps":"0","numSpeed":"0.000000","numAccel":"0","numDecel":"0","currentPos":"0","startPos":"0","endPos":"0"}
[2026-01-15 12:21:19.037994] [debug] WebSocketServer: Broadcasting to 1 clients: {"server_time":"2026-01-15 12:21:19","timestamp":"1768468879037","isConnected":"True","numBoard":"0","numSteps":"0","numSpeed":"0.000000","numAccel":"0","numDecel":"0","currentPos":"0","startPos":"0","endPos":"0"}
[2026-01-15 12:21:20.038296] [debug] WebSocketServer: Broadcasting to 1 clients: {"server_time":"2026-01-15 12:21:20","timestamp":"1768468880038","isConnected":"True","numBoard":"0","numSteps":"0","numSpeed":"0.000000","numAccel":"0","numDecel":"0","currentPos":"0","startPos":"0","endPos":"0"}
[2026-01-15 12:21:21.038568] [debug] WebSocketServer: Broadcasting to 1 clients: {"server_time":"2026-01-15 12:21:21","timestamp":"1768468881038","isConnected":"True","numBoard":"0","numSteps":"0","numSpeed":"0.000000","numAccel":"0","numDecel":"0","currentPos":"0","startPos":"0","endPos":"0"}
[2026-01-15 12:21:22.038840] [debug] WebSocketServer: Broadcasting to 1 clients: {"server_time":"2026-01-15 12:21:22","timestamp":"1768468882038","isConnected":"True","numBoard":"0","numSteps":"0","numSpeed":"0.000000","numAccel":"0","numDecel":"0","currentPos":"0","startPos":"0","endPos":"0"}
[2026-01-15 12:21:23.039123] [debug] WebSocketServer: Broadcasting to 1 clients: {"server_time":"2026-01-15 12:21:23","timestamp":"1768468883039","isConnected":"True","numBoard":"0","numSteps":"0","numSpeed":"0.000000","numAccel":"0","numDecel":"0","currentPos":"0","startPos":"0","endPos":"0"}
[2026-01-15 12:21:24.039704] [debug] WebSocketServer: Broadcasting to 1 clients: {"server_time":"2026-01-15 12:21:24","timestamp":"1768468884039","isConnected":"True","numBoard":"0","numSteps":"0","numSpeed":"0.000000","numAccel":"0","numDecel":"0","currentPos":"0","startPos":"0","endPos":"0"}
[2026-01-15 12:21:25.039991] [debug] WebSocketServer: Broadcasting to 1 clients: {"server_time":"2026-01-15 12:21:25","timestamp":"1768468885039","isConnected":"True","numBoard":"0","numSteps":"0","numSpeed":"0.000000","numAccel":"0","numDecel":"0","currentPos":"0","startPos":"0","endPos":"0"}
[2026-01-15 12:21:26.040309] [debug] WebSocketServer: Broadcasting to 1 clients: {"server_time":"2026-01-15 12:21:26","timestamp":"1768468886040","isConnected":"True","numBoard":"0","numSteps":"0","numSpeed":"0.000000","numAccel":"0","numDecel":"0","currentPos":"0","startPos":"0","endPos":"0"}
[2026-01-15 12:21:27.040611] [debug] WebSocketServer: Broadcasting to 1 clients: {"server_time":"2026-01-15 12:21:27","timestamp":"1768468887040","isConnected":"True","numBoard":"0","numSteps":"0","numSpeed":"0.000000","numAccel":"0","numDecel":"0","currentPos":"0","startPos":"0","endPos":"0"}
[2026-01-15 12:21:28.040890] [debug] WebSocketServer: Broadcasting to 1 clients: {"server_time":"2026-01-15 12:21:28","timestamp":"1768468888040","isConnected":"True","numBoard":"0","numSteps":"0","numSpeed":"0.000000","numAccel":"0","numDecel":"0","currentPos":"0","startPos":"0","endPos":"0"}
[2026-01-15 12:21:29.041237] [debug] WebSocketServer: Broadcasting to 1 clients: {"server_time":"2026-01-15 12:21:29","timestamp":"1768468889041","isConnected":"True","numBoard":"0","numSteps":"0","numSpeed":"0.000000","numAccel":"0","numDecel":"0","currentPos":"0","startPos":"0","endPos":"0"}
[2026-01-15 12:21:30.041641] [debug] WebSocketServer: Broadcasting to 1 clients: {"server_time":"2026-01-15 12:21:30","timestamp":"1768468890041","isConnected":"True","numBoard":"0","numSteps":"0","numSpeed":"0.000000","numAccel":"0","numDecel":"0","currentPos":"0","startPos":"0","endPos":"0"}
[2026-01-15 12:21:31.041957] [debug] WebSocketServer: Broadcasting to 1 clients: {"server_time":"2026-01-15 12:21:31","timestamp":"1768468891041","isConnected":"True","numBoard":"0","numSteps":"0","numSpeed":"0.000000","numAccel":"0","numDecel":"0","currentPos":"0","startPos":"0","endPos":"0"}
[2026-01-15 12:21:32.042211] [debug] WebSocketServer: Broadcasting to 1 clients: {"server_time":"2026-01-15 12:21:32","timestamp":"1768468892042","isConnected":"True","numBoard":"0","numSteps":"0","numSpeed":"0.000000","numAccel":"0","numDecel":"0","currentPos":"0","startPos":"0","endPos":"0"}
[2026-01-15 12:21:33.042482] [debug] WebSocketServer: Broadcasting to 1 clients: {"server_time":"2026-01-15 12:21:33","timestamp":"1768468893042","isConnected":"True","numBoard":"0","numSteps":"0","numSpeed":"0.000000","numAccel":"0","numDecel":"0","currentPos":"0","startPos":"0","endPos":"0"}
[2026-01-15 12:21:34.043254] [debug] WebSocketServer: Broadcasting to 1 clients: {"server_time":"2026-01-15 12:21:34","timestamp":"1768468894043","isConnected":"True","numBoard":"0","numSteps":"0","numSpeed":"0.000000","numAccel":"0","numDecel":"0","currentPos":"0","startPos":"0","endPos":"0"}
[2026-01-15 12:21:35.043538] [debug] WebSocketServer: Broadcasting to 1 clients: {"server_time":"2026-01-15 12:21:35","timestamp":"1768468895043","isConnected":"True","numBoard":"0","numSteps":"0","numSpeed":"0.000000","numAccel":"0","numDecel":"0","currentPos":"0","startPos":"0","endPos":"0"}
[2026-01-15 12:21:36.043827] [debug] WebSocketServer: Broadcasting to 1 clients: {"server_time":"2026-01-15 12:21:36","timestamp":"1768468896043","isConnected":"True","numBoard":"0","numSteps":"0","numSpeed":"0.000000","numAccel":"0","numDecel":"0","currentPos":"0","startPos":"0","endPos":"0"}
[2026-01-15 12:21:37.044104] [debug] WebSocketServer: Broadcasting to 1 clients: {"server_time":"2026-01-15 12:21:37","timestamp":"1768468897044","isConnected":"True","numBoard":"0","numSteps":"0","numSpeed":"0.000000","numAccel":"0","numDecel":"0","currentPos":"0","startPos":"0","endPos":"0"}
[2026-01-15 12:21:38.044392] [debug] WebSocketServer: Broadcasting to 1 clients: {"server_time":"2026-01-15 12:21:38","timestamp":"1768468898044","isConnected":"True","numBoard":"0","numSteps":"0","numSpeed":"0.000000","numAccel":"0","numDecel":"0","currentPos":"0","startPos":"0","endPos":"0"}
[2026-01-15 12:21:39.044681] [debug] WebSocketServer: Broadcasting to 1 clients: {"server_time":"2026-01-15 12:21:39","timestamp":"1768468899044","isConnected":"True","numBoard":"0","numSteps":"0","numSpeed":"0.000000","numAccel":"0","numDecel":"0","currentPos":"0","startPos":"0","endPos":"0"}
[2026-01-15 12:21:40.044985] [debug] WebSocketServer: Broadcasting to 1 clients: {"server_time":"2026-01-15 12:21:40","timestamp":"1768468900044","isConnected":"True","numBoard":"0","numSteps":"0","numSpeed":"0.000000","numAccel":"0","numDecel":"0","currentPos":"0","startPos":"0","endPos":"0"}
[2026-01-15 12:21:41.045214] [debug] WebSocketServer: Broadcasting to 1 clients: {"server_time":"2026-01-15 12:21:41","timestamp":"1768468901045","isConnected":"True","numBoard":"0","numSteps":"0","numSpeed":"0.000000","numAccel":"0","numDecel":"0","currentPos":"0","startPos":"0","endPos":"0"}
[2026-01-15 12:21:42.045556] [debug] WebSocketServer: Broadcasting to 1 clients: {"server_time":"2026-01-15 12:21:42","timestamp":"1768468902045","isConnected":"True","numBoard":"0","numSteps":"0","numSpeed":"0.000000","numAccel":"0","numDecel":"0","currentPos":"0","startPos":"0","endPos":"0"}
[2026-01-15 12:21:43.045827] [debug] WebSocketServer: Broadcasting to 1 clients: {"server_time":"2026-01-15 12:21:43","timestamp":"1768468903045","isConnected":"True","numBoard":"0","numSteps":"0","numSpeed":"0.000000","numAccel":"0","numDecel":"0","currentPos":"0","startPos":"0","endPos":"0"}
[2026-01-15 12:21:44.046108] [debug] WebSocketServer: Broadcasting to 1 clients: {"server_time":"2026-01-15 12:21:44","timestamp":"1768468904046","isConnected":"True","numBoard":"0","numSteps":"0","numSpeed":"0.000000","numAccel":"0","numDecel":"0","currentPos":"0","startPos":"0","endPos":"0"}
[2026-01-15 12:21:45.046403] [debug] WebSocketServer: Broadcasting to 1 clients: {"server_time":"2026-01-15 12:21:45","timestamp":"1768468905046","isConnected":"True","numBoard":"0","numSteps":"0","numSpeed":"0.000000","numAccel":"0","numDecel":"0","currentPos":"0","startPos":"0","endPos":"0"}
[2026-01-15 12:21:46.046683] [debug] WebSocketServer: Broadcasting to 1 clients: {"server_time":"2026-01-15 12:21:46","timestamp":"1768468906046","isConnected":"True","numBoard":"0","numSteps":"0","numSpeed":"0.000000","numAccel":"0","numDecel":"0","currentPos":"0","startPos":"0","endPos":"0"}
[2026-01-15 12:21:47.046977] [debug] WebSocketServer: Broadcasting to 1 clients: {"server_time":"2026-01-15 12:21:47","timestamp":"1768468907046","isConnected":"True","numBoard":"0","numSteps":"0","numSpeed":"0.000000","numAccel":"0","numDecel":"0","currentPos":"0","startPos":"0","endPos":"0"}
[2026-01-15 12:21:48.047230] [debug] WebSocketServer: Broadcasting to 1 clients: {"server_time":"2026-01-15 12:21:48","timestamp":"1768468908047","isConnected":"True","numBoard":"0","numSteps":"0","numSpeed":"0.000000","numAccel":"0","numDecel":"0","currentPos":"0","startPos":"0","endPos":"0"}
[2026-01-15 12:21:49.047573] [debug] WebSocketServer: Broadcasting to 1 clients: {"server_time":"2026-01-15 12:21:49","timestamp":"1768468909047","isConnected":"True","numBoard":"0","numSteps":"0","numSpeed":"0.000000","numAccel":"0","numDecel":"0","currentPos":"0","startPos":"0","endPos":"0"}
[2026-01-15 12:21:50.048177] [debug] WebSocketServer: Broadcasting to 1 clients: {"server_time":"2026-01-15 12:21:50","timestamp":"1768468910048","isConnected":"True","numBoard":"0","numSteps":"0","numSpeed":"0.000000","numAccel":"0","numDecel":"0","currentPos":"0","startPos":"0","endPos":"0"}
[2026-01-15 12:21:51.048434] [debug] WebSocketServer: Broadcasting to 1 clients: {"server_time":"2026-01-15 12:21:51","timestamp":"1768468911048","isConnected":"True","numBoard":"0","numSteps":"0","numSpeed":"0.000000","numAccel":"0","numDecel":"0","currentPos":"0","startPos":"0","endPos":"0"}
[2026-01-15 12:21:52.048774] [debug] WebSocketServer: Broadcasting to 1 clients: {"server_time":"2026-01-15 12:21:52","timestamp":"1768468912048","isConnected":"True","numBoard":"0","numSteps":"0","numSpeed":"0.000000","numAccel":"0","numDecel":"0","currentPos":"0","startPos":"0","endPos":"0"}
[2026-01-15 12:21:53.049046] [debug] WebSocketServer: Broadcasting to 1 clients: {"server_time":"2026-01-15 12:21:53","timestamp":"1768468913048","isConnected":"True","numBoard":"0","numSteps":"0","numSpeed":"0.000000","numAccel":"0","numDecel":"0","currentPos":"0","startPos":"0","endPos":"0"}
[2026-01-15 12:21:54.049338] [debug] WebSocketServer: Broadcasting to 1 clients: {"server_time":"2026-01-15 12:21:54","timestamp":"1768468914049","isConnected":"True","numBoard":"0","numSteps":"0","numSpeed":"0.000000","numAccel":"0","numDecel":"0","currentPos":"0","startPos":"0","endPos":"0"}
[2026-01-15 12:21:55.049620] [debug] WebSocketServer: Broadcasting to 1 clients: {"server_time":"2026-01-15 12:21:55","timestamp":"1768468915049","isConnected":"True","numBoard":"0","numSteps":"0","numSpeed":"0.000000","numAccel":"0","numDecel":"0","currentPos":"0","startPos":"0","endPos":"0"}
[2026-01-15 12:21:56.049879] [debug] WebSocketServer: Broadcasting to 1 clients: {"server_time":"2026-01-15 12:21:56","timestamp":"1768468916049","isConnected":"True","numBoard":"0","numSteps":"0","numSpeed":"0.000000","numAccel":"0","numDecel":"0","currentPos":"0","startPos":"0","endPos":"0"}
[2026-01-15 12:21:57.050128] [debug] WebSocketServer: Broadcasting to 1 clients: {"server_time":"2026-01-15 12:21:57","timestamp":"1768468917050","isConnected":"True","numBoard":"0","numSteps":"0","numSpeed":"0.000000","numAccel":"0","numDecel":"0","currentPos":"0","startPos":"0","endPos":"0"}
[2026-01-15 12:21:58.050406] [debug] WebSocketServer: Broadcasting to 1 clients: {"server_time":"2026-01-15 12:21:58","timestamp":"1768468918050","isConnected":"True","numBoard":"0","numSteps":"0","numSpeed":"0.000000","numAccel":"0","numDecel":"0","currentPos":"0","startPos":"0","endPos":"0"}
[2026-01-15 12:21:59.050656] [debug] WebSocketServer: Broadcasting to 1 clients: {"server_time":"2026-01-15 12:21:59","timestamp":"1768468919050","isConnected":"True","numBoard":"0","numSteps":"0","numSpeed":"0.000000","numAccel":"0","numDecel":"0","currentPos":"0","startPos":"0","endPos":"0"}
[2026-01-15 12:22:00.050903] [debug] WebSocketServer: Broadcasting to 1 clients: {"server_time":"2026-01-15 12:22:00","timestamp":"1768468920050","isConnected":"True","numBoard":"0","numSteps":"0","numSpeed":"0.000000","numAccel":"0","numDecel":"0","currentPos":"0","startPos":"0","endPos":"0"}
[2026-01-15 12:22:01.051195] [debug] WebSocketServer: Broadcasting to 1 clients: {"server_time":"2026-01-15 12:22:01","timestamp":"1768468921051","isConnected":"True","numBoard":"0","numSteps":"0","numSpeed":"0.000000","numAccel":"0","numDecel":"0","currentPos":"0","startPos":"0","endPos":"0"}
[2026-01-15 12:22:02.051456] [debug] WebSocketServer: Broadcasting to 1 clients: {"server_time":"2026-01-15 12:22:02","timestamp":"1768468922051","isConnected":"True","numBoard":"0","numSteps":"0","numSpeed":"0.000000","numAccel":"0","numDecel":"0","currentPos":"0","startPos":"0","endPos":"0"}
[2026-01-15 12:22:03.051713] [debug] WebSocketServer: Broadcasting to 1 clients: {"server_time":"2026-01-15 12:22:03","timestamp":"1768468923051","isConnected":"True","numBoard":"0","numSteps":"0","numSpeed":"0.000000","numAccel":"0","numDecel":"0","currentPos":"0","startPos":"0","endPos":"0"}
[2026-01-15 12:22:04.052017] [debug] WebSocketServer: Broadcasting to 1 clients: {"server_time":"2026-01-15 12:22:04","timestamp":"1768468924051","isConnected":"True","numBoard":"0","numSteps":"0","numSpeed":"0.000000","numAccel":"0","numDecel":"0","currentPos":"0","startPos":"0","endPos":"0"}
[2026-01-15 12:22:05.052344] [debug] WebSocketServer: Broadcasting to 1 clients: {"server_time":"2026-01-15 12:22:05","timestamp":"1768468925052","isConnected":"True","numBoard":"0","numSteps":"0","numSpeed":"0.000000","numAccel":"0","numDecel":"0","currentPos":"0","startPos":"0","endPos":"0"}
[2026-01-15 12:22:06.052653] [debug] WebSocketServer: Broadcasting to 1 clients: {"server_time":"2026-01-15 12:22:06","timestamp":"1768468926052","isConnected":"True","numBoard":"0","numSteps":"0","numSpeed":"0.000000","numAccel":"0","numDecel":"0","currentPos":"0","startPos":"0","endPos":"0"}
[2026-01-15 12:22:07.053052] [debug] WebSocketServer: Broadcasting to 1 clients: {"server_time":"2026-01-15 12:22:07","timestamp":"1768468927052","isConnected":"True","numBoard":"0","numSteps":"0","numSpeed":"0.000000","numAccel":"0","numDecel":"0","currentPos":"0","startPos":"0","endPos":"0"}
[2026-01-15 12:22:08.053347] [debug] WebSocketServer: Broadcasting to 1 clients: {"server_time":"2026-01-15 12:22:08","timestamp":"1768468928053","isConnected":"True","numBoard":"0","numSteps":"0","numSpeed":"0.000000","numAccel":"0","numDecel":"0","currentPos":"0","startPos":"0","endPos":"0"}
[2026-01-15 12:22:09.053641] [debug] WebSocketServer: Broadcasting to 1 clients: {"server_time":"2026-01-15 12:22:09","timestamp":"1768468929053","isConnected":"True","numBoard":"0","numSteps":"0","numSpeed":"0.000000","numAccel":"0","numDecel":"0","currentPos":"0","startPos":"0","endPos":"0"}
[2026-01-15 12:22:10.054021] [debug] WebSocketServer: Broadcasting to 1 clients: {"server_time":"2026-01-15 12:22:10","timestamp":"1768468930053","isConnected":"True","numBoard":"0","numSteps":"0","numSpeed":"0.000000","numAccel":"0","numDecel":"0","currentPos":"0","startPos":"0","endPos":"0"}
[2026-01-15 12:22:11.054425] [debug] WebSocketServer: Broadcasting to 1 clients: {"server_time":"2026-01-15 12:22:11","timestamp":"1768468931054","isConnected":"True","numBoard":"0","numSteps":"0","numSpeed":"0.000000","numAccel":"0","numDecel":"0","currentPos":"0","startPos":"0","endPos":"0"}
[2026-01-15 12:22:12.054817] [debug] WebSocketServer: Broadcasting to 1 clients: {"server_time":"2026-01-15 12:22:12","timestamp":"1768468932054","isConnected":"True","numBoard":"0","numSteps":"0","numSpeed":"0.000000","numAccel":"0","numDecel":"0","currentPos":"0","startPos":"0","endPos":"0"}
[2026-01-15 12:22:13.055117] [debug] WebSocketServer: Broadcasting to 1 clients: {"server_time":"2026-01-15 12:22:13","timestamp":"1768468933055","isConnected":"True","numBoard":"0","numSteps":"0","numSpeed":"0.000000","numAccel":"0","numDecel":"0","currentPos":"0","startPos":"0","endPos":"0"}
[2026-01-15 12:22:14.055426] [debug] WebSocketServer: Broadcasting to 1 clients: {"server_time":"2026-01-15 12:22:14","timestamp":"1768468934055","isConnected":"True","numBoard":"0","numSteps":"0","numSpeed":"0.000000","numAccel":"0","numDecel":"0","currentPos":"0","startPos":"0","endPos":"0"}
[2026-01-15 12:22:15.055699] [debug] WebSocketServer: Broadcasting to 1 clients: {"server_time":"2026-01-15 12:22:15","timestamp":"1768468935055","isConnected":"True","numBoard":"0","numSteps":"0","numSpeed":"0.000000","numAccel":"0","numDecel":"0","currentPos":"0","startPos":"0","endPos":"0"}
[2026-01-15 12:22:16.056028] [debug] WebSocketServer: Broadcasting to 1 clients: {"server_time":"2026-01-15 12:22:16","timestamp":"1768468936055","isConnected":"True","numBoard":"0","numSteps":"0","numSpeed":"0.000000","numAccel":"0","numDecel":"0","currentPos":"0","startPos":"0","endPos":"0"}
[2026-01-15 12:22:17.056330] [debug] WebSocketServer: Broadcasting to 1 clients: {"server_time":"2026-01-15 12:22:17","timestamp":"1768468937056","isConnected":"True","numBoard":"0","numSteps":"0","numSpeed":"0.000000","numAccel":"0","numDecel":"0","currentPos":"0","startPos":"0","endPos":"0"}
[2026-01-15 12:22:18.056613] [debug] WebSocketServer: Broadcasting to 1 clients: {"server_time":"2026-01-15 12:22:18","timestamp":"1768468938056","isConnected":"True","numBoard":"0","numSteps":"0","numSpeed":"0.000000","numAccel":"0","numDecel":"0","currentPos":"0","startPos":"0","endPos":"0"}
[2026-01-15 12:22:19.057245] [debug] WebSocketServer: Broadcasting to 1 clients: {"server_time":"2026-01-15 12:22:19","timestamp":"1768468939057","isConnected":"True","numBoard":"0","numSteps":"0","numSpeed":"0.000000","numAccel":"0","numDecel":"0","currentPos":"0","startPos":"0","endPos":"0"}
[2026-01-15 12:22:20.057620] [debug] WebSocketServer: Broadcasting to 1 clients: {"server_time":"2026-01-15 12:22:20","timestamp":"1768468940057","isConnected":"True","numBoard":"0","numSteps":"0","numSpeed":"0.000000","numAccel":"0","numDecel":"0","currentPos":"0","startPos":"0","endPos":"0"}
[2026-01-15 12:22:21.057921] [debug] WebSocketServer: Broadcasting to 1 clients: {"server_time":"2026-01-15 12:22:21","timestamp":"1768468941057","isConnected":"True","numBoard":"0","numSteps":"0","numSpeed":"0.000000","numAccel":"0","numDecel":"0","currentPos":"0","startPos":"0","endPos":"0"}
[2026-01-15 12:22:22.058230] [debug] WebSocketServer: Broadcasting to 1 clients: {"server_time":"2026-01-15 12:22:22","timestamp":"1768468942058","isConnected":"True","numBoard":"0","numSteps":"0","numSpeed":"0.000000","numAccel":"0","numDecel":"0","currentPos":"0","startPos":"0","endPos":"0"}
[2026-01-15 12:22:23.058578] [debug] WebSocketServer: Broadcasting to 1 clients: {"server_time":"2026-01-15 12:22:23","timestamp":"1768468943058","isConnected":"True","numBoard":"0","numSteps":"0","numSpeed":"0.000000","numAccel":"0","numDecel":"0","currentPos":"0","startPos":"0","endPos":"0"}
[2026-01-15 12:22:24.058866] [debug] WebSocketServer: Broadcasting to 1 clients: {"server_time":"2026-01-15 12:22:24","timestamp":"1768468944058","isConnected":"True","numBoard":"0","numSteps":"0","numSpeed":"0.000000","numAccel":"0","numDecel":"0","currentPos":"0","startPos":"0","endPos":"0"}
[2026-01-15 12:22:25.059156] [debug] WebSocketServer: Broadcasting to 1 clients: {"server_time":"2026-01-15 12:22:25","timestamp":"1768468945059","isConnected":"True","numBoard":"0","numSteps":"0","numSpeed":"0.000000","numAccel":"0","numDecel":"0","currentPos":"0","startPos":"0","endPos":"0"}
[2026-01-15 12:22:26.059441] [debug] WebSocketServer: Broadcasting to 1 clients: {"server_time":"2026-01-15 12:22:26","timestamp":"1768468946059","isConnected":"True","numBoard":"0","numSteps":"0","numSpeed":"0.000000","numAccel":"0","numDecel":"0","currentPos":"0","startPos":"0","endPos":"0"}
[2026-01-15 12:22:27.059743] [debug] WebSocketServer: Broadcasting to 1 clients: {"server_time":"2026-01-15 12:22:27","timestamp":"1768468947059","isConnected":"True","numBoard":"0","numSteps":"0","numSpeed":"0.000000","numAccel":"0","numDecel":"0","currentPos":"0","startPos":"0","endPos":"0"}
[2026-01-15 12:22:28.060049] [debug] WebSocketServer: Broadcasting to 1 clients: {"server_time":"2026-01-15 12:22:28","timestamp":"1768468948059","isConnected":"True","numBoard":"0","numSteps":"0","numSpeed":"0.000000","numAccel":"0","numDecel":"0","currentPos":"0","startPos":"0","endPos":"0"}
[2026-01-15 12:22:29.060322] [debug] WebSocketServer: Broadcasting to 1 clients: {"server_time":"2026-01-15 12:22:29","timestamp":"1768468949060","isConnected":"True","numBoard":"0","numSteps":"0","numSpeed":"0.000000","numAccel":"0","numDecel":"0","currentPos":"0","startPos":"0","endPos":"0"}
[2026-01-15 12:22:30.060618] [debug] WebSocketServer: Broadcasting to 1 clients: {"server_time":"2026-01-15 12:22:30","timestamp":"1768468950060","isConnected":"True","numBoard":"0","numSteps":"0","numSpeed":"0.000000","numAccel":"0","numDecel":"0","currentPos":"0","startPos":"0","endPos":"0"}
[2026-01-15 12:22:31.060890] [debug] WebSocketServer: Broadcasting to 1 clients: {"server_time":"2026-01-15 12:22:31","timestamp":"1768468951060","isConnected":"True","numBoard":"0","numSteps":"0","numSpeed":"0.000000","numAccel":"0","numDecel":"0","currentPos":"0","startPos":"0","endPos":"0"}
[2026-01-15 12:22:32.061211] [debug] WebSocketServer: Broadcasting to 1 clients: {"server_time":"2026-01-15 12:22:32","timestamp":"1768468952061","isConnected":"True","numBoard":"0","numSteps":"0","numSpeed":"0.000000","numAccel":"0","numDecel":"0","currentPos":"0","startPos":"0","endPos":"0"}
[2026-01-15 12:22:33.061479] [debug] WebSocketServer: Broadcasting to 1 clients: {"server_time":"2026-01-15 12:22:33","timestamp":"1768468953061","isConnected":"True","numBoard":"0","numSteps":"0","numSpeed":"0.000000","numAccel":"0","numDecel":"0","currentPos":"0","startPos":"0","endPos":"0"}
[2026-01-15 12:22:34.061766] [debug] WebSocketServer: Broadcasting to 1 clients: {"server_time":"2026-01-15 12:22:34","timestamp":"1768468954061","isConnected":"True","numBoard":"0","numSteps":"0","numSpeed":"0.000000","numAccel":"0","numDecel":"0","currentPos":"0","startPos":"0","endPos":"0"}
[2026-01-15 12:22:35.062048] [debug] WebSocketServer: Broadcasting to 1 clients: {"server_time":"2026-01-15 12:22:35","timestamp":"1768468955061","isConnected":"True","numBoard":"0","numSteps":"0","numSpeed":"0.000000","numAccel":"0","numDecel":"0","currentPos":"0","startPos":"0","endPos":"0"}
[2026-01-15 12:22:36.062324] [debug] WebSocketServer: Broadcasting to 1 clients: {"server_time":"2026-01-15 12:22:36","timestamp":"1768468956062","isConnected":"True","numBoard":"0","numSteps":"0","numSpeed":"0.000000","numAccel":"0","numDecel":"0","currentPos":"0","startPos":"0","endPos":"0"}
[2026-01-15 12:22:37.062658] [debug] WebSocketServer: Broadcasting to 1 clients: {"server_time":"2026-01-15 12:22:37","timestamp":"1768468957062","isConnected":"True","numBoard":"0","numSteps":"0","numSpeed":"0.000000","numAccel":"0","numDecel":"0","currentPos":"0","startPos":"0","endPos":"0"}
[2026-01-15 12:22:38.062989] [debug] WebSocketServer: Broadcasting to 1 clients: {"server_time":"2026-01-15 12:22:38","timestamp":"1768468958062","isConnected":"True","numBoard":"0","numSteps":"0","numSpeed":"0.000000","numAccel":"0","numDecel":"0","currentPos":"0","startPos":"0","endPos":"0"}
[2026-01-15 12:22:39.063278] [debug] WebSocketServer: Broadcasting to 1 clients: {"server_time":"2026-01-15 12:22:39","timestamp":"1768468959063","isConnected":"True","numBoard":"0","numSteps":"0","numSpeed":"0.000000","numAccel":"0","numDecel":"0","currentPos":"0","startPos":"0","endPos":"0"}
[2026-01-15 12:22:40.063549] [debug] WebSocketServer: Broadcasting to 1 clients: {"server_time":"2026-01-15 12:22:40","timestamp":"1768468960063","isConnected":"True","numBoard":"0","numSteps":"0","numSpeed":"0.000000","numAccel":"0","numDecel":"0","currentPos":"0","startPos":"0","endPos":"0"}
[2026-01-15 12:22:41.063851] [debug] WebSocketServer: Broadcasting to 1 clients: {"server_time":"2026-01-15 12:22:41","timestamp":"1768468961063","isConnected":"True","numBoard":"0","numSteps":"0","numSpeed":"0.000000","numAccel":"0","numDecel":"0","currentPos":"0","startPos":"0","endPos":"0"}
[2026-01-15 12:22:42.064130] [debug] WebSocketServer: Broadcasting to 1 clients: {"server_time":"2026-01-15 12:22:42","timestamp":"1768468962064","isConnected":"True","numBoard":"0","numSteps":"0","numSpeed":"0.000000","numAccel":"0","numDecel":"0","currentPos":"0","startPos":"0","endPos":"0"}
[2026-01-15 12:22:43.064403] [debug] WebSocketServer: Broadcasting to 1 clients: {"server_time":"2026-01-15 12:22:43","timestamp":"1768468963064","isConnected":"True","numBoard":"0","numSteps":"0","numSpeed":"0.000000","numAccel":"0","numDecel":"0","currentPos":"0","startPos":"0","endPos":"0"}
[2026-01-15 12:22:44.064673] [debug] WebSocketServer: Broadcasting to 1 clients: {"server_time":"2026-01-15 12:22:44","timestamp":"1768468964064","isConnected":"True","numBoard":"0","numSteps":"0","numSpeed":"0.000000","numAccel":"0","numDecel":"0","currentPos":"0","startPos":"0","endPos":"0"}
[2026-01-15 12:22:45.064963] [debug] WebSocketServer: Broadcasting to 1 clients: {"server_time":"2026-01-15 12:22:45","timestamp":"1768468965064","isConnected":"True","numBoard":"0","numSteps":"0","numSpeed":"0.000000","numAccel":"0","numDecel":"0","currentPos":"0","startPos":"0","endPos":"0"}
[2026-01-15 12:22:46.065303] [debug] WebSocketServer: Broadcasting to 1 clients: {"server_time":"2026-01-15 12:22:46","timestamp":"1768468966065","isConnected":"True","numBoard":"0","numSteps":"0","numSpeed":"0.000000","numAccel":"0","numDecel":"0","currentPos":"0","startPos":"0","endPos":"0"}
[2026-01-15 12:22:47.065682] [debug] WebSocketServer: Broadcasting to 1 clients: {"server_time":"2026-01-15 12:22:47","timestamp":"1768468967065","isConnected":"True","numBoard":"0","numSteps":"0","numSpeed":"0.000000","numAccel":"0","numDecel":"0","currentPos":"0","startPos":"0","endPos":"0"}
[2026-01-15 12:22:48.066027] [debug] WebSocketServer: Broadcasting to 1 clients: {"server_time":"2026-01-15 12:22:48","timestamp":"1768468968065","isConnected":"True","numBoard":"0","numSteps":"0","numSpeed":"0.000000","numAccel":"0","numDecel":"0","currentPos":"0","startPos":"0","endPos":"0"}
[2026-01-15 12:22:49.066375] [debug] WebSocketServer: Broadcasting to 1 clients: {"server_time":"2026-01-15 12:22:49","timestamp":"1768468969066","isConnected":"True","numBoard":"0","numSteps":"0","numSpeed":"0.000000","numAccel":"0","numDecel":"0","currentPos":"0","startPos":"0","endPos":"0"}
[2026-01-15 12:22:50.066682] [debug] WebSocketServer: Broadcasting to 1 clients: {"server_time":"2026-01-15 12:22:50","timestamp":"1768468970066","isConnected":"True","numBoard":"0","numSteps":"0","numSpeed":"0.000000","numAccel":"0","numDecel":"0","currentPos":"0","startPos":"0","endPos":"0"}
[2026-01-15 12:22:51.066958] [debug] WebSocketServer: Broadcasting to 1 clients: {"server_time":"2026-01-15 12:22:51","timestamp":"1768468971066","isConnected":"True","numBoard":"0","numSteps":"0","numSpeed":"0.000000","numAccel":"0","numDecel":"0","currentPos":"0","startPos":"0","endPos":"0"}
[2026-01-15 12:22:52.067211] [debug] WebSocketServer: Broadcasting to 1 clients: {"server_time":"2026-01-15 12:22:52","timestamp":"1768468972067","isConnected":"True","numBoard":"0","numSteps":"0","numSpeed":"0.000000","numAccel":"0","numDecel":"0","currentPos":"0","startPos":"0","endPos":"0"}
[2026-01-15 12:22:53.067499] [debug] WebSocketServer: Broadcasting to 1 clients: {"server_time":"2026-01-15 12:22:53","timestamp":"1768468973067","isConnected":"True","numBoard":"0","numSteps":"0","numSpeed":"0.000000","numAccel":"0","numDecel":"0","currentPos":"0","startPos":"0","endPos":"0"}
[2026-01-15 12:22:54.067770] [debug] WebSocketServer: Broadcasting to 1 clients: {"server_time":"2026-01-15 12:22:54","timestamp":"1768468974067","isConnected":"True","numBoard":"0","numSteps":"0","numSpeed":"0.000000","numAccel":"0","numDecel":"0","currentPos":"0","startPos":"0","endPos":"0"}
[2026-01-15 12:22:55.068070] [debug] WebSocketServer: Broadcasting to 1 clients: {"server_time":"2026-01-15 12:22:55","timestamp":"1768468975068","isConnected":"True","numBoard":"0","numSteps":"0","numSpeed":"0.000000","numAccel":"0","numDecel":"0","currentPos":"0","startPos":"0","endPos":"0"}
[2026-01-15 12:22:56.068358] [debug] WebSocketServer: Broadcasting to 1 clients: {"server_time":"2026-01-15 12:22:56","timestamp":"1768468976068","isConnected":"True","numBoard":"0","numSteps":"0","numSpeed":"0.000000","numAccel":"0","numDecel":"0","currentPos":"0","startPos":"0","endPos":"0"}
[2026-01-15 12:22:57.068658] [debug] WebSocketServer: Broadcasting to 1 clients: {"server_time":"2026-01-15 12:22:57","timestamp":"1768468977068","isConnected":"True","numBoard":"0","numSteps":"0","numSpeed":"0.000000","numAccel":"0","numDecel":"0","currentPos":"0","startPos":"0","endPos":"0"}
[2026-01-15 12:22:58.068984] [debug] WebSocketServer: Broadcasting to 1 clients: {"server_time":"2026-01-15 12:22:58","timestamp":"1768468978068","isConnected":"True","numBoard":"0","numSteps":"0","numSpeed":"0.000000","numAccel":"0","numDecel":"0","currentPos":"0","startPos":"0","endPos":"0"}
[2026-01-15 12:22:59.069333] [debug] WebSocketServer: Broadcasting to 1 clients: {"server_time":"2026-01-15 12:22:59","timestamp":"1768468979069","isConnected":"True","numBoard":"0","numSteps":"0","numSpeed":"0.000000","numAccel":"0","numDecel":"0","currentPos":"0","startPos":"0","endPos":"0"}
[2026-01-15 12:23:00.069639] [debug] WebSocketServer: Broadcasting to 1 clients: {"server_time":"2026-01-15 12:23:00","timestamp":"1768468980069","isConnected":"True","numBoard":"0","numSteps":"0","numSpeed":"0.000000","numAccel":"0","numDecel":"0","currentPos":"0","startPos":"0","endPos":"0"}
[2026-01-15 12:23:01.069962] [debug] WebSocketServer: Broadcasting to 1 clients: {"server_time":"2026-01-15 12:23:01","timestamp":"1768468981069","isConnected":"True","numBoard":"0","numSteps":"0","numSpeed":"0.000000","numAccel":"0","numDecel":"0","currentPos":"0","startPos":"0","endPos":"0"}
[2026-01-15 12:23:02.070213] [debug] WebSocketServer: Broadcasting to 1 clients: {"server_time":"2026-01-15 12:23:02","timestamp":"1768468982070","isConnected":"True","numBoard":"0","numSteps":"0","numSpeed":"0.000000","numAccel":"0","numDecel":"0","currentPos":"0","startPos":"0","endPos":"0"}
[2026-01-15 12:23:03.070495] [debug] WebSocketServer: Broadcasting to 1 clients: {"server_time":"2026-01-15 12:23:03","timestamp":"1768468983070","isConnected":"True","numBoard":"0","numSteps":"0","numSpeed":"0.000000","numAccel":"0","numDecel":"0","currentPos":"0","startPos":"0","endPos":"0"}
[2026-01-15 12:23:04.070785] [debug] WebSocketServer: Broadcasting to 1 clients: {"server_time":"2026-01-15 12:23:04","timestamp":"1768468984070","isConnected":"True","numBoard":"0","numSteps":"0","numSpeed":"0.000000","numAccel":"0","numDecel":"0","currentPos":"0","startPos":"0","endPos":"0"}
[2026-01-15 12:23:05.071080] [debug] WebSocketServer: Broadcasting to 1 clients: {"server_time":"2026-01-15 12:23:05","timestamp":"1768468985071","isConnected":"True","numBoard":"0","numSteps":"0","numSpeed":"0.000000","numAccel":"0","numDecel":"0","currentPos":"0","startPos":"0","endPos":"0"}
[2026-01-15 12:23:06.071396] [debug] WebSocketServer: Broadcasting to 1 clients: {"server_time":"2026-01-15 12:23:06","timestamp":"1768468986071","isConnected":"True","numBoard":"0","numSteps":"0","numSpeed":"0.000000","numAccel":"0","numDecel":"0","currentPos":"0","startPos":"0","endPos":"0"}
[2026-01-15 12:23:07.071746] [debug] WebSocketServer: Broadcasting to 1 clients: {"server_time":"2026-01-15 12:23:07","timestamp":"1768468987071","isConnected":"True","numBoard":"0","numSteps":"0","numSpeed":"0.000000","numAccel":"0","numDecel":"0","currentPos":"0","startPos":"0","endPos":"0"}
[2026-01-15 12:23:08.072132] [debug] WebSocketServer: Broadcasting to 1 clients: {"server_time":"2026-01-15 12:23:08","timestamp":"1768468988072","isConnected":"True","numBoard":"0","numSteps":"0","numSpeed":"0.000000","numAccel":"0","numDecel":"0","currentPos":"0","startPos":"0","endPos":"0"}
[2026-01-15 12:23:09.072431] [debug] WebSocketServer: Broadcasting to 1 clients: {"server_time":"2026-01-15 12:23:09","timestamp":"1768468989072","isConnected":"True","numBoard":"0","numSteps":"0","numSpeed":"0.000000","numAccel":"0","numDecel":"0","currentPos":"0","startPos":"0","endPos":"0"}
[2026-01-15 12:23:10.072801] [debug] WebSocketServer: Broadcasting to 1 clients: {"server_time":"2026-01-15 12:23:10","timestamp":"1768468990072","isConnected":"True","numBoard":"0","numSteps":"0","numSpeed":"0.000000","numAccel":"0","numDecel":"0","currentPos":"0","startPos":"0","endPos":"0"}
[2026-01-15 12:23:11.073169] [debug] WebSocketServer: Broadcasting to 1 clients: {"server_time":"2026-01-15 12:23:11","timestamp":"1768468991073","isConnected":"True","numBoard":"0","numSteps":"0","numSpeed":"0.000000","numAccel":"0","numDecel":"0","currentPos":"0","startPos":"0","endPos":"0"}
[2026-01-15 12:23:12.073480] [debug] WebSocketServer: Broadcasting to 1 clients: {"server_time":"2026-01-15 12:23:12","timestamp":"1768468992073","isConnected":"True","numBoard":"0","numSteps":"0","numSpeed":"0.000000","numAccel":"0","numDecel":"0","currentPos":"0","startPos":"0","endPos":"0"}
[2026-01-15 12:23:13.073829] [debug] WebSocketServer: Broadcasting to 1 clients: {"server_time":"2026-01-15 12:23:13","timestamp":"1768468993073","isConnected":"True","numBoard":"0","numSteps":"0","numSpeed":"0.000000","numAccel":"0","numDecel":"0","currentPos":"0","startPos":"0","endPos":"0"}
[2026-01-15 12:23:14.074131] [debug] WebSocketServer: Broadcasting to 1 clients: {"server_time":"2026-01-15 12:23:14","timestamp":"1768468994074","isConnected":"True","numBoard":"0","numSteps":"0","numSpeed":"0.000000","numAccel":"0","numDecel":"0","currentPos":"0","startPos":"0","endPos":"0"}
[2026-01-15 12:23:15.074437] [debug] WebSocketServer: Broadcasting to 1 clients: {"server_time":"2026-01-15 12:23:15","timestamp":"1768468995074","isConnected":"True","numBoard":"0","numSteps":"0","numSpeed":"0.000000","numAccel":"0","numDecel":"0","currentPos":"0","startPos":"0","endPos":"0"}
[2026-01-15 12:23:16.074704] [debug] WebSocketServer: Broadcasting to 1 clients: {"server_time":"2026-01-15 12:23:16","timestamp":"1768468996074","isConnected":"True","numBoard":"0","numSteps":"0","numSpeed":"0.000000","numAccel":"0","numDecel":"0","currentPos":"0","startPos":"0","endPos":"0"}
[2026-01-15 12:23:17.075044] [debug] WebSocketServer: Broadcasting to 1 clients: {"server_time":"2026-01-15 12:23:17","timestamp":"1768468997074","isConnected":"True","numBoard":"0","numSteps":"0","numSpeed":"0.000000","numAccel":"0","numDecel":"0","currentPos":"0","startPos":"0","endPos":"0"}
[2026-01-15 12:23:18.075409] [debug] WebSocketServer: Broadcasting to 1 clients: {"server_time":"2026-01-15 12:23:18","timestamp":"1768468998075","isConnected":"True","numBoard":"0","numSteps":"0","numSpeed":"0.000000","numAccel":"0","numDecel":"0","currentPos":"0","startPos":"0","endPos":"0"}
[2026-01-15 12:23:19.075707] [debug] WebSocketServer: Broadcasting to 1 clients: {"server_time":"2026-01-15 12:23:19","timestamp":"1768468999075","isConnected":"True","numBoard":"0","numSteps":"0","numSpeed":"0.000000","numAccel":"0","numDecel":"0","currentPos":"0","startPos":"0","endPos":"0"}
[2026-01-15 12:23:20.075981] [debug] WebSocketServer: Broadcasting to 1 clients: {"server_time":"2026-01-15 12:23:20","timestamp":"1768469000075","isConnected":"True","numBoard":"0","numSteps":"0","numSpeed":"0.000000","numAccel":"0","numDecel":"0","currentPos":"0","startPos":"0","endPos":"0"}
[2026-01-15 12:23:21.076315] [debug] WebSocketServer: Broadcasting to 1 clients: {"server_time":"2026-01-15 12:23:21","timestamp":"1768469001076","isConnected":"True","numBoard":"0","numSteps":"0","numSpeed":"0.000000","numAccel":"0","numDecel":"0","currentPos":"0","startPos":"0","endPos":"0"}
[2026-01-15 12:23:22.076665] [debug] WebSocketServer: Broadcasting to 1 clients: {"server_time":"2026-01-15 12:23:22","timestamp":"1768469002076","isConnected":"True","numBoard":"0","numSteps":"0","numSpeed":"0.000000","numAccel":"0","numDecel":"0","currentPos":"0","startPos":"0","endPos":"0"}
[2026-01-15 12:23:23.076953] [debug] WebSocketServer: Broadcasting to 1 clients: {"server_time":"2026-01-15 12:23:23","timestamp":"1768469003076","isConnected":"True","numBoard":"0","numSteps":"0","numSpeed":"0.000000","numAccel":"0","numDecel":"0","currentPos":"0","startPos":"0","endPos":"0"}
[2026-01-15 12:23:24.077217] [debug] WebSocketServer: Broadcasting to 1 clients: {"server_time":"2026-01-15 12:23:24","timestamp":"1768469004077","isConnected":"True","numBoard":"0","numSteps":"0","numSpeed":"0.000000","numAccel":"0","numDecel":"0","currentPos":"0","startPos":"0","endPos":"0"}
[2026-01-15 12:23:25.077500] [debug] WebSocketServer: Broadcasting to 1 clients: {"server_time":"2026-01-15 12:23:25","timestamp":"1768469005077","isConnected":"True","numBoard":"0","numSteps":"0","numSpeed":"0.000000","numAccel":"0","numDecel":"0","currentPos":"0","startPos":"0","endPos":"0"}
[2026-01-15 12:23:26.077816] [debug] WebSocketServer: Broadcasting to 1 clients: {"server_time":"2026-01-15 12:23:26","timestamp":"1768469006077","isConnected":"True","numBoard":"0","numSteps":"0","numSpeed":"0.000000","numAccel":"0","numDecel":"0","currentPos":"0","startPos":"0","endPos":"0"}
[2026-01-15 12:23:27.078155] [debug] WebSocketServer: Broadcasting to 1 clients: {"server_time":"2026-01-15 12:23:27","timestamp":"1768469007078","isConnected":"True","numBoard":"0","numSteps":"0","numSpeed":"0.000000","numAccel":"0","numDecel":"0","currentPos":"0","startPos":"0","endPos":"0"}
[2026-01-15 12:23:28.078453] [debug] WebSocketServer: Broadcasting to 1 clients: {"server_time":"2026-01-15 12:23:28","timestamp":"1768469008078","isConnected":"True","numBoard":"0","numSteps":"0","numSpeed":"0.000000","numAccel":"0","numDecel":"0","currentPos":"0","startPos":"0","endPos":"0"}
[2026-01-15 12:23:29.078760] [debug] WebSocketServer: Broadcasting to 1 clients: {"server_time":"2026-01-15 12:23:29","timestamp":"1768469009078","isConnected":"True","numBoard":"0","numSteps":"0","numSpeed":"0.000000","numAccel":"0","numDecel":"0","currentPos":"0","startPos":"0","endPos":"0"}
[2026-01-15 12:23:30.079048] [debug] WebSocketServer: Broadcasting to 1 clients: {"server_time":"2026-01-15 12:23:30","timestamp":"1768469010078","isConnected":"True","numBoard":"0","numSteps":"0","numSpeed":"0.000000","numAccel":"0","numDecel":"0","currentPos":"0","startPos":"0","endPos":"0"}
[2026-01-15 12:23:31.079904] [debug] WebSocketServer: Broadcasting to 1 clients: {"server_time":"2026-01-15 12:23:31","timestamp":"1768469011079","isConnected":"True","numBoard":"0","numSteps":"0","numSpeed":"0.000000","numAccel":"0","numDecel":"0","currentPos":"0","startPos":"0","endPos":"0"}
[2026-01-15 12:23:32.080207] [debug] WebSocketServer: Broadcasting to 1 clients: {"server_time":"2026-01-15 12:23:32","timestamp":"1768469012080","isConnected":"True","numBoard":"0","numSteps":"0","numSpeed":"0.000000","numAccel":"0","numDecel":"0","currentPos":"0","startPos":"0","endPos":"0"}
[2026-01-15 12:23:33.080522] [debug] WebSocketServer: Broadcasting to 1 clients: {"server_time":"2026-01-15 12:23:33","timestamp":"1768469013080","isConnected":"True","numBoard":"0","numSteps":"0","numSpeed":"0.000000","numAccel":"0","numDecel":"0","currentPos":"0","startPos":"0","endPos":"0"}
[2026-01-15 12:23:34.080914] [debug] WebSocketServer: Broadcasting to 1 clients: {"server_time":"2026-01-15 12:23:34","timestamp":"1768469014080","isConnected":"True","numBoard":"0","numSteps":"0","numSpeed":"0.000000","numAccel":"0","numDecel":"0","currentPos":"0","startPos":"0","endPos":"0"}
[2026-01-15 12:23:35.081257] [debug] WebSocketServer: Broadcasting to 1 clients: {"server_time":"2026-01-15 12:23:35","timestamp":"1768469015081","isConnected":"True","numBoard":"0","numSteps":"0","numSpeed":"0.000000","numAccel":"0","numDecel":"0","currentPos":"0","startPos":"0","endPos":"0"}
[2026-01-15 12:23:36.081558] [debug] WebSocketServer: Broadcasting to 1 clients: {"server_time":"2026-01-15 12:23:36","timestamp":"1768469016081","isConnected":"True","numBoard":"0","numSteps":"0","numSpeed":"0.000000","numAccel":"0","numDecel":"0","currentPos":"0","startPos":"0","endPos":"0"}
[2026-01-15 12:23:37.081828] [debug] WebSocketServer: Broadcasting to 1 clients: {"server_time":"2026-01-15 12:23:37","timestamp":"1768469017081","isConnected":"True","numBoard":"0","numSteps":"0","numSpeed":"0.000000","numAccel":"0","numDecel":"0","currentPos":"0","startPos":"0","endPos":"0"}
[2026-01-15 12:23:38.082113] [debug] WebSocketServer: Broadcasting to 1 clients: {"server_time":"2026-01-15 12:23:38","timestamp":"1768469018082","isConnected":"True","numBoard":"0","numSteps":"0","numSpeed":"0.000000","numAccel":"0","numDecel":"0","currentPos":"0","startPos":"0","endPos":"0"}
[2026-01-15 12:23:39.082419] [debug] WebSocketServer: Broadcasting to 1 clients: {"server_time":"2026-01-15 12:23:39","timestamp":"1768469019082","isConnected":"True","numBoard":"0","numSteps":"0","numSpeed":"0.000000","numAccel":"0","numDecel":"0","currentPos":"0","startPos":"0","endPos":"0"}
[2026-01-15 12:23:40.082701] [debug] WebSocketServer: Broadcasting to 1 clients: {"server_time":"2026-01-15 12:23:40","timestamp":"1768469020082","isConnected":"True","numBoard":"0","numSteps":"0","numSpeed":"0.000000","numAccel":"0","numDecel":"0","currentPos":"0","startPos":"0","endPos":"0"}
[2026-01-15 12:23:41.082997] [debug] WebSocketServer: Broadcasting to 1 clients: {"server_time":"2026-01-15 12:23:41","timestamp":"1768469021082","isConnected":"True","numBoard":"0","numSteps":"0","numSpeed":"0.000000","numAccel":"0","numDecel":"0","currentPos":"0","startPos":"0","endPos":"0"}
[2026-01-15 12:23:42.083635] [debug] WebSocketServer: Broadcasting to 1 clients: {"server_time":"2026-01-15 12:23:42","timestamp":"1768469022083","isConnected":"True","numBoard":"0","numSteps":"0","numSpeed":"0.000000","numAccel":"0","numDecel":"0","currentPos":"0","startPos":"0","endPos":"0"}
[2026-01-15 12:23:43.083965] [debug] WebSocketServer: Broadcasting to 1 clients: {"server_time":"2026-01-15 12:23:43","timestamp":"1768469023083","isConnected":"True","numBoard":"0","numSteps":"0","numSpeed":"0.000000","numAccel":"0","numDecel":"0","currentPos":"0","startPos":"0","endPos":"0"}
[2026-01-15 12:23:44.084229] [debug] WebSocketServer: Broadcasting to 1 clients: {"server_time":"2026-01-15 12:23:44","timestamp":"1768469024084","isConnected":"True","numBoard":"0","numSteps":"0","numSpeed":"0.000000","numAccel":"0","numDecel":"0","currentPos":"0","startPos":"0","endPos":"0"}
[2026-01-15 12:23:45.085219] [debug] WebSocketServer: Broadcasting to 1 clients: {"server_time":"2026-01-15 12:23:45","timestamp":"1768469025085","isConnected":"True","numBoard":"0","numSteps":"0","numSpeed":"0.000000","numAccel":"0","numDecel":"0","currentPos":"0","startPos":"0","endPos":"0"}
[2026-01-15 12:23:46.085491] [debug] WebSocketServer: Broadcasting to 1 clients: {"server_time":"2026-01-15 12:23:46","timestamp":"1768469026085","isConnected":"True","numBoard":"0","numSteps":"0","numSpeed":"0.000000","numAccel":"0","numDecel":"0","currentPos":"0","startPos":"0","endPos":"0"}
[2026-01-15 12:23:47.085825] [debug] WebSocketServer: Broadcasting to 1 clients: {"server_time":"2026-01-15 12:23:47","timestamp":"1768469027085","isConnected":"True","numBoard":"0","numSteps":"0","numSpeed":"0.000000","numAccel":"0","numDecel":"0","currentPos":"0","startPos":"0","endPos":"0"}
[2026-01-15 12:23:48.086102] [debug] WebSocketServer: Broadcasting to 1 clients: {"server_time":"2026-01-15 12:23:48","timestamp":"1768469028086","isConnected":"True","numBoard":"0","numSteps":"0","numSpeed":"0.000000","numAccel":"0","numDecel":"0","currentPos":"0","startPos":"0","endPos":"0"}
[2026-01-15 12:23:49.086489] [debug] WebSocketServer: Broadcasting to 1 clients: {"server_time":"2026-01-15 12:23:49","timestamp":"1768469029086","isConnected":"True","numBoard":"0","numSteps":"0","numSpeed":"0.000000","numAccel":"0","numDecel":"0","currentPos":"0","startPos":"0","endPos":"0"}
[2026-01-15 12:23:50.086817] [debug] WebSocketServer: Broadcasting to 1 clients: {"server_time":"2026-01-15 12:23:50","timestamp":"1768469030086","isConnected":"True","numBoard":"0","numSteps":"0","numSpeed":"0.000000","numAccel":"0","numDecel":"0","currentPos":"0","startPos":"0","endPos":"0"}
[2026-01-15 12:23:51.087108] [debug] WebSocketServer: Broadcasting to 1 clients: {"server_time":"2026-01-15 12:23:51","timestamp":"1768469031087","isConnected":"True","numBoard":"0","numSteps":"0","numSpeed":"0.000000","numAccel":"0","numDecel":"0","currentPos":"0","startPos":"0","endPos":"0"}
[2026-01-15 12:23:52.087408] [debug] WebSocketServer: Broadcasting to 1 clients: {"server_time":"2026-01-15 12:23:52","timestamp":"1768469032087","isConnected":"True","numBoard":"0","numSteps":"0","numSpeed":"0.000000","numAccel":"0","numDecel":"0","currentPos":"0","startPos":"0","endPos":"0"}
[2026-01-15 12:23:53.087790] [debug] WebSocketServer: Broadcasting to 1 clients: {"server_time":"2026-01-15 12:23:53","timestamp":"1768469033087","isConnected":"True","numBoard":"0","numSteps":"0","numSpeed":"0.000000","numAccel":"0","numDecel":"0","currentPos":"0","startPos":"0","endPos":"0"}
[2026-01-15 12:23:54.088046] [debug] WebSocketServer: Broadcasting to 1 clients: {"server_time":"2026-01-15 12:23:54","timestamp":"1768469034087","isConnected":"True","numBoard":"0","numSteps":"0","numSpeed":"0.000000","numAccel":"0","numDecel":"0","currentPos":"0","startPos":"0","endPos":"0"}
[2026-01-15 12:23:55.088323] [debug] WebSocketServer: Broadcasting to 1 clients: {"server_time":"2026-01-15 12:23:55","timestamp":"1768469035088","isConnected":"True","numBoard":"0","numSteps":"0","numSpeed":"0.000000","numAccel":"0","numDecel":"0","currentPos":"0","startPos":"0","endPos":"0"}
[2026-01-15 12:23:56.088582] [debug] WebSocketServer: Broadcasting to 1 clients: {"server_time":"2026-01-15 12:23:56","timestamp":"1768469036088","isConnected":"True","numBoard":"0","numSteps":"0","numSpeed":"0.000000","numAccel":"0","numDecel":"0","currentPos":"0","startPos":"0","endPos":"0"}
[2026-01-15 12:23:57.088843] [debug] WebSocketServer: Broadcasting to 1 clients: {"server_time":"2026-01-15 12:23:57","timestamp":"1768469037088","isConnected":"True","numBoard":"0","numSteps":"0","numSpeed":"0.000000","numAccel":"0","numDecel":"0","currentPos":"0","startPos":"0","endPos":"0"}
[2026-01-15 12:23:58.089102] [debug] WebSocketServer: Broadcasting to 1 clients: {"server_time":"2026-01-15 12:23:58","timestamp":"1768469038089","isConnected":"True","numBoard":"0","numSteps":"0","numSpeed":"0.000000","numAccel":"0","numDecel":"0","currentPos":"0","startPos":"0","endPos":"0"}
[2026-01-15 12:23:59.089385] [debug] WebSocketServer: Broadcasting to 1 clients: {"server_time":"2026-01-15 12:23:59","timestamp":"1768469039089","isConnected":"True","numBoard":"0","numSteps":"0","numSpeed":"0.000000","numAccel":"0","numDecel":"0","currentPos":"0","startPos":"0","endPos":"0"}
[2026-01-15 12:24:00.089673] [debug] WebSocketServer: Broadcasting to 1 clients: {"server_time":"2026-01-15 12:24:00","timestamp":"1768469040089","isConnected":"True","numBoard":"0","numSteps":"0","numSpeed":"0.000000","numAccel":"0","numDecel":"0","currentPos":"0","startPos":"0","endPos":"0"}
[2026-01-15 12:24:01.090018] [debug] WebSocketServer: Broadcasting to 1 clients: {"server_time":"2026-01-15 12:24:01","timestamp":"1768469041089","isConnected":"True","numBoard":"0","numSteps":"0","numSpeed":"0.000000","numAccel":"0","numDecel":"0","currentPos":"0","startPos":"0","endPos":"0"}
[2026-01-15 12:24:02.090345] [debug] WebSocketServer: Broadcasting to 1 clients: {"server_time":"2026-01-15 12:24:02","timestamp":"1768469042090","isConnected":"True","numBoard":"0","numSteps":"0","numSpeed":"0.000000","numAccel":"0","numDecel":"0","currentPos":"0","startPos":"0","endPos":"0"}
[2026-01-15 12:24:03.090830] [debug] WebSocketServer: Broadcasting to 1 clients: {"server_time":"2026-01-15 12:24:03","timestamp":"1768469043090","isConnected":"True","numBoard":"0","numSteps":"0","numSpeed":"0.000000","numAccel":"0","numDecel":"0","currentPos":"0","startPos":"0","endPos":"0"}
[2026-01-15 12:24:04.091115] [debug] WebSocketServer: Broadcasting to 1 clients: {"server_time":"2026-01-15 12:24:04","timestamp":"1768469044091","isConnected":"True","numBoard":"0","numSteps":"0","numSpeed":"0.000000","numAccel":"0","numDecel":"0","currentPos":"0","startPos":"0","endPos":"0"}
[2026-01-15 12:24:05.091437] [debug] WebSocketServer: Broadcasting to 1 clients: {"server_time":"2026-01-15 12:24:05","timestamp":"1768469045091","isConnected":"True","numBoard":"0","numSteps":"0","numSpeed":"0.000000","numAccel":"0","numDecel":"0","currentPos":"0","startPos":"0","endPos":"0"}
[2026-01-15 12:24:06.091729] [debug] WebSocketServer: Broadcasting to 1 clients: {"server_time":"2026-01-15 12:24:06","timestamp":"1768469046091","isConnected":"True","numBoard":"0","numSteps":"0","numSpeed":"0.000000","numAccel":"0","numDecel":"0","currentPos":"0","startPos":"0","endPos":"0"}
[2026-01-15 12:24:07.092015] [debug] WebSocketServer: Broadcasting to 1 clients: {"server_time":"2026-01-15 12:24:07","timestamp":"1768469047091","isConnected":"True","numBoard":"0","numSteps":"0","numSpeed":"0.000000","numAccel":"0","numDecel":"0","currentPos":"0","startPos":"0","endPos":"0"}
[2026-01-15 12:24:08.092349] [debug] WebSocketServer: Broadcasting to 1 clients: {"server_time":"2026-01-15 12:24:08","timestamp":"1768469048092","isConnected":"True","numBoard":"0","numSteps":"0","numSpeed":"0.000000","numAccel":"0","numDecel":"0","currentPos":"0","startPos":"0","endPos":"0"}
[2026-01-15 12:24:09.092782] [debug] WebSocketServer: Broadcasting to 1 clients: {"server_time":"2026-01-15 12:24:09","timestamp":"1768469049092","isConnected":"True","numBoard":"0","numSteps":"0","numSpeed":"0.000000","numAccel":"0","numDecel":"0","currentPos":"0","startPos":"0","endPos":"0"}
[2026-01-15 12:24:10.093065] [debug] WebSocketServer: Broadcasting to 1 clients: {"server_time":"2026-01-15 12:24:10","timestamp":"1768469050093","isConnected":"True","numBoard":"0","numSteps":"0","numSpeed":"0.000000","numAccel":"0","numDecel":"0","currentPos":"0","startPos":"0","endPos":"0"}
[2026-01-15 12:24:11.093359] [debug] WebSocketServer: Broadcasting to 1 clients: {"server_time":"2026-01-15 12:24:11","timestamp":"1768469051093","isConnected":"True","numBoard":"0","numSteps":"0","numSpeed":"0.000000","numAccel":"0","numDecel":"0","currentPos":"0","startPos":"0","endPos":"0"}
[2026-01-15 12:24:12.093632] [debug] WebSocketServer: Broadcasting to 1 clients: {"server_time":"2026-01-15 12:24:12","timestamp":"1768469052093","isConnected":"True","numBoard":"0","numSteps":"0","numSpeed":"0.000000","numAccel":"0","numDecel":"0","currentPos":"0","startPos":"0","endPos":"0"}
[2026-01-15 12:24:13.093914] [debug] WebSocketServer: Broadcasting to 1 clients: {"server_time":"2026-01-15 12:24:13","timestamp":"1768469053093","isConnected":"True","numBoard":"0","numSteps":"0","numSpeed":"0.000000","numAccel":"0","numDecel":"0","currentPos":"0","startPos":"0","endPos":"0"}
[2026-01-15 12:24:14.094226] [debug] WebSocketServer: Broadcasting to 1 clients: {"server_time":"2026-01-15 12:24:14","timestamp":"1768469054094","isConnected":"True","numBoard":"0","numSteps":"0","numSpeed":"0.000000","numAccel":"0","numDecel":"0","currentPos":"0","startPos":"0","endPos":"0"}
[2026-01-15 12:24:15.094574] [debug] WebSocketServer: Broadcasting to 1 clients: {"server_time":"2026-01-15 12:24:15","timestamp":"1768469055094","isConnected":"True","numBoard":"0","numSteps":"0","numSpeed":"0.000000","numAccel":"0","numDecel":"0","currentPos":"0","startPos":"0","endPos":"0"}
[2026-01-15 12:24:16.094878] [debug] WebSocketServer: Broadcasting to 1 clients: {"server_time":"2026-01-15 12:24:16","timestamp":"1768469056094","isConnected":"True","numBoard":"0","numSteps":"0","numSpeed":"0.000000","numAccel":"0","numDecel":"0","currentPos":"0","startPos":"0","endPos":"0"}
[2026-01-15 12:24:17.095227] [debug] WebSocketServer: Broadcasting to 1 clients: {"server_time":"2026-01-15 12:24:17","timestamp":"1768469057095","isConnected":"True","numBoard":"0","numSteps":"0","numSpeed":"0.000000","numAccel":"0","numDecel":"0","currentPos":"0","startPos":"0","endPos":"0"}
[2026-01-15 12:24:18.095538] [debug] WebSocketServer: Broadcasting to 1 clients: {"server_time":"2026-01-15 12:24:18","timestamp":"1768469058095","isConnected":"True","numBoard":"0","numSteps":"0","numSpeed":"0.000000","numAccel":"0","numDecel":"0","currentPos":"0","startPos":"0","endPos":"0"}
[2026-01-15 12:24:19.095829] [debug] WebSocketServer: Broadcasting to 1 clients: {"server_time":"2026-01-15 12:24:19","timestamp":"1768469059095","isConnected":"True","numBoard":"0","numSteps":"0","numSpeed":"0.000000","numAccel":"0","numDecel":"0","currentPos":"0","startPos":"0","endPos":"0"}
[2026-01-15 12:24:20.096115] [debug] WebSocketServer: Broadcasting to 1 clients: {"server_time":"2026-01-15 12:24:20","timestamp":"1768469060096","isConnected":"True","numBoard":"0","numSteps":"0","numSpeed":"0.000000","numAccel":"0","numDecel":"0","currentPos":"0","startPos":"0","endPos":"0"}
[2026-01-15 12:24:21.096413] [debug] WebSocketServer: Broadcasting to 1 clients: {"server_time":"2026-01-15 12:24:21","timestamp":"1768469061096","isConnected":"True","numBoard":"0","numSteps":"0","numSpeed":"0.000000","numAccel":"0","numDecel":"0","currentPos":"0","startPos":"0","endPos":"0"}
[2026-01-15 12:24:22.096706] [debug] WebSocketServer: Broadcasting to 1 clients: {"server_time":"2026-01-15 12:24:22","timestamp":"1768469062096","isConnected":"True","numBoard":"0","numSteps":"0","numSpeed":"0.000000","numAccel":"0","numDecel":"0","currentPos":"0","startPos":"0","endPos":"0"}
[2026-01-15 12:24:23.097054] [debug] WebSocketServer: Broadcasting to 1 clients: {"server_time":"2026-01-15 12:24:23","timestamp":"1768469063097","isConnected":"True","numBoard":"0","numSteps":"0","numSpeed":"0.000000","numAccel":"0","numDecel":"0","currentPos":"0","startPos":"0","endPos":"0"}
[2026-01-15 12:24:24.097333] [debug] WebSocketServer: Broadcasting to 1 clients: {"server_time":"2026-01-15 12:24:24","timestamp":"1768469064097","isConnected":"True","numBoard":"0","numSteps":"0","numSpeed":"0.000000","numAccel":"0","numDecel":"0","currentPos":"0","startPos":"0","endPos":"0"}
[2026-01-15 12:24:25.097650] [debug] WebSocketServer: Broadcasting to 1 clients: {"server_time":"2026-01-15 12:24:25","timestamp":"1768469065097","isConnected":"True","numBoard":"0","numSteps":"0","numSpeed":"0.000000","numAccel":"0","numDecel":"0","currentPos":"0","startPos":"0","endPos":"0"}
[2026-01-15 12:24:26.097938] [debug] WebSocketServer: Broadcasting to 1 clients: {"server_time":"2026-01-15 12:24:26","timestamp":"1768469066097","isConnected":"True","numBoard":"0","numSteps":"0","numSpeed":"0.000000","numAccel":"0","numDecel":"0","currentPos":"0","startPos":"0","endPos":"0"}
[2026-01-15 12:24:27.098245] [debug] WebSocketServer: Broadcasting to 1 clients: {"server_time":"2026-01-15 12:24:27","timestamp":"1768469067098","isConnected":"True","numBoard":"0","numSteps":"0","numSpeed":"0.000000","numAccel":"0","numDecel":"0","currentPos":"0","startPos":"0","endPos":"0"}
[2026-01-15 12:24:28.098546] [debug] WebSocketServer: Broadcasting to 1 clients: {"server_time":"2026-01-15 12:24:28","timestamp":"1768469068098","isConnected":"True","numBoard":"0","numSteps":"0","numSpeed":"0.000000","numAccel":"0","numDecel":"0","currentPos":"0","startPos":"0","endPos":"0"}
[2026-01-15 12:24:29.098850] [debug] WebSocketServer: Broadcasting to 1 clients: {"server_time":"2026-01-15 12:24:29","timestamp":"1768469069098","isConnected":"True","numBoard":"0","numSteps":"0","numSpeed":"0.000000","numAccel":"0","numDecel":"0","currentPos":"0","startPos":"0","endPos":"0"}
[2026-01-15 12:24:30.099137] [debug] WebSocketServer: Broadcasting to 1 clients: {"server_time":"2026-01-15 12:24:30","timestamp":"1768469070099","isConnected":"True","numBoard":"0","numSteps":"0","numSpeed":"0.000000","numAccel":"0","numDecel":"0","currentPos":"0","startPos":"0","endPos":"0"}
[2026-01-15 12:24:31.099446] [debug] WebSocketServer: Broadcasting to 1 clients: {"server_time":"2026-01-15 12:24:31","timestamp":"1768469071099","isConnected":"True","numBoard":"0","numSteps":"0","numSpeed":"0.000000","numAccel":"0","numDecel":"0","currentPos":"0","startPos":"0","endPos":"0"}
[2026-01-15 12:24:32.099768] [debug] WebSocketServer: Broadcasting to 1 clients: {"server_time":"2026-01-15 12:24:32","timestamp":"1768469072099","isConnected":"True","numBoard":"0","numSteps":"0","numSpeed":"0.000000","numAccel":"0","numDecel":"0","currentPos":"0","startPos":"0","endPos":"0"}
[2026-01-15 12:24:33.100072] [debug] WebSocketServer: Broadcasting to 1 clients: {"server_time":"2026-01-15 12:24:33","timestamp":"1768469073100","isConnected":"True","numBoard":"0","numSteps":"0","numSpeed":"0.000000","numAccel":"0","numDecel":"0","currentPos":"0","startPos":"0","endPos":"0"}
[2026-01-15 12:24:34.100375] [debug] WebSocketServer: Broadcasting to 1 clients: {"server_time":"2026-01-15 12:24:34","timestamp":"1768469074100","isConnected":"True","numBoard":"0","numSteps":"0","numSpeed":"0.000000","numAccel":"0","numDecel":"0","currentPos":"0","startPos":"0","endPos":"0"}
[2026-01-15 12:24:35.100707] [debug] WebSocketServer: Broadcasting to 1 clients: {"server_time":"2026-01-15 12:24:35","timestamp":"1768469075100","isConnected":"True","numBoard":"0","numSteps":"0","numSpeed":"0.000000","numAccel":"0","numDecel":"0","currentPos":"0","startPos":"0","endPos":"0"}
[2026-01-15 12:24:36.101001] [debug] WebSocketServer: Broadcasting to 1 clients: {"server_time":"2026-01-15 12:24:36","timestamp":"1768469076100","isConnected":"True","numBoard":"0","numSteps":"0","numSpeed":"0.000000","numAccel":"0","numDecel":"0","currentPos":"0","startPos":"0","endPos":"0"}
[2026-01-15 12:24:37.101318] [debug] WebSocketServer: Broadcasting to 1 clients: {"server_time":"2026-01-15 12:24:37","timestamp":"1768469077101","isConnected":"True","numBoard":"0","numSteps":"0","numSpeed":"0.000000","numAccel":"0","numDecel":"0","currentPos":"0","startPos":"0","endPos":"0"}
[2026-01-15 12:24:38.101789] [debug] WebSocketServer: Broadcasting to 1 clients: {"server_time":"2026-01-15 12:24:38","timestamp":"1768469078101","isConnected":"True","numBoard":"0","numSteps":"0","numSpeed":"0.000000","numAccel":"0","numDecel":"0","currentPos":"0","startPos":"0","endPos":"0"}
[2026-01-15 12:24:39.102274] [debug] WebSocketServer: Broadcasting to 1 clients: {"server_time":"2026-01-15 12:24:39","timestamp":"1768469079102","isConnected":"True","numBoard":"0","numSteps":"0","numSpeed":"0.000000","numAccel":"0","numDecel":"0","currentPos":"0","startPos":"0","endPos":"0"}
[2026-01-15 12:24:40.102559] [debug] WebSocketServer: Broadcasting to 1 clients: {"server_time":"2026-01-15 12:24:40","timestamp":"1768469080102","isConnected":"True","numBoard":"0","numSteps":"0","numSpeed":"0.000000","numAccel":"0","numDecel":"0","currentPos":"0","startPos":"0","endPos":"0"}
[2026-01-15 12:24:41.102861] [debug] WebSocketServer: Broadcasting to 1 clients: {"server_time":"2026-01-15 12:24:41","timestamp":"1768469081102","isConnected":"True","numBoard":"0","numSteps":"0","numSpeed":"0.000000","numAccel":"0","numDecel":"0","currentPos":"0","startPos":"0","endPos":"0"}
[2026-01-15 12:24:42.103170] [debug] WebSocketServer: Broadcasting to 1 clients: {"server_time":"2026-01-15 12:24:42","timestamp":"1768469082103","isConnected":"True","numBoard":"0","numSteps":"0","numSpeed":"0.000000","numAccel":"0","numDecel":"0","currentPos":"0","startPos":"0","endPos":"0"}
[2026-01-15 12:24:43.103454] [debug] WebSocketServer: Broadcasting to 1 clients: {"server_time":"2026-01-15 12:24:43","timestamp":"1768469083103","isConnected":"True","numBoard":"0","numSteps":"0","numSpeed":"0.000000","numAccel":"0","numDecel":"0","currentPos":"0","startPos":"0","endPos":"0"}
[2026-01-15 12:24:44.103733] [debug] WebSocketServer: Broadcasting to 1 clients: {"server_time":"2026-01-15 12:24:44","timestamp":"1768469084103","isConnected":"True","numBoard":"0","numSteps":"0","numSpeed":"0.000000","numAccel":"0","numDecel":"0","currentPos":"0","startPos":"0","endPos":"0"}
[2026-01-15 12:24:44.140798] [info] WebSocket client disconnected (ENOTCONN)
[2026-01-15 12:24:44.140906] [info] Session removed. Active clients: 0
[2026-01-15 12:24:44.140936] [info] WebSocket session destroyed
[2026-01-15 14:01:18.585911] [info] RestApiServer created on port 8080
[2026-01-15 14:01:18.592653] [info] WebSocketServer created on port 8081
[2026-01-15 14:01:18.592848] [info] WebSocketServer: Started auto updates with interval 1000ms
[2026-01-15 14:01:18.592862] [info] WebSocketServer starting on port 8081
[2026-01-15 14:01:18.592896] [info] Run RestApiServer on port 8080
[2026-01-15 14:01:18.592896] [info] WebSocketServer: Auto update worker started
[2026-01-15 14:01:21.397248] [info] WebSocket client connected. Total clients: 1
[2026-01-15 14:01:21.593333] [debug] WebSocketServer: Broadcasting to 1 clients: {"server_time":"2026-01-15 14:01:21","timestamp":"1768474881593","isConnected":"False","numBoard":"0","numSteps":"0","numSpeed":"0.000000","numAccel":"0","numDecel":"0","currentPos":"0","startPos":"0","endPos":"0"}
[2026-01-15 14:01:22.593616] [debug] WebSocketServer: Broadcasting to 1 clients: {"server_time":"2026-01-15 14:01:22","timestamp":"1768474882593","isConnected":"False","numBoard":"0","numSteps":"0","numSpeed":"0.000000","numAccel":"0","numDecel":"0","currentPos":"0","startPos":"0","endPos":"0"}
[2026-01-15 14:01:23.593896] [debug] WebSocketServer: Broadcasting to 1 clients: {"server_time":"2026-01-15 14:01:23","timestamp":"1768474883593","isConnected":"False","numBoard":"0","numSteps":"0","numSpeed":"0.000000","numAccel":"0","numDecel":"0","currentPos":"0","startPos":"0","endPos":"0"}
[2026-01-15 14:01:24.594233] [debug] WebSocketServer: Broadcasting to 1 clients: {"server_time":"2026-01-15 14:01:24","timestamp":"1768474884594","isConnected":"False","numBoard":"0","numSteps":"0","numSpeed":"0.000000","numAccel":"0","numDecel":"0","currentPos":"0","startPos":"0","endPos":"0"}
[2026-01-15 14:01:25.594513] [debug] WebSocketServer: Broadcasting to 1 clients: {"server_time":"2026-01-15 14:01:25","timestamp":"1768474885594","isConnected":"False","numBoard":"0","numSteps":"0","numSpeed":"0.000000","numAccel":"0","numDecel":"0","currentPos":"0","startPos":"0","endPos":"0"}
[2026-01-15 14:01:26.021439] [info] GET /api/connect
[2026-01-15 14:01:26.594788] [debug] WebSocketServer: Broadcasting to 1 clients: {"server_time":"2026-01-15 14:01:26","timestamp":"1768474886594","isConnected":"False","numBoard":"0","numSteps":"0","numSpeed":"0.000000","numAccel":"0","numDecel":"0","currentPos":"0","startPos":"0","endPos":"0"}
[2026-01-15 14:01:27.041348] [info] POST /api/board/set {"numBoard":0}
[2026-01-15 14:01:27.595055] [debug] WebSocketServer: Broadcasting to 1 clients: {"server_time":"2026-01-15 14:01:27","timestamp":"1768474887595","isConnected":"False","numBoard":"0","numSteps":"0","numSpeed":"0.000000","numAccel":"0","numDecel":"0","currentPos":"0","startPos":"0","endPos":"0"}
[2026-01-15 14:01:28.595326] [debug] WebSocketServer: Broadcasting to 1 clients: {"server_time":"2026-01-15 14:01:28","timestamp":"1768474888595","isConnected":"False","numBoard":"0","numSteps":"0","numSpeed":"0.000000","numAccel":"0","numDecel":"0","currentPos":"0","startPos":"0","endPos":"0"}
[2026-01-15 14:01:29.176265] [info] POST /api/flash/type/save {"type":"CAN-STEP"}
[2026-01-15 14:01:29.595598] [debug] WebSocketServer: Broadcasting to 1 clients: {"server_time":"2026-01-15 14:01:29","timestamp":"1768474889595","isConnected":"False","numBoard":"0","numSteps":"0","numSpeed":"0.000000","numAccel":"0","numDecel":"0","currentPos":"0","startPos":"0","endPos":"0"}
[2026-01-15 14:01:29.687267] [info] POST /api/flash/type/set {"type":"CAN-STEP"}
[2026-01-15 14:01:30.056303] [info] POST /api/flash/run {"filename":"../firmware/STM32F103C8T6CAN_Step_v2_5_295.bin"}
[2026-01-15 14:01:30.595900] [debug] WebSocketServer: Broadcasting to 1 clients: {"server_time":"2026-01-15 14:01:30","timestamp":"1768474890595","isConnected":"False","numBoard":"0","numSteps":"0","numSpeed":"0.000000","numAccel":"0","numDecel":"0","currentPos":"0","startPos":"0","endPos":"0"}
[2026-01-15 14:01:31.596186] [debug] WebSocketServer: Broadcasting to 1 clients: {"server_time":"2026-01-15 14:01:31","timestamp":"1768474891596","isConnected":"False","numBoard":"0","numSteps":"0","numSpeed":"0.000000","numAccel":"0","numDecel":"0","currentPos":"0","startPos":"0","endPos":"0"}
[2026-01-15 14:01:32.596489] [debug] WebSocketServer: Broadcasting to 1 clients: {"server_time":"2026-01-15 14:01:32","timestamp":"1768474892596","isConnected":"False","numBoard":"0","numSteps":"0","numSpeed":"0.000000","numAccel":"0","numDecel":"0","currentPos":"0","startPos":"0","endPos":"0"}
[2026-01-15 14:01:33.596790] [debug] WebSocketServer: Broadcasting to 1 clients: {"server_time":"2026-01-15 14:01:33","timestamp":"1768474893596","isConnected":"False","numBoard":"0","numSteps":"0","numSpeed":"0.000000","numAccel":"0","numDecel":"0","currentPos":"0","startPos":"0","endPos":"0"}
[2026-01-15 14:01:34.597070] [debug] WebSocketServer: Broadcasting to 1 clients: {"server_time":"2026-01-15 14:01:34","timestamp":"1768474894597","isConnected":"False","numBoard":"0","numSteps":"0","numSpeed":"0.000000","numAccel":"0","numDecel":"0","currentPos":"0","startPos":"0","endPos":"0"}
[2026-01-15 14:01:35.597356] [debug] WebSocketServer: Broadcasting to 1 clients: {"server_time":"2026-01-15 14:01:35","timestamp":"1768474895597","isConnected":"False","numBoard":"0","numSteps":"0","numSpeed":"0.000000","numAccel":"0","numDecel":"0","currentPos":"0","startPos":"0","endPos":"0"}
[2026-01-15 14:01:36.597626] [debug] WebSocketServer: Broadcasting to 1 clients: {"server_time":"2026-01-15 14:01:36","timestamp":"1768474896597","isConnected":"False","numBoard":"0","numSteps":"0","numSpeed":"0.000000","numAccel":"0","numDecel":"0","currentPos":"0","startPos":"0","endPos":"0"}
[2026-01-15 14:01:37.597942] [debug] WebSocketServer: Broadcasting to 1 clients: {"server_time":"2026-01-15 14:01:37","timestamp":"1768474897597","isConnected":"False","numBoard":"0","numSteps":"0","numSpeed":"0.000000","numAccel":"0","numDecel":"0","currentPos":"0","startPos":"0","endPos":"0"}
[2026-01-15 14:01:38.598249] [debug] WebSocketServer: Broadcasting to 1 clients: {"server_time":"2026-01-15 14:01:38","timestamp":"1768474898598","isConnected":"False","numBoard":"0","numSteps":"0","numSpeed":"0.000000","numAccel":"0","numDecel":"0","currentPos":"0","startPos":"0","endPos":"0"}
[2026-01-15 14:01:39.598574] [debug] WebSocketServer: Broadcasting to 1 clients: {"server_time":"2026-01-15 14:01:39","timestamp":"1768474899598","isConnected":"False","numBoard":"0","numSteps":"0","numSpeed":"0.000000","numAccel":"0","numDecel":"0","currentPos":"0","startPos":"0","endPos":"0"}
[2026-01-15 14:01:40.598870] [debug] WebSocketServer: Broadcasting to 1 clients: {"server_time":"2026-01-15 14:01:40","timestamp":"1768474900598","isConnected":"False","numBoard":"0","numSteps":"0","numSpeed":"0.000000","numAccel":"0","numDecel":"0","currentPos":"0","startPos":"0","endPos":"0"}
[2026-01-15 14:01:41.599318] [debug] WebSocketServer: Broadcasting to 1 clients: {"server_time":"2026-01-15 14:01:41","timestamp":"1768474901599","isConnected":"False","numBoard":"0","numSteps":"0","numSpeed":"0.000000","numAccel":"0","numDecel":"0","currentPos":"0","startPos":"0","endPos":"0"}
[2026-01-15 14:01:42.599611] [debug] WebSocketServer: Broadcasting to 1 clients: {"server_time":"2026-01-15 14:01:42","timestamp":"1768474902599","isConnected":"False","numBoard":"0","numSteps":"0","numSpeed":"0.000000","numAccel":"0","numDecel":"0","currentPos":"0","startPos":"0","endPos":"0"}
[2026-01-15 14:01:43.599882] [debug] WebSocketServer: Broadcasting to 1 clients: {"server_time":"2026-01-15 14:01:43","timestamp":"1768474903599","isConnected":"False","numBoard":"0","numSteps":"0","numSpeed":"0.000000","numAccel":"0","numDecel":"0","currentPos":"0","startPos":"0","endPos":"0"}
[2026-01-15 14:01:44.600172] [debug] WebSocketServer: Broadcasting to 1 clients: {"server_time":"2026-01-15 14:01:44","timestamp":"1768474904600","isConnected":"False","numBoard":"0","numSteps":"0","numSpeed":"0.000000","numAccel":"0","numDecel":"0","currentPos":"0","startPos":"0","endPos":"0"}
[2026-01-15 14:01:45.600470] [debug] WebSocketServer: Broadcasting to 1 clients: {"server_time":"2026-01-15 14:01:45","timestamp":"1768474905600","isConnected":"False","numBoard":"0","numSteps":"0","numSpeed":"0.000000","numAccel":"0","numDecel":"0","currentPos":"0","startPos":"0","endPos":"0"}
[2026-01-15 14:01:46.600742] [debug] WebSocketServer: Broadcasting to 1 clients: {"server_time":"2026-01-15 14:01:46","timestamp":"1768474906600","isConnected":"False","numBoard":"0","numSteps":"0","numSpeed":"0.000000","numAccel":"0","numDecel":"0","currentPos":"0","startPos":"0","endPos":"0"}
[2026-01-15 14:01:47.601014] [debug] WebSocketServer: Broadcasting to 1 clients: {"server_time":"2026-01-15 14:01:47","timestamp":"1768474907600","isConnected":"False","numBoard":"0","numSteps":"0","numSpeed":"0.000000","numAccel":"0","numDecel":"0","currentPos":"0","startPos":"0","endPos":"0"}
[2026-01-15 14:01:48.601298] [debug] WebSocketServer: Broadcasting to 1 clients: {"server_time":"2026-01-15 14:01:48","timestamp":"1768474908601","isConnected":"False","numBoard":"0","numSteps":"0","numSpeed":"0.000000","numAccel":"0","numDecel":"0","currentPos":"0","startPos":"0","endPos":"0"}
[2026-01-15 14:01:49.601569] [debug] WebSocketServer: Broadcasting to 1 clients: {"server_time":"2026-01-15 14:01:49","timestamp":"1768474909601","isConnected":"False","numBoard":"0","numSteps":"0","numSpeed":"0.000000","numAccel":"0","numDecel":"0","currentPos":"0","startPos":"0","endPos":"0"}
[2026-01-15 14:01:49.791864] [info] WebSocket client disconnected (ENOTCONN)
[2026-01-15 14:01:49.791968] [info] Session removed. Active clients: 0
[2026-01-15 14:01:49.791991] [info] WebSocket session destroyed
[2026-01-15 14:03:47.606938] [info] RestApiServer created on port 8080
[2026-01-15 14:03:47.607183] [info] WebSocketServer created on port 8081
[2026-01-15 14:03:47.607327] [info] WebSocketServer: Started auto updates with interval 1000ms
[2026-01-15 14:03:47.607309] [info] WebSocketServer starting on port 8081
[2026-01-15 14:03:47.607375] [info] Run RestApiServer on port 8080
[2026-01-15 14:03:47.607393] [info] WebSocketServer: Auto update worker started
[2026-01-15 14:03:50.169346] [info] WebSocket client connected. Total clients: 1
[2026-01-15 14:03:50.607877] [debug] WebSocketServer: Broadcasting to 1 clients: {"server_time":"2026-01-15 14:03:50","timestamp":"1768475030607","isConnected":"False","numBoard":"0","numSteps":"0","numSpeed":"0.000000","numAccel":"0","numDecel":"0","currentPos":"0","startPos":"0","endPos":"0"}
[2026-01-15 14:03:51.608169] [debug] WebSocketServer: Broadcasting to 1 clients: {"server_time":"2026-01-15 14:03:51","timestamp":"1768475031608","isConnected":"False","numBoard":"0","numSteps":"0","numSpeed":"0.000000","numAccel":"0","numDecel":"0","currentPos":"0","startPos":"0","endPos":"0"}
[2026-01-15 14:03:52.608459] [debug] WebSocketServer: Broadcasting to 1 clients: {"server_time":"2026-01-15 14:03:52","timestamp":"1768475032608","isConnected":"False","numBoard":"0","numSteps":"0","numSpeed":"0.000000","numAccel":"0","numDecel":"0","currentPos":"0","startPos":"0","endPos":"0"}
[2026-01-15 14:03:53.608953] [debug] WebSocketServer: Broadcasting to 1 clients: {"server_time":"2026-01-15 14:03:53","timestamp":"1768475033608","isConnected":"False","numBoard":"0","numSteps":"0","numSpeed":"0.000000","numAccel":"0","numDecel":"0","currentPos":"0","startPos":"0","endPos":"0"}
[2026-01-15 14:03:54.609475] [debug] WebSocketServer: Broadcasting to 1 clients: {"server_time":"2026-01-15 14:03:54","timestamp":"1768475034609","isConnected":"False","numBoard":"0","numSteps":"0","numSpeed":"0.000000","numAccel":"0","numDecel":"0","currentPos":"0","startPos":"0","endPos":"0"}
[2026-01-15 14:03:55.609784] [debug] WebSocketServer: Broadcasting to 1 clients: {"server_time":"2026-01-15 14:03:55","timestamp":"1768475035609","isConnected":"False","numBoard":"0","numSteps":"0","numSpeed":"0.000000","numAccel":"0","numDecel":"0","currentPos":"0","startPos":"0","endPos":"0"}
[2026-01-15 14:03:56.610069] [debug] WebSocketServer: Broadcasting to 1 clients: {"server_time":"2026-01-15 14:03:56","timestamp":"1768475036610","isConnected":"False","numBoard":"0","numSteps":"0","numSpeed":"0.000000","numAccel":"0","numDecel":"0","currentPos":"0","startPos":"0","endPos":"0"}
[2026-01-15 14:03:57.610359] [debug] WebSocketServer: Broadcasting to 1 clients: {"server_time":"2026-01-15 14:03:57","timestamp":"1768475037610","isConnected":"False","numBoard":"0","numSteps":"0","numSpeed":"0.000000","numAccel":"0","numDecel":"0","currentPos":"0","startPos":"0","endPos":"0"}
[2026-01-15 14:03:58.610612] [debug] WebSocketServer: Broadcasting to 1 clients: {"server_time":"2026-01-15 14:03:58","timestamp":"1768475038610","isConnected":"False","numBoard":"0","numSteps":"0","numSpeed":"0.000000","numAccel":"0","numDecel":"0","currentPos":"0","startPos":"0","endPos":"0"}
[2026-01-15 14:03:59.610895] [debug] WebSocketServer: Broadcasting to 1 clients: {"server_time":"2026-01-15 14:03:59","timestamp":"1768475039610","isConnected":"False","numBoard":"0","numSteps":"0","numSpeed":"0.000000","numAccel":"0","numDecel":"0","currentPos":"0","startPos":"0","endPos":"0"}
[2026-01-15 14:04:00.156549] [info] GET /api/connect
[2026-01-15 14:04:00.611463] [debug] WebSocketServer: Broadcasting to 1 clients: {"server_time":"2026-01-15 14:04:00","timestamp":"1768475040611","isConnected":"False","numBoard":"0","numSteps":"0","numSpeed":"0.000000","numAccel":"0","numDecel":"0","currentPos":"0","startPos":"0","endPos":"0"}
[2026-01-15 14:04:01.129321] [info] POST /api/board/set {"numBoard":0}
[2026-01-15 14:04:01.611753] [debug] WebSocketServer: Broadcasting to 1 clients: {"server_time":"2026-01-15 14:04:01","timestamp":"1768475041611","isConnected":"False","numBoard":"0","numSteps":"0","numSpeed":"0.000000","numAccel":"0","numDecel":"0","currentPos":"0","startPos":"0","endPos":"0"}
[2026-01-15 14:04:02.612064] [debug] WebSocketServer: Broadcasting to 1 clients: {"server_time":"2026-01-15 14:04:02","timestamp":"1768475042611","isConnected":"False","numBoard":"0","numSteps":"0","numSpeed":"0.000000","numAccel":"0","numDecel":"0","currentPos":"0","startPos":"0","endPos":"0"}
[2026-01-15 14:04:03.111263] [info] POST /api/flash/type/save {"type":"CAN-STEP"}
[2026-01-15 14:04:03.591265] [info] POST /api/flash/type/set {"type":"CAN-STEP"}
[2026-01-15 14:04:03.612372] [debug] WebSocketServer: Broadcasting to 1 clients: {"server_time":"2026-01-15 14:04:03","timestamp":"1768475043612","isConnected":"False","numBoard":"0","numSteps":"0","numSpeed":"0.000000","numAccel":"0","numDecel":"0","currentPos":"0","startPos":"0","endPos":"0"}
[2026-01-15 14:04:04.223456] [info] POST /api/flash/run {"filename":"../firmware/STM32F103C8T6CAN_Step_v2_5_295.bin"}
[2026-01-15 14:04:04.612631] [debug] WebSocketServer: Broadcasting to 1 clients: {"server_time":"2026-01-15 14:04:04","timestamp":"1768475044612","isConnected":"False","numBoard":"0","numSteps":"0","numSpeed":"0.000000","numAccel":"0","numDecel":"0","currentPos":"0","startPos":"0","endPos":"0"}
[2026-01-15 14:04:05.612925] [debug] WebSocketServer: Broadcasting to 1 clients: {"server_time":"2026-01-15 14:04:05","timestamp":"1768475045612","isConnected":"False","numBoard":"0","numSteps":"0","numSpeed":"0.000000","numAccel":"0","numDecel":"0","currentPos":"0","startPos":"0","endPos":"0"}
[2026-01-15 14:04:06.613206] [debug] WebSocketServer: Broadcasting to 1 clients: {"server_time":"2026-01-15 14:04:06","timestamp":"1768475046613","isConnected":"False","numBoard":"0","numSteps":"0","numSpeed":"0.000000","numAccel":"0","numDecel":"0","currentPos":"0","startPos":"0","endPos":"0"}
[2026-01-15 14:04:07.613461] [debug] WebSocketServer: Broadcasting to 1 clients: {"server_time":"2026-01-15 14:04:07","timestamp":"1768475047613","isConnected":"False","numBoard":"0","numSteps":"0","numSpeed":"0.000000","numAccel":"0","numDecel":"0","currentPos":"0","startPos":"0","endPos":"0"}
[2026-01-15 14:04:08.613759] [debug] WebSocketServer: Broadcasting to 1 clients: {"server_time":"2026-01-15 14:04:08","timestamp":"1768475048613","isConnected":"False","numBoard":"0","numSteps":"0","numSpeed":"0.000000","numAccel":"0","numDecel":"0","currentPos":"0","startPos":"0","endPos":"0"}
[2026-01-15 14:04:09.614053] [debug] WebSocketServer: Broadcasting to 1 clients: {"server_time":"2026-01-15 14:04:09","timestamp":"1768475049613","isConnected":"False","numBoard":"0","numSteps":"0","numSpeed":"0.000000","numAccel":"0","numDecel":"0","currentPos":"0","startPos":"0","endPos":"0"}
[2026-01-15 14:04:10.614350] [debug] WebSocketServer: Broadcasting to 1 clients: {"server_time":"2026-01-15 14:04:10","timestamp":"1768475050614","isConnected":"False","numBoard":"0","numSteps":"0","numSpeed":"0.000000","numAccel":"0","numDecel":"0","currentPos":"0","startPos":"0","endPos":"0"}
[2026-01-15 14:04:11.614639] [debug] WebSocketServer: Broadcasting to 1 clients: {"server_time":"2026-01-15 14:04:11","timestamp":"1768475051614","isConnected":"False","numBoard":"0","numSteps":"0","numSpeed":"0.000000","numAccel":"0","numDecel":"0","currentPos":"0","startPos":"0","endPos":"0"}
[2026-01-15 14:04:12.614929] [debug] WebSocketServer: Broadcasting to 1 clients: {"server_time":"2026-01-15 14:04:12","timestamp":"1768475052614","isConnected":"False","numBoard":"0","numSteps":"0","numSpeed":"0.000000","numAccel":"0","numDecel":"0","currentPos":"0","startPos":"0","endPos":"0"}
[2026-01-15 14:04:13.615218] [debug] WebSocketServer: Broadcasting to 1 clients: {"server_time":"2026-01-15 14:04:13","timestamp":"1768475053615","isConnected":"False","numBoard":"0","numSteps":"0","numSpeed":"0.000000","numAccel":"0","numDecel":"0","currentPos":"0","startPos":"0","endPos":"0"}
[2026-01-15 14:04:14.615498] [debug] WebSocketServer: Broadcasting to 1 clients: {"server_time":"2026-01-15 14:04:14","timestamp":"1768475054615","isConnected":"False","numBoard":"0","numSteps":"0","numSpeed":"0.000000","numAccel":"0","numDecel":"0","currentPos":"0","startPos":"0","endPos":"0"}
[2026-01-15 14:04:15.615780] [debug] WebSocketServer: Broadcasting to 1 clients: {"server_time":"2026-01-15 14:04:15","timestamp":"1768475055615","isConnected":"False","numBoard":"0","numSteps":"0","numSpeed":"0.000000","numAccel":"0","numDecel":"0","currentPos":"0","startPos":"0","endPos":"0"}
[2026-01-15 14:04:16.616118] [debug] WebSocketServer: Broadcasting to 1 clients: {"server_time":"2026-01-15 14:04:16","timestamp":"1768475056616","isConnected":"False","numBoard":"0","numSteps":"0","numSpeed":"0.000000","numAccel":"0","numDecel":"0","currentPos":"0","startPos":"0","endPos":"0"}
[2026-01-15 14:04:16.879181] [info] WebSocket client disconnected (ENOTCONN)
[2026-01-15 14:04:16.879321] [info] Session removed. Active clients: 0
[2026-01-15 14:04:16.879444] [info] WebSocket session destroyed
[2026-01-15 14:05:15.001835] [info] RestApiServer created on port 8080
[2026-01-15 14:05:15.002022] [info] WebSocketServer created on port 8081
[2026-01-15 14:05:15.002121] [info] WebSocketServer starting on port 8081
[2026-01-15 14:05:15.002151] [info] WebSocketServer: Started auto updates with interval 1000ms
[2026-01-15 14:05:15.002191] [info] WebSocketServer: Auto update worker started
[2026-01-15 14:05:15.002230] [info] Run RestApiServer on port 8080
[2026-01-15 14:05:17.480302] [info] WebSocket client connected. Total clients: 1
[2026-01-15 14:05:18.002656] [debug] WebSocketServer: Broadcasting to 1 clients: {"server_time":"2026-01-15 14:05:18","timestamp":"1768475118002","isConnected":"False","numBoard":"0","numSteps":"0","numSpeed":"0.000000","numAccel":"0","numDecel":"0","currentPos":"0","startPos":"0","endPos":"0"}
[2026-01-15 14:05:19.003028] [debug] WebSocketServer: Broadcasting to 1 clients: {"server_time":"2026-01-15 14:05:19","timestamp":"1768475119002","isConnected":"False","numBoard":"0","numSteps":"0","numSpeed":"0.000000","numAccel":"0","numDecel":"0","currentPos":"0","startPos":"0","endPos":"0"}
[2026-01-15 14:05:20.003374] [debug] WebSocketServer: Broadcasting to 1 clients: {"server_time":"2026-01-15 14:05:20","timestamp":"1768475120003","isConnected":"False","numBoard":"0","numSteps":"0","numSpeed":"0.000000","numAccel":"0","numDecel":"0","currentPos":"0","startPos":"0","endPos":"0"}
[2026-01-15 14:05:21.003661] [debug] WebSocketServer: Broadcasting to 1 clients: {"server_time":"2026-01-15 14:05:21","timestamp":"1768475121003","isConnected":"False","numBoard":"0","numSteps":"0","numSpeed":"0.000000","numAccel":"0","numDecel":"0","currentPos":"0","startPos":"0","endPos":"0"}
[2026-01-15 14:05:22.003950] [debug] WebSocketServer: Broadcasting to 1 clients: {"server_time":"2026-01-15 14:05:22","timestamp":"1768475122003","isConnected":"False","numBoard":"0","numSteps":"0","numSpeed":"0.000000","numAccel":"0","numDecel":"0","currentPos":"0","startPos":"0","endPos":"0"}
[2026-01-15 14:05:23.004226] [debug] WebSocketServer: Broadcasting to 1 clients: {"server_time":"2026-01-15 14:05:23","timestamp":"1768475123004","isConnected":"False","numBoard":"0","numSteps":"0","numSpeed":"0.000000","numAccel":"0","numDecel":"0","currentPos":"0","startPos":"0","endPos":"0"}
[2026-01-15 14:05:23.644234] [info] GET /api/connect
[2026-01-15 14:05:24.004502] [debug] WebSocketServer: Broadcasting to 1 clients: {"server_time":"2026-01-15 14:05:24","timestamp":"1768475124004","isConnected":"False","numBoard":"0","numSteps":"0","numSpeed":"0.000000","numAccel":"0","numDecel":"0","currentPos":"0","startPos":"0","endPos":"0"}
[2026-01-15 14:05:24.034297] [info] POST /api/board/set {"numBoard":0}
[2026-01-15 14:05:25.004778] [debug] WebSocketServer: Broadcasting to 1 clients: {"server_time":"2026-01-15 14:05:25","timestamp":"1768475125004","isConnected":"False","numBoard":"0","numSteps":"0","numSpeed":"0.000000","numAccel":"0","numDecel":"0","currentPos":"0","startPos":"0","endPos":"0"}
[2026-01-15 14:05:25.167260] [info] POST /api/flash/type/save {"type":"CAN-STEP"}
[2026-01-15 14:05:25.816251] [info] POST /api/flash/type/set {"type":"CAN-STEP"}
[2026-01-15 14:05:26.005100] [debug] WebSocketServer: Broadcasting to 1 clients: {"server_time":"2026-01-15 14:05:26","timestamp":"1768475126005","isConnected":"False","numBoard":"0","numSteps":"0","numSpeed":"0.000000","numAccel":"0","numDecel":"0","currentPos":"0","startPos":"0","endPos":"0"}
[2026-01-15 14:05:26.159300] [info] POST /api/flash/run {"filename":"../firmware/STM32F103C8T6CAN_Step_v2_5_295.bin"}
[2026-01-15 14:05:27.005378] [debug] WebSocketServer: Broadcasting to 1 clients: {"server_time":"2026-01-15 14:05:27","timestamp":"1768475127005","isConnected":"False","numBoard":"0","numSteps":"0","numSpeed":"0.000000","numAccel":"0","numDecel":"0","currentPos":"0","startPos":"0","endPos":"0"}
[2026-01-15 14:05:28.005661] [debug] WebSocketServer: Broadcasting to 1 clients: {"server_time":"2026-01-15 14:05:28","timestamp":"1768475128005","isConnected":"False","numBoard":"0","numSteps":"0","numSpeed":"0.000000","numAccel":"0","numDecel":"0","currentPos":"0","startPos":"0","endPos":"0"}
[2026-01-15 14:05:29.005933] [debug] WebSocketServer: Broadcasting to 1 clients: {"server_time":"2026-01-15 14:05:29","timestamp":"1768475129005","isConnected":"False","numBoard":"0","numSteps":"0","numSpeed":"0.000000","numAccel":"0","numDecel":"0","currentPos":"0","startPos":"0","endPos":"0"}
[2026-01-15 14:05:30.006209] [debug] WebSocketServer: Broadcasting to 1 clients: {"server_time":"2026-01-15 14:05:30","timestamp":"1768475130006","isConnected":"False","numBoard":"0","numSteps":"0","numSpeed":"0.000000","numAccel":"0","numDecel":"0","currentPos":"0","startPos":"0","endPos":"0"}
[2026-01-15 14:05:31.006501] [debug] WebSocketServer: Broadcasting to 1 clients: {"server_time":"2026-01-15 14:05:31","timestamp":"1768475131006","isConnected":"False","numBoard":"0","numSteps":"0","numSpeed":"0.000000","numAccel":"0","numDecel":"0","currentPos":"0","startPos":"0","endPos":"0"}
[2026-01-15 14:05:32.006777] [debug] WebSocketServer: Broadcasting to 1 clients: {"server_time":"2026-01-15 14:05:32","timestamp":"1768475132006","isConnected":"False","numBoard":"0","numSteps":"0","numSpeed":"0.000000","numAccel":"0","numDecel":"0","currentPos":"0","startPos":"0","endPos":"0"}
[2026-01-15 14:05:33.007087] [debug] WebSocketServer: Broadcasting to 1 clients: {"server_time":"2026-01-15 14:05:33","timestamp":"1768475133007","isConnected":"False","numBoard":"0","numSteps":"0","numSpeed":"0.000000","numAccel":"0","numDecel":"0","currentPos":"0","startPos":"0","endPos":"0"}
[2026-01-15 14:05:34.007440] [debug] WebSocketServer: Broadcasting to 1 clients: {"server_time":"2026-01-15 14:05:34","timestamp":"1768475134007","isConnected":"False","numBoard":"0","numSteps":"0","numSpeed":"0.000000","numAccel":"0","numDecel":"0","currentPos":"0","startPos":"0","endPos":"0"}
[2026-01-15 14:05:35.007816] [debug] WebSocketServer: Broadcasting to 1 clients: {"server_time":"2026-01-15 14:05:35","timestamp":"1768475135007","isConnected":"False","numBoard":"0","numSteps":"0","numSpeed":"0.000000","numAccel":"0","numDecel":"0","currentPos":"0","startPos":"0","endPos":"0"}
[2026-01-15 14:05:35.151090] [info] WebSocket client disconnected (ENOTCONN)
[2026-01-15 14:05:35.151199] [info] Session removed. Active clients: 0
[2026-01-15 14:05:35.151225] [info] WebSocket session destroyed
[2026-01-15 14:07:26.920178] [info] RestApiServer created on port 8080
[2026-01-15 14:07:26.920384] [info] WebSocketServer created on port 8081
[2026-01-15 14:07:26.920499] [info] WebSocketServer: Started auto updates with interval 1000ms
[2026-01-15 14:07:26.920546] [info] Run RestApiServer on port 8080
[2026-01-15 14:07:26.920755] [info] WebSocketServer starting on port 8081
[2026-01-15 14:07:26.920863] [info] WebSocketServer: Auto update worker started
[2026-01-15 14:07:45.147901] [info] WebSocket client connected. Total clients: 1
[2026-01-15 14:07:45.923586] [debug] WebSocketServer: Broadcasting to 1 clients: {"server_time":"2026-01-15 14:07:45","timestamp":"1768475265923","isConnected":"False","numBoard":"0","numSteps":"0","numSpeed":"0.000000","numAccel":"0","numDecel":"0","currentPos":"0","startPos":"0","endPos":"0"}
[2026-01-15 14:07:46.819707] [info] GET /api/connect
[2026-01-15 14:07:46.923907] [debug] WebSocketServer: Broadcasting to 1 clients: {"server_time":"2026-01-15 14:07:46","timestamp":"1768475266923","isConnected":"False","numBoard":"0","numSteps":"0","numSpeed":"0.000000","numAccel":"0","numDecel":"0","currentPos":"0","startPos":"0","endPos":"0"}
[2026-01-15 14:07:47.280332] [info] POST /api/board/set {"numBoard":0}
[2026-01-15 14:07:47.924215] [debug] WebSocketServer: Broadcasting to 1 clients: {"server_time":"2026-01-15 14:07:47","timestamp":"1768475267924","isConnected":"False","numBoard":"0","numSteps":"0","numSpeed":"0.000000","numAccel":"0","numDecel":"0","currentPos":"0","startPos":"0","endPos":"0"}
[2026-01-15 14:07:48.924569] [debug] WebSocketServer: Broadcasting to 1 clients: {"server_time":"2026-01-15 14:07:48","timestamp":"1768475268924","isConnected":"False","numBoard":"0","numSteps":"0","numSpeed":"0.000000","numAccel":"0","numDecel":"0","currentPos":"0","startPos":"0","endPos":"0"}
[2026-01-15 14:07:49.925120] [debug] WebSocketServer: Broadcasting to 1 clients: {"server_time":"2026-01-15 14:07:49","timestamp":"1768475269925","isConnected":"False","numBoard":"0","numSteps":"0","numSpeed":"0.000000","numAccel":"0","numDecel":"0","currentPos":"0","startPos":"0","endPos":"0"}
[2026-01-15 14:07:50.925544] [debug] WebSocketServer: Broadcasting to 1 clients: {"server_time":"2026-01-15 14:07:50","timestamp":"1768475270925","isConnected":"False","numBoard":"0","numSteps":"0","numSpeed":"0.000000","numAccel":"0","numDecel":"0","currentPos":"0","startPos":"0","endPos":"0"}
[2026-01-15 14:07:51.925915] [debug] WebSocketServer: Broadcasting to 1 clients: {"server_time":"2026-01-15 14:07:51","timestamp":"1768475271925","isConnected":"False","numBoard":"0","numSteps":"0","numSpeed":"0.000000","numAccel":"0","numDecel":"0","currentPos":"0","startPos":"0","endPos":"0"}
[2026-01-15 14:07:52.926307] [debug] WebSocketServer: Broadcasting to 1 clients: {"server_time":"2026-01-15 14:07:52","timestamp":"1768475272926","isConnected":"False","numBoard":"0","numSteps":"0","numSpeed":"0.000000","numAccel":"0","numDecel":"0","currentPos":"0","startPos":"0","endPos":"0"}
[2026-01-15 14:07:53.926659] [debug] WebSocketServer: Broadcasting to 1 clients: {"server_time":"2026-01-15 14:07:53","timestamp":"1768475273926","isConnected":"False","numBoard":"0","numSteps":"0","numSpeed":"0.000000","numAccel":"0","numDecel":"0","currentPos":"0","startPos":"0","endPos":"0"}
[2026-01-15 14:07:54.926958] [debug] WebSocketServer: Broadcasting to 1 clients: {"server_time":"2026-01-15 14:07:54","timestamp":"1768475274926","isConnected":"False","numBoard":"0","numSteps":"0","numSpeed":"0.000000","numAccel":"0","numDecel":"0","currentPos":"0","startPos":"0","endPos":"0"}
[2026-01-15 14:07:55.927213] [debug] WebSocketServer: Broadcasting to 1 clients: {"server_time":"2026-01-15 14:07:55","timestamp":"1768475275927","isConnected":"False","numBoard":"0","numSteps":"0","numSpeed":"0.000000","numAccel":"0","numDecel":"0","currentPos":"0","startPos":"0","endPos":"0"}
[2026-01-15 14:07:56.927476] [debug] WebSocketServer: Broadcasting to 1 clients: {"server_time":"2026-01-15 14:07:56","timestamp":"1768475276927","isConnected":"False","numBoard":"0","numSteps":"0","numSpeed":"0.000000","numAccel":"0","numDecel":"0","currentPos":"0","startPos":"0","endPos":"0"}
[2026-01-15 14:07:57.214269] [info] WebSocket client disconnected (ENOTCONN)
[2026-01-15 14:07:57.214378] [info] Session removed. Active clients: 0
[2026-01-15 14:07:57.214418] [info] WebSocket session destroyed
[2026-01-15 14:08:11.913740] [info] RestApiServer created on port 8080
[2026-01-15 14:08:11.913935] [info] WebSocketServer created on port 8081
[2026-01-15 14:08:11.914055] [info] WebSocketServer: Started auto updates with interval 1000ms
[2026-01-15 14:08:11.914085] [info] WebSocketServer: Auto update worker started
[2026-01-15 14:08:11.914029] [info] WebSocketServer starting on port 8081
[2026-01-15 14:08:11.914163] [info] Run RestApiServer on port 8080
[2026-01-15 14:08:18.923483] [info] WebSocket client connected. Total clients: 1
[2026-01-15 14:08:19.915136] [debug] WebSocketServer: Broadcasting to 1 clients: {"server_time":"2026-01-15 14:08:19","timestamp":"1768475299915","isConnected":"False","numBoard":"0","numSteps":"0","numSpeed":"0.000000","numAccel":"0","numDecel":"0","currentPos":"0","startPos":"0","endPos":"0"}
[2026-01-15 14:08:20.915496] [debug] WebSocketServer: Broadcasting to 1 clients: {"server_time":"2026-01-15 14:08:20","timestamp":"1768475300915","isConnected":"False","numBoard":"0","numSteps":"0","numSpeed":"0.000000","numAccel":"0","numDecel":"0","currentPos":"0","startPos":"0","endPos":"0"}
[2026-01-15 14:08:21.915765] [debug] WebSocketServer: Broadcasting to 1 clients: {"server_time":"2026-01-15 14:08:21","timestamp":"1768475301915","isConnected":"False","numBoard":"0","numSteps":"0","numSpeed":"0.000000","numAccel":"0","numDecel":"0","currentPos":"0","startPos":"0","endPos":"0"}
[2026-01-15 14:08:22.916014] [debug] WebSocketServer: Broadcasting to 1 clients: {"server_time":"2026-01-15 14:08:22","timestamp":"1768475302915","isConnected":"False","numBoard":"0","numSteps":"0","numSpeed":"0.000000","numAccel":"0","numDecel":"0","currentPos":"0","startPos":"0","endPos":"0"}
[2026-01-15 14:08:23.916247] [debug] WebSocketServer: Broadcasting to 1 clients: {"server_time":"2026-01-15 14:08:23","timestamp":"1768475303916","isConnected":"False","numBoard":"0","numSteps":"0","numSpeed":"0.000000","numAccel":"0","numDecel":"0","currentPos":"0","startPos":"0","endPos":"0"}
[2026-01-15 14:08:24.916524] [debug] WebSocketServer: Broadcasting to 1 clients: {"server_time":"2026-01-15 14:08:24","timestamp":"1768475304916","isConnected":"False","numBoard":"0","numSteps":"0","numSpeed":"0.000000","numAccel":"0","numDecel":"0","currentPos":"0","startPos":"0","endPos":"0"}
[2026-01-15 14:08:25.916791] [debug] WebSocketServer: Broadcasting to 1 clients: {"server_time":"2026-01-15 14:08:25","timestamp":"1768475305916","isConnected":"False","numBoard":"0","numSteps":"0","numSpeed":"0.000000","numAccel":"0","numDecel":"0","currentPos":"0","startPos":"0","endPos":"0"}
[2026-01-15 14:08:26.374241] [info] GET /api/connect
[2026-01-15 14:08:26.917062] [debug] WebSocketServer: Broadcasting to 1 clients: {"server_time":"2026-01-15 14:08:26","timestamp":"1768475306917","isConnected":"True","numBoard":"0","numSteps":"0","numSpeed":"0.000000","numAccel":"0","numDecel":"0","currentPos":"0","startPos":"0","endPos":"0"}
[2026-01-15 14:08:27.090333] [info] POST /api/board/set {"numBoard":0}
[2026-01-15 14:08:27.878310] [info] POST /api/flash/type/save {"type":"CAN-STEP"}
[2026-01-15 14:08:27.917386] [debug] WebSocketServer: Broadcasting to 1 clients: {"server_time":"2026-01-15 14:08:27","timestamp":"1768475307917","isConnected":"True","numBoard":"0","numSteps":"0","numSpeed":"0.000000","numAccel":"0","numDecel":"0","currentPos":"0","startPos":"0","endPos":"0"}
[2026-01-15 14:08:28.917664] [debug] WebSocketServer: Broadcasting to 1 clients: {"server_time":"2026-01-15 14:08:28","timestamp":"1768475308917","isConnected":"True","numBoard":"0","numSteps":"0","numSpeed":"0.000000","numAccel":"0","numDecel":"0","currentPos":"0","startPos":"0","endPos":"0"}
[2026-01-15 14:08:29.854257] [info] POST /api/flash/type/set {"type":"CAN-STEP"}
[2026-01-15 14:08:29.917930] [debug] WebSocketServer: Broadcasting to 1 clients: {"server_time":"2026-01-15 14:08:29","timestamp":"1768475309917","isConnected":"True","numBoard":"0","numSteps":"0","numSpeed":"0.000000","numAccel":"0","numDecel":"0","currentPos":"0","startPos":"0","endPos":"0"}
[2026-01-15 14:08:30.918219] [debug] WebSocketServer: Broadcasting to 1 clients: {"server_time":"2026-01-15 14:08:30","timestamp":"1768475310918","isConnected":"True","numBoard":"0","numSteps":"0","numSpeed":"0.000000","numAccel":"0","numDecel":"0","currentPos":"0","startPos":"0","endPos":"0"}
[2026-01-15 14:08:31.918531] [debug] WebSocketServer: Broadcasting to 1 clients: {"server_time":"2026-01-15 14:08:31","timestamp":"1768475311918","isConnected":"True","numBoard":"0","numSteps":"0","numSpeed":"0.000000","numAccel":"0","numDecel":"0","currentPos":"0","startPos":"0","endPos":"0"}
[2026-01-15 14:08:32.798337] [info] POST /api/flash/run {"filename":"../firmware/STM32F103C8T6CAN_Step_v2_5_295.bin"}
[2026-01-15 14:08:32.919220] [debug] WebSocketServer: Broadcasting to 1 clients: {"server_time":"2026-01-15 14:08:32","timestamp":"1768475312919","isConnected":"True","numBoard":"0","numSteps":"0","numSpeed":"0.000000","numAccel":"0","numDecel":"0","currentPos":"0","startPos":"0","endPos":"0"}
[2026-01-15 14:08:33.919510] [debug] WebSocketServer: Broadcasting to 1 clients: {"server_time":"2026-01-15 14:08:33","timestamp":"1768475313919","isConnected":"True","numBoard":"0","numSteps":"0","numSpeed":"0.000000","numAccel":"0","numDecel":"0","currentPos":"0","startPos":"0","endPos":"0"}
[2026-01-15 14:08:34.919783] [debug] WebSocketServer: Broadcasting to 1 clients: {"server_time":"2026-01-15 14:08:34","timestamp":"1768475314919","isConnected":"True","numBoard":"0","numSteps":"0","numSpeed":"0.000000","numAccel":"0","numDecel":"0","currentPos":"0","startPos":"0","endPos":"0"}
[2026-01-15 14:08:35.920068] [debug] WebSocketServer: Broadcasting to 1 clients: {"server_time":"2026-01-15 14:08:35","timestamp":"1768475315920","isConnected":"True","numBoard":"0","numSteps":"0","numSpeed":"0.000000","numAccel":"0","numDecel":"0","currentPos":"0","startPos":"0","endPos":"0"}
[2026-01-15 14:08:36.920437] [debug] WebSocketServer: Broadcasting to 1 clients: {"server_time":"2026-01-15 14:08:36","timestamp":"1768475316920","isConnected":"True","numBoard":"0","numSteps":"0","numSpeed":"0.000000","numAccel":"0","numDecel":"0","currentPos":"0","startPos":"0","endPos":"0"}
[2026-01-15 14:08:37.920776] [debug] WebSocketServer: Broadcasting to 1 clients: {"server_time":"2026-01-15 14:08:37","timestamp":"1768475317920","isConnected":"True","numBoard":"0","numSteps":"0","numSpeed":"0.000000","numAccel":"0","numDecel":"0","currentPos":"0","startPos":"0","endPos":"0"}
[2026-01-15 14:08:38.921076] [debug] WebSocketServer: Broadcasting to 1 clients: {"server_time":"2026-01-15 14:08:38","timestamp":"1768475318921","isConnected":"True","numBoard":"0","numSteps":"0","numSpeed":"0.000000","numAccel":"0","numDecel":"0","currentPos":"0","startPos":"0","endPos":"0"}
[2026-01-15 14:08:39.921391] [debug] WebSocketServer: Broadcasting to 1 clients: {"server_time":"2026-01-15 14:08:39","timestamp":"1768475319921","isConnected":"True","numBoard":"0","numSteps":"0","numSpeed":"0.000000","numAccel":"0","numDecel":"0","currentPos":"0","startPos":"0","endPos":"0"}
[2026-01-15 14:08:40.921677] [debug] WebSocketServer: Broadcasting to 1 clients: {"server_time":"2026-01-15 14:08:40","timestamp":"1768475320921","isConnected":"True","numBoard":"0","numSteps":"0","numSpeed":"0.000000","numAccel":"0","numDecel":"0","currentPos":"0","startPos":"0","endPos":"0"}
[2026-01-15 14:08:41.921983] [debug] WebSocketServer: Broadcasting to 1 clients: {"server_time":"2026-01-15 14:08:41","timestamp":"1768475321921","isConnected":"True","numBoard":"0","numSteps":"0","numSpeed":"0.000000","numAccel":"0","numDecel":"0","currentPos":"0","startPos":"0","endPos":"0"}
[2026-01-15 14:08:42.922331] [debug] WebSocketServer: Broadcasting to 1 clients: {"server_time":"2026-01-15 14:08:42","timestamp":"1768475322922","isConnected":"True","numBoard":"0","numSteps":"0","numSpeed":"0.000000","numAccel":"0","numDecel":"0","currentPos":"0","startPos":"0","endPos":"0"}
[2026-01-15 14:08:43.922687] [debug] WebSocketServer: Broadcasting to 1 clients: {"server_time":"2026-01-15 14:08:43","timestamp":"1768475323922","isConnected":"True","numBoard":"0","numSteps":"0","numSpeed":"0.000000","numAccel":"0","numDecel":"0","currentPos":"0","startPos":"0","endPos":"0"}
[2026-01-15 14:08:44.922984] [debug] WebSocketServer: Broadcasting to 1 clients: {"server_time":"2026-01-15 14:08:44","timestamp":"1768475324922","isConnected":"True","numBoard":"0","numSteps":"0","numSpeed":"0.000000","numAccel":"0","numDecel":"0","currentPos":"0","startPos":"0","endPos":"0"}
[2026-01-15 14:08:45.923565] [debug] WebSocketServer: Broadcasting to 1 clients: {"server_time":"2026-01-15 14:08:45","timestamp":"1768475325923","isConnected":"True","numBoard":"0","numSteps":"0","numSpeed":"0.000000","numAccel":"0","numDecel":"0","currentPos":"0","startPos":"0","endPos":"0"}
[2026-01-15 14:08:46.923851] [debug] WebSocketServer: Broadcasting to 1 clients: {"server_time":"2026-01-15 14:08:46","timestamp":"1768475326923","isConnected":"True","numBoard":"0","numSteps":"0","numSpeed":"0.000000","numAccel":"0","numDecel":"0","currentPos":"0","startPos":"0","endPos":"0"}
[2026-01-15 14:08:47.924211] [debug] WebSocketServer: Broadcasting to 1 clients: {"server_time":"2026-01-15 14:08:47","timestamp":"1768475327924","isConnected":"True","numBoard":"0","numSteps":"0","numSpeed":"0.000000","numAccel":"0","numDecel":"0","currentPos":"0","startPos":"0","endPos":"0"}
[2026-01-15 14:08:48.924554] [debug] WebSocketServer: Broadcasting to 1 clients: {"server_time":"2026-01-15 14:08:48","timestamp":"1768475328924","isConnected":"True","numBoard":"0","numSteps":"0","numSpeed":"0.000000","numAccel":"0","numDecel":"0","currentPos":"0","startPos":"0","endPos":"0"}
[2026-01-15 14:08:49.924853] [debug] WebSocketServer: Broadcasting to 1 clients: {"server_time":"2026-01-15 14:08:49","timestamp":"1768475329924","isConnected":"True","numBoard":"0","numSteps":"0","numSpeed":"0.000000","numAccel":"0","numDecel":"0","currentPos":"0","startPos":"0","endPos":"0"}
[2026-01-15 14:08:50.925163] [debug] WebSocketServer: Broadcasting to 1 clients: {"server_time":"2026-01-15 14:08:50","timestamp":"1768475330925","isConnected":"True","numBoard":"0","numSteps":"0","numSpeed":"0.000000","numAccel":"0","numDecel":"0","currentPos":"0","startPos":"0","endPos":"0"}
[2026-01-15 14:08:51.925466] [debug] WebSocketServer: Broadcasting to 1 clients: {"server_time":"2026-01-15 14:08:51","timestamp":"1768475331925","isConnected":"True","numBoard":"0","numSteps":"0","numSpeed":"0.000000","numAccel":"0","numDecel":"0","currentPos":"0","startPos":"0","endPos":"0"}
[2026-01-15 14:08:52.925811] [debug] WebSocketServer: Broadcasting to 1 clients: {"server_time":"2026-01-15 14:08:52","timestamp":"1768475332925","isConnected":"True","numBoard":"0","numSteps":"0","numSpeed":"0.000000","numAccel":"0","numDecel":"0","currentPos":"0","startPos":"0","endPos":"0"}
[2026-01-15 14:08:53.926088] [debug] WebSocketServer: Broadcasting to 1 clients: {"server_time":"2026-01-15 14:08:53","timestamp":"1768475333926","isConnected":"True","numBoard":"0","numSteps":"0","numSpeed":"0.000000","numAccel":"0","numDecel":"0","currentPos":"0","startPos":"0","endPos":"0"}
[2026-01-15 14:08:54.926422] [debug] WebSocketServer: Broadcasting to 1 clients: {"server_time":"2026-01-15 14:08:54","timestamp":"1768475334926","isConnected":"True","numBoard":"0","numSteps":"0","numSpeed":"0.000000","numAccel":"0","numDecel":"0","currentPos":"0","startPos":"0","endPos":"0"}
[2026-01-15 14:08:55.926738] [debug] WebSocketServer: Broadcasting to 1 clients: {"server_time":"2026-01-15 14:08:55","timestamp":"1768475335926","isConnected":"True","numBoard":"0","numSteps":"0","numSpeed":"0.000000","numAccel":"0","numDecel":"0","currentPos":"0","startPos":"0","endPos":"0"}
[2026-01-15 14:08:56.927023] [debug] WebSocketServer: Broadcasting to 1 clients: {"server_time":"2026-01-15 14:08:56","timestamp":"1768475336926","isConnected":"True","numBoard":"0","numSteps":"0","numSpeed":"0.000000","numAccel":"0","numDecel":"0","currentPos":"0","startPos":"0","endPos":"0"}
[2026-01-15 14:08:57.927318] [debug] WebSocketServer: Broadcasting to 1 clients: {"server_time":"2026-01-15 14:08:57","timestamp":"1768475337927","isConnected":"True","numBoard":"0","numSteps":"0","numSpeed":"0.000000","numAccel":"0","numDecel":"0","currentPos":"0","startPos":"0","endPos":"0"}
[2026-01-15 14:08:58.927592] [debug] WebSocketServer: Broadcasting to 1 clients: {"server_time":"2026-01-15 14:08:58","timestamp":"1768475338927","isConnected":"True","numBoard":"0","numSteps":"0","numSpeed":"0.000000","numAccel":"0","numDecel":"0","currentPos":"0","startPos":"0","endPos":"0"}
[2026-01-15 14:08:59.927859] [debug] WebSocketServer: Broadcasting to 1 clients: {"server_time":"2026-01-15 14:08:59","timestamp":"1768475339927","isConnected":"True","numBoard":"0","numSteps":"0","numSpeed":"0.000000","numAccel":"0","numDecel":"0","currentPos":"0","startPos":"0","endPos":"0"}
[2026-01-15 14:09:00.928135] [debug] WebSocketServer: Broadcasting to 1 clients: {"server_time":"2026-01-15 14:09:00","timestamp":"1768475340928","isConnected":"True","numBoard":"0","numSteps":"0","numSpeed":"0.000000","numAccel":"0","numDecel":"0","currentPos":"0","startPos":"0","endPos":"0"}
[2026-01-15 14:09:01.928419] [debug] WebSocketServer: Broadcasting to 1 clients: {"server_time":"2026-01-15 14:09:01","timestamp":"1768475341928","isConnected":"True","numBoard":"0","numSteps":"0","numSpeed":"0.000000","numAccel":"0","numDecel":"0","currentPos":"0","startPos":"0","endPos":"0"}
[2026-01-15 14:09:02.928720] [debug] WebSocketServer: Broadcasting to 1 clients: {"server_time":"2026-01-15 14:09:02","timestamp":"1768475342928","isConnected":"True","numBoard":"0","numSteps":"0","numSpeed":"0.000000","numAccel":"0","numDecel":"0","currentPos":"0","startPos":"0","endPos":"0"}
[2026-01-15 14:09:03.929017] [debug] WebSocketServer: Broadcasting to 1 clients: {"server_time":"2026-01-15 14:09:03","timestamp":"1768475343928","isConnected":"True","numBoard":"0","numSteps":"0","numSpeed":"0.000000","numAccel":"0","numDecel":"0","currentPos":"0","startPos":"0","endPos":"0"}
[2026-01-15 14:09:04.929305] [debug] WebSocketServer: Broadcasting to 1 clients: {"server_time":"2026-01-15 14:09:04","timestamp":"1768475344929","isConnected":"True","numBoard":"0","numSteps":"0","numSpeed":"0.000000","numAccel":"0","numDecel":"0","currentPos":"0","startPos":"0","endPos":"0"}
[2026-01-15 14:09:05.929590] [debug] WebSocketServer: Broadcasting to 1 clients: {"server_time":"2026-01-15 14:09:05","timestamp":"1768475345929","isConnected":"True","numBoard":"0","numSteps":"0","numSpeed":"0.000000","numAccel":"0","numDecel":"0","currentPos":"0","startPos":"0","endPos":"0"}
[2026-01-15 14:09:06.929900] [debug] WebSocketServer: Broadcasting to 1 clients: {"server_time":"2026-01-15 14:09:06","timestamp":"1768475346929","isConnected":"True","numBoard":"0","numSteps":"0","numSpeed":"0.000000","numAccel":"0","numDecel":"0","currentPos":"0","startPos":"0","endPos":"0"}
[2026-01-15 14:09:07.930211] [debug] WebSocketServer: Broadcasting to 1 clients: {"server_time":"2026-01-15 14:09:07","timestamp":"1768475347930","isConnected":"True","numBoard":"0","numSteps":"0","numSpeed":"0.000000","numAccel":"0","numDecel":"0","currentPos":"0","startPos":"0","endPos":"0"}
[2026-01-15 14:09:08.930531] [debug] WebSocketServer: Broadcasting to 1 clients: {"server_time":"2026-01-15 14:09:08","timestamp":"1768475348930","isConnected":"True","numBoard":"0","numSteps":"0","numSpeed":"0.000000","numAccel":"0","numDecel":"0","currentPos":"0","startPos":"0","endPos":"0"}
[2026-01-15 14:09:09.930849] [debug] WebSocketServer: Broadcasting to 1 clients: {"server_time":"2026-01-15 14:09:09","timestamp":"1768475349930","isConnected":"True","numBoard":"0","numSteps":"0","numSpeed":"0.000000","numAccel":"0","numDecel":"0","currentPos":"0","startPos":"0","endPos":"0"}
[2026-01-15 14:09:10.931186] [debug] WebSocketServer: Broadcasting to 1 clients: {"server_time":"2026-01-15 14:09:10","timestamp":"1768475350931","isConnected":"True","numBoard":"0","numSteps":"0","numSpeed":"0.000000","numAccel":"0","numDecel":"0","currentPos":"0","startPos":"0","endPos":"0"}
[2026-01-15 14:09:11.931462] [debug] WebSocketServer: Broadcasting to 1 clients: {"server_time":"2026-01-15 14:09:11","timestamp":"1768475351931","isConnected":"True","numBoard":"0","numSteps":"0","numSpeed":"0.000000","numAccel":"0","numDecel":"0","currentPos":"0","startPos":"0","endPos":"0"}
[2026-01-15 14:09:12.931789] [debug] WebSocketServer: Broadcasting to 1 clients: {"server_time":"2026-01-15 14:09:12","timestamp":"1768475352931","isConnected":"True","numBoard":"0","numSteps":"0","numSpeed":"0.000000","numAccel":"0","numDecel":"0","currentPos":"0","startPos":"0","endPos":"0"}
[2026-01-15 14:09:13.932174] [debug] WebSocketServer: Broadcasting to 1 clients: {"server_time":"2026-01-15 14:09:13","timestamp":"1768475353932","isConnected":"True","numBoard":"0","numSteps":"0","numSpeed":"0.000000","numAccel":"0","numDecel":"0","currentPos":"0","startPos":"0","endPos":"0"}
[2026-01-15 14:09:14.932472] [debug] WebSocketServer: Broadcasting to 1 clients: {"server_time":"2026-01-15 14:09:14","timestamp":"1768475354932","isConnected":"True","numBoard":"0","numSteps":"0","numSpeed":"0.000000","numAccel":"0","numDecel":"0","currentPos":"0","startPos":"0","endPos":"0"}
[2026-01-15 14:09:15.932769] [debug] WebSocketServer: Broadcasting to 1 clients: {"server_time":"2026-01-15 14:09:15","timestamp":"1768475355932","isConnected":"True","numBoard":"0","numSteps":"0","numSpeed":"0.000000","numAccel":"0","numDecel":"0","currentPos":"0","startPos":"0","endPos":"0"}
[2026-01-15 14:09:16.933090] [debug] WebSocketServer: Broadcasting to 1 clients: {"server_time":"2026-01-15 14:09:16","timestamp":"1768475356933","isConnected":"True","numBoard":"0","numSteps":"0","numSpeed":"0.000000","numAccel":"0","numDecel":"0","currentPos":"0","startPos":"0","endPos":"0"}
[2026-01-15 14:09:17.933372] [debug] WebSocketServer: Broadcasting to 1 clients: {"server_time":"2026-01-15 14:09:17","timestamp":"1768475357933","isConnected":"True","numBoard":"0","numSteps":"0","numSpeed":"0.000000","numAccel":"0","numDecel":"0","currentPos":"0","startPos":"0","endPos":"0"}
[2026-01-15 14:09:18.933675] [debug] WebSocketServer: Broadcasting to 1 clients: {"server_time":"2026-01-15 14:09:18","timestamp":"1768475358933","isConnected":"True","numBoard":"0","numSteps":"0","numSpeed":"0.000000","numAccel":"0","numDecel":"0","currentPos":"0","startPos":"0","endPos":"0"}
[2026-01-15 14:09:19.933963] [debug] WebSocketServer: Broadcasting to 1 clients: {"server_time":"2026-01-15 14:09:19","timestamp":"1768475359933","isConnected":"True","numBoard":"0","numSteps":"0","numSpeed":"0.000000","numAccel":"0","numDecel":"0","currentPos":"0","startPos":"0","endPos":"0"}
[2026-01-15 14:09:20.934258] [debug] WebSocketServer: Broadcasting to 1 clients: {"server_time":"2026-01-15 14:09:20","timestamp":"1768475360934","isConnected":"True","numBoard":"0","numSteps":"0","numSpeed":"0.000000","numAccel":"0","numDecel":"0","currentPos":"0","startPos":"0","endPos":"0"}
[2026-01-15 14:09:21.934548] [debug] WebSocketServer: Broadcasting to 1 clients: {"server_time":"2026-01-15 14:09:21","timestamp":"1768475361934","isConnected":"True","numBoard":"0","numSteps":"0","numSpeed":"0.000000","numAccel":"0","numDecel":"0","currentPos":"0","startPos":"0","endPos":"0"}
[2026-01-15 14:09:22.934779] [debug] WebSocketServer: Broadcasting to 1 clients: {"server_time":"2026-01-15 14:09:22","timestamp":"1768475362934","isConnected":"True","numBoard":"0","numSteps":"0","numSpeed":"0.000000","numAccel":"0","numDecel":"0","currentPos":"0","startPos":"0","endPos":"0"}
[2026-01-15 14:09:23.935057] [debug] WebSocketServer: Broadcasting to 1 clients: {"server_time":"2026-01-15 14:09:23","timestamp":"1768475363935","isConnected":"True","numBoard":"0","numSteps":"0","numSpeed":"0.000000","numAccel":"0","numDecel":"0","currentPos":"0","startPos":"0","endPos":"0"}
[2026-01-15 14:09:24.935342] [debug] WebSocketServer: Broadcasting to 1 clients: {"server_time":"2026-01-15 14:09:24","timestamp":"1768475364935","isConnected":"True","numBoard":"0","numSteps":"0","numSpeed":"0.000000","numAccel":"0","numDecel":"0","currentPos":"0","startPos":"0","endPos":"0"}
[2026-01-15 14:09:25.935670] [debug] WebSocketServer: Broadcasting to 1 clients: {"server_time":"2026-01-15 14:09:25","timestamp":"1768475365935","isConnected":"True","numBoard":"0","numSteps":"0","numSpeed":"0.000000","numAccel":"0","numDecel":"0","currentPos":"0","startPos":"0","endPos":"0"}
[2026-01-15 14:09:26.936713] [debug] WebSocketServer: Broadcasting to 1 clients: {"server_time":"2026-01-15 14:09:26","timestamp":"1768475366936","isConnected":"True","numBoard":"0","numSteps":"0","numSpeed":"0.000000","numAccel":"0","numDecel":"0","currentPos":"0","startPos":"0","endPos":"0"}
[2026-01-15 14:09:27.937043] [debug] WebSocketServer: Broadcasting to 1 clients: {"server_time":"2026-01-15 14:09:27","timestamp":"1768475367936","isConnected":"True","numBoard":"0","numSteps":"0","numSpeed":"0.000000","numAccel":"0","numDecel":"0","currentPos":"0","startPos":"0","endPos":"0"}
[2026-01-15 14:09:28.937344] [debug] WebSocketServer: Broadcasting to 1 clients: {"server_time":"2026-01-15 14:09:28","timestamp":"1768475368937","isConnected":"True","numBoard":"0","numSteps":"0","numSpeed":"0.000000","numAccel":"0","numDecel":"0","currentPos":"0","startPos":"0","endPos":"0"}
[2026-01-15 14:09:29.937642] [debug] WebSocketServer: Broadcasting to 1 clients: {"server_time":"2026-01-15 14:09:29","timestamp":"1768475369937","isConnected":"True","numBoard":"0","numSteps":"0","numSpeed":"0.000000","numAccel":"0","numDecel":"0","currentPos":"0","startPos":"0","endPos":"0"}
[2026-01-15 14:09:30.937941] [debug] WebSocketServer: Broadcasting to 1 clients: {"server_time":"2026-01-15 14:09:30","timestamp":"1768475370937","isConnected":"True","numBoard":"0","numSteps":"0","numSpeed":"0.000000","numAccel":"0","numDecel":"0","currentPos":"0","startPos":"0","endPos":"0"}
[2026-01-15 14:09:31.938243] [debug] WebSocketServer: Broadcasting to 1 clients: {"server_time":"2026-01-15 14:09:31","timestamp":"1768475371938","isConnected":"True","numBoard":"0","numSteps":"0","numSpeed":"0.000000","numAccel":"0","numDecel":"0","currentPos":"0","startPos":"0","endPos":"0"}
[2026-01-15 14:09:32.939013] [debug] WebSocketServer: Broadcasting to 1 clients: {"server_time":"2026-01-15 14:09:32","timestamp":"1768475372938","isConnected":"True","numBoard":"0","numSteps":"0","numSpeed":"0.000000","numAccel":"0","numDecel":"0","currentPos":"0","startPos":"0","endPos":"0"}
[2026-01-15 14:09:33.939312] [debug] WebSocketServer: Broadcasting to 1 clients: {"server_time":"2026-01-15 14:09:33","timestamp":"1768475373939","isConnected":"True","numBoard":"0","numSteps":"0","numSpeed":"0.000000","numAccel":"0","numDecel":"0","currentPos":"0","startPos":"0","endPos":"0"}
[2026-01-15 14:09:34.939583] [debug] WebSocketServer: Broadcasting to 1 clients: {"server_time":"2026-01-15 14:09:34","timestamp":"1768475374939","isConnected":"True","numBoard":"0","numSteps":"0","numSpeed":"0.000000","numAccel":"0","numDecel":"0","currentPos":"0","startPos":"0","endPos":"0"}
[2026-01-15 14:09:35.939868] [debug] WebSocketServer: Broadcasting to 1 clients: {"server_time":"2026-01-15 14:09:35","timestamp":"1768475375939","isConnected":"True","numBoard":"0","numSteps":"0","numSpeed":"0.000000","numAccel":"0","numDecel":"0","currentPos":"0","startPos":"0","endPos":"0"}
[2026-01-15 14:09:36.940151] [debug] WebSocketServer: Broadcasting to 1 clients: {"server_time":"2026-01-15 14:09:36","timestamp":"1768475376940","isConnected":"True","numBoard":"0","numSteps":"0","numSpeed":"0.000000","numAccel":"0","numDecel":"0","currentPos":"0","startPos":"0","endPos":"0"}
[2026-01-15 14:09:37.940472] [debug] WebSocketServer: Broadcasting to 1 clients: {"server_time":"2026-01-15 14:09:37","timestamp":"1768475377940","isConnected":"True","numBoard":"0","numSteps":"0","numSpeed":"0.000000","numAccel":"0","numDecel":"0","currentPos":"0","startPos":"0","endPos":"0"}
[2026-01-15 14:09:38.940788] [debug] WebSocketServer: Broadcasting to 1 clients: {"server_time":"2026-01-15 14:09:38","timestamp":"1768475378940","isConnected":"True","numBoard":"0","numSteps":"0","numSpeed":"0.000000","numAccel":"0","numDecel":"0","currentPos":"0","startPos":"0","endPos":"0"}
[2026-01-15 14:09:39.941207] [debug] WebSocketServer: Broadcasting to 1 clients: {"server_time":"2026-01-15 14:09:39","timestamp":"1768475379941","isConnected":"True","numBoard":"0","numSteps":"0","numSpeed":"0.000000","numAccel":"0","numDecel":"0","currentPos":"0","startPos":"0","endPos":"0"}
[2026-01-15 14:09:40.941547] [debug] WebSocketServer: Broadcasting to 1 clients: {"server_time":"2026-01-15 14:09:40","timestamp":"1768475380941","isConnected":"True","numBoard":"0","numSteps":"0","numSpeed":"0.000000","numAccel":"0","numDecel":"0","currentPos":"0","startPos":"0","endPos":"0"}
[2026-01-15 14:09:41.941871] [debug] WebSocketServer: Broadcasting to 1 clients: {"server_time":"2026-01-15 14:09:41","timestamp":"1768475381941","isConnected":"True","numBoard":"0","numSteps":"0","numSpeed":"0.000000","numAccel":"0","numDecel":"0","currentPos":"0","startPos":"0","endPos":"0"}
[2026-01-15 14:09:42.942209] [debug] WebSocketServer: Broadcasting to 1 clients: {"server_time":"2026-01-15 14:09:42","timestamp":"1768475382942","isConnected":"True","numBoard":"0","numSteps":"0","numSpeed":"0.000000","numAccel":"0","numDecel":"0","currentPos":"0","startPos":"0","endPos":"0"}
[2026-01-15 14:09:43.942581] [debug] WebSocketServer: Broadcasting to 1 clients: {"server_time":"2026-01-15 14:09:43","timestamp":"1768475383942","isConnected":"True","numBoard":"0","numSteps":"0","numSpeed":"0.000000","numAccel":"0","numDecel":"0","currentPos":"0","startPos":"0","endPos":"0"}
[2026-01-15 14:09:44.942995] [debug] WebSocketServer: Broadcasting to 1 clients: {"server_time":"2026-01-15 14:09:44","timestamp":"1768475384942","isConnected":"True","numBoard":"0","numSteps":"0","numSpeed":"0.000000","numAccel":"0","numDecel":"0","currentPos":"0","startPos":"0","endPos":"0"}
[2026-01-15 14:09:45.943320] [debug] WebSocketServer: Broadcasting to 1 clients: {"server_time":"2026-01-15 14:09:45","timestamp":"1768475385943","isConnected":"True","numBoard":"0","numSteps":"0","numSpeed":"0.000000","numAccel":"0","numDecel":"0","currentPos":"0","startPos":"0","endPos":"0"}
[2026-01-15 14:09:46.943627] [debug] WebSocketServer: Broadcasting to 1 clients: {"server_time":"2026-01-15 14:09:46","timestamp":"1768475386943","isConnected":"True","numBoard":"0","numSteps":"0","numSpeed":"0.000000","numAccel":"0","numDecel":"0","currentPos":"0","startPos":"0","endPos":"0"}
[2026-01-15 14:09:47.943956] [debug] WebSocketServer: Broadcasting to 1 clients: {"server_time":"2026-01-15 14:09:47","timestamp":"1768475387943","isConnected":"True","numBoard":"0","numSteps":"0","numSpeed":"0.000000","numAccel":"0","numDecel":"0","currentPos":"0","startPos":"0","endPos":"0"}
[2026-01-15 14:09:48.944216] [debug] WebSocketServer: Broadcasting to 1 clients: {"server_time":"2026-01-15 14:09:48","timestamp":"1768475388944","isConnected":"True","numBoard":"0","numSteps":"0","numSpeed":"0.000000","numAccel":"0","numDecel":"0","currentPos":"0","startPos":"0","endPos":"0"}
[2026-01-15 14:09:49.944533] [debug] WebSocketServer: Broadcasting to 1 clients: {"server_time":"2026-01-15 14:09:49","timestamp":"1768475389944","isConnected":"True","numBoard":"0","numSteps":"0","numSpeed":"0.000000","numAccel":"0","numDecel":"0","currentPos":"0","startPos":"0","endPos":"0"}
[2026-01-15 14:09:50.944810] [debug] WebSocketServer: Broadcasting to 1 clients: {"server_time":"2026-01-15 14:09:50","timestamp":"1768475390944","isConnected":"True","numBoard":"0","numSteps":"0","numSpeed":"0.000000","numAccel":"0","numDecel":"0","currentPos":"0","startPos":"0","endPos":"0"}
[2026-01-15 14:09:51.945074] [debug] WebSocketServer: Broadcasting to 1 clients: {"server_time":"2026-01-15 14:09:51","timestamp":"1768475391945","isConnected":"True","numBoard":"0","numSteps":"0","numSpeed":"0.000000","numAccel":"0","numDecel":"0","currentPos":"0","startPos":"0","endPos":"0"}
[2026-01-15 14:09:52.945358] [debug] WebSocketServer: Broadcasting to 1 clients: {"server_time":"2026-01-15 14:09:52","timestamp":"1768475392945","isConnected":"True","numBoard":"0","numSteps":"0","numSpeed":"0.000000","numAccel":"0","numDecel":"0","currentPos":"0","startPos":"0","endPos":"0"}
[2026-01-15 14:09:53.945636] [debug] WebSocketServer: Broadcasting to 1 clients: {"server_time":"2026-01-15 14:09:53","timestamp":"1768475393945","isConnected":"True","numBoard":"0","numSteps":"0","numSpeed":"0.000000","numAccel":"0","numDecel":"0","currentPos":"0","startPos":"0","endPos":"0"}
[2026-01-15 14:09:54.945918] [debug] WebSocketServer: Broadcasting to 1 clients: {"server_time":"2026-01-15 14:09:54","timestamp":"1768475394945","isConnected":"True","numBoard":"0","numSteps":"0","numSpeed":"0.000000","numAccel":"0","numDecel":"0","currentPos":"0","startPos":"0","endPos":"0"}
[2026-01-15 14:09:55.946215] [debug] WebSocketServer: Broadcasting to 1 clients: {"server_time":"2026-01-15 14:09:55","timestamp":"1768475395946","isConnected":"True","numBoard":"0","numSteps":"0","numSpeed":"0.000000","numAccel":"0","numDecel":"0","currentPos":"0","startPos":"0","endPos":"0"}
[2026-01-15 14:09:56.946504] [debug] WebSocketServer: Broadcasting to 1 clients: {"server_time":"2026-01-15 14:09:56","timestamp":"1768475396946","isConnected":"True","numBoard":"0","numSteps":"0","numSpeed":"0.000000","numAccel":"0","numDecel":"0","currentPos":"0","startPos":"0","endPos":"0"}
[2026-01-15 14:09:57.946800] [debug] WebSocketServer: Broadcasting to 1 clients: {"server_time":"2026-01-15 14:09:57","timestamp":"1768475397946","isConnected":"True","numBoard":"0","numSteps":"0","numSpeed":"0.000000","numAccel":"0","numDecel":"0","currentPos":"0","startPos":"0","endPos":"0"}
[2026-01-15 14:09:58.947091] [debug] WebSocketServer: Broadcasting to 1 clients: {"server_time":"2026-01-15 14:09:58","timestamp":"1768475398947","isConnected":"True","numBoard":"0","numSteps":"0","numSpeed":"0.000000","numAccel":"0","numDecel":"0","currentPos":"0","startPos":"0","endPos":"0"}
[2026-01-15 14:09:59.947392] [debug] WebSocketServer: Broadcasting to 1 clients: {"server_time":"2026-01-15 14:09:59","timestamp":"1768475399947","isConnected":"True","numBoard":"0","numSteps":"0","numSpeed":"0.000000","numAccel":"0","numDecel":"0","currentPos":"0","startPos":"0","endPos":"0"}
[2026-01-15 14:10:00.947709] [debug] WebSocketServer: Broadcasting to 1 clients: {"server_time":"2026-01-15 14:10:00","timestamp":"1768475400947","isConnected":"True","numBoard":"0","numSteps":"0","numSpeed":"0.000000","numAccel":"0","numDecel":"0","currentPos":"0","startPos":"0","endPos":"0"}
[2026-01-15 14:10:01.948026] [debug] WebSocketServer: Broadcasting to 1 clients: {"server_time":"2026-01-15 14:10:01","timestamp":"1768475401947","isConnected":"True","numBoard":"0","numSteps":"0","numSpeed":"0.000000","numAccel":"0","numDecel":"0","currentPos":"0","startPos":"0","endPos":"0"}
[2026-01-15 14:10:02.948339] [debug] WebSocketServer: Broadcasting to 1 clients: {"server_time":"2026-01-15 14:10:02","timestamp":"1768475402948","isConnected":"True","numBoard":"0","numSteps":"0","numSpeed":"0.000000","numAccel":"0","numDecel":"0","currentPos":"0","startPos":"0","endPos":"0"}
[2026-01-15 14:10:03.949025] [debug] WebSocketServer: Broadcasting to 1 clients: {"server_time":"2026-01-15 14:10:03","timestamp":"1768475403948","isConnected":"True","numBoard":"0","numSteps":"0","numSpeed":"0.000000","numAccel":"0","numDecel":"0","currentPos":"0","startPos":"0","endPos":"0"}
[2026-01-15 14:10:04.949326] [debug] WebSocketServer: Broadcasting to 1 clients: {"server_time":"2026-01-15 14:10:04","timestamp":"1768475404949","isConnected":"True","numBoard":"0","numSteps":"0","numSpeed":"0.000000","numAccel":"0","numDecel":"0","currentPos":"0","startPos":"0","endPos":"0"}
[2026-01-15 14:10:05.949937] [debug] WebSocketServer: Broadcasting to 1 clients: {"server_time":"2026-01-15 14:10:05","timestamp":"1768475405949","isConnected":"True","numBoard":"0","numSteps":"0","numSpeed":"0.000000","numAccel":"0","numDecel":"0","currentPos":"0","startPos":"0","endPos":"0"}
[2026-01-15 14:10:06.950694] [debug] WebSocketServer: Broadcasting to 1 clients: {"server_time":"2026-01-15 14:10:06","timestamp":"1768475406950","isConnected":"True","numBoard":"0","numSteps":"0","numSpeed":"0.000000","numAccel":"0","numDecel":"0","currentPos":"0","startPos":"0","endPos":"0"}
[2026-01-15 14:10:07.951044] [debug] WebSocketServer: Broadcasting to 1 clients: {"server_time":"2026-01-15 14:10:07","timestamp":"1768475407950","isConnected":"True","numBoard":"0","numSteps":"0","numSpeed":"0.000000","numAccel":"0","numDecel":"0","currentPos":"0","startPos":"0","endPos":"0"}
[2026-01-15 14:10:08.951326] [debug] WebSocketServer: Broadcasting to 1 clients: {"server_time":"2026-01-15 14:10:08","timestamp":"1768475408951","isConnected":"True","numBoard":"0","numSteps":"0","numSpeed":"0.000000","numAccel":"0","numDecel":"0","currentPos":"0","startPos":"0","endPos":"0"}
[2026-01-15 14:10:09.951593] [debug] WebSocketServer: Broadcasting to 1 clients: {"server_time":"2026-01-15 14:10:09","timestamp":"1768475409951","isConnected":"True","numBoard":"0","numSteps":"0","numSpeed":"0.000000","numAccel":"0","numDecel":"0","currentPos":"0","startPos":"0","endPos":"0"}
[2026-01-15 14:10:10.951891] [debug] WebSocketServer: Broadcasting to 1 clients: {"server_time":"2026-01-15 14:10:10","timestamp":"1768475410951","isConnected":"True","numBoard":"0","numSteps":"0","numSpeed":"0.000000","numAccel":"0","numDecel":"0","currentPos":"0","startPos":"0","endPos":"0"}
[2026-01-15 14:10:11.952200] [debug] WebSocketServer: Broadcasting to 1 clients: {"server_time":"2026-01-15 14:10:11","timestamp":"1768475411952","isConnected":"True","numBoard":"0","numSteps":"0","numSpeed":"0.000000","numAccel":"0","numDecel":"0","currentPos":"0","startPos":"0","endPos":"0"}
[2026-01-15 14:10:12.952537] [debug] WebSocketServer: Broadcasting to 1 clients: {"server_time":"2026-01-15 14:10:12","timestamp":"1768475412952","isConnected":"True","numBoard":"0","numSteps":"0","numSpeed":"0.000000","numAccel":"0","numDecel":"0","currentPos":"0","startPos":"0","endPos":"0"}
[2026-01-15 14:10:13.952828] [debug] WebSocketServer: Broadcasting to 1 clients: {"server_time":"2026-01-15 14:10:13","timestamp":"1768475413952","isConnected":"True","numBoard":"0","numSteps":"0","numSpeed":"0.000000","numAccel":"0","numDecel":"0","currentPos":"0","startPos":"0","endPos":"0"}
[2026-01-15 14:10:14.953131] [debug] WebSocketServer: Broadcasting to 1 clients: {"server_time":"2026-01-15 14:10:14","timestamp":"1768475414953","isConnected":"True","numBoard":"0","numSteps":"0","numSpeed":"0.000000","numAccel":"0","numDecel":"0","currentPos":"0","startPos":"0","endPos":"0"}
[2026-01-15 14:10:15.953500] [debug] WebSocketServer: Broadcasting to 1 clients: {"server_time":"2026-01-15 14:10:15","timestamp":"1768475415953","isConnected":"True","numBoard":"0","numSteps":"0","numSpeed":"0.000000","numAccel":"0","numDecel":"0","currentPos":"0","startPos":"0","endPos":"0"}
[2026-01-15 14:10:16.953867] [debug] WebSocketServer: Broadcasting to 1 clients: {"server_time":"2026-01-15 14:10:16","timestamp":"1768475416953","isConnected":"True","numBoard":"0","numSteps":"0","numSpeed":"0.000000","numAccel":"0","numDecel":"0","currentPos":"0","startPos":"0","endPos":"0"}
[2026-01-15 14:10:17.954164] [debug] WebSocketServer: Broadcasting to 1 clients: {"server_time":"2026-01-15 14:10:17","timestamp":"1768475417954","isConnected":"True","numBoard":"0","numSteps":"0","numSpeed":"0.000000","numAccel":"0","numDecel":"0","currentPos":"0","startPos":"0","endPos":"0"}
[2026-01-15 14:10:18.954436] [debug] WebSocketServer: Broadcasting to 1 clients: {"server_time":"2026-01-15 14:10:18","timestamp":"1768475418954","isConnected":"True","numBoard":"0","numSteps":"0","numSpeed":"0.000000","numAccel":"0","numDecel":"0","currentPos":"0","startPos":"0","endPos":"0"}
[2026-01-15 14:10:19.954731] [debug] WebSocketServer: Broadcasting to 1 clients: {"server_time":"2026-01-15 14:10:19","timestamp":"1768475419954","isConnected":"True","numBoard":"0","numSteps":"0","numSpeed":"0.000000","numAccel":"0","numDecel":"0","currentPos":"0","startPos":"0","endPos":"0"}
[2026-01-15 14:10:20.955427] [debug] WebSocketServer: Broadcasting to 1 clients: {"server_time":"2026-01-15 14:10:20","timestamp":"1768475420955","isConnected":"True","numBoard":"0","numSteps":"0","numSpeed":"0.000000","numAccel":"0","numDecel":"0","currentPos":"0","startPos":"0","endPos":"0"}
[2026-01-15 14:10:21.955711] [debug] WebSocketServer: Broadcasting to 1 clients: {"server_time":"2026-01-15 14:10:21","timestamp":"1768475421955","isConnected":"True","numBoard":"0","numSteps":"0","numSpeed":"0.000000","numAccel":"0","numDecel":"0","currentPos":"0","startPos":"0","endPos":"0"}
[2026-01-15 14:10:22.956001] [debug] WebSocketServer: Broadcasting to 1 clients: {"server_time":"2026-01-15 14:10:22","timestamp":"1768475422955","isConnected":"True","numBoard":"0","numSteps":"0","numSpeed":"0.000000","numAccel":"0","numDecel":"0","currentPos":"0","startPos":"0","endPos":"0"}
[2026-01-15 14:10:23.956310] [debug] WebSocketServer: Broadcasting to 1 clients: {"server_time":"2026-01-15 14:10:23","timestamp":"1768475423956","isConnected":"True","numBoard":"0","numSteps":"0","numSpeed":"0.000000","numAccel":"0","numDecel":"0","currentPos":"0","startPos":"0","endPos":"0"}
[2026-01-15 14:10:24.956613] [debug] WebSocketServer: Broadcasting to 1 clients: {"server_time":"2026-01-15 14:10:24","timestamp":"1768475424956","isConnected":"True","numBoard":"0","numSteps":"0","numSpeed":"0.000000","numAccel":"0","numDecel":"0","currentPos":"0","startPos":"0","endPos":"0"}
[2026-01-15 14:10:25.956890] [debug] WebSocketServer: Broadcasting to 1 clients: {"server_time":"2026-01-15 14:10:25","timestamp":"1768475425956","isConnected":"True","numBoard":"0","numSteps":"0","numSpeed":"0.000000","numAccel":"0","numDecel":"0","currentPos":"0","startPos":"0","endPos":"0"}
[2026-01-15 14:10:26.957189] [debug] WebSocketServer: Broadcasting to 1 clients: {"server_time":"2026-01-15 14:10:26","timestamp":"1768475426957","isConnected":"True","numBoard":"0","numSteps":"0","numSpeed":"0.000000","numAccel":"0","numDecel":"0","currentPos":"0","startPos":"0","endPos":"0"}
[2026-01-15 14:10:27.957468] [debug] WebSocketServer: Broadcasting to 1 clients: {"server_time":"2026-01-15 14:10:27","timestamp":"1768475427957","isConnected":"True","numBoard":"0","numSteps":"0","numSpeed":"0.000000","numAccel":"0","numDecel":"0","currentPos":"0","startPos":"0","endPos":"0"}
[2026-01-15 14:10:28.957758] [debug] WebSocketServer: Broadcasting to 1 clients: {"server_time":"2026-01-15 14:10:28","timestamp":"1768475428957","isConnected":"True","numBoard":"0","numSteps":"0","numSpeed":"0.000000","numAccel":"0","numDecel":"0","currentPos":"0","startPos":"0","endPos":"0"}
[2026-01-15 14:10:29.958113] [debug] WebSocketServer: Broadcasting to 1 clients: {"server_time":"2026-01-15 14:10:29","timestamp":"1768475429958","isConnected":"True","numBoard":"0","numSteps":"0","numSpeed":"0.000000","numAccel":"0","numDecel":"0","currentPos":"0","startPos":"0","endPos":"0"}
[2026-01-15 14:10:30.958412] [debug] WebSocketServer: Broadcasting to 1 clients: {"server_time":"2026-01-15 14:10:30","timestamp":"1768475430958","isConnected":"True","numBoard":"0","numSteps":"0","numSpeed":"0.000000","numAccel":"0","numDecel":"0","currentPos":"0","startPos":"0","endPos":"0"}
[2026-01-15 14:10:31.958706] [debug] WebSocketServer: Broadcasting to 1 clients: {"server_time":"2026-01-15 14:10:31","timestamp":"1768475431958","isConnected":"True","numBoard":"0","numSteps":"0","numSpeed":"0.000000","numAccel":"0","numDecel":"0","currentPos":"0","startPos":"0","endPos":"0"}
[2026-01-15 14:10:32.959052] [debug] WebSocketServer: Broadcasting to 1 clients: {"server_time":"2026-01-15 14:10:32","timestamp":"1768475432958","isConnected":"True","numBoard":"0","numSteps":"0","numSpeed":"0.000000","numAccel":"0","numDecel":"0","currentPos":"0","startPos":"0","endPos":"0"}
[2026-01-15 14:10:33.959375] [debug] WebSocketServer: Broadcasting to 1 clients: {"server_time":"2026-01-15 14:10:33","timestamp":"1768475433959","isConnected":"True","numBoard":"0","numSteps":"0","numSpeed":"0.000000","numAccel":"0","numDecel":"0","currentPos":"0","startPos":"0","endPos":"0"}
[2026-01-15 14:10:34.959848] [debug] WebSocketServer: Broadcasting to 1 clients: {"server_time":"2026-01-15 14:10:34","timestamp":"1768475434959","isConnected":"True","numBoard":"0","numSteps":"0","numSpeed":"0.000000","numAccel":"0","numDecel":"0","currentPos":"0","startPos":"0","endPos":"0"}
[2026-01-15 14:10:35.960151] [debug] WebSocketServer: Broadcasting to 1 clients: {"server_time":"2026-01-15 14:10:35","timestamp":"1768475435960","isConnected":"True","numBoard":"0","numSteps":"0","numSpeed":"0.000000","numAccel":"0","numDecel":"0","currentPos":"0","startPos":"0","endPos":"0"}
[2026-01-15 14:10:36.960441] [debug] WebSocketServer: Broadcasting to 1 clients: {"server_time":"2026-01-15 14:10:36","timestamp":"1768475436960","isConnected":"True","numBoard":"0","numSteps":"0","numSpeed":"0.000000","numAccel":"0","numDecel":"0","currentPos":"0","startPos":"0","endPos":"0"}
[2026-01-15 14:10:37.960776] [debug] WebSocketServer: Broadcasting to 1 clients: {"server_time":"2026-01-15 14:10:37","timestamp":"1768475437960","isConnected":"True","numBoard":"0","numSteps":"0","numSpeed":"0.000000","numAccel":"0","numDecel":"0","currentPos":"0","startPos":"0","endPos":"0"}
[2026-01-15 14:10:38.961135] [debug] WebSocketServer: Broadcasting to 1 clients: {"server_time":"2026-01-15 14:10:38","timestamp":"1768475438961","isConnected":"True","numBoard":"0","numSteps":"0","numSpeed":"0.000000","numAccel":"0","numDecel":"0","currentPos":"0","startPos":"0","endPos":"0"}
[2026-01-15 14:10:39.961430] [debug] WebSocketServer: Broadcasting to 1 clients: {"server_time":"2026-01-15 14:10:39","timestamp":"1768475439961","isConnected":"True","numBoard":"0","numSteps":"0","numSpeed":"0.000000","numAccel":"0","numDecel":"0","currentPos":"0","startPos":"0","endPos":"0"}
[2026-01-15 14:10:40.962349] [debug] WebSocketServer: Broadcasting to 1 clients: {"server_time":"2026-01-15 14:10:40","timestamp":"1768475440962","isConnected":"True","numBoard":"0","numSteps":"0","numSpeed":"0.000000","numAccel":"0","numDecel":"0","currentPos":"0","startPos":"0","endPos":"0"}
[2026-01-15 14:10:41.962699] [debug] WebSocketServer: Broadcasting to 1 clients: {"server_time":"2026-01-15 14:10:41","timestamp":"1768475441962","isConnected":"True","numBoard":"0","numSteps":"0","numSpeed":"0.000000","numAccel":"0","numDecel":"0","currentPos":"0","startPos":"0","endPos":"0"}
[2026-01-15 14:10:42.963014] [debug] WebSocketServer: Broadcasting to 1 clients: {"server_time":"2026-01-15 14:10:42","timestamp":"1768475442962","isConnected":"True","numBoard":"0","numSteps":"0","numSpeed":"0.000000","numAccel":"0","numDecel":"0","currentPos":"0","startPos":"0","endPos":"0"}
[2026-01-15 14:10:43.963344] [debug] WebSocketServer: Broadcasting to 1 clients: {"server_time":"2026-01-15 14:10:43","timestamp":"1768475443963","isConnected":"True","numBoard":"0","numSteps":"0","numSpeed":"0.000000","numAccel":"0","numDecel":"0","currentPos":"0","startPos":"0","endPos":"0"}
[2026-01-15 14:10:44.963666] [debug] WebSocketServer: Broadcasting to 1 clients: {"server_time":"2026-01-15 14:10:44","timestamp":"1768475444963","isConnected":"True","numBoard":"0","numSteps":"0","numSpeed":"0.000000","numAccel":"0","numDecel":"0","currentPos":"0","startPos":"0","endPos":"0"}
[2026-01-15 14:10:45.963986] [debug] WebSocketServer: Broadcasting to 1 clients: {"server_time":"2026-01-15 14:10:45","timestamp":"1768475445963","isConnected":"True","numBoard":"0","numSteps":"0","numSpeed":"0.000000","numAccel":"0","numDecel":"0","currentPos":"0","startPos":"0","endPos":"0"}
[2026-01-15 14:10:46.964215] [debug] WebSocketServer: Broadcasting to 1 clients: {"server_time":"2026-01-15 14:10:46","timestamp":"1768475446964","isConnected":"True","numBoard":"0","numSteps":"0","numSpeed":"0.000000","numAccel":"0","numDecel":"0","currentPos":"0","startPos":"0","endPos":"0"}
[2026-01-15 14:10:47.964508] [debug] WebSocketServer: Broadcasting to 1 clients: {"server_time":"2026-01-15 14:10:47","timestamp":"1768475447964","isConnected":"True","numBoard":"0","numSteps":"0","numSpeed":"0.000000","numAccel":"0","numDecel":"0","currentPos":"0","startPos":"0","endPos":"0"}
[2026-01-15 14:10:48.964803] [debug] WebSocketServer: Broadcasting to 1 clients: {"server_time":"2026-01-15 14:10:48","timestamp":"1768475448964","isConnected":"True","numBoard":"0","numSteps":"0","numSpeed":"0.000000","numAccel":"0","numDecel":"0","currentPos":"0","startPos":"0","endPos":"0"}
[2026-01-15 14:10:49.965212] [debug] WebSocketServer: Broadcasting to 1 clients: {"server_time":"2026-01-15 14:10:49","timestamp":"1768475449965","isConnected":"True","numBoard":"0","numSteps":"0","numSpeed":"0.000000","numAccel":"0","numDecel":"0","currentPos":"0","startPos":"0","endPos":"0"}
[2026-01-15 14:10:50.965490] [debug] WebSocketServer: Broadcasting to 1 clients: {"server_time":"2026-01-15 14:10:50","timestamp":"1768475450965","isConnected":"True","numBoard":"0","numSteps":"0","numSpeed":"0.000000","numAccel":"0","numDecel":"0","currentPos":"0","startPos":"0","endPos":"0"}
[2026-01-15 14:10:51.965759] [debug] WebSocketServer: Broadcasting to 1 clients: {"server_time":"2026-01-15 14:10:51","timestamp":"1768475451965","isConnected":"True","numBoard":"0","numSteps":"0","numSpeed":"0.000000","numAccel":"0","numDecel":"0","currentPos":"0","startPos":"0","endPos":"0"}
[2026-01-15 14:10:52.966049] [debug] WebSocketServer: Broadcasting to 1 clients: {"server_time":"2026-01-15 14:10:52","timestamp":"1768475452965","isConnected":"True","numBoard":"0","numSteps":"0","numSpeed":"0.000000","numAccel":"0","numDecel":"0","currentPos":"0","startPos":"0","endPos":"0"}
[2026-01-15 14:10:53.966370] [debug] WebSocketServer: Broadcasting to 1 clients: {"server_time":"2026-01-15 14:10:53","timestamp":"1768475453966","isConnected":"True","numBoard":"0","numSteps":"0","numSpeed":"0.000000","numAccel":"0","numDecel":"0","currentPos":"0","startPos":"0","endPos":"0"}
[2026-01-15 14:10:54.966663] [debug] WebSocketServer: Broadcasting to 1 clients: {"server_time":"2026-01-15 14:10:54","timestamp":"1768475454966","isConnected":"True","numBoard":"0","numSteps":"0","numSpeed":"0.000000","numAccel":"0","numDecel":"0","currentPos":"0","startPos":"0","endPos":"0"}
[2026-01-15 14:10:55.966945] [debug] WebSocketServer: Broadcasting to 1 clients: {"server_time":"2026-01-15 14:10:55","timestamp":"1768475455966","isConnected":"True","numBoard":"0","numSteps":"0","numSpeed":"0.000000","numAccel":"0","numDecel":"0","currentPos":"0","startPos":"0","endPos":"0"}
[2026-01-15 14:10:56.967209] [debug] WebSocketServer: Broadcasting to 1 clients: {"server_time":"2026-01-15 14:10:56","timestamp":"1768475456967","isConnected":"True","numBoard":"0","numSteps":"0","numSpeed":"0.000000","numAccel":"0","numDecel":"0","currentPos":"0","startPos":"0","endPos":"0"}
[2026-01-15 14:10:57.967832] [debug] WebSocketServer: Broadcasting to 1 clients: {"server_time":"2026-01-15 14:10:57","timestamp":"1768475457967","isConnected":"True","numBoard":"0","numSteps":"0","numSpeed":"0.000000","numAccel":"0","numDecel":"0","currentPos":"0","startPos":"0","endPos":"0"}
[2026-01-15 14:10:58.968211] [debug] WebSocketServer: Broadcasting to 1 clients: {"server_time":"2026-01-15 14:10:58","timestamp":"1768475458968","isConnected":"True","numBoard":"0","numSteps":"0","numSpeed":"0.000000","numAccel":"0","numDecel":"0","currentPos":"0","startPos":"0","endPos":"0"}
[2026-01-15 14:10:59.968504] [debug] WebSocketServer: Broadcasting to 1 clients: {"server_time":"2026-01-15 14:10:59","timestamp":"1768475459968","isConnected":"True","numBoard":"0","numSteps":"0","numSpeed":"0.000000","numAccel":"0","numDecel":"0","currentPos":"0","startPos":"0","endPos":"0"}
[2026-01-15 14:11:00.968808] [debug] WebSocketServer: Broadcasting to 1 clients: {"server_time":"2026-01-15 14:11:00","timestamp":"1768475460968","isConnected":"True","numBoard":"0","numSteps":"0","numSpeed":"0.000000","numAccel":"0","numDecel":"0","currentPos":"0","startPos":"0","endPos":"0"}
[2026-01-15 14:11:01.969095] [debug] WebSocketServer: Broadcasting to 1 clients: {"server_time":"2026-01-15 14:11:01","timestamp":"1768475461969","isConnected":"True","numBoard":"0","numSteps":"0","numSpeed":"0.000000","numAccel":"0","numDecel":"0","currentPos":"0","startPos":"0","endPos":"0"}
[2026-01-15 14:11:02.969414] [debug] WebSocketServer: Broadcasting to 1 clients: {"server_time":"2026-01-15 14:11:02","timestamp":"1768475462969","isConnected":"True","numBoard":"0","numSteps":"0","numSpeed":"0.000000","numAccel":"0","numDecel":"0","currentPos":"0","startPos":"0","endPos":"0"}
[2026-01-15 14:11:03.969727] [debug] WebSocketServer: Broadcasting to 1 clients: {"server_time":"2026-01-15 14:11:03","timestamp":"1768475463969","isConnected":"True","numBoard":"0","numSteps":"0","numSpeed":"0.000000","numAccel":"0","numDecel":"0","currentPos":"0","startPos":"0","endPos":"0"}
[2026-01-15 14:11:04.970011] [debug] WebSocketServer: Broadcasting to 1 clients: {"server_time":"2026-01-15 14:11:04","timestamp":"1768475464969","isConnected":"True","numBoard":"0","numSteps":"0","numSpeed":"0.000000","numAccel":"0","numDecel":"0","currentPos":"0","startPos":"0","endPos":"0"}
[2026-01-15 14:11:05.970314] [debug] WebSocketServer: Broadcasting to 1 clients: {"server_time":"2026-01-15 14:11:05","timestamp":"1768475465970","isConnected":"True","numBoard":"0","numSteps":"0","numSpeed":"0.000000","numAccel":"0","numDecel":"0","currentPos":"0","startPos":"0","endPos":"0"}
[2026-01-15 14:11:06.970620] [debug] WebSocketServer: Broadcasting to 1 clients: {"server_time":"2026-01-15 14:11:06","timestamp":"1768475466970","isConnected":"True","numBoard":"0","numSteps":"0","numSpeed":"0.000000","numAccel":"0","numDecel":"0","currentPos":"0","startPos":"0","endPos":"0"}
[2026-01-15 14:11:07.970927] [debug] WebSocketServer: Broadcasting to 1 clients: {"server_time":"2026-01-15 14:11:07","timestamp":"1768475467970","isConnected":"True","numBoard":"0","numSteps":"0","numSpeed":"0.000000","numAccel":"0","numDecel":"0","currentPos":"0","startPos":"0","endPos":"0"}
[2026-01-15 14:11:08.971225] [debug] WebSocketServer: Broadcasting to 1 clients: {"server_time":"2026-01-15 14:11:08","timestamp":"1768475468971","isConnected":"True","numBoard":"0","numSteps":"0","numSpeed":"0.000000","numAccel":"0","numDecel":"0","currentPos":"0","startPos":"0","endPos":"0"}
[2026-01-15 14:11:09.971565] [debug] WebSocketServer: Broadcasting to 1 clients: {"server_time":"2026-01-15 14:11:09","timestamp":"1768475469971","isConnected":"True","numBoard":"0","numSteps":"0","numSpeed":"0.000000","numAccel":"0","numDecel":"0","currentPos":"0","startPos":"0","endPos":"0"}
[2026-01-15 14:11:10.971927] [debug] WebSocketServer: Broadcasting to 1 clients: {"server_time":"2026-01-15 14:11:10","timestamp":"1768475470971","isConnected":"True","numBoard":"0","numSteps":"0","numSpeed":"0.000000","numAccel":"0","numDecel":"0","currentPos":"0","startPos":"0","endPos":"0"}
[2026-01-15 14:11:11.972804] [debug] WebSocketServer: Broadcasting to 1 clients: {"server_time":"2026-01-15 14:11:11","timestamp":"1768475471972","isConnected":"True","numBoard":"0","numSteps":"0","numSpeed":"0.000000","numAccel":"0","numDecel":"0","currentPos":"0","startPos":"0","endPos":"0"}
[2026-01-15 14:11:12.973134] [debug] WebSocketServer: Broadcasting to 1 clients: {"server_time":"2026-01-15 14:11:12","timestamp":"1768475472973","isConnected":"True","numBoard":"0","numSteps":"0","numSpeed":"0.000000","numAccel":"0","numDecel":"0","currentPos":"0","startPos":"0","endPos":"0"}
[2026-01-15 14:11:13.973860] [debug] WebSocketServer: Broadcasting to 1 clients: {"server_time":"2026-01-15 14:11:13","timestamp":"1768475473973","isConnected":"True","numBoard":"0","numSteps":"0","numSpeed":"0.000000","numAccel":"0","numDecel":"0","currentPos":"0","startPos":"0","endPos":"0"}
[2026-01-15 14:11:14.974154] [debug] WebSocketServer: Broadcasting to 1 clients: {"server_time":"2026-01-15 14:11:14","timestamp":"1768475474974","isConnected":"True","numBoard":"0","numSteps":"0","numSpeed":"0.000000","numAccel":"0","numDecel":"0","currentPos":"0","startPos":"0","endPos":"0"}
[2026-01-15 14:11:15.974617] [debug] WebSocketServer: Broadcasting to 1 clients: {"server_time":"2026-01-15 14:11:15","timestamp":"1768475475974","isConnected":"True","numBoard":"0","numSteps":"0","numSpeed":"0.000000","numAccel":"0","numDecel":"0","currentPos":"0","startPos":"0","endPos":"0"}
[2026-01-15 14:11:16.974933] [debug] WebSocketServer: Broadcasting to 1 clients: {"server_time":"2026-01-15 14:11:16","timestamp":"1768475476974","isConnected":"True","numBoard":"0","numSteps":"0","numSpeed":"0.000000","numAccel":"0","numDecel":"0","currentPos":"0","startPos":"0","endPos":"0"}
[2026-01-15 14:11:17.975255] [debug] WebSocketServer: Broadcasting to 1 clients: {"server_time":"2026-01-15 14:11:17","timestamp":"1768475477975","isConnected":"True","numBoard":"0","numSteps":"0","numSpeed":"0.000000","numAccel":"0","numDecel":"0","currentPos":"0","startPos":"0","endPos":"0"}
[2026-01-15 14:11:18.975534] [debug] WebSocketServer: Broadcasting to 1 clients: {"server_time":"2026-01-15 14:11:18","timestamp":"1768475478975","isConnected":"True","numBoard":"0","numSteps":"0","numSpeed":"0.000000","numAccel":"0","numDecel":"0","currentPos":"0","startPos":"0","endPos":"0"}
[2026-01-15 14:11:19.975866] [debug] WebSocketServer: Broadcasting to 1 clients: {"server_time":"2026-01-15 14:11:19","timestamp":"1768475479975","isConnected":"True","numBoard":"0","numSteps":"0","numSpeed":"0.000000","numAccel":"0","numDecel":"0","currentPos":"0","startPos":"0","endPos":"0"}
[2026-01-15 14:11:20.976150] [debug] WebSocketServer: Broadcasting to 1 clients: {"server_time":"2026-01-15 14:11:20","timestamp":"1768475480976","isConnected":"True","numBoard":"0","numSteps":"0","numSpeed":"0.000000","numAccel":"0","numDecel":"0","currentPos":"0","startPos":"0","endPos":"0"}
[2026-01-15 14:11:21.977126] [debug] WebSocketServer: Broadcasting to 1 clients: {"server_time":"2026-01-15 14:11:21","timestamp":"1768475481977","isConnected":"True","numBoard":"0","numSteps":"0","numSpeed":"0.000000","numAccel":"0","numDecel":"0","currentPos":"0","startPos":"0","endPos":"0"}
[2026-01-15 14:11:22.977432] [debug] WebSocketServer: Broadcasting to 1 clients: {"server_time":"2026-01-15 14:11:22","timestamp":"1768475482977","isConnected":"True","numBoard":"0","numSteps":"0","numSpeed":"0.000000","numAccel":"0","numDecel":"0","currentPos":"0","startPos":"0","endPos":"0"}
[2026-01-15 14:11:23.977706] [debug] WebSocketServer: Broadcasting to 1 clients: {"server_time":"2026-01-15 14:11:23","timestamp":"1768475483977","isConnected":"True","numBoard":"0","numSteps":"0","numSpeed":"0.000000","numAccel":"0","numDecel":"0","currentPos":"0","startPos":"0","endPos":"0"}
[2026-01-15 14:11:24.978007] [debug] WebSocketServer: Broadcasting to 1 clients: {"server_time":"2026-01-15 14:11:24","timestamp":"1768475484977","isConnected":"True","numBoard":"0","numSteps":"0","numSpeed":"0.000000","numAccel":"0","numDecel":"0","currentPos":"0","startPos":"0","endPos":"0"}
[2026-01-15 14:11:25.978663] [debug] WebSocketServer: Broadcasting to 1 clients: {"server_time":"2026-01-15 14:11:25","timestamp":"1768475485978","isConnected":"True","numBoard":"0","numSteps":"0","numSpeed":"0.000000","numAccel":"0","numDecel":"0","currentPos":"0","startPos":"0","endPos":"0"}
[2026-01-15 14:11:26.978975] [debug] WebSocketServer: Broadcasting to 1 clients: {"server_time":"2026-01-15 14:11:26","timestamp":"1768475486978","isConnected":"True","numBoard":"0","numSteps":"0","numSpeed":"0.000000","numAccel":"0","numDecel":"0","currentPos":"0","startPos":"0","endPos":"0"}
[2026-01-15 14:11:27.979286] [debug] WebSocketServer: Broadcasting to 1 clients: {"server_time":"2026-01-15 14:11:27","timestamp":"1768475487979","isConnected":"True","numBoard":"0","numSteps":"0","numSpeed":"0.000000","numAccel":"0","numDecel":"0","currentPos":"0","startPos":"0","endPos":"0"}
[2026-01-15 14:11:28.979569] [debug] WebSocketServer: Broadcasting to 1 clients: {"server_time":"2026-01-15 14:11:28","timestamp":"1768475488979","isConnected":"True","numBoard":"0","numSteps":"0","numSpeed":"0.000000","numAccel":"0","numDecel":"0","currentPos":"0","startPos":"0","endPos":"0"}
[2026-01-15 14:11:29.979841] [debug] WebSocketServer: Broadcasting to 1 clients: {"server_time":"2026-01-15 14:11:29","timestamp":"1768475489979","isConnected":"True","numBoard":"0","numSteps":"0","numSpeed":"0.000000","numAccel":"0","numDecel":"0","currentPos":"0","startPos":"0","endPos":"0"}
[2026-01-15 14:11:30.980097] [debug] WebSocketServer: Broadcasting to 1 clients: {"server_time":"2026-01-15 14:11:30","timestamp":"1768475490980","isConnected":"True","numBoard":"0","numSteps":"0","numSpeed":"0.000000","numAccel":"0","numDecel":"0","currentPos":"0","startPos":"0","endPos":"0"}
[2026-01-15 14:11:31.980382] [debug] WebSocketServer: Broadcasting to 1 clients: {"server_time":"2026-01-15 14:11:31","timestamp":"1768475491980","isConnected":"True","numBoard":"0","numSteps":"0","numSpeed":"0.000000","numAccel":"0","numDecel":"0","currentPos":"0","startPos":"0","endPos":"0"}
[2026-01-15 14:11:32.980693] [debug] WebSocketServer: Broadcasting to 1 clients: {"server_time":"2026-01-15 14:11:32","timestamp":"1768475492980","isConnected":"True","numBoard":"0","numSteps":"0","numSpeed":"0.000000","numAccel":"0","numDecel":"0","currentPos":"0","startPos":"0","endPos":"0"}
[2026-01-15 14:11:33.981090] [debug] WebSocketServer: Broadcasting to 1 clients: {"server_time":"2026-01-15 14:11:33","timestamp":"1768475493980","isConnected":"True","numBoard":"0","numSteps":"0","numSpeed":"0.000000","numAccel":"0","numDecel":"0","currentPos":"0","startPos":"0","endPos":"0"}
[2026-01-15 14:11:34.981672] [debug] WebSocketServer: Broadcasting to 1 clients: {"server_time":"2026-01-15 14:11:34","timestamp":"1768475494981","isConnected":"True","numBoard":"0","numSteps":"0","numSpeed":"0.000000","numAccel":"0","numDecel":"0","currentPos":"0","startPos":"0","endPos":"0"}
[2026-01-15 14:11:35.982175] [debug] WebSocketServer: Broadcasting to 1 clients: {"server_time":"2026-01-15 14:11:35","timestamp":"1768475495982","isConnected":"True","numBoard":"0","numSteps":"0","numSpeed":"0.000000","numAccel":"0","numDecel":"0","currentPos":"0","startPos":"0","endPos":"0"}
[2026-01-15 14:11:36.982943] [debug] WebSocketServer: Broadcasting to 1 clients: {"server_time":"2026-01-15 14:11:36","timestamp":"1768475496982","isConnected":"True","numBoard":"0","numSteps":"0","numSpeed":"0.000000","numAccel":"0","numDecel":"0","currentPos":"0","startPos":"0","endPos":"0"}
[2026-01-15 14:11:37.983396] [debug] WebSocketServer: Broadcasting to 1 clients: {"server_time":"2026-01-15 14:11:37","timestamp":"1768475497983","isConnected":"True","numBoard":"0","numSteps":"0","numSpeed":"0.000000","numAccel":"0","numDecel":"0","currentPos":"0","startPos":"0","endPos":"0"}
[2026-01-15 14:11:38.984454] [debug] WebSocketServer: Broadcasting to 1 clients: {"server_time":"2026-01-15 14:11:38","timestamp":"1768475498984","isConnected":"True","numBoard":"0","numSteps":"0","numSpeed":"0.000000","numAccel":"0","numDecel":"0","currentPos":"0","startPos":"0","endPos":"0"}
[2026-01-15 14:11:39.984760] [debug] WebSocketServer: Broadcasting to 1 clients: {"server_time":"2026-01-15 14:11:39","timestamp":"1768475499984","isConnected":"True","numBoard":"0","numSteps":"0","numSpeed":"0.000000","numAccel":"0","numDecel":"0","currentPos":"0","startPos":"0","endPos":"0"}
[2026-01-15 14:11:40.985086] [debug] WebSocketServer: Broadcasting to 1 clients: {"server_time":"2026-01-15 14:11:40","timestamp":"1768475500985","isConnected":"True","numBoard":"0","numSteps":"0","numSpeed":"0.000000","numAccel":"0","numDecel":"0","currentPos":"0","startPos":"0","endPos":"0"}
[2026-01-15 14:11:41.985430] [debug] WebSocketServer: Broadcasting to 1 clients: {"server_time":"2026-01-15 14:11:41","timestamp":"1768475501985","isConnected":"True","numBoard":"0","numSteps":"0","numSpeed":"0.000000","numAccel":"0","numDecel":"0","currentPos":"0","startPos":"0","endPos":"0"}
[2026-01-15 14:11:42.986087] [debug] WebSocketServer: Broadcasting to 1 clients: {"server_time":"2026-01-15 14:11:42","timestamp":"1768475502986","isConnected":"True","numBoard":"0","numSteps":"0","numSpeed":"0.000000","numAccel":"0","numDecel":"0","currentPos":"0","startPos":"0","endPos":"0"}
[2026-01-15 14:11:43.986408] [debug] WebSocketServer: Broadcasting to 1 clients: {"server_time":"2026-01-15 14:11:43","timestamp":"1768475503986","isConnected":"True","numBoard":"0","numSteps":"0","numSpeed":"0.000000","numAccel":"0","numDecel":"0","currentPos":"0","startPos":"0","endPos":"0"}
[2026-01-15 14:11:44.986732] [debug] WebSocketServer: Broadcasting to 1 clients: {"server_time":"2026-01-15 14:11:44","timestamp":"1768475504986","isConnected":"True","numBoard":"0","numSteps":"0","numSpeed":"0.000000","numAccel":"0","numDecel":"0","currentPos":"0","startPos":"0","endPos":"0"}
[2026-01-15 14:11:45.987020] [debug] WebSocketServer: Broadcasting to 1 clients: {"server_time":"2026-01-15 14:11:45","timestamp":"1768475505986","isConnected":"True","numBoard":"0","numSteps":"0","numSpeed":"0.000000","numAccel":"0","numDecel":"0","currentPos":"0","startPos":"0","endPos":"0"}
[2026-01-15 14:11:46.987982] [debug] WebSocketServer: Broadcasting to 1 clients: {"server_time":"2026-01-15 14:11:46","timestamp":"1768475506987","isConnected":"True","numBoard":"0","numSteps":"0","numSpeed":"0.000000","numAccel":"0","numDecel":"0","currentPos":"0","startPos":"0","endPos":"0"}
[2026-01-15 14:11:47.988212] [debug] WebSocketServer: Broadcasting to 1 clients: {"server_time":"2026-01-15 14:11:47","timestamp":"1768475507988","isConnected":"True","numBoard":"0","numSteps":"0","numSpeed":"0.000000","numAccel":"0","numDecel":"0","currentPos":"0","startPos":"0","endPos":"0"}
[2026-01-15 14:11:48.988482] [debug] WebSocketServer: Broadcasting to 1 clients: {"server_time":"2026-01-15 14:11:48","timestamp":"1768475508988","isConnected":"True","numBoard":"0","numSteps":"0","numSpeed":"0.000000","numAccel":"0","numDecel":"0","currentPos":"0","startPos":"0","endPos":"0"}
[2026-01-15 14:11:49.988777] [debug] WebSocketServer: Broadcasting to 1 clients: {"server_time":"2026-01-15 14:11:49","timestamp":"1768475509988","isConnected":"True","numBoard":"0","numSteps":"0","numSpeed":"0.000000","numAccel":"0","numDecel":"0","currentPos":"0","startPos":"0","endPos":"0"}
[2026-01-15 14:11:50.445809] [info] WebSocket client disconnected (ENOTCONN)
[2026-01-15 14:11:50.445914] [info] Session removed. Active clients: 0
[2026-01-15 14:11:50.445955] [info] WebSocket session destroyed
[2026-01-15 14:13:19.308841] [info] RestApiServer created on port 8080
[2026-01-15 14:13:19.309139] [info] WebSocketServer created on port 8081
[2026-01-15 14:13:19.309277] [info] WebSocketServer: Started auto updates with interval 1000ms
[2026-01-15 14:13:19.309274] [info] WebSocketServer starting on port 8081
[2026-01-15 14:13:19.309323] [info] WebSocketServer: Auto update worker started
[2026-01-15 14:13:19.309338] [info] Run RestApiServer on port 8080
[2026-01-15 14:13:23.030889] [info] WebSocket client connected. Total clients: 1
[2026-01-15 14:13:23.309846] [debug] WebSocketServer: Broadcasting to 1 clients: {"server_time":"2026-01-15 14:13:23","timestamp":"1768475603309","isConnected":"False","numBoard":"0","numSteps":"0","numSpeed":"0.000000","numAccel":"0","numDecel":"0","currentPos":"0","startPos":"0","endPos":"0"}
[2026-01-15 14:13:24.310161] [debug] WebSocketServer: Broadcasting to 1 clients: {"server_time":"2026-01-15 14:13:24","timestamp":"1768475604310","isConnected":"False","numBoard":"0","numSteps":"0","numSpeed":"0.000000","numAccel":"0","numDecel":"0","currentPos":"0","startPos":"0","endPos":"0"}
[2026-01-15 14:13:25.310444] [debug] WebSocketServer: Broadcasting to 1 clients: {"server_time":"2026-01-15 14:13:25","timestamp":"1768475605310","isConnected":"False","numBoard":"0","numSteps":"0","numSpeed":"0.000000","numAccel":"0","numDecel":"0","currentPos":"0","startPos":"0","endPos":"0"}
[2026-01-15 14:13:26.310764] [debug] WebSocketServer: Broadcasting to 1 clients: {"server_time":"2026-01-15 14:13:26","timestamp":"1768475606310","isConnected":"False","numBoard":"0","numSteps":"0","numSpeed":"0.000000","numAccel":"0","numDecel":"0","currentPos":"0","startPos":"0","endPos":"0"}
[2026-01-15 14:13:27.311052] [debug] WebSocketServer: Broadcasting to 1 clients: {"server_time":"2026-01-15 14:13:27","timestamp":"1768475607310","isConnected":"False","numBoard":"0","numSteps":"0","numSpeed":"0.000000","numAccel":"0","numDecel":"0","currentPos":"0","startPos":"0","endPos":"0"}
[2026-01-15 14:13:28.311340] [debug] WebSocketServer: Broadcasting to 1 clients: {"server_time":"2026-01-15 14:13:28","timestamp":"1768475608311","isConnected":"False","numBoard":"0","numSteps":"0","numSpeed":"0.000000","numAccel":"0","numDecel":"0","currentPos":"0","startPos":"0","endPos":"0"}
[2026-01-15 14:13:29.311607] [debug] WebSocketServer: Broadcasting to 1 clients: {"server_time":"2026-01-15 14:13:29","timestamp":"1768475609311","isConnected":"False","numBoard":"0","numSteps":"0","numSpeed":"0.000000","numAccel":"0","numDecel":"0","currentPos":"0","startPos":"0","endPos":"0"}
[2026-01-15 14:13:30.311881] [debug] WebSocketServer: Broadcasting to 1 clients: {"server_time":"2026-01-15 14:13:30","timestamp":"1768475610311","isConnected":"False","numBoard":"0","numSteps":"0","numSpeed":"0.000000","numAccel":"0","numDecel":"0","currentPos":"0","startPos":"0","endPos":"0"}
[2026-01-15 14:13:30.696248] [info] GET /api/connect
[2026-01-15 14:13:31.025475] [info] POST /api/board/set {"numBoard":0}
[2026-01-15 14:13:31.312217] [debug] WebSocketServer: Broadcasting to 1 clients: {"server_time":"2026-01-15 14:13:31","timestamp":"1768475611312","isConnected":"True","numBoard":"0","numSteps":"0","numSpeed":"0.000000","numAccel":"0","numDecel":"0","currentPos":"0","startPos":"0","endPos":"0"}
[2026-01-15 14:13:32.005472] [info] POST /api/flash/type/save {"type":"CAN-STEP"}
[2026-01-15 14:13:32.312514] [debug] WebSocketServer: Broadcasting to 1 clients: {"server_time":"2026-01-15 14:13:32","timestamp":"1768475612312","isConnected":"True","numBoard":"0","numSteps":"0","numSpeed":"0.000000","numAccel":"0","numDecel":"0","currentPos":"0","startPos":"0","endPos":"0"}
[2026-01-15 14:13:33.312780] [debug] WebSocketServer: Broadcasting to 1 clients: {"server_time":"2026-01-15 14:13:33","timestamp":"1768475613312","isConnected":"True","numBoard":"0","numSteps":"0","numSpeed":"0.000000","numAccel":"0","numDecel":"0","currentPos":"0","startPos":"0","endPos":"0"}
[2026-01-15 14:13:34.313050] [debug] WebSocketServer: Broadcasting to 1 clients: {"server_time":"2026-01-15 14:13:34","timestamp":"1768475614313","isConnected":"True","numBoard":"0","numSteps":"0","numSpeed":"0.000000","numAccel":"0","numDecel":"0","currentPos":"0","startPos":"0","endPos":"0"}
[2026-01-15 14:13:34.862258] [info] POST /api/flash/type/set {"type":"CAN-STEP"}
[2026-01-15 14:13:35.313342] [debug] WebSocketServer: Broadcasting to 1 clients: {"server_time":"2026-01-15 14:13:35","timestamp":"1768475615313","isConnected":"True","numBoard":"0","numSteps":"0","numSpeed":"0.000000","numAccel":"0","numDecel":"0","currentPos":"0","startPos":"0","endPos":"0"}
[2026-01-15 14:13:35.909322] [info] POST /api/flash/run {"filename":"../firmware/STM32F103C8T6CAN_Step_v2_5_295.bin"}
[2026-01-15 14:13:36.313591] [debug] WebSocketServer: Broadcasting to 1 clients: {"server_time":"2026-01-15 14:13:36","timestamp":"1768475616313","isConnected":"True","numBoard":"0","numSteps":"0","numSpeed":"0.000000","numAccel":"0","numDecel":"0","currentPos":"0","startPos":"0","endPos":"0"}
[2026-01-15 14:13:37.313879] [debug] WebSocketServer: Broadcasting to 1 clients: {"server_time":"2026-01-15 14:13:37","timestamp":"1768475617313","isConnected":"True","numBoard":"0","numSteps":"0","numSpeed":"0.000000","numAccel":"0","numDecel":"0","currentPos":"0","startPos":"0","endPos":"0"}
[2026-01-15 14:13:38.314161] [debug] WebSocketServer: Broadcasting to 1 clients: {"server_time":"2026-01-15 14:13:38","timestamp":"1768475618314","isConnected":"True","numBoard":"0","numSteps":"0","numSpeed":"0.000000","numAccel":"0","numDecel":"0","currentPos":"0","startPos":"0","endPos":"0"}
[2026-01-15 14:13:39.314466] [debug] WebSocketServer: Broadcasting to 1 clients: {"server_time":"2026-01-15 14:13:39","timestamp":"1768475619314","isConnected":"True","numBoard":"0","numSteps":"0","numSpeed":"0.000000","numAccel":"0","numDecel":"0","currentPos":"0","startPos":"0","endPos":"0"}
[2026-01-15 14:13:40.315019] [debug] WebSocketServer: Broadcasting to 1 clients: {"server_time":"2026-01-15 14:13:40","timestamp":"1768475620314","isConnected":"True","numBoard":"0","numSteps":"0","numSpeed":"0.000000","numAccel":"0","numDecel":"0","currentPos":"0","startPos":"0","endPos":"0"}
[2026-01-15 14:13:41.315303] [debug] WebSocketServer: Broadcasting to 1 clients: {"server_time":"2026-01-15 14:13:41","timestamp":"1768475621315","isConnected":"True","numBoard":"0","numSteps":"0","numSpeed":"0.000000","numAccel":"0","numDecel":"0","currentPos":"0","startPos":"0","endPos":"0"}
[2026-01-15 14:13:42.315572] [debug] WebSocketServer: Broadcasting to 1 clients: {"server_time":"2026-01-15 14:13:42","timestamp":"1768475622315","isConnected":"True","numBoard":"0","numSteps":"0","numSpeed":"0.000000","numAccel":"0","numDecel":"0","currentPos":"0","startPos":"0","endPos":"0"}
[2026-01-15 14:13:43.315848] [debug] WebSocketServer: Broadcasting to 1 clients: {"server_time":"2026-01-15 14:13:43","timestamp":"1768475623315","isConnected":"True","numBoard":"0","numSteps":"0","numSpeed":"0.000000","numAccel":"0","numDecel":"0","currentPos":"0","startPos":"0","endPos":"0"}
[2026-01-15 14:13:44.316120] [debug] WebSocketServer: Broadcasting to 1 clients: {"server_time":"2026-01-15 14:13:44","timestamp":"1768475624316","isConnected":"True","numBoard":"0","numSteps":"0","numSpeed":"0.000000","numAccel":"0","numDecel":"0","currentPos":"0","startPos":"0","endPos":"0"}
[2026-01-15 14:13:45.316411] [debug] WebSocketServer: Broadcasting to 1 clients: {"server_time":"2026-01-15 14:13:45","timestamp":"1768475625316","isConnected":"True","numBoard":"0","numSteps":"0","numSpeed":"0.000000","numAccel":"0","numDecel":"0","currentPos":"0","startPos":"0","endPos":"0"}
[2026-01-15 14:13:46.316712] [debug] WebSocketServer: Broadcasting to 1 clients: {"server_time":"2026-01-15 14:13:46","timestamp":"1768475626316","isConnected":"True","numBoard":"0","numSteps":"0","numSpeed":"0.000000","numAccel":"0","numDecel":"0","currentPos":"0","startPos":"0","endPos":"0"}
[2026-01-15 14:13:47.317026] [debug] WebSocketServer: Broadcasting to 1 clients: {"server_time":"2026-01-15 14:13:47","timestamp":"1768475627316","isConnected":"True","numBoard":"0","numSteps":"0","numSpeed":"0.000000","numAccel":"0","numDecel":"0","currentPos":"0","startPos":"0","endPos":"0"}
[2026-01-15 14:13:48.317349] [debug] WebSocketServer: Broadcasting to 1 clients: {"server_time":"2026-01-15 14:13:48","timestamp":"1768475628317","isConnected":"True","numBoard":"0","numSteps":"0","numSpeed":"0.000000","numAccel":"0","numDecel":"0","currentPos":"0","startPos":"0","endPos":"0"}
[2026-01-15 14:13:49.317886] [debug] WebSocketServer: Broadcasting to 1 clients: {"server_time":"2026-01-15 14:13:49","timestamp":"1768475629317","isConnected":"True","numBoard":"0","numSteps":"0","numSpeed":"0.000000","numAccel":"0","numDecel":"0","currentPos":"0","startPos":"0","endPos":"0"}
[2026-01-15 14:13:50.318135] [debug] WebSocketServer: Broadcasting to 1 clients: {"server_time":"2026-01-15 14:13:50","timestamp":"1768475630318","isConnected":"True","numBoard":"0","numSteps":"0","numSpeed":"0.000000","numAccel":"0","numDecel":"0","currentPos":"0","startPos":"0","endPos":"0"}
[2026-01-15 14:13:51.318423] [debug] WebSocketServer: Broadcasting to 1 clients: {"server_time":"2026-01-15 14:13:51","timestamp":"1768475631318","isConnected":"True","numBoard":"0","numSteps":"0","numSpeed":"0.000000","numAccel":"0","numDecel":"0","currentPos":"0","startPos":"0","endPos":"0"}
[2026-01-15 14:13:52.318721] [debug] WebSocketServer: Broadcasting to 1 clients: {"server_time":"2026-01-15 14:13:52","timestamp":"1768475632318","isConnected":"True","numBoard":"0","numSteps":"0","numSpeed":"0.000000","numAccel":"0","numDecel":"0","currentPos":"0","startPos":"0","endPos":"0"}
[2026-01-15 14:13:53.319089] [debug] WebSocketServer: Broadcasting to 1 clients: {"server_time":"2026-01-15 14:13:53","timestamp":"1768475633319","isConnected":"True","numBoard":"0","numSteps":"0","numSpeed":"0.000000","numAccel":"0","numDecel":"0","currentPos":"0","startPos":"0","endPos":"0"}
[2026-01-15 14:13:53.325269] [info] WebSocket client disconnected (ENOTCONN)
[2026-01-15 14:13:53.325359] [info] Session removed. Active clients: 0
[2026-01-15 14:13:53.325411] [info] WebSocket session destroyed
[2026-01-15 14:43:36.108010] [info] RestApiServer created on port 8080
[2026-01-15 14:43:36.114698] [info] WebSocketServer created on port 8081
[2026-01-15 14:43:36.114898] [info] WebSocketServer starting on port 8081
[2026-01-15 14:43:36.114920] [info] WebSocketServer: Started auto updates with interval 1000ms
[2026-01-15 14:43:36.114976] [info] Run RestApiServer on port 8080
[2026-01-15 14:43:36.114958] [info] WebSocketServer: Auto update worker started
[2026-01-15 14:43:43.685768] [info] WebSocket client connected. Total clients: 1
[2026-01-15 14:43:44.116544] [debug] WebSocketServer: Broadcasting to 1 clients: {"server_time":"2026-01-15 14:43:44","timestamp":"1768477424116","isConnected":"False","numBoard":"0","numSteps":"0","numSpeed":"0.000000","numAccel":"0","numDecel":"0","currentPos":"0","startPos":"0","endPos":"0"}
[2026-01-15 14:43:45.039267] [info] GET /api/connect
[2026-01-15 14:43:45.116818] [debug] WebSocketServer: Broadcasting to 1 clients: {"server_time":"2026-01-15 14:43:45","timestamp":"1768477425116","isConnected":"True","numBoard":"0","numSteps":"0","numSpeed":"0.000000","numAccel":"0","numDecel":"0","currentPos":"0","startPos":"0","endPos":"0"}
[2026-01-15 14:43:45.454811] [info] POST /api/board/set {"numBoard":0}
[2026-01-15 14:43:46.117090] [debug] WebSocketServer: Broadcasting to 1 clients: {"server_time":"2026-01-15 14:43:46","timestamp":"1768477426117","isConnected":"True","numBoard":"0","numSteps":"0","numSpeed":"0.000000","numAccel":"0","numDecel":"0","currentPos":"0","startPos":"0","endPos":"0"}
[2026-01-15 14:43:47.117601] [debug] WebSocketServer: Broadcasting to 1 clients: {"server_time":"2026-01-15 14:43:47","timestamp":"1768477427117","isConnected":"True","numBoard":"0","numSteps":"0","numSpeed":"0.000000","numAccel":"0","numDecel":"0","currentPos":"0","startPos":"0","endPos":"0"}
[2026-01-15 14:43:48.118107] [debug] WebSocketServer: Broadcasting to 1 clients: {"server_time":"2026-01-15 14:43:48","timestamp":"1768477428118","isConnected":"True","numBoard":"0","numSteps":"0","numSpeed":"0.000000","numAccel":"0","numDecel":"0","currentPos":"0","startPos":"0","endPos":"0"}
[2026-01-15 14:43:49.118488] [debug] WebSocketServer: Broadcasting to 1 clients: {"server_time":"2026-01-15 14:43:49","timestamp":"1768477429118","isConnected":"True","numBoard":"0","numSteps":"0","numSpeed":"0.000000","numAccel":"0","numDecel":"0","currentPos":"0","startPos":"0","endPos":"0"}
[2026-01-15 14:43:50.118777] [debug] WebSocketServer: Broadcasting to 1 clients: {"server_time":"2026-01-15 14:43:50","timestamp":"1768477430118","isConnected":"True","numBoard":"0","numSteps":"0","numSpeed":"0.000000","numAccel":"0","numDecel":"0","currentPos":"0","startPos":"0","endPos":"0"}
[2026-01-15 14:43:50.362364] [info] POST /api/flash/type/save {"type":"CAN-STEP"}
[2026-01-15 14:43:50.870231] [info] POST /api/flash/type/set {"type":"CAN-STEP"}
[2026-01-15 14:43:51.119058] [debug] WebSocketServer: Broadcasting to 1 clients: {"server_time":"2026-01-15 14:43:51","timestamp":"1768477431119","isConnected":"True","numBoard":"0","numSteps":"0","numSpeed":"0.000000","numAccel":"0","numDecel":"0","currentPos":"0","startPos":"0","endPos":"0"}
[2026-01-15 14:43:51.151287] [info] POST /api/flash/run {"filename":"../firmware/STM32F103C8T6CAN_Step_v2_5_295.bin"}
[2026-01-15 14:43:52.119317] [debug] WebSocketServer: Broadcasting to 1 clients: {"server_time":"2026-01-15 14:43:52","timestamp":"1768477432119","isConnected":"True","numBoard":"0","numSteps":"0","numSpeed":"0.000000","numAccel":"0","numDecel":"0","currentPos":"0","startPos":"0","endPos":"0"}
[2026-01-15 14:43:53.119610] [debug] WebSocketServer: Broadcasting to 1 clients: {"server_time":"2026-01-15 14:43:53","timestamp":"1768477433119","isConnected":"True","numBoard":"0","numSteps":"0","numSpeed":"0.000000","numAccel":"0","numDecel":"0","currentPos":"0","startPos":"0","endPos":"0"}
[2026-01-15 14:43:54.119915] [debug] WebSocketServer: Broadcasting to 1 clients: {"server_time":"2026-01-15 14:43:54","timestamp":"1768477434119","isConnected":"True","numBoard":"0","numSteps":"0","numSpeed":"0.000000","numAccel":"0","numDecel":"0","currentPos":"0","startPos":"0","endPos":"0"}
[2026-01-15 14:43:55.120209] [debug] WebSocketServer: Broadcasting to 1 clients: {"server_time":"2026-01-15 14:43:55","timestamp":"1768477435120","isConnected":"True","numBoard":"0","numSteps":"0","numSpeed":"0.000000","numAccel":"0","numDecel":"0","currentPos":"0","startPos":"0","endPos":"0"}
[2026-01-15 14:43:56.120475] [debug] WebSocketServer: Broadcasting to 1 clients: {"server_time":"2026-01-15 14:43:56","timestamp":"1768477436120","isConnected":"True","numBoard":"0","numSteps":"0","numSpeed":"0.000000","numAccel":"0","numDecel":"0","currentPos":"0","startPos":"0","endPos":"0"}
[2026-01-15 14:43:57.120745] [debug] WebSocketServer: Broadcasting to 1 clients: {"server_time":"2026-01-15 14:43:57","timestamp":"1768477437120","isConnected":"True","numBoard":"0","numSteps":"0","numSpeed":"0.000000","numAccel":"0","numDecel":"0","currentPos":"0","startPos":"0","endPos":"0"}
[2026-01-15 14:43:58.121005] [debug] WebSocketServer: Broadcasting to 1 clients: {"server_time":"2026-01-15 14:43:58","timestamp":"1768477438120","isConnected":"True","numBoard":"0","numSteps":"0","numSpeed":"0.000000","numAccel":"0","numDecel":"0","currentPos":"0","startPos":"0","endPos":"0"}
[2026-01-15 14:43:58.406446] [info] WebSocket client disconnected (ENOTCONN)
[2026-01-15 14:43:58.406571] [info] Session removed. Active clients: 0
[2026-01-15 14:43:58.406646] [info] WebSocket session destroyed
[2026-01-15 14:44:55.301919] [info] RestApiServer created on port 8080
[2026-01-15 14:44:55.308599] [info] WebSocketServer created on port 8081
[2026-01-15 14:44:55.308829] [info] WebSocketServer starting on port 8081
[2026-01-15 14:44:55.309349] [info] WebSocketServer: Auto update worker started
[2026-01-15 14:44:55.309487] [info] WebSocketServer: Started auto updates with interval 1000ms
[2026-01-15 14:44:55.309535] [info] Run RestApiServer on port 8080
[2026-01-15 14:44:58.417479] [info] WebSocket client connected. Total clients: 1
[2026-01-15 14:44:59.309953] [debug] WebSocketServer: Broadcasting to 1 clients: {"server_time":"2026-01-15 14:44:59","timestamp":"1768477499309","isConnected":"False","numBoard":"0","numSteps":"0","numSpeed":"0.000000","numAccel":"0","numDecel":"0","currentPos":"0","startPos":"0","endPos":"0"}
[2026-01-15 14:44:59.831296] [info] GET /api/connect
[2026-01-15 14:45:00.310513] [debug] WebSocketServer: Broadcasting to 1 clients: {"server_time":"2026-01-15 14:45:00","timestamp":"1768477500310","isConnected":"True","numBoard":"0","numSteps":"0","numSpeed":"0.000000","numAccel":"0","numDecel":"0","currentPos":"0","startPos":"0","endPos":"0"}
[2026-01-15 14:45:00.618395] [info] POST /api/board/set {"numBoard":0}
[2026-01-15 14:45:01.310817] [debug] WebSocketServer: Broadcasting to 1 clients: {"server_time":"2026-01-15 14:45:01","timestamp":"1768477501310","isConnected":"True","numBoard":"0","numSteps":"0","numSpeed":"0.000000","numAccel":"0","numDecel":"0","currentPos":"0","startPos":"0","endPos":"0"}
[2026-01-15 14:45:02.311174] [debug] WebSocketServer: Broadcasting to 1 clients: {"server_time":"2026-01-15 14:45:02","timestamp":"1768477502311","isConnected":"True","numBoard":"0","numSteps":"0","numSpeed":"0.000000","numAccel":"0","numDecel":"0","currentPos":"0","startPos":"0","endPos":"0"}
[2026-01-15 14:45:03.311735] [debug] WebSocketServer: Broadcasting to 1 clients: {"server_time":"2026-01-15 14:45:03","timestamp":"1768477503311","isConnected":"True","numBoard":"0","numSteps":"0","numSpeed":"0.000000","numAccel":"0","numDecel":"0","currentPos":"0","startPos":"0","endPos":"0"}
[2026-01-15 14:45:04.312299] [debug] WebSocketServer: Broadcasting to 1 clients: {"server_time":"2026-01-15 14:45:04","timestamp":"1768477504312","isConnected":"True","numBoard":"0","numSteps":"0","numSpeed":"0.000000","numAccel":"0","numDecel":"0","currentPos":"0","startPos":"0","endPos":"0"}
[2026-01-15 14:45:05.312586] [debug] WebSocketServer: Broadcasting to 1 clients: {"server_time":"2026-01-15 14:45:05","timestamp":"1768477505312","isConnected":"True","numBoard":"0","numSteps":"0","numSpeed":"0.000000","numAccel":"0","numDecel":"0","currentPos":"0","startPos":"0","endPos":"0"}
[2026-01-15 14:45:06.312850] [debug] WebSocketServer: Broadcasting to 1 clients: {"server_time":"2026-01-15 14:45:06","timestamp":"1768477506312","isConnected":"True","numBoard":"0","numSteps":"0","numSpeed":"0.000000","numAccel":"0","numDecel":"0","currentPos":"0","startPos":"0","endPos":"0"}
[2026-01-15 14:45:07.313170] [debug] WebSocketServer: Broadcasting to 1 clients: {"server_time":"2026-01-15 14:45:07","timestamp":"1768477507313","isConnected":"True","numBoard":"0","numSteps":"0","numSpeed":"0.000000","numAccel":"0","numDecel":"0","currentPos":"0","startPos":"0","endPos":"0"}
[2026-01-15 14:45:08.313625] [debug] WebSocketServer: Broadcasting to 1 clients: {"server_time":"2026-01-15 14:45:08","timestamp":"1768477508313","isConnected":"True","numBoard":"0","numSteps":"0","numSpeed":"0.000000","numAccel":"0","numDecel":"0","currentPos":"0","startPos":"0","endPos":"0"}
[2026-01-15 14:45:09.313910] [debug] WebSocketServer: Broadcasting to 1 clients: {"server_time":"2026-01-15 14:45:09","timestamp":"1768477509313","isConnected":"True","numBoard":"0","numSteps":"0","numSpeed":"0.000000","numAccel":"0","numDecel":"0","currentPos":"0","startPos":"0","endPos":"0"}
[2026-01-15 14:45:10.314270] [debug] WebSocketServer: Broadcasting to 1 clients: {"server_time":"2026-01-15 14:45:10","timestamp":"1768477510314","isConnected":"True","numBoard":"0","numSteps":"0","numSpeed":"0.000000","numAccel":"0","numDecel":"0","currentPos":"0","startPos":"0","endPos":"0"}
[2026-01-15 14:45:11.314561] [debug] WebSocketServer: Broadcasting to 1 clients: {"server_time":"2026-01-15 14:45:11","timestamp":"1768477511314","isConnected":"True","numBoard":"0","numSteps":"0","numSpeed":"0.000000","numAccel":"0","numDecel":"0","currentPos":"0","startPos":"0","endPos":"0"}
[2026-01-15 14:45:12.314836] [debug] WebSocketServer: Broadcasting to 1 clients: {"server_time":"2026-01-15 14:45:12","timestamp":"1768477512314","isConnected":"True","numBoard":"0","numSteps":"0","numSpeed":"0.000000","numAccel":"0","numDecel":"0","currentPos":"0","startPos":"0","endPos":"0"}
[2026-01-15 14:45:13.315110] [debug] WebSocketServer: Broadcasting to 1 clients: {"server_time":"2026-01-15 14:45:13","timestamp":"1768477513315","isConnected":"True","numBoard":"0","numSteps":"0","numSpeed":"0.000000","numAccel":"0","numDecel":"0","currentPos":"0","startPos":"0","endPos":"0"}
[2026-01-15 14:45:14.315379] [debug] WebSocketServer: Broadcasting to 1 clients: {"server_time":"2026-01-15 14:45:14","timestamp":"1768477514315","isConnected":"True","numBoard":"0","numSteps":"0","numSpeed":"0.000000","numAccel":"0","numDecel":"0","currentPos":"0","startPos":"0","endPos":"0"}
[2026-01-15 14:45:15.315687] [debug] WebSocketServer: Broadcasting to 1 clients: {"server_time":"2026-01-15 14:45:15","timestamp":"1768477515315","isConnected":"True","numBoard":"0","numSteps":"0","numSpeed":"0.000000","numAccel":"0","numDecel":"0","currentPos":"0","startPos":"0","endPos":"0"}
[2026-01-15 14:45:16.050418] [info] POST /api/flash/type/save {"type":"CAN-STEP"}
[2026-01-15 14:45:16.315960] [debug] WebSocketServer: Broadcasting to 1 clients: {"server_time":"2026-01-15 14:45:16","timestamp":"1768477516315","isConnected":"True","numBoard":"0","numSteps":"0","numSpeed":"0.000000","numAccel":"0","numDecel":"0","currentPos":"0","startPos":"0","endPos":"0"}
[2026-01-15 14:45:17.316229] [debug] WebSocketServer: Broadcasting to 1 clients: {"server_time":"2026-01-15 14:45:17","timestamp":"1768477517316","isConnected":"True","numBoard":"0","numSteps":"0","numSpeed":"0.000000","numAccel":"0","numDecel":"0","currentPos":"0","startPos":"0","endPos":"0"}
[2026-01-15 14:45:18.316504] [debug] WebSocketServer: Broadcasting to 1 clients: {"server_time":"2026-01-15 14:45:18","timestamp":"1768477518316","isConnected":"True","numBoard":"0","numSteps":"0","numSpeed":"0.000000","numAccel":"0","numDecel":"0","currentPos":"0","startPos":"0","endPos":"0"}
[2026-01-15 14:45:19.316801] [debug] WebSocketServer: Broadcasting to 1 clients: {"server_time":"2026-01-15 14:45:19","timestamp":"1768477519316","isConnected":"True","numBoard":"0","numSteps":"0","numSpeed":"0.000000","numAccel":"0","numDecel":"0","currentPos":"0","startPos":"0","endPos":"0"}
[2026-01-15 14:45:20.317068] [debug] WebSocketServer: Broadcasting to 1 clients: {"server_time":"2026-01-15 14:45:20","timestamp":"1768477520317","isConnected":"True","numBoard":"0","numSteps":"0","numSpeed":"0.000000","numAccel":"0","numDecel":"0","currentPos":"0","startPos":"0","endPos":"0"}
[2026-01-15 14:45:21.271228] [info] POST /api/flash/type/set {"type":"CAN-STEP"}
[2026-01-15 14:45:21.317362] [debug] WebSocketServer: Broadcasting to 1 clients: {"server_time":"2026-01-15 14:45:21","timestamp":"1768477521317","isConnected":"True","numBoard":"0","numSteps":"0","numSpeed":"0.000000","numAccel":"0","numDecel":"0","currentPos":"0","startPos":"0","endPos":"0"}
[2026-01-15 14:45:21.599328] [info] POST /api/flash/run {"filename":"../firmware/STM32F103C8T6CAN_Step_v2_5_295.bin"}
[2026-01-15 14:45:22.317638] [debug] WebSocketServer: Broadcasting to 1 clients: {"server_time":"2026-01-15 14:45:22","timestamp":"1768477522317","isConnected":"True","numBoard":"0","numSteps":"0","numSpeed":"0.000000","numAccel":"0","numDecel":"0","currentPos":"0","startPos":"0","endPos":"0"}
[2026-01-15 14:45:23.317918] [debug] WebSocketServer: Broadcasting to 1 clients: {"server_time":"2026-01-15 14:45:23","timestamp":"1768477523317","isConnected":"True","numBoard":"0","numSteps":"0","numSpeed":"0.000000","numAccel":"0","numDecel":"0","currentPos":"0","startPos":"0","endPos":"0"}
[2026-01-15 14:45:24.318209] [debug] WebSocketServer: Broadcasting to 1 clients: {"server_time":"2026-01-15 14:45:24","timestamp":"1768477524318","isConnected":"True","numBoard":"0","numSteps":"0","numSpeed":"0.000000","numAccel":"0","numDecel":"0","currentPos":"0","startPos":"0","endPos":"0"}
[2026-01-15 14:45:25.278400] [info] WebSocket client disconnected (ENOTCONN)
[2026-01-15 14:45:25.278531] [info] Session removed. Active clients: 0
[2026-01-15 14:45:25.278574] [info] WebSocket session destroyed
