[2026-01-14 16:08:08.548383] [info] RestApiServer created on port 8080
[2026-01-14 16:08:08.548705] [info] WebSocketServer created on port 8081
[2026-01-14 16:08:08.548846] [info] WebSocketServer: Started auto updates with interval 1000ms
[2026-01-14 16:08:08.548888] [info] Run RestApiServer on port 8080
[2026-01-14 16:08:08.548938] [info] WebSocketServer: Auto update worker started
[2026-01-14 16:08:08.548914] [info] WebSocketServer starting on port 8081
[2026-01-14 16:08:11.463196] [info] WebSocket client connected. Total clients: 1
[2026-01-14 16:08:11.549378] [debug] WebSocketServer: Broadcasting to 1 clients: {"server_time":"2026-01-14 16:08:11","timestamp":"1768396091549","isConnected":"False","numBoard":"0","numSteps":"0","numSpeed":"0.000000","numAccel":"0","numDecel":"0","currentPos":"0","startPos":"0","endPos":"0"}
[2026-01-14 16:08:12.549666] [debug] WebSocketServer: Broadcasting to 1 clients: {"server_time":"2026-01-14 16:08:12","timestamp":"1768396092549","isConnected":"False","numBoard":"0","numSteps":"0","numSpeed":"0.000000","numAccel":"0","numDecel":"0","currentPos":"0","startPos":"0","endPos":"0"}
[2026-01-14 16:08:13.549962] [debug] WebSocketServer: Broadcasting to 1 clients: {"server_time":"2026-01-14 16:08:13","timestamp":"1768396093549","isConnected":"False","numBoard":"0","numSteps":"0","numSpeed":"0.000000","numAccel":"0","numDecel":"0","currentPos":"0","startPos":"0","endPos":"0"}
[2026-01-14 16:08:13.807938] [info] POST /api/flash/type/save {"type":"CAN-STEP"}
[2026-01-14 16:08:14.550249] [debug] WebSocketServer: Broadcasting to 1 clients: {"server_time":"2026-01-14 16:08:14","timestamp":"1768396094550","isConnected":"False","numBoard":"0","numSteps":"0","numSpeed":"0.000000","numAccel":"0","numDecel":"0","currentPos":"0","startPos":"0","endPos":"0"}
[2026-01-14 16:08:15.550578] [debug] WebSocketServer: Broadcasting to 1 clients: {"server_time":"2026-01-14 16:08:15","timestamp":"1768396095550","isConnected":"False","numBoard":"0","numSteps":"0","numSpeed":"0.000000","numAccel":"0","numDecel":"0","currentPos":"0","startPos":"0","endPos":"0"}
[2026-01-14 16:08:16.550975] [debug] WebSocketServer: Broadcasting to 1 clients: {"server_time":"2026-01-14 16:08:16","timestamp":"1768396096550","isConnected":"False","numBoard":"0","numSteps":"0","numSpeed":"0.000000","numAccel":"0","numDecel":"0","currentPos":"0","startPos":"0","endPos":"0"}
[2026-01-14 16:08:17.551264] [debug] WebSocketServer: Broadcasting to 1 clients: {"server_time":"2026-01-14 16:08:17","timestamp":"1768396097551","isConnected":"False","numBoard":"0","numSteps":"0","numSpeed":"0.000000","numAccel":"0","numDecel":"0","currentPos":"0","startPos":"0","endPos":"0"}
[2026-01-14 16:08:18.551710] [debug] WebSocketServer: Broadcasting to 1 clients: {"server_time":"2026-01-14 16:08:18","timestamp":"1768396098551","isConnected":"False","numBoard":"0","numSteps":"0","numSpeed":"0.000000","numAccel":"0","numDecel":"0","currentPos":"0","startPos":"0","endPos":"0"}
[2026-01-14 16:08:19.210466] [info] GET /api/connect
[2026-01-14 16:08:19.551999] [debug] WebSocketServer: Broadcasting to 1 clients: {"server_time":"2026-01-14 16:08:19","timestamp":"1768396099551","isConnected":"True","numBoard":"0","numSteps":"0","numSpeed":"0.000000","numAccel":"0","numDecel":"0","currentPos":"0","startPos":"0","endPos":"0"}
[2026-01-14 16:08:20.552240] [debug] WebSocketServer: Broadcasting to 1 clients: {"server_time":"2026-01-14 16:08:20","timestamp":"1768396100552","isConnected":"True","numBoard":"0","numSteps":"0","numSpeed":"0.000000","numAccel":"0","numDecel":"0","currentPos":"0","startPos":"0","endPos":"0"}
[2026-01-14 16:08:20.628973] [info] POST /api/board/set {"numBoard":0}
[2026-01-14 16:08:21.552488] [debug] WebSocketServer: Broadcasting to 1 clients: {"server_time":"2026-01-14 16:08:21","timestamp":"1768396101552","isConnected":"True","numBoard":"0","numSteps":"0","numSpeed":"0.000000","numAccel":"0","numDecel":"0","currentPos":"0","startPos":"0","endPos":"0"}
[2026-01-14 16:08:22.552902] [debug] WebSocketServer: Broadcasting to 1 clients: {"server_time":"2026-01-14 16:08:22","timestamp":"1768396102552","isConnected":"True","numBoard":"0","numSteps":"0","numSpeed":"0.000000","numAccel":"0","numDecel":"0","currentPos":"0","startPos":"0","endPos":"0"}
[2026-01-14 16:08:22.632926] [info] POST /api/flash/type/save {"type":"CAN-STEP"}
[2026-01-14 16:08:23.553177] [debug] WebSocketServer: Broadcasting to 1 clients: {"server_time":"2026-01-14 16:08:23","timestamp":"1768396103553","isConnected":"True","numBoard":"0","numSteps":"0","numSpeed":"0.000000","numAccel":"0","numDecel":"0","currentPos":"0","startPos":"0","endPos":"0"}
[2026-01-14 16:08:24.553445] [debug] WebSocketServer: Broadcasting to 1 clients: {"server_time":"2026-01-14 16:08:24","timestamp":"1768396104553","isConnected":"True","numBoard":"0","numSteps":"0","numSpeed":"0.000000","numAccel":"0","numDecel":"0","currentPos":"0","startPos":"0","endPos":"0"}
[2026-01-14 16:08:25.553718] [debug] WebSocketServer: Broadcasting to 1 clients: {"server_time":"2026-01-14 16:08:25","timestamp":"1768396105553","isConnected":"True","numBoard":"0","numSteps":"0","numSpeed":"0.000000","numAccel":"0","numDecel":"0","currentPos":"0","startPos":"0","endPos":"0"}
[2026-01-14 16:08:26.177403] [info] POST /api/flash/type/set {"type":"CAN-STEP"}
[2026-01-14 16:08:26.554000] [debug] WebSocketServer: Broadcasting to 1 clients: {"server_time":"2026-01-14 16:08:26","timestamp":"1768396106553","isConnected":"True","numBoard":"0","numSteps":"0","numSpeed":"0.000000","numAccel":"0","numDecel":"0","currentPos":"0","startPos":"0","endPos":"0"}
[2026-01-14 16:08:27.554269] [debug] WebSocketServer: Broadcasting to 1 clients: {"server_time":"2026-01-14 16:08:27","timestamp":"1768396107554","isConnected":"True","numBoard":"0","numSteps":"0","numSpeed":"0.000000","numAccel":"0","numDecel":"0","currentPos":"0","startPos":"0","endPos":"0"}
[2026-01-14 16:08:27.728473] [info] POST /api/flash/run {"filename":"../firmware/STM32F103C8T6CAN_Step_v2_5_297.bin"}
[2026-01-14 16:08:28.554510] [debug] WebSocketServer: Broadcasting to 1 clients: {"server_time":"2026-01-14 16:08:28","timestamp":"1768396108554","isConnected":"True","numBoard":"0","numSteps":"0","numSpeed":"0.000000","numAccel":"0","numDecel":"0","currentPos":"0","startPos":"0","endPos":"0"}
[2026-01-14 16:08:29.554783] [debug] WebSocketServer: Broadcasting to 1 clients: {"server_time":"2026-01-14 16:08:29","timestamp":"1768396109554","isConnected":"True","numBoard":"0","numSteps":"0","numSpeed":"0.000000","numAccel":"0","numDecel":"0","currentPos":"0","startPos":"0","endPos":"0"}
[2026-01-14 16:08:30.555066] [debug] WebSocketServer: Broadcasting to 1 clients: {"server_time":"2026-01-14 16:08:30","timestamp":"1768396110555","isConnected":"True","numBoard":"0","numSteps":"0","numSpeed":"0.000000","numAccel":"0","numDecel":"0","currentPos":"0","startPos":"0","endPos":"0"}
[2026-01-14 16:08:31.555356] [debug] WebSocketServer: Broadcasting to 1 clients: {"server_time":"2026-01-14 16:08:31","timestamp":"1768396111555","isConnected":"True","numBoard":"0","numSteps":"0","numSpeed":"0.000000","numAccel":"0","numDecel":"0","currentPos":"0","startPos":"0","endPos":"0"}
[2026-01-14 16:08:32.555659] [debug] WebSocketServer: Broadcasting to 1 clients: {"server_time":"2026-01-14 16:08:32","timestamp":"1768396112555","isConnected":"True","numBoard":"0","numSteps":"0","numSpeed":"0.000000","numAccel":"0","numDecel":"0","currentPos":"0","startPos":"0","endPos":"0"}
[2026-01-14 16:08:33.555947] [debug] WebSocketServer: Broadcasting to 1 clients: {"server_time":"2026-01-14 16:08:33","timestamp":"1768396113555","isConnected":"True","numBoard":"0","numSteps":"0","numSpeed":"0.000000","numAccel":"0","numDecel":"0","currentPos":"0","startPos":"0","endPos":"0"}
[2026-01-14 16:08:34.556260] [debug] WebSocketServer: Broadcasting to 1 clients: {"server_time":"2026-01-14 16:08:34","timestamp":"1768396114556","isConnected":"True","numBoard":"0","numSteps":"0","numSpeed":"0.000000","numAccel":"0","numDecel":"0","currentPos":"0","startPos":"0","endPos":"0"}
[2026-01-14 16:08:35.556629] [debug] WebSocketServer: Broadcasting to 1 clients: {"server_time":"2026-01-14 16:08:35","timestamp":"1768396115556","isConnected":"True","numBoard":"0","numSteps":"0","numSpeed":"0.000000","numAccel":"0","numDecel":"0","currentPos":"0","startPos":"0","endPos":"0"}
[2026-01-14 16:08:36.556956] [debug] WebSocketServer: Broadcasting to 1 clients: {"server_time":"2026-01-14 16:08:36","timestamp":"1768396116556","isConnected":"True","numBoard":"0","numSteps":"0","numSpeed":"0.000000","numAccel":"0","numDecel":"0","currentPos":"0","startPos":"0","endPos":"0"}
[2026-01-14 16:08:37.557259] [debug] WebSocketServer: Broadcasting to 1 clients: {"server_time":"2026-01-14 16:08:37","timestamp":"1768396117557","isConnected":"True","numBoard":"0","numSteps":"0","numSpeed":"0.000000","numAccel":"0","numDecel":"0","currentPos":"0","startPos":"0","endPos":"0"}
[2026-01-14 16:08:38.557645] [debug] WebSocketServer: Broadcasting to 1 clients: {"server_time":"2026-01-14 16:08:38","timestamp":"1768396118557","isConnected":"True","numBoard":"0","numSteps":"0","numSpeed":"0.000000","numAccel":"0","numDecel":"0","currentPos":"0","startPos":"0","endPos":"0"}
[2026-01-14 16:08:39.558068] [debug] WebSocketServer: Broadcasting to 1 clients: {"server_time":"2026-01-14 16:08:39","timestamp":"1768396119558","isConnected":"True","numBoard":"0","numSteps":"0","numSpeed":"0.000000","numAccel":"0","numDecel":"0","currentPos":"0","startPos":"0","endPos":"0"}
[2026-01-14 16:08:40.558425] [debug] WebSocketServer: Broadcasting to 1 clients: {"server_time":"2026-01-14 16:08:40","timestamp":"1768396120558","isConnected":"True","numBoard":"0","numSteps":"0","numSpeed":"0.000000","numAccel":"0","numDecel":"0","currentPos":"0","startPos":"0","endPos":"0"}
[2026-01-14 16:08:41.558692] [debug] WebSocketServer: Broadcasting to 1 clients: {"server_time":"2026-01-14 16:08:41","timestamp":"1768396121558","isConnected":"True","numBoard":"0","numSteps":"0","numSpeed":"0.000000","numAccel":"0","numDecel":"0","currentPos":"0","startPos":"0","endPos":"0"}
[2026-01-14 16:08:42.558971] [debug] WebSocketServer: Broadcasting to 1 clients: {"server_time":"2026-01-14 16:08:42","timestamp":"1768396122558","isConnected":"True","numBoard":"0","numSteps":"0","numSpeed":"0.000000","numAccel":"0","numDecel":"0","currentPos":"0","startPos":"0","endPos":"0"}
[2026-01-14 16:08:43.559255] [debug] WebSocketServer: Broadcasting to 1 clients: {"server_time":"2026-01-14 16:08:43","timestamp":"1768396123559","isConnected":"True","numBoard":"0","numSteps":"0","numSpeed":"0.000000","numAccel":"0","numDecel":"0","currentPos":"0","startPos":"0","endPos":"0"}
[2026-01-14 16:08:44.559567] [debug] WebSocketServer: Broadcasting to 1 clients: {"server_time":"2026-01-14 16:08:44","timestamp":"1768396124559","isConnected":"True","numBoard":"0","numSteps":"0","numSpeed":"0.000000","numAccel":"0","numDecel":"0","currentPos":"0","startPos":"0","endPos":"0"}
[2026-01-14 16:08:45.559966] [debug] WebSocketServer: Broadcasting to 1 clients: {"server_time":"2026-01-14 16:08:45","timestamp":"1768396125559","isConnected":"True","numBoard":"0","numSteps":"0","numSpeed":"0.000000","numAccel":"0","numDecel":"0","currentPos":"0","startPos":"0","endPos":"0"}
[2026-01-14 16:08:46.560495] [debug] WebSocketServer: Broadcasting to 1 clients: {"server_time":"2026-01-14 16:08:46","timestamp":"1768396126560","isConnected":"True","numBoard":"0","numSteps":"0","numSpeed":"0.000000","numAccel":"0","numDecel":"0","currentPos":"0","startPos":"0","endPos":"0"}
[2026-01-14 16:08:47.561193] [debug] WebSocketServer: Broadcasting to 1 clients: {"server_time":"2026-01-14 16:08:47","timestamp":"1768396127561","isConnected":"True","numBoard":"0","numSteps":"0","numSpeed":"0.000000","numAccel":"0","numDecel":"0","currentPos":"0","startPos":"0","endPos":"0"}
[2026-01-14 16:08:48.561512] [debug] WebSocketServer: Broadcasting to 1 clients: {"server_time":"2026-01-14 16:08:48","timestamp":"1768396128561","isConnected":"True","numBoard":"0","numSteps":"0","numSpeed":"0.000000","numAccel":"0","numDecel":"0","currentPos":"0","startPos":"0","endPos":"0"}
[2026-01-14 16:08:49.561848] [debug] WebSocketServer: Broadcasting to 1 clients: {"server_time":"2026-01-14 16:08:49","timestamp":"1768396129561","isConnected":"True","numBoard":"0","numSteps":"0","numSpeed":"0.000000","numAccel":"0","numDecel":"0","currentPos":"0","startPos":"0","endPos":"0"}
[2026-01-14 16:08:50.562210] [debug] WebSocketServer: Broadcasting to 1 clients: {"server_time":"2026-01-14 16:08:50","timestamp":"1768396130562","isConnected":"True","numBoard":"0","numSteps":"0","numSpeed":"0.000000","numAccel":"0","numDecel":"0","currentPos":"0","startPos":"0","endPos":"0"}
[2026-01-14 16:08:51.562521] [debug] WebSocketServer: Broadcasting to 1 clients: {"server_time":"2026-01-14 16:08:51","timestamp":"1768396131562","isConnected":"True","numBoard":"0","numSteps":"0","numSpeed":"0.000000","numAccel":"0","numDecel":"0","currentPos":"0","startPos":"0","endPos":"0"}
[2026-01-14 16:08:52.562810] [debug] WebSocketServer: Broadcasting to 1 clients: {"server_time":"2026-01-14 16:08:52","timestamp":"1768396132562","isConnected":"True","numBoard":"0","numSteps":"0","numSpeed":"0.000000","numAccel":"0","numDecel":"0","currentPos":"0","startPos":"0","endPos":"0"}
[2026-01-14 16:08:53.563124] [debug] WebSocketServer: Broadcasting to 1 clients: {"server_time":"2026-01-14 16:08:53","timestamp":"1768396133563","isConnected":"True","numBoard":"0","numSteps":"0","numSpeed":"0.000000","numAccel":"0","numDecel":"0","currentPos":"0","startPos":"0","endPos":"0"}
[2026-01-14 16:08:54.563489] [debug] WebSocketServer: Broadcasting to 1 clients: {"server_time":"2026-01-14 16:08:54","timestamp":"1768396134563","isConnected":"True","numBoard":"0","numSteps":"0","numSpeed":"0.000000","numAccel":"0","numDecel":"0","currentPos":"0","startPos":"0","endPos":"0"}
[2026-01-14 16:08:55.564802] [debug] WebSocketServer: Broadcasting to 1 clients: {"server_time":"2026-01-14 16:08:55","timestamp":"1768396135564","isConnected":"True","numBoard":"0","numSteps":"0","numSpeed":"0.000000","numAccel":"0","numDecel":"0","currentPos":"0","startPos":"0","endPos":"0"}
[2026-01-14 16:08:56.565103] [debug] WebSocketServer: Broadcasting to 1 clients: {"server_time":"2026-01-14 16:08:56","timestamp":"1768396136565","isConnected":"True","numBoard":"0","numSteps":"0","numSpeed":"0.000000","numAccel":"0","numDecel":"0","currentPos":"0","startPos":"0","endPos":"0"}
[2026-01-14 16:08:57.565396] [debug] WebSocketServer: Broadcasting to 1 clients: {"server_time":"2026-01-14 16:08:57","timestamp":"1768396137565","isConnected":"True","numBoard":"0","numSteps":"0","numSpeed":"0.000000","numAccel":"0","numDecel":"0","currentPos":"0","startPos":"0","endPos":"0"}
[2026-01-14 16:08:58.565655] [debug] WebSocketServer: Broadcasting to 1 clients: {"server_time":"2026-01-14 16:08:58","timestamp":"1768396138565","isConnected":"True","numBoard":"0","numSteps":"0","numSpeed":"0.000000","numAccel":"0","numDecel":"0","currentPos":"0","startPos":"0","endPos":"0"}
[2026-01-14 16:08:59.566018] [debug] WebSocketServer: Broadcasting to 1 clients: {"server_time":"2026-01-14 16:08:59","timestamp":"1768396139565","isConnected":"True","numBoard":"0","numSteps":"0","numSpeed":"0.000000","numAccel":"0","numDecel":"0","currentPos":"0","startPos":"0","endPos":"0"}
[2026-01-14 16:09:00.566352] [debug] WebSocketServer: Broadcasting to 1 clients: {"server_time":"2026-01-14 16:09:00","timestamp":"1768396140566","isConnected":"True","numBoard":"0","numSteps":"0","numSpeed":"0.000000","numAccel":"0","numDecel":"0","currentPos":"0","startPos":"0","endPos":"0"}
[2026-01-14 16:09:01.566633] [debug] WebSocketServer: Broadcasting to 1 clients: {"server_time":"2026-01-14 16:09:01","timestamp":"1768396141566","isConnected":"True","numBoard":"0","numSteps":"0","numSpeed":"0.000000","numAccel":"0","numDecel":"0","currentPos":"0","startPos":"0","endPos":"0"}
[2026-01-14 16:09:02.566937] [debug] WebSocketServer: Broadcasting to 1 clients: {"server_time":"2026-01-14 16:09:02","timestamp":"1768396142566","isConnected":"True","numBoard":"0","numSteps":"0","numSpeed":"0.000000","numAccel":"0","numDecel":"0","currentPos":"0","startPos":"0","endPos":"0"}
[2026-01-14 16:09:03.567209] [debug] WebSocketServer: Broadcasting to 1 clients: {"server_time":"2026-01-14 16:09:03","timestamp":"1768396143567","isConnected":"True","numBoard":"0","numSteps":"0","numSpeed":"0.000000","numAccel":"0","numDecel":"0","currentPos":"0","startPos":"0","endPos":"0"}
[2026-01-14 16:09:04.567511] [debug] WebSocketServer: Broadcasting to 1 clients: {"server_time":"2026-01-14 16:09:04","timestamp":"1768396144567","isConnected":"True","numBoard":"0","numSteps":"0","numSpeed":"0.000000","numAccel":"0","numDecel":"0","currentPos":"0","startPos":"0","endPos":"0"}
[2026-01-14 16:09:05.567799] [debug] WebSocketServer: Broadcasting to 1 clients: {"server_time":"2026-01-14 16:09:05","timestamp":"1768396145567","isConnected":"True","numBoard":"0","numSteps":"0","numSpeed":"0.000000","numAccel":"0","numDecel":"0","currentPos":"0","startPos":"0","endPos":"0"}
[2026-01-14 16:09:06.568235] [debug] WebSocketServer: Broadcasting to 1 clients: {"server_time":"2026-01-14 16:09:06","timestamp":"1768396146568","isConnected":"True","numBoard":"0","numSteps":"0","numSpeed":"0.000000","numAccel":"0","numDecel":"0","currentPos":"0","startPos":"0","endPos":"0"}
[2026-01-14 16:09:07.568543] [debug] WebSocketServer: Broadcasting to 1 clients: {"server_time":"2026-01-14 16:09:07","timestamp":"1768396147568","isConnected":"True","numBoard":"0","numSteps":"0","numSpeed":"0.000000","numAccel":"0","numDecel":"0","currentPos":"0","startPos":"0","endPos":"0"}
[2026-01-14 16:09:08.568823] [debug] WebSocketServer: Broadcasting to 1 clients: {"server_time":"2026-01-14 16:09:08","timestamp":"1768396148568","isConnected":"True","numBoard":"0","numSteps":"0","numSpeed":"0.000000","numAccel":"0","numDecel":"0","currentPos":"0","startPos":"0","endPos":"0"}
[2026-01-14 16:09:09.569235] [debug] WebSocketServer: Broadcasting to 1 clients: {"server_time":"2026-01-14 16:09:09","timestamp":"1768396149569","isConnected":"True","numBoard":"0","numSteps":"0","numSpeed":"0.000000","numAccel":"0","numDecel":"0","currentPos":"0","startPos":"0","endPos":"0"}
[2026-01-14 16:09:10.569592] [debug] WebSocketServer: Broadcasting to 1 clients: {"server_time":"2026-01-14 16:09:10","timestamp":"1768396150569","isConnected":"True","numBoard":"0","numSteps":"0","numSpeed":"0.000000","numAccel":"0","numDecel":"0","currentPos":"0","startPos":"0","endPos":"0"}
[2026-01-14 16:09:11.569991] [debug] WebSocketServer: Broadcasting to 1 clients: {"server_time":"2026-01-14 16:09:11","timestamp":"1768396151569","isConnected":"True","numBoard":"0","numSteps":"0","numSpeed":"0.000000","numAccel":"0","numDecel":"0","currentPos":"0","startPos":"0","endPos":"0"}
[2026-01-14 16:09:12.570247] [debug] WebSocketServer: Broadcasting to 1 clients: {"server_time":"2026-01-14 16:09:12","timestamp":"1768396152570","isConnected":"True","numBoard":"0","numSteps":"0","numSpeed":"0.000000","numAccel":"0","numDecel":"0","currentPos":"0","startPos":"0","endPos":"0"}
[2026-01-14 16:09:13.570531] [debug] WebSocketServer: Broadcasting to 1 clients: {"server_time":"2026-01-14 16:09:13","timestamp":"1768396153570","isConnected":"True","numBoard":"0","numSteps":"0","numSpeed":"0.000000","numAccel":"0","numDecel":"0","currentPos":"0","startPos":"0","endPos":"0"}
[2026-01-14 16:09:14.570839] [debug] WebSocketServer: Broadcasting to 1 clients: {"server_time":"2026-01-14 16:09:14","timestamp":"1768396154570","isConnected":"True","numBoard":"0","numSteps":"0","numSpeed":"0.000000","numAccel":"0","numDecel":"0","currentPos":"0","startPos":"0","endPos":"0"}
[2026-01-14 16:09:15.571741] [debug] WebSocketServer: Broadcasting to 1 clients: {"server_time":"2026-01-14 16:09:15","timestamp":"1768396155571","isConnected":"True","numBoard":"0","numSteps":"0","numSpeed":"0.000000","numAccel":"0","numDecel":"0","currentPos":"0","startPos":"0","endPos":"0"}
[2026-01-14 16:09:16.572029] [debug] WebSocketServer: Broadcasting to 1 clients: {"server_time":"2026-01-14 16:09:16","timestamp":"1768396156571","isConnected":"True","numBoard":"0","numSteps":"0","numSpeed":"0.000000","numAccel":"0","numDecel":"0","currentPos":"0","startPos":"0","endPos":"0"}
[2026-01-14 16:09:17.573117] [debug] WebSocketServer: Broadcasting to 1 clients: {"server_time":"2026-01-14 16:09:17","timestamp":"1768396157573","isConnected":"True","numBoard":"0","numSteps":"0","numSpeed":"0.000000","numAccel":"0","numDecel":"0","currentPos":"0","startPos":"0","endPos":"0"}
[2026-01-14 16:09:18.573503] [debug] WebSocketServer: Broadcasting to 1 clients: {"server_time":"2026-01-14 16:09:18","timestamp":"1768396158573","isConnected":"True","numBoard":"0","numSteps":"0","numSpeed":"0.000000","numAccel":"0","numDecel":"0","currentPos":"0","startPos":"0","endPos":"0"}
[2026-01-14 16:09:19.573880] [debug] WebSocketServer: Broadcasting to 1 clients: {"server_time":"2026-01-14 16:09:19","timestamp":"1768396159573","isConnected":"True","numBoard":"0","numSteps":"0","numSpeed":"0.000000","numAccel":"0","numDecel":"0","currentPos":"0","startPos":"0","endPos":"0"}
[2026-01-14 16:09:20.574218] [debug] WebSocketServer: Broadcasting to 1 clients: {"server_time":"2026-01-14 16:09:20","timestamp":"1768396160574","isConnected":"True","numBoard":"0","numSteps":"0","numSpeed":"0.000000","numAccel":"0","numDecel":"0","currentPos":"0","startPos":"0","endPos":"0"}
[2026-01-14 16:09:21.574571] [debug] WebSocketServer: Broadcasting to 1 clients: {"server_time":"2026-01-14 16:09:21","timestamp":"1768396161574","isConnected":"True","numBoard":"0","numSteps":"0","numSpeed":"0.000000","numAccel":"0","numDecel":"0","currentPos":"0","startPos":"0","endPos":"0"}
[2026-01-14 16:09:22.574894] [debug] WebSocketServer: Broadcasting to 1 clients: {"server_time":"2026-01-14 16:09:22","timestamp":"1768396162574","isConnected":"True","numBoard":"0","numSteps":"0","numSpeed":"0.000000","numAccel":"0","numDecel":"0","currentPos":"0","startPos":"0","endPos":"0"}
[2026-01-14 16:09:23.575292] [debug] WebSocketServer: Broadcasting to 1 clients: {"server_time":"2026-01-14 16:09:23","timestamp":"1768396163575","isConnected":"True","numBoard":"0","numSteps":"0","numSpeed":"0.000000","numAccel":"0","numDecel":"0","currentPos":"0","startPos":"0","endPos":"0"}
[2026-01-14 16:09:24.575562] [debug] WebSocketServer: Broadcasting to 1 clients: {"server_time":"2026-01-14 16:09:24","timestamp":"1768396164575","isConnected":"True","numBoard":"0","numSteps":"0","numSpeed":"0.000000","numAccel":"0","numDecel":"0","currentPos":"0","startPos":"0","endPos":"0"}
[2026-01-14 16:09:25.575858] [debug] WebSocketServer: Broadcasting to 1 clients: {"server_time":"2026-01-14 16:09:25","timestamp":"1768396165575","isConnected":"True","numBoard":"0","numSteps":"0","numSpeed":"0.000000","numAccel":"0","numDecel":"0","currentPos":"0","startPos":"0","endPos":"0"}
[2026-01-14 16:09:26.576136] [debug] WebSocketServer: Broadcasting to 1 clients: {"server_time":"2026-01-14 16:09:26","timestamp":"1768396166576","isConnected":"True","numBoard":"0","numSteps":"0","numSpeed":"0.000000","numAccel":"0","numDecel":"0","currentPos":"0","startPos":"0","endPos":"0"}
[2026-01-14 16:09:27.576419] [debug] WebSocketServer: Broadcasting to 1 clients: {"server_time":"2026-01-14 16:09:27","timestamp":"1768396167576","isConnected":"True","numBoard":"0","numSteps":"0","numSpeed":"0.000000","numAccel":"0","numDecel":"0","currentPos":"0","startPos":"0","endPos":"0"}
[2026-01-14 16:09:28.576783] [debug] WebSocketServer: Broadcasting to 1 clients: {"server_time":"2026-01-14 16:09:28","timestamp":"1768396168576","isConnected":"True","numBoard":"0","numSteps":"0","numSpeed":"0.000000","numAccel":"0","numDecel":"0","currentPos":"0","startPos":"0","endPos":"0"}
[2026-01-14 16:09:29.577077] [debug] WebSocketServer: Broadcasting to 1 clients: {"server_time":"2026-01-14 16:09:29","timestamp":"1768396169577","isConnected":"True","numBoard":"0","numSteps":"0","numSpeed":"0.000000","numAccel":"0","numDecel":"0","currentPos":"0","startPos":"0","endPos":"0"}
[2026-01-14 16:09:30.577374] [debug] WebSocketServer: Broadcasting to 1 clients: {"server_time":"2026-01-14 16:09:30","timestamp":"1768396170577","isConnected":"True","numBoard":"0","numSteps":"0","numSpeed":"0.000000","numAccel":"0","numDecel":"0","currentPos":"0","startPos":"0","endPos":"0"}
[2026-01-14 16:09:31.577736] [debug] WebSocketServer: Broadcasting to 1 clients: {"server_time":"2026-01-14 16:09:31","timestamp":"1768396171577","isConnected":"True","numBoard":"0","numSteps":"0","numSpeed":"0.000000","numAccel":"0","numDecel":"0","currentPos":"0","startPos":"0","endPos":"0"}
[2026-01-14 16:09:32.578080] [debug] WebSocketServer: Broadcasting to 1 clients: {"server_time":"2026-01-14 16:09:32","timestamp":"1768396172578","isConnected":"True","numBoard":"0","numSteps":"0","numSpeed":"0.000000","numAccel":"0","numDecel":"0","currentPos":"0","startPos":"0","endPos":"0"}
[2026-01-14 16:09:33.578354] [debug] WebSocketServer: Broadcasting to 1 clients: {"server_time":"2026-01-14 16:09:33","timestamp":"1768396173578","isConnected":"True","numBoard":"0","numSteps":"0","numSpeed":"0.000000","numAccel":"0","numDecel":"0","currentPos":"0","startPos":"0","endPos":"0"}
[2026-01-14 16:09:34.578640] [debug] WebSocketServer: Broadcasting to 1 clients: {"server_time":"2026-01-14 16:09:34","timestamp":"1768396174578","isConnected":"True","numBoard":"0","numSteps":"0","numSpeed":"0.000000","numAccel":"0","numDecel":"0","currentPos":"0","startPos":"0","endPos":"0"}
[2026-01-14 16:09:35.578979] [debug] WebSocketServer: Broadcasting to 1 clients: {"server_time":"2026-01-14 16:09:35","timestamp":"1768396175578","isConnected":"True","numBoard":"0","numSteps":"0","numSpeed":"0.000000","numAccel":"0","numDecel":"0","currentPos":"0","startPos":"0","endPos":"0"}
[2026-01-14 16:09:36.579390] [debug] WebSocketServer: Broadcasting to 1 clients: {"server_time":"2026-01-14 16:09:36","timestamp":"1768396176579","isConnected":"True","numBoard":"0","numSteps":"0","numSpeed":"0.000000","numAccel":"0","numDecel":"0","currentPos":"0","startPos":"0","endPos":"0"}
[2026-01-14 16:09:37.579714] [debug] WebSocketServer: Broadcasting to 1 clients: {"server_time":"2026-01-14 16:09:37","timestamp":"1768396177579","isConnected":"True","numBoard":"0","numSteps":"0","numSpeed":"0.000000","numAccel":"0","numDecel":"0","currentPos":"0","startPos":"0","endPos":"0"}
[2026-01-14 16:09:38.580036] [debug] WebSocketServer: Broadcasting to 1 clients: {"server_time":"2026-01-14 16:09:38","timestamp":"1768396178579","isConnected":"True","numBoard":"0","numSteps":"0","numSpeed":"0.000000","numAccel":"0","numDecel":"0","currentPos":"0","startPos":"0","endPos":"0"}
[2026-01-14 16:09:39.580414] [debug] WebSocketServer: Broadcasting to 1 clients: {"server_time":"2026-01-14 16:09:39","timestamp":"1768396179580","isConnected":"True","numBoard":"0","numSteps":"0","numSpeed":"0.000000","numAccel":"0","numDecel":"0","currentPos":"0","startPos":"0","endPos":"0"}
[2026-01-14 16:09:40.580764] [debug] WebSocketServer: Broadcasting to 1 clients: {"server_time":"2026-01-14 16:09:40","timestamp":"1768396180580","isConnected":"True","numBoard":"0","numSteps":"0","numSpeed":"0.000000","numAccel":"0","numDecel":"0","currentPos":"0","startPos":"0","endPos":"0"}
[2026-01-14 16:09:41.581038] [debug] WebSocketServer: Broadcasting to 1 clients: {"server_time":"2026-01-14 16:09:41","timestamp":"1768396181580","isConnected":"True","numBoard":"0","numSteps":"0","numSpeed":"0.000000","numAccel":"0","numDecel":"0","currentPos":"0","startPos":"0","endPos":"0"}
[2026-01-14 16:09:42.581308] [debug] WebSocketServer: Broadcasting to 1 clients: {"server_time":"2026-01-14 16:09:42","timestamp":"1768396182581","isConnected":"True","numBoard":"0","numSteps":"0","numSpeed":"0.000000","numAccel":"0","numDecel":"0","currentPos":"0","startPos":"0","endPos":"0"}
[2026-01-14 16:09:43.581560] [debug] WebSocketServer: Broadcasting to 1 clients: {"server_time":"2026-01-14 16:09:43","timestamp":"1768396183581","isConnected":"True","numBoard":"0","numSteps":"0","numSpeed":"0.000000","numAccel":"0","numDecel":"0","currentPos":"0","startPos":"0","endPos":"0"}
[2026-01-14 16:09:44.581824] [debug] WebSocketServer: Broadcasting to 1 clients: {"server_time":"2026-01-14 16:09:44","timestamp":"1768396184581","isConnected":"True","numBoard":"0","numSteps":"0","numSpeed":"0.000000","numAccel":"0","numDecel":"0","currentPos":"0","startPos":"0","endPos":"0"}
[2026-01-14 16:09:45.582110] [debug] WebSocketServer: Broadcasting to 1 clients: {"server_time":"2026-01-14 16:09:45","timestamp":"1768396185582","isConnected":"True","numBoard":"0","numSteps":"0","numSpeed":"0.000000","numAccel":"0","numDecel":"0","currentPos":"0","startPos":"0","endPos":"0"}
[2026-01-14 16:09:46.582366] [debug] WebSocketServer: Broadcasting to 1 clients: {"server_time":"2026-01-14 16:09:46","timestamp":"1768396186582","isConnected":"True","numBoard":"0","numSteps":"0","numSpeed":"0.000000","numAccel":"0","numDecel":"0","currentPos":"0","startPos":"0","endPos":"0"}
[2026-01-14 16:09:47.582673] [debug] WebSocketServer: Broadcasting to 1 clients: {"server_time":"2026-01-14 16:09:47","timestamp":"1768396187582","isConnected":"True","numBoard":"0","numSteps":"0","numSpeed":"0.000000","numAccel":"0","numDecel":"0","currentPos":"0","startPos":"0","endPos":"0"}
[2026-01-14 16:09:48.582972] [debug] WebSocketServer: Broadcasting to 1 clients: {"server_time":"2026-01-14 16:09:48","timestamp":"1768396188582","isConnected":"True","numBoard":"0","numSteps":"0","numSpeed":"0.000000","numAccel":"0","numDecel":"0","currentPos":"0","startPos":"0","endPos":"0"}
[2026-01-14 16:09:49.584019] [debug] WebSocketServer: Broadcasting to 1 clients: {"server_time":"2026-01-14 16:09:49","timestamp":"1768396189583","isConnected":"True","numBoard":"0","numSteps":"0","numSpeed":"0.000000","numAccel":"0","numDecel":"0","currentPos":"0","startPos":"0","endPos":"0"}
[2026-01-14 16:09:50.584315] [debug] WebSocketServer: Broadcasting to 1 clients: {"server_time":"2026-01-14 16:09:50","timestamp":"1768396190584","isConnected":"True","numBoard":"0","numSteps":"0","numSpeed":"0.000000","numAccel":"0","numDecel":"0","currentPos":"0","startPos":"0","endPos":"0"}
[2026-01-14 16:09:51.584600] [debug] WebSocketServer: Broadcasting to 1 clients: {"server_time":"2026-01-14 16:09:51","timestamp":"1768396191584","isConnected":"True","numBoard":"0","numSteps":"0","numSpeed":"0.000000","numAccel":"0","numDecel":"0","currentPos":"0","startPos":"0","endPos":"0"}
[2026-01-14 16:09:52.584889] [debug] WebSocketServer: Broadcasting to 1 clients: {"server_time":"2026-01-14 16:09:52","timestamp":"1768396192584","isConnected":"True","numBoard":"0","numSteps":"0","numSpeed":"0.000000","numAccel":"0","numDecel":"0","currentPos":"0","startPos":"0","endPos":"0"}
[2026-01-14 16:09:53.585269] [debug] WebSocketServer: Broadcasting to 1 clients: {"server_time":"2026-01-14 16:09:53","timestamp":"1768396193585","isConnected":"True","numBoard":"0","numSteps":"0","numSpeed":"0.000000","numAccel":"0","numDecel":"0","currentPos":"0","startPos":"0","endPos":"0"}
[2026-01-14 16:09:54.585641] [debug] WebSocketServer: Broadcasting to 1 clients: {"server_time":"2026-01-14 16:09:54","timestamp":"1768396194585","isConnected":"True","numBoard":"0","numSteps":"0","numSpeed":"0.000000","numAccel":"0","numDecel":"0","currentPos":"0","startPos":"0","endPos":"0"}
[2026-01-14 16:09:55.585963] [debug] WebSocketServer: Broadcasting to 1 clients: {"server_time":"2026-01-14 16:09:55","timestamp":"1768396195585","isConnected":"True","numBoard":"0","numSteps":"0","numSpeed":"0.000000","numAccel":"0","numDecel":"0","currentPos":"0","startPos":"0","endPos":"0"}
[2026-01-14 16:09:56.586275] [debug] WebSocketServer: Broadcasting to 1 clients: {"server_time":"2026-01-14 16:09:56","timestamp":"1768396196586","isConnected":"True","numBoard":"0","numSteps":"0","numSpeed":"0.000000","numAccel":"0","numDecel":"0","currentPos":"0","startPos":"0","endPos":"0"}
[2026-01-14 16:09:57.586532] [debug] WebSocketServer: Broadcasting to 1 clients: {"server_time":"2026-01-14 16:09:57","timestamp":"1768396197586","isConnected":"True","numBoard":"0","numSteps":"0","numSpeed":"0.000000","numAccel":"0","numDecel":"0","currentPos":"0","startPos":"0","endPos":"0"}
[2026-01-14 16:09:58.586776] [debug] WebSocketServer: Broadcasting to 1 clients: {"server_time":"2026-01-14 16:09:58","timestamp":"1768396198586","isConnected":"True","numBoard":"0","numSteps":"0","numSpeed":"0.000000","numAccel":"0","numDecel":"0","currentPos":"0","startPos":"0","endPos":"0"}
[2026-01-14 16:09:59.587032] [debug] WebSocketServer: Broadcasting to 1 clients: {"server_time":"2026-01-14 16:09:59","timestamp":"1768396199586","isConnected":"True","numBoard":"0","numSteps":"0","numSpeed":"0.000000","numAccel":"0","numDecel":"0","currentPos":"0","startPos":"0","endPos":"0"}
[2026-01-14 16:10:00.587290] [debug] WebSocketServer: Broadcasting to 1 clients: {"server_time":"2026-01-14 16:10:00","timestamp":"1768396200587","isConnected":"True","numBoard":"0","numSteps":"0","numSpeed":"0.000000","numAccel":"0","numDecel":"0","currentPos":"0","startPos":"0","endPos":"0"}
[2026-01-14 16:10:01.587545] [debug] WebSocketServer: Broadcasting to 1 clients: {"server_time":"2026-01-14 16:10:01","timestamp":"1768396201587","isConnected":"True","numBoard":"0","numSteps":"0","numSpeed":"0.000000","numAccel":"0","numDecel":"0","currentPos":"0","startPos":"0","endPos":"0"}
[2026-01-14 16:10:02.587803] [debug] WebSocketServer: Broadcasting to 1 clients: {"server_time":"2026-01-14 16:10:02","timestamp":"1768396202587","isConnected":"True","numBoard":"0","numSteps":"0","numSpeed":"0.000000","numAccel":"0","numDecel":"0","currentPos":"0","startPos":"0","endPos":"0"}
[2026-01-14 16:10:03.588091] [debug] WebSocketServer: Broadcasting to 1 clients: {"server_time":"2026-01-14 16:10:03","timestamp":"1768396203588","isConnected":"True","numBoard":"0","numSteps":"0","numSpeed":"0.000000","numAccel":"0","numDecel":"0","currentPos":"0","startPos":"0","endPos":"0"}
[2026-01-14 16:10:04.588514] [debug] WebSocketServer: Broadcasting to 1 clients: {"server_time":"2026-01-14 16:10:04","timestamp":"1768396204588","isConnected":"True","numBoard":"0","numSteps":"0","numSpeed":"0.000000","numAccel":"0","numDecel":"0","currentPos":"0","startPos":"0","endPos":"0"}
[2026-01-14 16:10:05.588767] [debug] WebSocketServer: Broadcasting to 1 clients: {"server_time":"2026-01-14 16:10:05","timestamp":"1768396205588","isConnected":"True","numBoard":"0","numSteps":"0","numSpeed":"0.000000","numAccel":"0","numDecel":"0","currentPos":"0","startPos":"0","endPos":"0"}
[2026-01-14 16:10:06.589045] [debug] WebSocketServer: Broadcasting to 1 clients: {"server_time":"2026-01-14 16:10:06","timestamp":"1768396206588","isConnected":"True","numBoard":"0","numSteps":"0","numSpeed":"0.000000","numAccel":"0","numDecel":"0","currentPos":"0","startPos":"0","endPos":"0"}
[2026-01-14 16:10:07.589352] [debug] WebSocketServer: Broadcasting to 1 clients: {"server_time":"2026-01-14 16:10:07","timestamp":"1768396207589","isConnected":"True","numBoard":"0","numSteps":"0","numSpeed":"0.000000","numAccel":"0","numDecel":"0","currentPos":"0","startPos":"0","endPos":"0"}
[2026-01-14 16:10:08.589628] [debug] WebSocketServer: Broadcasting to 1 clients: {"server_time":"2026-01-14 16:10:08","timestamp":"1768396208589","isConnected":"True","numBoard":"0","numSteps":"0","numSpeed":"0.000000","numAccel":"0","numDecel":"0","currentPos":"0","startPos":"0","endPos":"0"}
[2026-01-14 16:10:09.589916] [debug] WebSocketServer: Broadcasting to 1 clients: {"server_time":"2026-01-14 16:10:09","timestamp":"1768396209589","isConnected":"True","numBoard":"0","numSteps":"0","numSpeed":"0.000000","numAccel":"0","numDecel":"0","currentPos":"0","startPos":"0","endPos":"0"}
[2026-01-14 16:10:10.590244] [debug] WebSocketServer: Broadcasting to 1 clients: {"server_time":"2026-01-14 16:10:10","timestamp":"1768396210590","isConnected":"True","numBoard":"0","numSteps":"0","numSpeed":"0.000000","numAccel":"0","numDecel":"0","currentPos":"0","startPos":"0","endPos":"0"}
[2026-01-14 16:10:11.590570] [debug] WebSocketServer: Broadcasting to 1 clients: {"server_time":"2026-01-14 16:10:11","timestamp":"1768396211590","isConnected":"True","numBoard":"0","numSteps":"0","numSpeed":"0.000000","numAccel":"0","numDecel":"0","currentPos":"0","startPos":"0","endPos":"0"}
[2026-01-14 16:10:12.590875] [debug] WebSocketServer: Broadcasting to 1 clients: {"server_time":"2026-01-14 16:10:12","timestamp":"1768396212590","isConnected":"True","numBoard":"0","numSteps":"0","numSpeed":"0.000000","numAccel":"0","numDecel":"0","currentPos":"0","startPos":"0","endPos":"0"}
[2026-01-14 16:10:13.591200] [debug] WebSocketServer: Broadcasting to 1 clients: {"server_time":"2026-01-14 16:10:13","timestamp":"1768396213591","isConnected":"True","numBoard":"0","numSteps":"0","numSpeed":"0.000000","numAccel":"0","numDecel":"0","currentPos":"0","startPos":"0","endPos":"0"}
[2026-01-14 16:10:14.591493] [debug] WebSocketServer: Broadcasting to 1 clients: {"server_time":"2026-01-14 16:10:14","timestamp":"1768396214591","isConnected":"True","numBoard":"0","numSteps":"0","numSpeed":"0.000000","numAccel":"0","numDecel":"0","currentPos":"0","startPos":"0","endPos":"0"}
[2026-01-14 16:10:15.591779] [debug] WebSocketServer: Broadcasting to 1 clients: {"server_time":"2026-01-14 16:10:15","timestamp":"1768396215591","isConnected":"True","numBoard":"0","numSteps":"0","numSpeed":"0.000000","numAccel":"0","numDecel":"0","currentPos":"0","startPos":"0","endPos":"0"}
[2026-01-14 16:10:16.592156] [debug] WebSocketServer: Broadcasting to 1 clients: {"server_time":"2026-01-14 16:10:16","timestamp":"1768396216592","isConnected":"True","numBoard":"0","numSteps":"0","numSpeed":"0.000000","numAccel":"0","numDecel":"0","currentPos":"0","startPos":"0","endPos":"0"}
[2026-01-14 16:10:17.592559] [debug] WebSocketServer: Broadcasting to 1 clients: {"server_time":"2026-01-14 16:10:17","timestamp":"1768396217592","isConnected":"True","numBoard":"0","numSteps":"0","numSpeed":"0.000000","numAccel":"0","numDecel":"0","currentPos":"0","startPos":"0","endPos":"0"}
[2026-01-14 16:10:18.592943] [debug] WebSocketServer: Broadcasting to 1 clients: {"server_time":"2026-01-14 16:10:18","timestamp":"1768396218592","isConnected":"True","numBoard":"0","numSteps":"0","numSpeed":"0.000000","numAccel":"0","numDecel":"0","currentPos":"0","startPos":"0","endPos":"0"}
[2026-01-14 16:10:19.593241] [debug] WebSocketServer: Broadcasting to 1 clients: {"server_time":"2026-01-14 16:10:19","timestamp":"1768396219593","isConnected":"True","numBoard":"0","numSteps":"0","numSpeed":"0.000000","numAccel":"0","numDecel":"0","currentPos":"0","startPos":"0","endPos":"0"}
[2026-01-14 16:10:20.593554] [debug] WebSocketServer: Broadcasting to 1 clients: {"server_time":"2026-01-14 16:10:20","timestamp":"1768396220593","isConnected":"True","numBoard":"0","numSteps":"0","numSpeed":"0.000000","numAccel":"0","numDecel":"0","currentPos":"0","startPos":"0","endPos":"0"}
[2026-01-14 16:10:21.593826] [debug] WebSocketServer: Broadcasting to 1 clients: {"server_time":"2026-01-14 16:10:21","timestamp":"1768396221593","isConnected":"True","numBoard":"0","numSteps":"0","numSpeed":"0.000000","numAccel":"0","numDecel":"0","currentPos":"0","startPos":"0","endPos":"0"}
[2026-01-14 16:10:22.594265] [debug] WebSocketServer: Broadcasting to 1 clients: {"server_time":"2026-01-14 16:10:22","timestamp":"1768396222594","isConnected":"True","numBoard":"0","numSteps":"0","numSpeed":"0.000000","numAccel":"0","numDecel":"0","currentPos":"0","startPos":"0","endPos":"0"}
[2026-01-14 16:10:23.594599] [debug] WebSocketServer: Broadcasting to 1 clients: {"server_time":"2026-01-14 16:10:23","timestamp":"1768396223594","isConnected":"True","numBoard":"0","numSteps":"0","numSpeed":"0.000000","numAccel":"0","numDecel":"0","currentPos":"0","startPos":"0","endPos":"0"}
[2026-01-14 16:10:24.595324] [debug] WebSocketServer: Broadcasting to 1 clients: {"server_time":"2026-01-14 16:10:24","timestamp":"1768396224595","isConnected":"True","numBoard":"0","numSteps":"0","numSpeed":"0.000000","numAccel":"0","numDecel":"0","currentPos":"0","startPos":"0","endPos":"0"}
[2026-01-14 16:10:25.595629] [debug] WebSocketServer: Broadcasting to 1 clients: {"server_time":"2026-01-14 16:10:25","timestamp":"1768396225595","isConnected":"True","numBoard":"0","numSteps":"0","numSpeed":"0.000000","numAccel":"0","numDecel":"0","currentPos":"0","startPos":"0","endPos":"0"}
[2026-01-14 16:10:26.596649] [debug] WebSocketServer: Broadcasting to 1 clients: {"server_time":"2026-01-14 16:10:26","timestamp":"1768396226596","isConnected":"True","numBoard":"0","numSteps":"0","numSpeed":"0.000000","numAccel":"0","numDecel":"0","currentPos":"0","startPos":"0","endPos":"0"}
[2026-01-14 16:10:27.597001] [debug] WebSocketServer: Broadcasting to 1 clients: {"server_time":"2026-01-14 16:10:27","timestamp":"1768396227596","isConnected":"True","numBoard":"0","numSteps":"0","numSpeed":"0.000000","numAccel":"0","numDecel":"0","currentPos":"0","startPos":"0","endPos":"0"}
[2026-01-14 16:10:28.597340] [debug] WebSocketServer: Broadcasting to 1 clients: {"server_time":"2026-01-14 16:10:28","timestamp":"1768396228597","isConnected":"True","numBoard":"0","numSteps":"0","numSpeed":"0.000000","numAccel":"0","numDecel":"0","currentPos":"0","startPos":"0","endPos":"0"}
[2026-01-14 16:10:29.597649] [debug] WebSocketServer: Broadcasting to 1 clients: {"server_time":"2026-01-14 16:10:29","timestamp":"1768396229597","isConnected":"True","numBoard":"0","numSteps":"0","numSpeed":"0.000000","numAccel":"0","numDecel":"0","currentPos":"0","startPos":"0","endPos":"0"}
[2026-01-14 16:10:30.598010] [debug] WebSocketServer: Broadcasting to 1 clients: {"server_time":"2026-01-14 16:10:30","timestamp":"1768396230597","isConnected":"True","numBoard":"0","numSteps":"0","numSpeed":"0.000000","numAccel":"0","numDecel":"0","currentPos":"0","startPos":"0","endPos":"0"}
[2026-01-14 16:10:31.598365] [debug] WebSocketServer: Broadcasting to 1 clients: {"server_time":"2026-01-14 16:10:31","timestamp":"1768396231598","isConnected":"True","numBoard":"0","numSteps":"0","numSpeed":"0.000000","numAccel":"0","numDecel":"0","currentPos":"0","startPos":"0","endPos":"0"}
[2026-01-14 16:10:32.598784] [debug] WebSocketServer: Broadcasting to 1 clients: {"server_time":"2026-01-14 16:10:32","timestamp":"1768396232598","isConnected":"True","numBoard":"0","numSteps":"0","numSpeed":"0.000000","numAccel":"0","numDecel":"0","currentPos":"0","startPos":"0","endPos":"0"}
[2026-01-14 16:10:33.599090] [debug] WebSocketServer: Broadcasting to 1 clients: {"server_time":"2026-01-14 16:10:33","timestamp":"1768396233599","isConnected":"True","numBoard":"0","numSteps":"0","numSpeed":"0.000000","numAccel":"0","numDecel":"0","currentPos":"0","startPos":"0","endPos":"0"}
[2026-01-14 16:10:34.599406] [debug] WebSocketServer: Broadcasting to 1 clients: {"server_time":"2026-01-14 16:10:34","timestamp":"1768396234599","isConnected":"True","numBoard":"0","numSteps":"0","numSpeed":"0.000000","numAccel":"0","numDecel":"0","currentPos":"0","startPos":"0","endPos":"0"}
[2026-01-14 16:10:35.599676] [debug] WebSocketServer: Broadcasting to 1 clients: {"server_time":"2026-01-14 16:10:35","timestamp":"1768396235599","isConnected":"True","numBoard":"0","numSteps":"0","numSpeed":"0.000000","numAccel":"0","numDecel":"0","currentPos":"0","startPos":"0","endPos":"0"}
[2026-01-14 16:10:36.599941] [debug] WebSocketServer: Broadcasting to 1 clients: {"server_time":"2026-01-14 16:10:36","timestamp":"1768396236599","isConnected":"True","numBoard":"0","numSteps":"0","numSpeed":"0.000000","numAccel":"0","numDecel":"0","currentPos":"0","startPos":"0","endPos":"0"}
[2026-01-14 16:10:37.600230] [debug] WebSocketServer: Broadcasting to 1 clients: {"server_time":"2026-01-14 16:10:37","timestamp":"1768396237600","isConnected":"True","numBoard":"0","numSteps":"0","numSpeed":"0.000000","numAccel":"0","numDecel":"0","currentPos":"0","startPos":"0","endPos":"0"}
[2026-01-14 16:10:38.600530] [debug] WebSocketServer: Broadcasting to 1 clients: {"server_time":"2026-01-14 16:10:38","timestamp":"1768396238600","isConnected":"True","numBoard":"0","numSteps":"0","numSpeed":"0.000000","numAccel":"0","numDecel":"0","currentPos":"0","startPos":"0","endPos":"0"}
[2026-01-14 16:10:39.600855] [debug] WebSocketServer: Broadcasting to 1 clients: {"server_time":"2026-01-14 16:10:39","timestamp":"1768396239600","isConnected":"True","numBoard":"0","numSteps":"0","numSpeed":"0.000000","numAccel":"0","numDecel":"0","currentPos":"0","startPos":"0","endPos":"0"}
[2026-01-14 16:10:40.601240] [debug] WebSocketServer: Broadcasting to 1 clients: {"server_time":"2026-01-14 16:10:40","timestamp":"1768396240601","isConnected":"True","numBoard":"0","numSteps":"0","numSpeed":"0.000000","numAccel":"0","numDecel":"0","currentPos":"0","startPos":"0","endPos":"0"}
[2026-01-14 16:10:41.601549] [debug] WebSocketServer: Broadcasting to 1 clients: {"server_time":"2026-01-14 16:10:41","timestamp":"1768396241601","isConnected":"True","numBoard":"0","numSteps":"0","numSpeed":"0.000000","numAccel":"0","numDecel":"0","currentPos":"0","startPos":"0","endPos":"0"}
[2026-01-14 16:10:42.601863] [debug] WebSocketServer: Broadcasting to 1 clients: {"server_time":"2026-01-14 16:10:42","timestamp":"1768396242601","isConnected":"True","numBoard":"0","numSteps":"0","numSpeed":"0.000000","numAccel":"0","numDecel":"0","currentPos":"0","startPos":"0","endPos":"0"}
[2026-01-14 16:10:43.602152] [debug] WebSocketServer: Broadcasting to 1 clients: {"server_time":"2026-01-14 16:10:43","timestamp":"1768396243602","isConnected":"True","numBoard":"0","numSteps":"0","numSpeed":"0.000000","numAccel":"0","numDecel":"0","currentPos":"0","startPos":"0","endPos":"0"}
[2026-01-14 16:10:44.602507] [debug] WebSocketServer: Broadcasting to 1 clients: {"server_time":"2026-01-14 16:10:44","timestamp":"1768396244602","isConnected":"True","numBoard":"0","numSteps":"0","numSpeed":"0.000000","numAccel":"0","numDecel":"0","currentPos":"0","startPos":"0","endPos":"0"}
[2026-01-14 16:10:45.602873] [debug] WebSocketServer: Broadcasting to 1 clients: {"server_time":"2026-01-14 16:10:45","timestamp":"1768396245602","isConnected":"True","numBoard":"0","numSteps":"0","numSpeed":"0.000000","numAccel":"0","numDecel":"0","currentPos":"0","startPos":"0","endPos":"0"}
[2026-01-14 16:10:46.603184] [debug] WebSocketServer: Broadcasting to 1 clients: {"server_time":"2026-01-14 16:10:46","timestamp":"1768396246603","isConnected":"True","numBoard":"0","numSteps":"0","numSpeed":"0.000000","numAccel":"0","numDecel":"0","currentPos":"0","startPos":"0","endPos":"0"}
[2026-01-14 16:10:47.603573] [debug] WebSocketServer: Broadcasting to 1 clients: {"server_time":"2026-01-14 16:10:47","timestamp":"1768396247603","isConnected":"True","numBoard":"0","numSteps":"0","numSpeed":"0.000000","numAccel":"0","numDecel":"0","currentPos":"0","startPos":"0","endPos":"0"}
[2026-01-14 16:10:48.604003] [debug] WebSocketServer: Broadcasting to 1 clients: {"server_time":"2026-01-14 16:10:48","timestamp":"1768396248603","isConnected":"True","numBoard":"0","numSteps":"0","numSpeed":"0.000000","numAccel":"0","numDecel":"0","currentPos":"0","startPos":"0","endPos":"0"}
[2026-01-14 16:10:49.604315] [debug] WebSocketServer: Broadcasting to 1 clients: {"server_time":"2026-01-14 16:10:49","timestamp":"1768396249604","isConnected":"True","numBoard":"0","numSteps":"0","numSpeed":"0.000000","numAccel":"0","numDecel":"0","currentPos":"0","startPos":"0","endPos":"0"}
[2026-01-14 16:10:50.604652] [debug] WebSocketServer: Broadcasting to 1 clients: {"server_time":"2026-01-14 16:10:50","timestamp":"1768396250604","isConnected":"True","numBoard":"0","numSteps":"0","numSpeed":"0.000000","numAccel":"0","numDecel":"0","currentPos":"0","startPos":"0","endPos":"0"}
[2026-01-14 16:10:51.604904] [debug] WebSocketServer: Broadcasting to 1 clients: {"server_time":"2026-01-14 16:10:51","timestamp":"1768396251604","isConnected":"True","numBoard":"0","numSteps":"0","numSpeed":"0.000000","numAccel":"0","numDecel":"0","currentPos":"0","startPos":"0","endPos":"0"}
[2026-01-14 16:10:52.605167] [debug] WebSocketServer: Broadcasting to 1 clients: {"server_time":"2026-01-14 16:10:52","timestamp":"1768396252605","isConnected":"True","numBoard":"0","numSteps":"0","numSpeed":"0.000000","numAccel":"0","numDecel":"0","currentPos":"0","startPos":"0","endPos":"0"}
[2026-01-14 16:10:53.605460] [debug] WebSocketServer: Broadcasting to 1 clients: {"server_time":"2026-01-14 16:10:53","timestamp":"1768396253605","isConnected":"True","numBoard":"0","numSteps":"0","numSpeed":"0.000000","numAccel":"0","numDecel":"0","currentPos":"0","startPos":"0","endPos":"0"}
[2026-01-14 16:10:54.605736] [debug] WebSocketServer: Broadcasting to 1 clients: {"server_time":"2026-01-14 16:10:54","timestamp":"1768396254605","isConnected":"True","numBoard":"0","numSteps":"0","numSpeed":"0.000000","numAccel":"0","numDecel":"0","currentPos":"0","startPos":"0","endPos":"0"}
[2026-01-14 16:10:55.606062] [debug] WebSocketServer: Broadcasting to 1 clients: {"server_time":"2026-01-14 16:10:55","timestamp":"1768396255606","isConnected":"True","numBoard":"0","numSteps":"0","numSpeed":"0.000000","numAccel":"0","numDecel":"0","currentPos":"0","startPos":"0","endPos":"0"}
[2026-01-14 16:10:56.606342] [debug] WebSocketServer: Broadcasting to 1 clients: {"server_time":"2026-01-14 16:10:56","timestamp":"1768396256606","isConnected":"True","numBoard":"0","numSteps":"0","numSpeed":"0.000000","numAccel":"0","numDecel":"0","currentPos":"0","startPos":"0","endPos":"0"}
[2026-01-14 16:10:57.606612] [debug] WebSocketServer: Broadcasting to 1 clients: {"server_time":"2026-01-14 16:10:57","timestamp":"1768396257606","isConnected":"True","numBoard":"0","numSteps":"0","numSpeed":"0.000000","numAccel":"0","numDecel":"0","currentPos":"0","startPos":"0","endPos":"0"}
[2026-01-14 16:10:58.606912] [debug] WebSocketServer: Broadcasting to 1 clients: {"server_time":"2026-01-14 16:10:58","timestamp":"1768396258606","isConnected":"True","numBoard":"0","numSteps":"0","numSpeed":"0.000000","numAccel":"0","numDecel":"0","currentPos":"0","startPos":"0","endPos":"0"}
[2026-01-14 16:10:59.607184] [debug] WebSocketServer: Broadcasting to 1 clients: {"server_time":"2026-01-14 16:10:59","timestamp":"1768396259607","isConnected":"True","numBoard":"0","numSteps":"0","numSpeed":"0.000000","numAccel":"0","numDecel":"0","currentPos":"0","startPos":"0","endPos":"0"}
[2026-01-14 16:11:00.607469] [debug] WebSocketServer: Broadcasting to 1 clients: {"server_time":"2026-01-14 16:11:00","timestamp":"1768396260607","isConnected":"True","numBoard":"0","numSteps":"0","numSpeed":"0.000000","numAccel":"0","numDecel":"0","currentPos":"0","startPos":"0","endPos":"0"}
[2026-01-14 16:11:01.607747] [debug] WebSocketServer: Broadcasting to 1 clients: {"server_time":"2026-01-14 16:11:01","timestamp":"1768396261607","isConnected":"True","numBoard":"0","numSteps":"0","numSpeed":"0.000000","numAccel":"0","numDecel":"0","currentPos":"0","startPos":"0","endPos":"0"}
[2026-01-14 16:11:02.608115] [debug] WebSocketServer: Broadcasting to 1 clients: {"server_time":"2026-01-14 16:11:02","timestamp":"1768396262608","isConnected":"True","numBoard":"0","numSteps":"0","numSpeed":"0.000000","numAccel":"0","numDecel":"0","currentPos":"0","startPos":"0","endPos":"0"}
[2026-01-14 16:11:03.608517] [debug] WebSocketServer: Broadcasting to 1 clients: {"server_time":"2026-01-14 16:11:03","timestamp":"1768396263608","isConnected":"True","numBoard":"0","numSteps":"0","numSpeed":"0.000000","numAccel":"0","numDecel":"0","currentPos":"0","startPos":"0","endPos":"0"}
[2026-01-14 16:11:04.608818] [debug] WebSocketServer: Broadcasting to 1 clients: {"server_time":"2026-01-14 16:11:04","timestamp":"1768396264608","isConnected":"True","numBoard":"0","numSteps":"0","numSpeed":"0.000000","numAccel":"0","numDecel":"0","currentPos":"0","startPos":"0","endPos":"0"}
[2026-01-14 16:11:05.609094] [debug] WebSocketServer: Broadcasting to 1 clients: {"server_time":"2026-01-14 16:11:05","timestamp":"1768396265609","isConnected":"True","numBoard":"0","numSteps":"0","numSpeed":"0.000000","numAccel":"0","numDecel":"0","currentPos":"0","startPos":"0","endPos":"0"}
[2026-01-14 16:11:06.609377] [debug] WebSocketServer: Broadcasting to 1 clients: {"server_time":"2026-01-14 16:11:06","timestamp":"1768396266609","isConnected":"True","numBoard":"0","numSteps":"0","numSpeed":"0.000000","numAccel":"0","numDecel":"0","currentPos":"0","startPos":"0","endPos":"0"}
[2026-01-14 16:11:07.609645] [debug] WebSocketServer: Broadcasting to 1 clients: {"server_time":"2026-01-14 16:11:07","timestamp":"1768396267609","isConnected":"True","numBoard":"0","numSteps":"0","numSpeed":"0.000000","numAccel":"0","numDecel":"0","currentPos":"0","startPos":"0","endPos":"0"}
[2026-01-14 16:11:08.609917] [debug] WebSocketServer: Broadcasting to 1 clients: {"server_time":"2026-01-14 16:11:08","timestamp":"1768396268609","isConnected":"True","numBoard":"0","numSteps":"0","numSpeed":"0.000000","numAccel":"0","numDecel":"0","currentPos":"0","startPos":"0","endPos":"0"}
[2026-01-14 16:11:09.611532] [debug] WebSocketServer: Broadcasting to 1 clients: {"server_time":"2026-01-14 16:11:09","timestamp":"1768396269611","isConnected":"True","numBoard":"0","numSteps":"0","numSpeed":"0.000000","numAccel":"0","numDecel":"0","currentPos":"0","startPos":"0","endPos":"0"}
[2026-01-14 16:11:10.611919] [debug] WebSocketServer: Broadcasting to 1 clients: {"server_time":"2026-01-14 16:11:10","timestamp":"1768396270611","isConnected":"True","numBoard":"0","numSteps":"0","numSpeed":"0.000000","numAccel":"0","numDecel":"0","currentPos":"0","startPos":"0","endPos":"0"}
[2026-01-14 16:11:11.612307] [debug] WebSocketServer: Broadcasting to 1 clients: {"server_time":"2026-01-14 16:11:11","timestamp":"1768396271612","isConnected":"True","numBoard":"0","numSteps":"0","numSpeed":"0.000000","numAccel":"0","numDecel":"0","currentPos":"0","startPos":"0","endPos":"0"}
[2026-01-14 16:11:12.612573] [debug] WebSocketServer: Broadcasting to 1 clients: {"server_time":"2026-01-14 16:11:12","timestamp":"1768396272612","isConnected":"True","numBoard":"0","numSteps":"0","numSpeed":"0.000000","numAccel":"0","numDecel":"0","currentPos":"0","startPos":"0","endPos":"0"}
[2026-01-14 16:11:13.612841] [debug] WebSocketServer: Broadcasting to 1 clients: {"server_time":"2026-01-14 16:11:13","timestamp":"1768396273612","isConnected":"True","numBoard":"0","numSteps":"0","numSpeed":"0.000000","numAccel":"0","numDecel":"0","currentPos":"0","startPos":"0","endPos":"0"}
[2026-01-14 16:11:14.613142] [debug] WebSocketServer: Broadcasting to 1 clients: {"server_time":"2026-01-14 16:11:14","timestamp":"1768396274613","isConnected":"True","numBoard":"0","numSteps":"0","numSpeed":"0.000000","numAccel":"0","numDecel":"0","currentPos":"0","startPos":"0","endPos":"0"}
[2026-01-14 16:11:15.613463] [debug] WebSocketServer: Broadcasting to 1 clients: {"server_time":"2026-01-14 16:11:15","timestamp":"1768396275613","isConnected":"True","numBoard":"0","numSteps":"0","numSpeed":"0.000000","numAccel":"0","numDecel":"0","currentPos":"0","startPos":"0","endPos":"0"}
[2026-01-14 16:11:16.613844] [debug] WebSocketServer: Broadcasting to 1 clients: {"server_time":"2026-01-14 16:11:16","timestamp":"1768396276613","isConnected":"True","numBoard":"0","numSteps":"0","numSpeed":"0.000000","numAccel":"0","numDecel":"0","currentPos":"0","startPos":"0","endPos":"0"}
[2026-01-14 16:11:17.614398] [debug] WebSocketServer: Broadcasting to 1 clients: {"server_time":"2026-01-14 16:11:17","timestamp":"1768396277614","isConnected":"True","numBoard":"0","numSteps":"0","numSpeed":"0.000000","numAccel":"0","numDecel":"0","currentPos":"0","startPos":"0","endPos":"0"}
[2026-01-14 16:11:18.614794] [debug] WebSocketServer: Broadcasting to 1 clients: {"server_time":"2026-01-14 16:11:18","timestamp":"1768396278614","isConnected":"True","numBoard":"0","numSteps":"0","numSpeed":"0.000000","numAccel":"0","numDecel":"0","currentPos":"0","startPos":"0","endPos":"0"}
[2026-01-14 16:11:19.615181] [debug] WebSocketServer: Broadcasting to 1 clients: {"server_time":"2026-01-14 16:11:19","timestamp":"1768396279615","isConnected":"True","numBoard":"0","numSteps":"0","numSpeed":"0.000000","numAccel":"0","numDecel":"0","currentPos":"0","startPos":"0","endPos":"0"}
[2026-01-14 16:11:20.615480] [debug] WebSocketServer: Broadcasting to 1 clients: {"server_time":"2026-01-14 16:11:20","timestamp":"1768396280615","isConnected":"True","numBoard":"0","numSteps":"0","numSpeed":"0.000000","numAccel":"0","numDecel":"0","currentPos":"0","startPos":"0","endPos":"0"}
[2026-01-14 16:11:21.615738] [debug] WebSocketServer: Broadcasting to 1 clients: {"server_time":"2026-01-14 16:11:21","timestamp":"1768396281615","isConnected":"True","numBoard":"0","numSteps":"0","numSpeed":"0.000000","numAccel":"0","numDecel":"0","currentPos":"0","startPos":"0","endPos":"0"}
[2026-01-14 16:11:22.616010] [debug] WebSocketServer: Broadcasting to 1 clients: {"server_time":"2026-01-14 16:11:22","timestamp":"1768396282615","isConnected":"True","numBoard":"0","numSteps":"0","numSpeed":"0.000000","numAccel":"0","numDecel":"0","currentPos":"0","startPos":"0","endPos":"0"}
[2026-01-14 16:11:23.616290] [debug] WebSocketServer: Broadcasting to 1 clients: {"server_time":"2026-01-14 16:11:23","timestamp":"1768396283616","isConnected":"True","numBoard":"0","numSteps":"0","numSpeed":"0.000000","numAccel":"0","numDecel":"0","currentPos":"0","startPos":"0","endPos":"0"}
[2026-01-14 16:11:24.616561] [debug] WebSocketServer: Broadcasting to 1 clients: {"server_time":"2026-01-14 16:11:24","timestamp":"1768396284616","isConnected":"True","numBoard":"0","numSteps":"0","numSpeed":"0.000000","numAccel":"0","numDecel":"0","currentPos":"0","startPos":"0","endPos":"0"}
[2026-01-14 16:11:25.616891] [debug] WebSocketServer: Broadcasting to 1 clients: {"server_time":"2026-01-14 16:11:25","timestamp":"1768396285616","isConnected":"True","numBoard":"0","numSteps":"0","numSpeed":"0.000000","numAccel":"0","numDecel":"0","currentPos":"0","startPos":"0","endPos":"0"}
[2026-01-14 16:11:26.617221] [debug] WebSocketServer: Broadcasting to 1 clients: {"server_time":"2026-01-14 16:11:26","timestamp":"1768396286617","isConnected":"True","numBoard":"0","numSteps":"0","numSpeed":"0.000000","numAccel":"0","numDecel":"0","currentPos":"0","startPos":"0","endPos":"0"}
[2026-01-14 16:11:27.617499] [debug] WebSocketServer: Broadcasting to 1 clients: {"server_time":"2026-01-14 16:11:27","timestamp":"1768396287617","isConnected":"True","numBoard":"0","numSteps":"0","numSpeed":"0.000000","numAccel":"0","numDecel":"0","currentPos":"0","startPos":"0","endPos":"0"}
[2026-01-14 16:11:28.618317] [debug] WebSocketServer: Broadcasting to 1 clients: {"server_time":"2026-01-14 16:11:28","timestamp":"1768396288618","isConnected":"True","numBoard":"0","numSteps":"0","numSpeed":"0.000000","numAccel":"0","numDecel":"0","currentPos":"0","startPos":"0","endPos":"0"}
[2026-01-14 16:11:29.618628] [debug] WebSocketServer: Broadcasting to 1 clients: {"server_time":"2026-01-14 16:11:29","timestamp":"1768396289618","isConnected":"True","numBoard":"0","numSteps":"0","numSpeed":"0.000000","numAccel":"0","numDecel":"0","currentPos":"0","startPos":"0","endPos":"0"}
[2026-01-14 16:11:30.618900] [debug] WebSocketServer: Broadcasting to 1 clients: {"server_time":"2026-01-14 16:11:30","timestamp":"1768396290618","isConnected":"True","numBoard":"0","numSteps":"0","numSpeed":"0.000000","numAccel":"0","numDecel":"0","currentPos":"0","startPos":"0","endPos":"0"}
[2026-01-14 16:11:31.619192] [debug] WebSocketServer: Broadcasting to 1 clients: {"server_time":"2026-01-14 16:11:31","timestamp":"1768396291619","isConnected":"True","numBoard":"0","numSteps":"0","numSpeed":"0.000000","numAccel":"0","numDecel":"0","currentPos":"0","startPos":"0","endPos":"0"}
[2026-01-14 16:11:32.619626] [debug] WebSocketServer: Broadcasting to 1 clients: {"server_time":"2026-01-14 16:11:32","timestamp":"1768396292619","isConnected":"True","numBoard":"0","numSteps":"0","numSpeed":"0.000000","numAccel":"0","numDecel":"0","currentPos":"0","startPos":"0","endPos":"0"}
[2026-01-14 16:11:33.619992] [debug] WebSocketServer: Broadcasting to 1 clients: {"server_time":"2026-01-14 16:11:33","timestamp":"1768396293619","isConnected":"True","numBoard":"0","numSteps":"0","numSpeed":"0.000000","numAccel":"0","numDecel":"0","currentPos":"0","startPos":"0","endPos":"0"}
[2026-01-14 16:11:34.620374] [debug] WebSocketServer: Broadcasting to 1 clients: {"server_time":"2026-01-14 16:11:34","timestamp":"1768396294620","isConnected":"True","numBoard":"0","numSteps":"0","numSpeed":"0.000000","numAccel":"0","numDecel":"0","currentPos":"0","startPos":"0","endPos":"0"}
[2026-01-14 16:11:35.620729] [debug] WebSocketServer: Broadcasting to 1 clients: {"server_time":"2026-01-14 16:11:35","timestamp":"1768396295620","isConnected":"True","numBoard":"0","numSteps":"0","numSpeed":"0.000000","numAccel":"0","numDecel":"0","currentPos":"0","startPos":"0","endPos":"0"}
[2026-01-14 16:11:36.620991] [debug] WebSocketServer: Broadcasting to 1 clients: {"server_time":"2026-01-14 16:11:36","timestamp":"1768396296620","isConnected":"True","numBoard":"0","numSteps":"0","numSpeed":"0.000000","numAccel":"0","numDecel":"0","currentPos":"0","startPos":"0","endPos":"0"}
[2026-01-14 16:11:37.621268] [debug] WebSocketServer: Broadcasting to 1 clients: {"server_time":"2026-01-14 16:11:37","timestamp":"1768396297621","isConnected":"True","numBoard":"0","numSteps":"0","numSpeed":"0.000000","numAccel":"0","numDecel":"0","currentPos":"0","startPos":"0","endPos":"0"}
[2026-01-14 16:11:38.621585] [debug] WebSocketServer: Broadcasting to 1 clients: {"server_time":"2026-01-14 16:11:38","timestamp":"1768396298621","isConnected":"True","numBoard":"0","numSteps":"0","numSpeed":"0.000000","numAccel":"0","numDecel":"0","currentPos":"0","startPos":"0","endPos":"0"}
[2026-01-14 16:11:39.621883] [debug] WebSocketServer: Broadcasting to 1 clients: {"server_time":"2026-01-14 16:11:39","timestamp":"1768396299621","isConnected":"True","numBoard":"0","numSteps":"0","numSpeed":"0.000000","numAccel":"0","numDecel":"0","currentPos":"0","startPos":"0","endPos":"0"}
[2026-01-14 16:11:40.622173] [debug] WebSocketServer: Broadcasting to 1 clients: {"server_time":"2026-01-14 16:11:40","timestamp":"1768396300622","isConnected":"True","numBoard":"0","numSteps":"0","numSpeed":"0.000000","numAccel":"0","numDecel":"0","currentPos":"0","startPos":"0","endPos":"0"}
[2026-01-14 16:11:41.622728] [debug] WebSocketServer: Broadcasting to 1 clients: {"server_time":"2026-01-14 16:11:41","timestamp":"1768396301622","isConnected":"True","numBoard":"0","numSteps":"0","numSpeed":"0.000000","numAccel":"0","numDecel":"0","currentPos":"0","startPos":"0","endPos":"0"}
[2026-01-14 16:11:42.623034] [debug] WebSocketServer: Broadcasting to 1 clients: {"server_time":"2026-01-14 16:11:42","timestamp":"1768396302622","isConnected":"True","numBoard":"0","numSteps":"0","numSpeed":"0.000000","numAccel":"0","numDecel":"0","currentPos":"0","startPos":"0","endPos":"0"}
[2026-01-14 16:11:43.623351] [debug] WebSocketServer: Broadcasting to 1 clients: {"server_time":"2026-01-14 16:11:43","timestamp":"1768396303623","isConnected":"True","numBoard":"0","numSteps":"0","numSpeed":"0.000000","numAccel":"0","numDecel":"0","currentPos":"0","startPos":"0","endPos":"0"}
[2026-01-14 16:11:44.623647] [debug] WebSocketServer: Broadcasting to 1 clients: {"server_time":"2026-01-14 16:11:44","timestamp":"1768396304623","isConnected":"True","numBoard":"0","numSteps":"0","numSpeed":"0.000000","numAccel":"0","numDecel":"0","currentPos":"0","startPos":"0","endPos":"0"}
[2026-01-14 16:11:45.623942] [debug] WebSocketServer: Broadcasting to 1 clients: {"server_time":"2026-01-14 16:11:45","timestamp":"1768396305623","isConnected":"True","numBoard":"0","numSteps":"0","numSpeed":"0.000000","numAccel":"0","numDecel":"0","currentPos":"0","startPos":"0","endPos":"0"}
[2026-01-14 16:11:46.624222] [debug] WebSocketServer: Broadcasting to 1 clients: {"server_time":"2026-01-14 16:11:46","timestamp":"1768396306624","isConnected":"True","numBoard":"0","numSteps":"0","numSpeed":"0.000000","numAccel":"0","numDecel":"0","currentPos":"0","startPos":"0","endPos":"0"}
[2026-01-14 16:11:47.624512] [debug] WebSocketServer: Broadcasting to 1 clients: {"server_time":"2026-01-14 16:11:47","timestamp":"1768396307624","isConnected":"True","numBoard":"0","numSteps":"0","numSpeed":"0.000000","numAccel":"0","numDecel":"0","currentPos":"0","startPos":"0","endPos":"0"}
[2026-01-14 16:11:48.624825] [debug] WebSocketServer: Broadcasting to 1 clients: {"server_time":"2026-01-14 16:11:48","timestamp":"1768396308624","isConnected":"True","numBoard":"0","numSteps":"0","numSpeed":"0.000000","numAccel":"0","numDecel":"0","currentPos":"0","startPos":"0","endPos":"0"}
[2026-01-14 16:11:49.625251] [debug] WebSocketServer: Broadcasting to 1 clients: {"server_time":"2026-01-14 16:11:49","timestamp":"1768396309625","isConnected":"True","numBoard":"0","numSteps":"0","numSpeed":"0.000000","numAccel":"0","numDecel":"0","currentPos":"0","startPos":"0","endPos":"0"}
[2026-01-14 16:11:50.625612] [debug] WebSocketServer: Broadcasting to 1 clients: {"server_time":"2026-01-14 16:11:50","timestamp":"1768396310625","isConnected":"True","numBoard":"0","numSteps":"0","numSpeed":"0.000000","numAccel":"0","numDecel":"0","currentPos":"0","startPos":"0","endPos":"0"}
[2026-01-14 16:11:51.625952] [debug] WebSocketServer: Broadcasting to 1 clients: {"server_time":"2026-01-14 16:11:51","timestamp":"1768396311625","isConnected":"True","numBoard":"0","numSteps":"0","numSpeed":"0.000000","numAccel":"0","numDecel":"0","currentPos":"0","startPos":"0","endPos":"0"}
[2026-01-14 16:11:52.626262] [debug] WebSocketServer: Broadcasting to 1 clients: {"server_time":"2026-01-14 16:11:52","timestamp":"1768396312626","isConnected":"True","numBoard":"0","numSteps":"0","numSpeed":"0.000000","numAccel":"0","numDecel":"0","currentPos":"0","startPos":"0","endPos":"0"}
[2026-01-14 16:11:53.626553] [debug] WebSocketServer: Broadcasting to 1 clients: {"server_time":"2026-01-14 16:11:53","timestamp":"1768396313626","isConnected":"True","numBoard":"0","numSteps":"0","numSpeed":"0.000000","numAccel":"0","numDecel":"0","currentPos":"0","startPos":"0","endPos":"0"}
[2026-01-14 16:11:54.626897] [debug] WebSocketServer: Broadcasting to 1 clients: {"server_time":"2026-01-14 16:11:54","timestamp":"1768396314626","isConnected":"True","numBoard":"0","numSteps":"0","numSpeed":"0.000000","numAccel":"0","numDecel":"0","currentPos":"0","startPos":"0","endPos":"0"}
[2026-01-14 16:11:55.627192] [debug] WebSocketServer: Broadcasting to 1 clients: {"server_time":"2026-01-14 16:11:55","timestamp":"1768396315627","isConnected":"True","numBoard":"0","numSteps":"0","numSpeed":"0.000000","numAccel":"0","numDecel":"0","currentPos":"0","startPos":"0","endPos":"0"}
[2026-01-14 16:11:56.627481] [debug] WebSocketServer: Broadcasting to 1 clients: {"server_time":"2026-01-14 16:11:56","timestamp":"1768396316627","isConnected":"True","numBoard":"0","numSteps":"0","numSpeed":"0.000000","numAccel":"0","numDecel":"0","currentPos":"0","startPos":"0","endPos":"0"}
[2026-01-14 16:11:57.627732] [debug] WebSocketServer: Broadcasting to 1 clients: {"server_time":"2026-01-14 16:11:57","timestamp":"1768396317627","isConnected":"True","numBoard":"0","numSteps":"0","numSpeed":"0.000000","numAccel":"0","numDecel":"0","currentPos":"0","startPos":"0","endPos":"0"}
[2026-01-14 16:11:58.628013] [debug] WebSocketServer: Broadcasting to 1 clients: {"server_time":"2026-01-14 16:11:58","timestamp":"1768396318627","isConnected":"True","numBoard":"0","numSteps":"0","numSpeed":"0.000000","numAccel":"0","numDecel":"0","currentPos":"0","startPos":"0","endPos":"0"}
[2026-01-14 16:11:59.628288] [debug] WebSocketServer: Broadcasting to 1 clients: {"server_time":"2026-01-14 16:11:59","timestamp":"1768396319628","isConnected":"True","numBoard":"0","numSteps":"0","numSpeed":"0.000000","numAccel":"0","numDecel":"0","currentPos":"0","startPos":"0","endPos":"0"}
[2026-01-14 16:12:00.628573] [debug] WebSocketServer: Broadcasting to 1 clients: {"server_time":"2026-01-14 16:12:00","timestamp":"1768396320628","isConnected":"True","numBoard":"0","numSteps":"0","numSpeed":"0.000000","numAccel":"0","numDecel":"0","currentPos":"0","startPos":"0","endPos":"0"}
[2026-01-14 16:12:01.628853] [debug] WebSocketServer: Broadcasting to 1 clients: {"server_time":"2026-01-14 16:12:01","timestamp":"1768396321628","isConnected":"True","numBoard":"0","numSteps":"0","numSpeed":"0.000000","numAccel":"0","numDecel":"0","currentPos":"0","startPos":"0","endPos":"0"}
[2026-01-14 16:12:02.629125] [debug] WebSocketServer: Broadcasting to 1 clients: {"server_time":"2026-01-14 16:12:02","timestamp":"1768396322629","isConnected":"True","numBoard":"0","numSteps":"0","numSpeed":"0.000000","numAccel":"0","numDecel":"0","currentPos":"0","startPos":"0","endPos":"0"}
[2026-01-14 16:12:03.629375] [debug] WebSocketServer: Broadcasting to 1 clients: {"server_time":"2026-01-14 16:12:03","timestamp":"1768396323629","isConnected":"True","numBoard":"0","numSteps":"0","numSpeed":"0.000000","numAccel":"0","numDecel":"0","currentPos":"0","startPos":"0","endPos":"0"}
[2026-01-14 16:12:04.629694] [debug] WebSocketServer: Broadcasting to 1 clients: {"server_time":"2026-01-14 16:12:04","timestamp":"1768396324629","isConnected":"True","numBoard":"0","numSteps":"0","numSpeed":"0.000000","numAccel":"0","numDecel":"0","currentPos":"0","startPos":"0","endPos":"0"}
[2026-01-14 16:12:05.630023] [debug] WebSocketServer: Broadcasting to 1 clients: {"server_time":"2026-01-14 16:12:05","timestamp":"1768396325629","isConnected":"True","numBoard":"0","numSteps":"0","numSpeed":"0.000000","numAccel":"0","numDecel":"0","currentPos":"0","startPos":"0","endPos":"0"}
[2026-01-14 16:12:06.630343] [debug] WebSocketServer: Broadcasting to 1 clients: {"server_time":"2026-01-14 16:12:06","timestamp":"1768396326630","isConnected":"True","numBoard":"0","numSteps":"0","numSpeed":"0.000000","numAccel":"0","numDecel":"0","currentPos":"0","startPos":"0","endPos":"0"}
[2026-01-14 16:12:07.630653] [debug] WebSocketServer: Broadcasting to 1 clients: {"server_time":"2026-01-14 16:12:07","timestamp":"1768396327630","isConnected":"True","numBoard":"0","numSteps":"0","numSpeed":"0.000000","numAccel":"0","numDecel":"0","currentPos":"0","startPos":"0","endPos":"0"}
[2026-01-14 16:12:08.631025] [debug] WebSocketServer: Broadcasting to 1 clients: {"server_time":"2026-01-14 16:12:08","timestamp":"1768396328630","isConnected":"True","numBoard":"0","numSteps":"0","numSpeed":"0.000000","numAccel":"0","numDecel":"0","currentPos":"0","startPos":"0","endPos":"0"}
[2026-01-14 16:12:09.631321] [debug] WebSocketServer: Broadcasting to 1 clients: {"server_time":"2026-01-14 16:12:09","timestamp":"1768396329631","isConnected":"True","numBoard":"0","numSteps":"0","numSpeed":"0.000000","numAccel":"0","numDecel":"0","currentPos":"0","startPos":"0","endPos":"0"}
[2026-01-14 16:12:10.631644] [debug] WebSocketServer: Broadcasting to 1 clients: {"server_time":"2026-01-14 16:12:10","timestamp":"1768396330631","isConnected":"True","numBoard":"0","numSteps":"0","numSpeed":"0.000000","numAccel":"0","numDecel":"0","currentPos":"0","startPos":"0","endPos":"0"}
[2026-01-14 16:12:11.631929] [debug] WebSocketServer: Broadcasting to 1 clients: {"server_time":"2026-01-14 16:12:11","timestamp":"1768396331631","isConnected":"True","numBoard":"0","numSteps":"0","numSpeed":"0.000000","numAccel":"0","numDecel":"0","currentPos":"0","startPos":"0","endPos":"0"}
[2026-01-14 16:12:12.632253] [debug] WebSocketServer: Broadcasting to 1 clients: {"server_time":"2026-01-14 16:12:12","timestamp":"1768396332632","isConnected":"True","numBoard":"0","numSteps":"0","numSpeed":"0.000000","numAccel":"0","numDecel":"0","currentPos":"0","startPos":"0","endPos":"0"}
[2026-01-14 16:12:13.632514] [debug] WebSocketServer: Broadcasting to 1 clients: {"server_time":"2026-01-14 16:12:13","timestamp":"1768396333632","isConnected":"True","numBoard":"0","numSteps":"0","numSpeed":"0.000000","numAccel":"0","numDecel":"0","currentPos":"0","startPos":"0","endPos":"0"}
[2026-01-14 16:12:14.632843] [debug] WebSocketServer: Broadcasting to 1 clients: {"server_time":"2026-01-14 16:12:14","timestamp":"1768396334632","isConnected":"True","numBoard":"0","numSteps":"0","numSpeed":"0.000000","numAccel":"0","numDecel":"0","currentPos":"0","startPos":"0","endPos":"0"}
[2026-01-14 16:12:15.633137] [debug] WebSocketServer: Broadcasting to 1 clients: {"server_time":"2026-01-14 16:12:15","timestamp":"1768396335633","isConnected":"True","numBoard":"0","numSteps":"0","numSpeed":"0.000000","numAccel":"0","numDecel":"0","currentPos":"0","startPos":"0","endPos":"0"}
[2026-01-14 16:12:16.633430] [debug] WebSocketServer: Broadcasting to 1 clients: {"server_time":"2026-01-14 16:12:16","timestamp":"1768396336633","isConnected":"True","numBoard":"0","numSteps":"0","numSpeed":"0.000000","numAccel":"0","numDecel":"0","currentPos":"0","startPos":"0","endPos":"0"}
[2026-01-14 16:12:17.633694] [debug] WebSocketServer: Broadcasting to 1 clients: {"server_time":"2026-01-14 16:12:17","timestamp":"1768396337633","isConnected":"True","numBoard":"0","numSteps":"0","numSpeed":"0.000000","numAccel":"0","numDecel":"0","currentPos":"0","startPos":"0","endPos":"0"}
[2026-01-14 16:12:18.634117] [debug] WebSocketServer: Broadcasting to 1 clients: {"server_time":"2026-01-14 16:12:18","timestamp":"1768396338634","isConnected":"True","numBoard":"0","numSteps":"0","numSpeed":"0.000000","numAccel":"0","numDecel":"0","currentPos":"0","startPos":"0","endPos":"0"}
[2026-01-14 16:12:19.634365] [debug] WebSocketServer: Broadcasting to 1 clients: {"server_time":"2026-01-14 16:12:19","timestamp":"1768396339634","isConnected":"True","numBoard":"0","numSteps":"0","numSpeed":"0.000000","numAccel":"0","numDecel":"0","currentPos":"0","startPos":"0","endPos":"0"}
[2026-01-14 16:12:20.634702] [debug] WebSocketServer: Broadcasting to 1 clients: {"server_time":"2026-01-14 16:12:20","timestamp":"1768396340634","isConnected":"True","numBoard":"0","numSteps":"0","numSpeed":"0.000000","numAccel":"0","numDecel":"0","currentPos":"0","startPos":"0","endPos":"0"}
[2026-01-14 16:12:21.634981] [debug] WebSocketServer: Broadcasting to 1 clients: {"server_time":"2026-01-14 16:12:21","timestamp":"1768396341634","isConnected":"True","numBoard":"0","numSteps":"0","numSpeed":"0.000000","numAccel":"0","numDecel":"0","currentPos":"0","startPos":"0","endPos":"0"}
[2026-01-14 16:12:22.635316] [debug] WebSocketServer: Broadcasting to 1 clients: {"server_time":"2026-01-14 16:12:22","timestamp":"1768396342635","isConnected":"True","numBoard":"0","numSteps":"0","numSpeed":"0.000000","numAccel":"0","numDecel":"0","currentPos":"0","startPos":"0","endPos":"0"}
[2026-01-14 16:12:23.635619] [debug] WebSocketServer: Broadcasting to 1 clients: {"server_time":"2026-01-14 16:12:23","timestamp":"1768396343635","isConnected":"True","numBoard":"0","numSteps":"0","numSpeed":"0.000000","numAccel":"0","numDecel":"0","currentPos":"0","startPos":"0","endPos":"0"}
[2026-01-14 16:12:24.635903] [debug] WebSocketServer: Broadcasting to 1 clients: {"server_time":"2026-01-14 16:12:24","timestamp":"1768396344635","isConnected":"True","numBoard":"0","numSteps":"0","numSpeed":"0.000000","numAccel":"0","numDecel":"0","currentPos":"0","startPos":"0","endPos":"0"}
[2026-01-14 16:12:25.636237] [debug] WebSocketServer: Broadcasting to 1 clients: {"server_time":"2026-01-14 16:12:25","timestamp":"1768396345636","isConnected":"True","numBoard":"0","numSteps":"0","numSpeed":"0.000000","numAccel":"0","numDecel":"0","currentPos":"0","startPos":"0","endPos":"0"}
[2026-01-14 16:12:26.636531] [debug] WebSocketServer: Broadcasting to 1 clients: {"server_time":"2026-01-14 16:12:26","timestamp":"1768396346636","isConnected":"True","numBoard":"0","numSteps":"0","numSpeed":"0.000000","numAccel":"0","numDecel":"0","currentPos":"0","startPos":"0","endPos":"0"}
[2026-01-14 16:12:27.636888] [debug] WebSocketServer: Broadcasting to 1 clients: {"server_time":"2026-01-14 16:12:27","timestamp":"1768396347636","isConnected":"True","numBoard":"0","numSteps":"0","numSpeed":"0.000000","numAccel":"0","numDecel":"0","currentPos":"0","startPos":"0","endPos":"0"}
[2026-01-14 16:12:28.637495] [debug] WebSocketServer: Broadcasting to 1 clients: {"server_time":"2026-01-14 16:12:28","timestamp":"1768396348637","isConnected":"True","numBoard":"0","numSteps":"0","numSpeed":"0.000000","numAccel":"0","numDecel":"0","currentPos":"0","startPos":"0","endPos":"0"}
[2026-01-14 16:12:29.637798] [debug] WebSocketServer: Broadcasting to 1 clients: {"server_time":"2026-01-14 16:12:29","timestamp":"1768396349637","isConnected":"True","numBoard":"0","numSteps":"0","numSpeed":"0.000000","numAccel":"0","numDecel":"0","currentPos":"0","startPos":"0","endPos":"0"}
[2026-01-14 16:12:30.638258] [debug] WebSocketServer: Broadcasting to 1 clients: {"server_time":"2026-01-14 16:12:30","timestamp":"1768396350638","isConnected":"True","numBoard":"0","numSteps":"0","numSpeed":"0.000000","numAccel":"0","numDecel":"0","currentPos":"0","startPos":"0","endPos":"0"}
[2026-01-14 16:12:31.638990] [debug] WebSocketServer: Broadcasting to 1 clients: {"server_time":"2026-01-14 16:12:31","timestamp":"1768396351638","isConnected":"True","numBoard":"0","numSteps":"0","numSpeed":"0.000000","numAccel":"0","numDecel":"0","currentPos":"0","startPos":"0","endPos":"0"}
[2026-01-14 16:12:32.645884] [debug] WebSocketServer: Broadcasting to 1 clients: {"server_time":"2026-01-14 16:12:32","timestamp":"1768396352645","isConnected":"True","numBoard":"0","numSteps":"0","numSpeed":"0.000000","numAccel":"0","numDecel":"0","currentPos":"0","startPos":"0","endPos":"0"}
[2026-01-14 16:12:33.646353] [debug] WebSocketServer: Broadcasting to 1 clients: {"server_time":"2026-01-14 16:12:33","timestamp":"1768396353646","isConnected":"True","numBoard":"0","numSteps":"0","numSpeed":"0.000000","numAccel":"0","numDecel":"0","currentPos":"0","startPos":"0","endPos":"0"}
[2026-01-14 16:12:34.646650] [debug] WebSocketServer: Broadcasting to 1 clients: {"server_time":"2026-01-14 16:12:34","timestamp":"1768396354646","isConnected":"True","numBoard":"0","numSteps":"0","numSpeed":"0.000000","numAccel":"0","numDecel":"0","currentPos":"0","startPos":"0","endPos":"0"}
[2026-01-14 16:12:35.646942] [debug] WebSocketServer: Broadcasting to 1 clients: {"server_time":"2026-01-14 16:12:35","timestamp":"1768396355646","isConnected":"True","numBoard":"0","numSteps":"0","numSpeed":"0.000000","numAccel":"0","numDecel":"0","currentPos":"0","startPos":"0","endPos":"0"}
[2026-01-14 16:12:36.647236] [debug] WebSocketServer: Broadcasting to 1 clients: {"server_time":"2026-01-14 16:12:36","timestamp":"1768396356647","isConnected":"True","numBoard":"0","numSteps":"0","numSpeed":"0.000000","numAccel":"0","numDecel":"0","currentPos":"0","startPos":"0","endPos":"0"}
[2026-01-14 16:12:37.647543] [debug] WebSocketServer: Broadcasting to 1 clients: {"server_time":"2026-01-14 16:12:37","timestamp":"1768396357647","isConnected":"True","numBoard":"0","numSteps":"0","numSpeed":"0.000000","numAccel":"0","numDecel":"0","currentPos":"0","startPos":"0","endPos":"0"}
[2026-01-14 16:12:38.647858] [debug] WebSocketServer: Broadcasting to 1 clients: {"server_time":"2026-01-14 16:12:38","timestamp":"1768396358647","isConnected":"True","numBoard":"0","numSteps":"0","numSpeed":"0.000000","numAccel":"0","numDecel":"0","currentPos":"0","startPos":"0","endPos":"0"}
[2026-01-14 16:12:39.648263] [debug] WebSocketServer: Broadcasting to 1 clients: {"server_time":"2026-01-14 16:12:39","timestamp":"1768396359648","isConnected":"True","numBoard":"0","numSteps":"0","numSpeed":"0.000000","numAccel":"0","numDecel":"0","currentPos":"0","startPos":"0","endPos":"0"}
[2026-01-14 16:12:40.648679] [debug] WebSocketServer: Broadcasting to 1 clients: {"server_time":"2026-01-14 16:12:40","timestamp":"1768396360648","isConnected":"True","numBoard":"0","numSteps":"0","numSpeed":"0.000000","numAccel":"0","numDecel":"0","currentPos":"0","startPos":"0","endPos":"0"}
[2026-01-14 16:12:41.649000] [debug] WebSocketServer: Broadcasting to 1 clients: {"server_time":"2026-01-14 16:12:41","timestamp":"1768396361648","isConnected":"True","numBoard":"0","numSteps":"0","numSpeed":"0.000000","numAccel":"0","numDecel":"0","currentPos":"0","startPos":"0","endPos":"0"}
[2026-01-14 16:12:42.649345] [debug] WebSocketServer: Broadcasting to 1 clients: {"server_time":"2026-01-14 16:12:42","timestamp":"1768396362649","isConnected":"True","numBoard":"0","numSteps":"0","numSpeed":"0.000000","numAccel":"0","numDecel":"0","currentPos":"0","startPos":"0","endPos":"0"}
[2026-01-14 16:12:43.650515] [debug] WebSocketServer: Broadcasting to 1 clients: {"server_time":"2026-01-14 16:12:43","timestamp":"1768396363650","isConnected":"True","numBoard":"0","numSteps":"0","numSpeed":"0.000000","numAccel":"0","numDecel":"0","currentPos":"0","startPos":"0","endPos":"0"}
[2026-01-14 16:12:44.650960] [debug] WebSocketServer: Broadcasting to 1 clients: {"server_time":"2026-01-14 16:12:44","timestamp":"1768396364650","isConnected":"True","numBoard":"0","numSteps":"0","numSpeed":"0.000000","numAccel":"0","numDecel":"0","currentPos":"0","startPos":"0","endPos":"0"}
[2026-01-14 16:12:45.651270] [debug] WebSocketServer: Broadcasting to 1 clients: {"server_time":"2026-01-14 16:12:45","timestamp":"1768396365651","isConnected":"True","numBoard":"0","numSteps":"0","numSpeed":"0.000000","numAccel":"0","numDecel":"0","currentPos":"0","startPos":"0","endPos":"0"}
[2026-01-14 16:12:46.651624] [debug] WebSocketServer: Broadcasting to 1 clients: {"server_time":"2026-01-14 16:12:46","timestamp":"1768396366651","isConnected":"True","numBoard":"0","numSteps":"0","numSpeed":"0.000000","numAccel":"0","numDecel":"0","currentPos":"0","startPos":"0","endPos":"0"}
[2026-01-14 16:12:47.651886] [debug] WebSocketServer: Broadcasting to 1 clients: {"server_time":"2026-01-14 16:12:47","timestamp":"1768396367651","isConnected":"True","numBoard":"0","numSteps":"0","numSpeed":"0.000000","numAccel":"0","numDecel":"0","currentPos":"0","startPos":"0","endPos":"0"}
[2026-01-14 16:12:48.652213] [debug] WebSocketServer: Broadcasting to 1 clients: {"server_time":"2026-01-14 16:12:48","timestamp":"1768396368652","isConnected":"True","numBoard":"0","numSteps":"0","numSpeed":"0.000000","numAccel":"0","numDecel":"0","currentPos":"0","startPos":"0","endPos":"0"}
[2026-01-14 16:12:49.652508] [debug] WebSocketServer: Broadcasting to 1 clients: {"server_time":"2026-01-14 16:12:49","timestamp":"1768396369652","isConnected":"True","numBoard":"0","numSteps":"0","numSpeed":"0.000000","numAccel":"0","numDecel":"0","currentPos":"0","startPos":"0","endPos":"0"}
[2026-01-14 16:12:50.652772] [debug] WebSocketServer: Broadcasting to 1 clients: {"server_time":"2026-01-14 16:12:50","timestamp":"1768396370652","isConnected":"True","numBoard":"0","numSteps":"0","numSpeed":"0.000000","numAccel":"0","numDecel":"0","currentPos":"0","startPos":"0","endPos":"0"}
[2026-01-14 16:12:51.653032] [debug] WebSocketServer: Broadcasting to 1 clients: {"server_time":"2026-01-14 16:12:51","timestamp":"1768396371652","isConnected":"True","numBoard":"0","numSteps":"0","numSpeed":"0.000000","numAccel":"0","numDecel":"0","currentPos":"0","startPos":"0","endPos":"0"}
[2026-01-14 16:12:52.653316] [debug] WebSocketServer: Broadcasting to 1 clients: {"server_time":"2026-01-14 16:12:52","timestamp":"1768396372653","isConnected":"True","numBoard":"0","numSteps":"0","numSpeed":"0.000000","numAccel":"0","numDecel":"0","currentPos":"0","startPos":"0","endPos":"0"}
[2026-01-14 16:12:53.653608] [debug] WebSocketServer: Broadcasting to 1 clients: {"server_time":"2026-01-14 16:12:53","timestamp":"1768396373653","isConnected":"True","numBoard":"0","numSteps":"0","numSpeed":"0.000000","numAccel":"0","numDecel":"0","currentPos":"0","startPos":"0","endPos":"0"}
[2026-01-14 16:12:54.653915] [debug] WebSocketServer: Broadcasting to 1 clients: {"server_time":"2026-01-14 16:12:54","timestamp":"1768396374653","isConnected":"True","numBoard":"0","numSteps":"0","numSpeed":"0.000000","numAccel":"0","numDecel":"0","currentPos":"0","startPos":"0","endPos":"0"}
[2026-01-14 16:12:55.654261] [debug] WebSocketServer: Broadcasting to 1 clients: {"server_time":"2026-01-14 16:12:55","timestamp":"1768396375654","isConnected":"True","numBoard":"0","numSteps":"0","numSpeed":"0.000000","numAccel":"0","numDecel":"0","currentPos":"0","startPos":"0","endPos":"0"}
[2026-01-14 16:12:56.654634] [debug] WebSocketServer: Broadcasting to 1 clients: {"server_time":"2026-01-14 16:12:56","timestamp":"1768396376654","isConnected":"True","numBoard":"0","numSteps":"0","numSpeed":"0.000000","numAccel":"0","numDecel":"0","currentPos":"0","startPos":"0","endPos":"0"}
[2026-01-14 16:12:57.654995] [debug] WebSocketServer: Broadcasting to 1 clients: {"server_time":"2026-01-14 16:12:57","timestamp":"1768396377654","isConnected":"True","numBoard":"0","numSteps":"0","numSpeed":"0.000000","numAccel":"0","numDecel":"0","currentPos":"0","startPos":"0","endPos":"0"}
[2026-01-14 16:12:58.655476] [debug] WebSocketServer: Broadcasting to 1 clients: {"server_time":"2026-01-14 16:12:58","timestamp":"1768396378655","isConnected":"True","numBoard":"0","numSteps":"0","numSpeed":"0.000000","numAccel":"0","numDecel":"0","currentPos":"0","startPos":"0","endPos":"0"}
[2026-01-14 16:12:59.655867] [debug] WebSocketServer: Broadcasting to 1 clients: {"server_time":"2026-01-14 16:12:59","timestamp":"1768396379655","isConnected":"True","numBoard":"0","numSteps":"0","numSpeed":"0.000000","numAccel":"0","numDecel":"0","currentPos":"0","startPos":"0","endPos":"0"}
[2026-01-14 16:13:00.656404] [debug] WebSocketServer: Broadcasting to 1 clients: {"server_time":"2026-01-14 16:13:00","timestamp":"1768396380656","isConnected":"True","numBoard":"0","numSteps":"0","numSpeed":"0.000000","numAccel":"0","numDecel":"0","currentPos":"0","startPos":"0","endPos":"0"}
[2026-01-14 16:13:01.656880] [debug] WebSocketServer: Broadcasting to 1 clients: {"server_time":"2026-01-14 16:13:01","timestamp":"1768396381656","isConnected":"True","numBoard":"0","numSteps":"0","numSpeed":"0.000000","numAccel":"0","numDecel":"0","currentPos":"0","startPos":"0","endPos":"0"}
[2026-01-14 16:13:02.657136] [debug] WebSocketServer: Broadcasting to 1 clients: {"server_time":"2026-01-14 16:13:02","timestamp":"1768396382657","isConnected":"True","numBoard":"0","numSteps":"0","numSpeed":"0.000000","numAccel":"0","numDecel":"0","currentPos":"0","startPos":"0","endPos":"0"}
[2026-01-14 16:13:03.657460] [debug] WebSocketServer: Broadcasting to 1 clients: {"server_time":"2026-01-14 16:13:03","timestamp":"1768396383657","isConnected":"True","numBoard":"0","numSteps":"0","numSpeed":"0.000000","numAccel":"0","numDecel":"0","currentPos":"0","startPos":"0","endPos":"0"}
[2026-01-14 16:13:04.657845] [debug] WebSocketServer: Broadcasting to 1 clients: {"server_time":"2026-01-14 16:13:04","timestamp":"1768396384657","isConnected":"True","numBoard":"0","numSteps":"0","numSpeed":"0.000000","numAccel":"0","numDecel":"0","currentPos":"0","startPos":"0","endPos":"0"}
[2026-01-14 16:13:05.658166] [debug] WebSocketServer: Broadcasting to 1 clients: {"server_time":"2026-01-14 16:13:05","timestamp":"1768396385658","isConnected":"True","numBoard":"0","numSteps":"0","numSpeed":"0.000000","numAccel":"0","numDecel":"0","currentPos":"0","startPos":"0","endPos":"0"}
[2026-01-14 16:13:06.658446] [debug] WebSocketServer: Broadcasting to 1 clients: {"server_time":"2026-01-14 16:13:06","timestamp":"1768396386658","isConnected":"True","numBoard":"0","numSteps":"0","numSpeed":"0.000000","numAccel":"0","numDecel":"0","currentPos":"0","startPos":"0","endPos":"0"}
[2026-01-14 16:13:07.658726] [debug] WebSocketServer: Broadcasting to 1 clients: {"server_time":"2026-01-14 16:13:07","timestamp":"1768396387658","isConnected":"True","numBoard":"0","numSteps":"0","numSpeed":"0.000000","numAccel":"0","numDecel":"0","currentPos":"0","startPos":"0","endPos":"0"}
[2026-01-14 16:13:08.659454] [debug] WebSocketServer: Broadcasting to 1 clients: {"server_time":"2026-01-14 16:13:08","timestamp":"1768396388659","isConnected":"True","numBoard":"0","numSteps":"0","numSpeed":"0.000000","numAccel":"0","numDecel":"0","currentPos":"0","startPos":"0","endPos":"0"}
[2026-01-14 16:13:09.659785] [debug] WebSocketServer: Broadcasting to 1 clients: {"server_time":"2026-01-14 16:13:09","timestamp":"1768396389659","isConnected":"True","numBoard":"0","numSteps":"0","numSpeed":"0.000000","numAccel":"0","numDecel":"0","currentPos":"0","startPos":"0","endPos":"0"}
[2026-01-14 16:13:10.660529] [debug] WebSocketServer: Broadcasting to 1 clients: {"server_time":"2026-01-14 16:13:10","timestamp":"1768396390660","isConnected":"True","numBoard":"0","numSteps":"0","numSpeed":"0.000000","numAccel":"0","numDecel":"0","currentPos":"0","startPos":"0","endPos":"0"}
[2026-01-14 16:13:11.660824] [debug] WebSocketServer: Broadcasting to 1 clients: {"server_time":"2026-01-14 16:13:11","timestamp":"1768396391660","isConnected":"True","numBoard":"0","numSteps":"0","numSpeed":"0.000000","numAccel":"0","numDecel":"0","currentPos":"0","startPos":"0","endPos":"0"}
[2026-01-14 16:13:12.661232] [debug] WebSocketServer: Broadcasting to 1 clients: {"server_time":"2026-01-14 16:13:12","timestamp":"1768396392661","isConnected":"True","numBoard":"0","numSteps":"0","numSpeed":"0.000000","numAccel":"0","numDecel":"0","currentPos":"0","startPos":"0","endPos":"0"}
[2026-01-14 16:13:13.661609] [debug] WebSocketServer: Broadcasting to 1 clients: {"server_time":"2026-01-14 16:13:13","timestamp":"1768396393661","isConnected":"True","numBoard":"0","numSteps":"0","numSpeed":"0.000000","numAccel":"0","numDecel":"0","currentPos":"0","startPos":"0","endPos":"0"}
[2026-01-14 16:13:14.662008] [debug] WebSocketServer: Broadcasting to 1 clients: {"server_time":"2026-01-14 16:13:14","timestamp":"1768396394661","isConnected":"True","numBoard":"0","numSteps":"0","numSpeed":"0.000000","numAccel":"0","numDecel":"0","currentPos":"0","startPos":"0","endPos":"0"}
[2026-01-14 16:13:15.662279] [debug] WebSocketServer: Broadcasting to 1 clients: {"server_time":"2026-01-14 16:13:15","timestamp":"1768396395662","isConnected":"True","numBoard":"0","numSteps":"0","numSpeed":"0.000000","numAccel":"0","numDecel":"0","currentPos":"0","startPos":"0","endPos":"0"}
[2026-01-14 16:13:16.662597] [debug] WebSocketServer: Broadcasting to 1 clients: {"server_time":"2026-01-14 16:13:16","timestamp":"1768396396662","isConnected":"True","numBoard":"0","numSteps":"0","numSpeed":"0.000000","numAccel":"0","numDecel":"0","currentPos":"0","startPos":"0","endPos":"0"}
[2026-01-14 16:13:17.662874] [debug] WebSocketServer: Broadcasting to 1 clients: {"server_time":"2026-01-14 16:13:17","timestamp":"1768396397662","isConnected":"True","numBoard":"0","numSteps":"0","numSpeed":"0.000000","numAccel":"0","numDecel":"0","currentPos":"0","startPos":"0","endPos":"0"}
[2026-01-14 16:13:18.663154] [debug] WebSocketServer: Broadcasting to 1 clients: {"server_time":"2026-01-14 16:13:18","timestamp":"1768396398663","isConnected":"True","numBoard":"0","numSteps":"0","numSpeed":"0.000000","numAccel":"0","numDecel":"0","currentPos":"0","startPos":"0","endPos":"0"}
[2026-01-14 16:13:19.663465] [debug] WebSocketServer: Broadcasting to 1 clients: {"server_time":"2026-01-14 16:13:19","timestamp":"1768396399663","isConnected":"True","numBoard":"0","numSteps":"0","numSpeed":"0.000000","numAccel":"0","numDecel":"0","currentPos":"0","startPos":"0","endPos":"0"}
[2026-01-14 16:13:20.663790] [debug] WebSocketServer: Broadcasting to 1 clients: {"server_time":"2026-01-14 16:13:20","timestamp":"1768396400663","isConnected":"True","numBoard":"0","numSteps":"0","numSpeed":"0.000000","numAccel":"0","numDecel":"0","currentPos":"0","startPos":"0","endPos":"0"}
[2026-01-14 16:13:21.664063] [debug] WebSocketServer: Broadcasting to 1 clients: {"server_time":"2026-01-14 16:13:21","timestamp":"1768396401664","isConnected":"True","numBoard":"0","numSteps":"0","numSpeed":"0.000000","numAccel":"0","numDecel":"0","currentPos":"0","startPos":"0","endPos":"0"}
[2026-01-14 16:13:22.664380] [debug] WebSocketServer: Broadcasting to 1 clients: {"server_time":"2026-01-14 16:13:22","timestamp":"1768396402664","isConnected":"True","numBoard":"0","numSteps":"0","numSpeed":"0.000000","numAccel":"0","numDecel":"0","currentPos":"0","startPos":"0","endPos":"0"}
[2026-01-14 16:13:23.664650] [debug] WebSocketServer: Broadcasting to 1 clients: {"server_time":"2026-01-14 16:13:23","timestamp":"1768396403664","isConnected":"True","numBoard":"0","numSteps":"0","numSpeed":"0.000000","numAccel":"0","numDecel":"0","currentPos":"0","startPos":"0","endPos":"0"}
[2026-01-14 16:13:24.664948] [debug] WebSocketServer: Broadcasting to 1 clients: {"server_time":"2026-01-14 16:13:24","timestamp":"1768396404664","isConnected":"True","numBoard":"0","numSteps":"0","numSpeed":"0.000000","numAccel":"0","numDecel":"0","currentPos":"0","startPos":"0","endPos":"0"}
[2026-01-14 16:13:25.665489] [debug] WebSocketServer: Broadcasting to 1 clients: {"server_time":"2026-01-14 16:13:25","timestamp":"1768396405665","isConnected":"True","numBoard":"0","numSteps":"0","numSpeed":"0.000000","numAccel":"0","numDecel":"0","currentPos":"0","startPos":"0","endPos":"0"}
[2026-01-14 16:13:26.666464] [debug] WebSocketServer: Broadcasting to 1 clients: {"server_time":"2026-01-14 16:13:26","timestamp":"1768396406666","isConnected":"True","numBoard":"0","numSteps":"0","numSpeed":"0.000000","numAccel":"0","numDecel":"0","currentPos":"0","startPos":"0","endPos":"0"}
[2026-01-14 16:13:27.666800] [debug] WebSocketServer: Broadcasting to 1 clients: {"server_time":"2026-01-14 16:13:27","timestamp":"1768396407666","isConnected":"True","numBoard":"0","numSteps":"0","numSpeed":"0.000000","numAccel":"0","numDecel":"0","currentPos":"0","startPos":"0","endPos":"0"}
[2026-01-14 16:13:28.667148] [debug] WebSocketServer: Broadcasting to 1 clients: {"server_time":"2026-01-14 16:13:28","timestamp":"1768396408667","isConnected":"True","numBoard":"0","numSteps":"0","numSpeed":"0.000000","numAccel":"0","numDecel":"0","currentPos":"0","startPos":"0","endPos":"0"}
[2026-01-14 16:13:29.667448] [debug] WebSocketServer: Broadcasting to 1 clients: {"server_time":"2026-01-14 16:13:29","timestamp":"1768396409667","isConnected":"True","numBoard":"0","numSteps":"0","numSpeed":"0.000000","numAccel":"0","numDecel":"0","currentPos":"0","startPos":"0","endPos":"0"}
[2026-01-14 16:13:30.667700] [debug] WebSocketServer: Broadcasting to 1 clients: {"server_time":"2026-01-14 16:13:30","timestamp":"1768396410667","isConnected":"True","numBoard":"0","numSteps":"0","numSpeed":"0.000000","numAccel":"0","numDecel":"0","currentPos":"0","startPos":"0","endPos":"0"}
[2026-01-14 16:13:31.667953] [debug] WebSocketServer: Broadcasting to 1 clients: {"server_time":"2026-01-14 16:13:31","timestamp":"1768396411667","isConnected":"True","numBoard":"0","numSteps":"0","numSpeed":"0.000000","numAccel":"0","numDecel":"0","currentPos":"0","startPos":"0","endPos":"0"}
[2026-01-14 16:13:32.668211] [debug] WebSocketServer: Broadcasting to 1 clients: {"server_time":"2026-01-14 16:13:32","timestamp":"1768396412668","isConnected":"True","numBoard":"0","numSteps":"0","numSpeed":"0.000000","numAccel":"0","numDecel":"0","currentPos":"0","startPos":"0","endPos":"0"}
[2026-01-14 16:13:33.668494] [debug] WebSocketServer: Broadcasting to 1 clients: {"server_time":"2026-01-14 16:13:33","timestamp":"1768396413668","isConnected":"True","numBoard":"0","numSteps":"0","numSpeed":"0.000000","numAccel":"0","numDecel":"0","currentPos":"0","startPos":"0","endPos":"0"}
[2026-01-14 16:13:34.668777] [debug] WebSocketServer: Broadcasting to 1 clients: {"server_time":"2026-01-14 16:13:34","timestamp":"1768396414668","isConnected":"True","numBoard":"0","numSteps":"0","numSpeed":"0.000000","numAccel":"0","numDecel":"0","currentPos":"0","startPos":"0","endPos":"0"}
[2026-01-14 16:13:35.669077] [debug] WebSocketServer: Broadcasting to 1 clients: {"server_time":"2026-01-14 16:13:35","timestamp":"1768396415669","isConnected":"True","numBoard":"0","numSteps":"0","numSpeed":"0.000000","numAccel":"0","numDecel":"0","currentPos":"0","startPos":"0","endPos":"0"}
[2026-01-14 16:13:36.669366] [debug] WebSocketServer: Broadcasting to 1 clients: {"server_time":"2026-01-14 16:13:36","timestamp":"1768396416669","isConnected":"True","numBoard":"0","numSteps":"0","numSpeed":"0.000000","numAccel":"0","numDecel":"0","currentPos":"0","startPos":"0","endPos":"0"}
[2026-01-14 16:13:37.669668] [debug] WebSocketServer: Broadcasting to 1 clients: {"server_time":"2026-01-14 16:13:37","timestamp":"1768396417669","isConnected":"True","numBoard":"0","numSteps":"0","numSpeed":"0.000000","numAccel":"0","numDecel":"0","currentPos":"0","startPos":"0","endPos":"0"}
[2026-01-14 16:13:38.669976] [debug] WebSocketServer: Broadcasting to 1 clients: {"server_time":"2026-01-14 16:13:38","timestamp":"1768396418669","isConnected":"True","numBoard":"0","numSteps":"0","numSpeed":"0.000000","numAccel":"0","numDecel":"0","currentPos":"0","startPos":"0","endPos":"0"}
[2026-01-14 16:13:39.670323] [debug] WebSocketServer: Broadcasting to 1 clients: {"server_time":"2026-01-14 16:13:39","timestamp":"1768396419670","isConnected":"True","numBoard":"0","numSteps":"0","numSpeed":"0.000000","numAccel":"0","numDecel":"0","currentPos":"0","startPos":"0","endPos":"0"}
[2026-01-14 16:13:40.670639] [debug] WebSocketServer: Broadcasting to 1 clients: {"server_time":"2026-01-14 16:13:40","timestamp":"1768396420670","isConnected":"True","numBoard":"0","numSteps":"0","numSpeed":"0.000000","numAccel":"0","numDecel":"0","currentPos":"0","startPos":"0","endPos":"0"}
[2026-01-14 16:13:41.670935] [debug] WebSocketServer: Broadcasting to 1 clients: {"server_time":"2026-01-14 16:13:41","timestamp":"1768396421670","isConnected":"True","numBoard":"0","numSteps":"0","numSpeed":"0.000000","numAccel":"0","numDecel":"0","currentPos":"0","startPos":"0","endPos":"0"}
[2026-01-14 16:13:42.671363] [debug] WebSocketServer: Broadcasting to 1 clients: {"server_time":"2026-01-14 16:13:42","timestamp":"1768396422671","isConnected":"True","numBoard":"0","numSteps":"0","numSpeed":"0.000000","numAccel":"0","numDecel":"0","currentPos":"0","startPos":"0","endPos":"0"}
[2026-01-14 16:13:43.671694] [debug] WebSocketServer: Broadcasting to 1 clients: {"server_time":"2026-01-14 16:13:43","timestamp":"1768396423671","isConnected":"True","numBoard":"0","numSteps":"0","numSpeed":"0.000000","numAccel":"0","numDecel":"0","currentPos":"0","startPos":"0","endPos":"0"}
[2026-01-14 16:13:44.672046] [debug] WebSocketServer: Broadcasting to 1 clients: {"server_time":"2026-01-14 16:13:44","timestamp":"1768396424671","isConnected":"True","numBoard":"0","numSteps":"0","numSpeed":"0.000000","numAccel":"0","numDecel":"0","currentPos":"0","startPos":"0","endPos":"0"}
[2026-01-14 16:13:45.672451] [debug] WebSocketServer: Broadcasting to 1 clients: {"server_time":"2026-01-14 16:13:45","timestamp":"1768396425672","isConnected":"True","numBoard":"0","numSteps":"0","numSpeed":"0.000000","numAccel":"0","numDecel":"0","currentPos":"0","startPos":"0","endPos":"0"}
[2026-01-14 16:13:46.672735] [debug] WebSocketServer: Broadcasting to 1 clients: {"server_time":"2026-01-14 16:13:46","timestamp":"1768396426672","isConnected":"True","numBoard":"0","numSteps":"0","numSpeed":"0.000000","numAccel":"0","numDecel":"0","currentPos":"0","startPos":"0","endPos":"0"}
[2026-01-14 16:13:47.673033] [debug] WebSocketServer: Broadcasting to 1 clients: {"server_time":"2026-01-14 16:13:47","timestamp":"1768396427672","isConnected":"True","numBoard":"0","numSteps":"0","numSpeed":"0.000000","numAccel":"0","numDecel":"0","currentPos":"0","startPos":"0","endPos":"0"}
[2026-01-14 16:13:48.673314] [debug] WebSocketServer: Broadcasting to 1 clients: {"server_time":"2026-01-14 16:13:48","timestamp":"1768396428673","isConnected":"True","numBoard":"0","numSteps":"0","numSpeed":"0.000000","numAccel":"0","numDecel":"0","currentPos":"0","startPos":"0","endPos":"0"}
[2026-01-14 16:13:49.673601] [debug] WebSocketServer: Broadcasting to 1 clients: {"server_time":"2026-01-14 16:13:49","timestamp":"1768396429673","isConnected":"True","numBoard":"0","numSteps":"0","numSpeed":"0.000000","numAccel":"0","numDecel":"0","currentPos":"0","startPos":"0","endPos":"0"}
[2026-01-14 16:13:50.673916] [debug] WebSocketServer: Broadcasting to 1 clients: {"server_time":"2026-01-14 16:13:50","timestamp":"1768396430673","isConnected":"True","numBoard":"0","numSteps":"0","numSpeed":"0.000000","numAccel":"0","numDecel":"0","currentPos":"0","startPos":"0","endPos":"0"}
[2026-01-14 16:13:51.674186] [debug] WebSocketServer: Broadcasting to 1 clients: {"server_time":"2026-01-14 16:13:51","timestamp":"1768396431674","isConnected":"True","numBoard":"0","numSteps":"0","numSpeed":"0.000000","numAccel":"0","numDecel":"0","currentPos":"0","startPos":"0","endPos":"0"}
[2026-01-14 16:13:52.674472] [debug] WebSocketServer: Broadcasting to 1 clients: {"server_time":"2026-01-14 16:13:52","timestamp":"1768396432674","isConnected":"True","numBoard":"0","numSteps":"0","numSpeed":"0.000000","numAccel":"0","numDecel":"0","currentPos":"0","startPos":"0","endPos":"0"}
[2026-01-14 16:13:53.674753] [debug] WebSocketServer: Broadcasting to 1 clients: {"server_time":"2026-01-14 16:13:53","timestamp":"1768396433674","isConnected":"True","numBoard":"0","numSteps":"0","numSpeed":"0.000000","numAccel":"0","numDecel":"0","currentPos":"0","startPos":"0","endPos":"0"}
[2026-01-14 16:13:54.675037] [debug] WebSocketServer: Broadcasting to 1 clients: {"server_time":"2026-01-14 16:13:54","timestamp":"1768396434674","isConnected":"True","numBoard":"0","numSteps":"0","numSpeed":"0.000000","numAccel":"0","numDecel":"0","currentPos":"0","startPos":"0","endPos":"0"}
[2026-01-14 16:13:55.675294] [debug] WebSocketServer: Broadcasting to 1 clients: {"server_time":"2026-01-14 16:13:55","timestamp":"1768396435675","isConnected":"True","numBoard":"0","numSteps":"0","numSpeed":"0.000000","numAccel":"0","numDecel":"0","currentPos":"0","startPos":"0","endPos":"0"}
[2026-01-14 16:13:56.675580] [debug] WebSocketServer: Broadcasting to 1 clients: {"server_time":"2026-01-14 16:13:56","timestamp":"1768396436675","isConnected":"True","numBoard":"0","numSteps":"0","numSpeed":"0.000000","numAccel":"0","numDecel":"0","currentPos":"0","startPos":"0","endPos":"0"}
[2026-01-14 16:13:57.675860] [debug] WebSocketServer: Broadcasting to 1 clients: {"server_time":"2026-01-14 16:13:57","timestamp":"1768396437675","isConnected":"True","numBoard":"0","numSteps":"0","numSpeed":"0.000000","numAccel":"0","numDecel":"0","currentPos":"0","startPos":"0","endPos":"0"}
[2026-01-14 16:13:58.676153] [debug] WebSocketServer: Broadcasting to 1 clients: {"server_time":"2026-01-14 16:13:58","timestamp":"1768396438676","isConnected":"True","numBoard":"0","numSteps":"0","numSpeed":"0.000000","numAccel":"0","numDecel":"0","currentPos":"0","startPos":"0","endPos":"0"}
[2026-01-14 16:13:59.676439] [debug] WebSocketServer: Broadcasting to 1 clients: {"server_time":"2026-01-14 16:13:59","timestamp":"1768396439676","isConnected":"True","numBoard":"0","numSteps":"0","numSpeed":"0.000000","numAccel":"0","numDecel":"0","currentPos":"0","startPos":"0","endPos":"0"}
[2026-01-14 16:14:00.677141] [debug] WebSocketServer: Broadcasting to 1 clients: {"server_time":"2026-01-14 16:14:00","timestamp":"1768396440677","isConnected":"True","numBoard":"0","numSteps":"0","numSpeed":"0.000000","numAccel":"0","numDecel":"0","currentPos":"0","startPos":"0","endPos":"0"}
[2026-01-14 16:14:01.677513] [debug] WebSocketServer: Broadcasting to 1 clients: {"server_time":"2026-01-14 16:14:01","timestamp":"1768396441677","isConnected":"True","numBoard":"0","numSteps":"0","numSpeed":"0.000000","numAccel":"0","numDecel":"0","currentPos":"0","startPos":"0","endPos":"0"}
[2026-01-14 16:14:02.678196] [debug] WebSocketServer: Broadcasting to 1 clients: {"server_time":"2026-01-14 16:14:02","timestamp":"1768396442678","isConnected":"True","numBoard":"0","numSteps":"0","numSpeed":"0.000000","numAccel":"0","numDecel":"0","currentPos":"0","startPos":"0","endPos":"0"}
[2026-01-14 16:14:03.678517] [debug] WebSocketServer: Broadcasting to 1 clients: {"server_time":"2026-01-14 16:14:03","timestamp":"1768396443678","isConnected":"True","numBoard":"0","numSteps":"0","numSpeed":"0.000000","numAccel":"0","numDecel":"0","currentPos":"0","startPos":"0","endPos":"0"}
[2026-01-14 16:14:04.678829] [debug] WebSocketServer: Broadcasting to 1 clients: {"server_time":"2026-01-14 16:14:04","timestamp":"1768396444678","isConnected":"True","numBoard":"0","numSteps":"0","numSpeed":"0.000000","numAccel":"0","numDecel":"0","currentPos":"0","startPos":"0","endPos":"0"}
[2026-01-14 16:14:05.679153] [debug] WebSocketServer: Broadcasting to 1 clients: {"server_time":"2026-01-14 16:14:05","timestamp":"1768396445679","isConnected":"True","numBoard":"0","numSteps":"0","numSpeed":"0.000000","numAccel":"0","numDecel":"0","currentPos":"0","startPos":"0","endPos":"0"}
[2026-01-14 16:14:06.679544] [debug] WebSocketServer: Broadcasting to 1 clients: {"server_time":"2026-01-14 16:14:06","timestamp":"1768396446679","isConnected":"True","numBoard":"0","numSteps":"0","numSpeed":"0.000000","numAccel":"0","numDecel":"0","currentPos":"0","startPos":"0","endPos":"0"}
[2026-01-14 16:14:07.679803] [debug] WebSocketServer: Broadcasting to 1 clients: {"server_time":"2026-01-14 16:14:07","timestamp":"1768396447679","isConnected":"True","numBoard":"0","numSteps":"0","numSpeed":"0.000000","numAccel":"0","numDecel":"0","currentPos":"0","startPos":"0","endPos":"0"}
[2026-01-14 16:14:08.680092] [debug] WebSocketServer: Broadcasting to 1 clients: {"server_time":"2026-01-14 16:14:08","timestamp":"1768396448680","isConnected":"True","numBoard":"0","numSteps":"0","numSpeed":"0.000000","numAccel":"0","numDecel":"0","currentPos":"0","startPos":"0","endPos":"0"}
[2026-01-14 16:14:09.680379] [debug] WebSocketServer: Broadcasting to 1 clients: {"server_time":"2026-01-14 16:14:09","timestamp":"1768396449680","isConnected":"True","numBoard":"0","numSteps":"0","numSpeed":"0.000000","numAccel":"0","numDecel":"0","currentPos":"0","startPos":"0","endPos":"0"}
[2026-01-14 16:14:10.680725] [debug] WebSocketServer: Broadcasting to 1 clients: {"server_time":"2026-01-14 16:14:10","timestamp":"1768396450680","isConnected":"True","numBoard":"0","numSteps":"0","numSpeed":"0.000000","numAccel":"0","numDecel":"0","currentPos":"0","startPos":"0","endPos":"0"}
[2026-01-14 16:14:11.681035] [debug] WebSocketServer: Broadcasting to 1 clients: {"server_time":"2026-01-14 16:14:11","timestamp":"1768396451680","isConnected":"True","numBoard":"0","numSteps":"0","numSpeed":"0.000000","numAccel":"0","numDecel":"0","currentPos":"0","startPos":"0","endPos":"0"}
[2026-01-14 16:14:12.681485] [debug] WebSocketServer: Broadcasting to 1 clients: {"server_time":"2026-01-14 16:14:12","timestamp":"1768396452681","isConnected":"True","numBoard":"0","numSteps":"0","numSpeed":"0.000000","numAccel":"0","numDecel":"0","currentPos":"0","startPos":"0","endPos":"0"}
[2026-01-14 16:14:13.681745] [debug] WebSocketServer: Broadcasting to 1 clients: {"server_time":"2026-01-14 16:14:13","timestamp":"1768396453681","isConnected":"True","numBoard":"0","numSteps":"0","numSpeed":"0.000000","numAccel":"0","numDecel":"0","currentPos":"0","startPos":"0","endPos":"0"}
[2026-01-14 16:14:14.682034] [debug] WebSocketServer: Broadcasting to 1 clients: {"server_time":"2026-01-14 16:14:14","timestamp":"1768396454681","isConnected":"True","numBoard":"0","numSteps":"0","numSpeed":"0.000000","numAccel":"0","numDecel":"0","currentPos":"0","startPos":"0","endPos":"0"}
[2026-01-14 16:14:15.682341] [debug] WebSocketServer: Broadcasting to 1 clients: {"server_time":"2026-01-14 16:14:15","timestamp":"1768396455682","isConnected":"True","numBoard":"0","numSteps":"0","numSpeed":"0.000000","numAccel":"0","numDecel":"0","currentPos":"0","startPos":"0","endPos":"0"}
[2026-01-14 16:14:16.682698] [debug] WebSocketServer: Broadcasting to 1 clients: {"server_time":"2026-01-14 16:14:16","timestamp":"1768396456682","isConnected":"True","numBoard":"0","numSteps":"0","numSpeed":"0.000000","numAccel":"0","numDecel":"0","currentPos":"0","startPos":"0","endPos":"0"}
[2026-01-14 16:14:17.683106] [debug] WebSocketServer: Broadcasting to 1 clients: {"server_time":"2026-01-14 16:14:17","timestamp":"1768396457683","isConnected":"True","numBoard":"0","numSteps":"0","numSpeed":"0.000000","numAccel":"0","numDecel":"0","currentPos":"0","startPos":"0","endPos":"0"}
[2026-01-14 16:14:18.683390] [debug] WebSocketServer: Broadcasting to 1 clients: {"server_time":"2026-01-14 16:14:18","timestamp":"1768396458683","isConnected":"True","numBoard":"0","numSteps":"0","numSpeed":"0.000000","numAccel":"0","numDecel":"0","currentPos":"0","startPos":"0","endPos":"0"}
[2026-01-14 16:14:19.683754] [debug] WebSocketServer: Broadcasting to 1 clients: {"server_time":"2026-01-14 16:14:19","timestamp":"1768396459683","isConnected":"True","numBoard":"0","numSteps":"0","numSpeed":"0.000000","numAccel":"0","numDecel":"0","currentPos":"0","startPos":"0","endPos":"0"}
[2026-01-14 16:14:20.684071] [debug] WebSocketServer: Broadcasting to 1 clients: {"server_time":"2026-01-14 16:14:20","timestamp":"1768396460684","isConnected":"True","numBoard":"0","numSteps":"0","numSpeed":"0.000000","numAccel":"0","numDecel":"0","currentPos":"0","startPos":"0","endPos":"0"}
[2026-01-14 16:14:21.684402] [debug] WebSocketServer: Broadcasting to 1 clients: {"server_time":"2026-01-14 16:14:21","timestamp":"1768396461684","isConnected":"True","numBoard":"0","numSteps":"0","numSpeed":"0.000000","numAccel":"0","numDecel":"0","currentPos":"0","startPos":"0","endPos":"0"}
[2026-01-14 16:14:22.684734] [debug] WebSocketServer: Broadcasting to 1 clients: {"server_time":"2026-01-14 16:14:22","timestamp":"1768396462684","isConnected":"True","numBoard":"0","numSteps":"0","numSpeed":"0.000000","numAccel":"0","numDecel":"0","currentPos":"0","startPos":"0","endPos":"0"}
[2026-01-14 16:14:23.685009] [debug] WebSocketServer: Broadcasting to 1 clients: {"server_time":"2026-01-14 16:14:23","timestamp":"1768396463684","isConnected":"True","numBoard":"0","numSteps":"0","numSpeed":"0.000000","numAccel":"0","numDecel":"0","currentPos":"0","startPos":"0","endPos":"0"}
[2026-01-14 16:14:24.685342] [debug] WebSocketServer: Broadcasting to 1 clients: {"server_time":"2026-01-14 16:14:24","timestamp":"1768396464685","isConnected":"True","numBoard":"0","numSteps":"0","numSpeed":"0.000000","numAccel":"0","numDecel":"0","currentPos":"0","startPos":"0","endPos":"0"}
[2026-01-14 16:14:25.685774] [debug] WebSocketServer: Broadcasting to 1 clients: {"server_time":"2026-01-14 16:14:25","timestamp":"1768396465685","isConnected":"True","numBoard":"0","numSteps":"0","numSpeed":"0.000000","numAccel":"0","numDecel":"0","currentPos":"0","startPos":"0","endPos":"0"}
[2026-01-14 16:14:26.686056] [debug] WebSocketServer: Broadcasting to 1 clients: {"server_time":"2026-01-14 16:14:26","timestamp":"1768396466685","isConnected":"True","numBoard":"0","numSteps":"0","numSpeed":"0.000000","numAccel":"0","numDecel":"0","currentPos":"0","startPos":"0","endPos":"0"}
[2026-01-14 16:14:27.686362] [debug] WebSocketServer: Broadcasting to 1 clients: {"server_time":"2026-01-14 16:14:27","timestamp":"1768396467686","isConnected":"True","numBoard":"0","numSteps":"0","numSpeed":"0.000000","numAccel":"0","numDecel":"0","currentPos":"0","startPos":"0","endPos":"0"}
[2026-01-14 16:14:28.686653] [debug] WebSocketServer: Broadcasting to 1 clients: {"server_time":"2026-01-14 16:14:28","timestamp":"1768396468686","isConnected":"True","numBoard":"0","numSteps":"0","numSpeed":"0.000000","numAccel":"0","numDecel":"0","currentPos":"0","startPos":"0","endPos":"0"}
[2026-01-14 16:14:29.687516] [debug] WebSocketServer: Broadcasting to 1 clients: {"server_time":"2026-01-14 16:14:29","timestamp":"1768396469687","isConnected":"True","numBoard":"0","numSteps":"0","numSpeed":"0.000000","numAccel":"0","numDecel":"0","currentPos":"0","startPos":"0","endPos":"0"}
[2026-01-14 16:14:30.687780] [debug] WebSocketServer: Broadcasting to 1 clients: {"server_time":"2026-01-14 16:14:30","timestamp":"1768396470687","isConnected":"True","numBoard":"0","numSteps":"0","numSpeed":"0.000000","numAccel":"0","numDecel":"0","currentPos":"0","startPos":"0","endPos":"0"}
[2026-01-14 16:14:31.688078] [debug] WebSocketServer: Broadcasting to 1 clients: {"server_time":"2026-01-14 16:14:31","timestamp":"1768396471688","isConnected":"True","numBoard":"0","numSteps":"0","numSpeed":"0.000000","numAccel":"0","numDecel":"0","currentPos":"0","startPos":"0","endPos":"0"}
[2026-01-14 16:14:32.688400] [debug] WebSocketServer: Broadcasting to 1 clients: {"server_time":"2026-01-14 16:14:32","timestamp":"1768396472688","isConnected":"True","numBoard":"0","numSteps":"0","numSpeed":"0.000000","numAccel":"0","numDecel":"0","currentPos":"0","startPos":"0","endPos":"0"}
[2026-01-14 16:14:33.688778] [debug] WebSocketServer: Broadcasting to 1 clients: {"server_time":"2026-01-14 16:14:33","timestamp":"1768396473688","isConnected":"True","numBoard":"0","numSteps":"0","numSpeed":"0.000000","numAccel":"0","numDecel":"0","currentPos":"0","startPos":"0","endPos":"0"}
[2026-01-14 16:14:34.689108] [debug] WebSocketServer: Broadcasting to 1 clients: {"server_time":"2026-01-14 16:14:34","timestamp":"1768396474689","isConnected":"True","numBoard":"0","numSteps":"0","numSpeed":"0.000000","numAccel":"0","numDecel":"0","currentPos":"0","startPos":"0","endPos":"0"}
[2026-01-14 16:14:35.689962] [debug] WebSocketServer: Broadcasting to 1 clients: {"server_time":"2026-01-14 16:14:35","timestamp":"1768396475689","isConnected":"True","numBoard":"0","numSteps":"0","numSpeed":"0.000000","numAccel":"0","numDecel":"0","currentPos":"0","startPos":"0","endPos":"0"}
[2026-01-14 16:14:36.690243] [debug] WebSocketServer: Broadcasting to 1 clients: {"server_time":"2026-01-14 16:14:36","timestamp":"1768396476690","isConnected":"True","numBoard":"0","numSteps":"0","numSpeed":"0.000000","numAccel":"0","numDecel":"0","currentPos":"0","startPos":"0","endPos":"0"}
[2026-01-14 16:14:37.690589] [debug] WebSocketServer: Broadcasting to 1 clients: {"server_time":"2026-01-14 16:14:37","timestamp":"1768396477690","isConnected":"True","numBoard":"0","numSteps":"0","numSpeed":"0.000000","numAccel":"0","numDecel":"0","currentPos":"0","startPos":"0","endPos":"0"}
[2026-01-14 16:14:38.690870] [debug] WebSocketServer: Broadcasting to 1 clients: {"server_time":"2026-01-14 16:14:38","timestamp":"1768396478690","isConnected":"True","numBoard":"0","numSteps":"0","numSpeed":"0.000000","numAccel":"0","numDecel":"0","currentPos":"0","startPos":"0","endPos":"0"}
[2026-01-14 16:14:39.691159] [debug] WebSocketServer: Broadcasting to 1 clients: {"server_time":"2026-01-14 16:14:39","timestamp":"1768396479691","isConnected":"True","numBoard":"0","numSteps":"0","numSpeed":"0.000000","numAccel":"0","numDecel":"0","currentPos":"0","startPos":"0","endPos":"0"}
[2026-01-14 16:14:40.691424] [debug] WebSocketServer: Broadcasting to 1 clients: {"server_time":"2026-01-14 16:14:40","timestamp":"1768396480691","isConnected":"True","numBoard":"0","numSteps":"0","numSpeed":"0.000000","numAccel":"0","numDecel":"0","currentPos":"0","startPos":"0","endPos":"0"}
[2026-01-14 16:14:41.691718] [debug] WebSocketServer: Broadcasting to 1 clients: {"server_time":"2026-01-14 16:14:41","timestamp":"1768396481691","isConnected":"True","numBoard":"0","numSteps":"0","numSpeed":"0.000000","numAccel":"0","numDecel":"0","currentPos":"0","startPos":"0","endPos":"0"}
[2026-01-14 16:14:42.692014] [debug] WebSocketServer: Broadcasting to 1 clients: {"server_time":"2026-01-14 16:14:42","timestamp":"1768396482691","isConnected":"True","numBoard":"0","numSteps":"0","numSpeed":"0.000000","numAccel":"0","numDecel":"0","currentPos":"0","startPos":"0","endPos":"0"}
[2026-01-14 16:14:43.692294] [debug] WebSocketServer: Broadcasting to 1 clients: {"server_time":"2026-01-14 16:14:43","timestamp":"1768396483692","isConnected":"True","numBoard":"0","numSteps":"0","numSpeed":"0.000000","numAccel":"0","numDecel":"0","currentPos":"0","startPos":"0","endPos":"0"}
[2026-01-14 16:14:44.692581] [debug] WebSocketServer: Broadcasting to 1 clients: {"server_time":"2026-01-14 16:14:44","timestamp":"1768396484692","isConnected":"True","numBoard":"0","numSteps":"0","numSpeed":"0.000000","numAccel":"0","numDecel":"0","currentPos":"0","startPos":"0","endPos":"0"}
[2026-01-14 16:14:45.692850] [debug] WebSocketServer: Broadcasting to 1 clients: {"server_time":"2026-01-14 16:14:45","timestamp":"1768396485692","isConnected":"True","numBoard":"0","numSteps":"0","numSpeed":"0.000000","numAccel":"0","numDecel":"0","currentPos":"0","startPos":"0","endPos":"0"}
[2026-01-14 16:14:46.693124] [debug] WebSocketServer: Broadcasting to 1 clients: {"server_time":"2026-01-14 16:14:46","timestamp":"1768396486693","isConnected":"True","numBoard":"0","numSteps":"0","numSpeed":"0.000000","numAccel":"0","numDecel":"0","currentPos":"0","startPos":"0","endPos":"0"}
[2026-01-14 16:14:47.693372] [debug] WebSocketServer: Broadcasting to 1 clients: {"server_time":"2026-01-14 16:14:47","timestamp":"1768396487693","isConnected":"True","numBoard":"0","numSteps":"0","numSpeed":"0.000000","numAccel":"0","numDecel":"0","currentPos":"0","startPos":"0","endPos":"0"}
[2026-01-14 16:14:48.693701] [debug] WebSocketServer: Broadcasting to 1 clients: {"server_time":"2026-01-14 16:14:48","timestamp":"1768396488693","isConnected":"True","numBoard":"0","numSteps":"0","numSpeed":"0.000000","numAccel":"0","numDecel":"0","currentPos":"0","startPos":"0","endPos":"0"}
[2026-01-14 16:14:49.694025] [debug] WebSocketServer: Broadcasting to 1 clients: {"server_time":"2026-01-14 16:14:49","timestamp":"1768396489693","isConnected":"True","numBoard":"0","numSteps":"0","numSpeed":"0.000000","numAccel":"0","numDecel":"0","currentPos":"0","startPos":"0","endPos":"0"}
[2026-01-14 16:14:50.694377] [debug] WebSocketServer: Broadcasting to 1 clients: {"server_time":"2026-01-14 16:14:50","timestamp":"1768396490694","isConnected":"True","numBoard":"0","numSteps":"0","numSpeed":"0.000000","numAccel":"0","numDecel":"0","currentPos":"0","startPos":"0","endPos":"0"}
[2026-01-14 16:14:51.694729] [debug] WebSocketServer: Broadcasting to 1 clients: {"server_time":"2026-01-14 16:14:51","timestamp":"1768396491694","isConnected":"True","numBoard":"0","numSteps":"0","numSpeed":"0.000000","numAccel":"0","numDecel":"0","currentPos":"0","startPos":"0","endPos":"0"}
[2026-01-14 16:14:52.695130] [debug] WebSocketServer: Broadcasting to 1 clients: {"server_time":"2026-01-14 16:14:52","timestamp":"1768396492695","isConnected":"True","numBoard":"0","numSteps":"0","numSpeed":"0.000000","numAccel":"0","numDecel":"0","currentPos":"0","startPos":"0","endPos":"0"}
[2026-01-14 16:14:53.695494] [debug] WebSocketServer: Broadcasting to 1 clients: {"server_time":"2026-01-14 16:14:53","timestamp":"1768396493695","isConnected":"True","numBoard":"0","numSteps":"0","numSpeed":"0.000000","numAccel":"0","numDecel":"0","currentPos":"0","startPos":"0","endPos":"0"}
[2026-01-14 16:14:54.695819] [debug] WebSocketServer: Broadcasting to 1 clients: {"server_time":"2026-01-14 16:14:54","timestamp":"1768396494695","isConnected":"True","numBoard":"0","numSteps":"0","numSpeed":"0.000000","numAccel":"0","numDecel":"0","currentPos":"0","startPos":"0","endPos":"0"}
[2026-01-14 16:14:55.696250] [debug] WebSocketServer: Broadcasting to 1 clients: {"server_time":"2026-01-14 16:14:55","timestamp":"1768396495696","isConnected":"True","numBoard":"0","numSteps":"0","numSpeed":"0.000000","numAccel":"0","numDecel":"0","currentPos":"0","startPos":"0","endPos":"0"}
[2026-01-14 16:14:56.696647] [debug] WebSocketServer: Broadcasting to 1 clients: {"server_time":"2026-01-14 16:14:56","timestamp":"1768396496696","isConnected":"True","numBoard":"0","numSteps":"0","numSpeed":"0.000000","numAccel":"0","numDecel":"0","currentPos":"0","startPos":"0","endPos":"0"}
[2026-01-14 16:14:57.696930] [debug] WebSocketServer: Broadcasting to 1 clients: {"server_time":"2026-01-14 16:14:57","timestamp":"1768396497696","isConnected":"True","numBoard":"0","numSteps":"0","numSpeed":"0.000000","numAccel":"0","numDecel":"0","currentPos":"0","startPos":"0","endPos":"0"}
[2026-01-14 16:14:58.697308] [debug] WebSocketServer: Broadcasting to 1 clients: {"server_time":"2026-01-14 16:14:58","timestamp":"1768396498697","isConnected":"True","numBoard":"0","numSteps":"0","numSpeed":"0.000000","numAccel":"0","numDecel":"0","currentPos":"0","startPos":"0","endPos":"0"}
[2026-01-14 16:14:59.697648] [debug] WebSocketServer: Broadcasting to 1 clients: {"server_time":"2026-01-14 16:14:59","timestamp":"1768396499697","isConnected":"True","numBoard":"0","numSteps":"0","numSpeed":"0.000000","numAccel":"0","numDecel":"0","currentPos":"0","startPos":"0","endPos":"0"}
[2026-01-14 16:15:00.697995] [debug] WebSocketServer: Broadcasting to 1 clients: {"server_time":"2026-01-14 16:15:00","timestamp":"1768396500697","isConnected":"True","numBoard":"0","numSteps":"0","numSpeed":"0.000000","numAccel":"0","numDecel":"0","currentPos":"0","startPos":"0","endPos":"0"}
[2026-01-14 16:15:01.698286] [debug] WebSocketServer: Broadcasting to 1 clients: {"server_time":"2026-01-14 16:15:01","timestamp":"1768396501698","isConnected":"True","numBoard":"0","numSteps":"0","numSpeed":"0.000000","numAccel":"0","numDecel":"0","currentPos":"0","startPos":"0","endPos":"0"}
[2026-01-14 16:15:02.698652] [debug] WebSocketServer: Broadcasting to 1 clients: {"server_time":"2026-01-14 16:15:02","timestamp":"1768396502698","isConnected":"True","numBoard":"0","numSteps":"0","numSpeed":"0.000000","numAccel":"0","numDecel":"0","currentPos":"0","startPos":"0","endPos":"0"}
[2026-01-14 16:15:03.698939] [debug] WebSocketServer: Broadcasting to 1 clients: {"server_time":"2026-01-14 16:15:03","timestamp":"1768396503698","isConnected":"True","numBoard":"0","numSteps":"0","numSpeed":"0.000000","numAccel":"0","numDecel":"0","currentPos":"0","startPos":"0","endPos":"0"}
[2026-01-14 16:15:04.699218] [debug] WebSocketServer: Broadcasting to 1 clients: {"server_time":"2026-01-14 16:15:04","timestamp":"1768396504699","isConnected":"True","numBoard":"0","numSteps":"0","numSpeed":"0.000000","numAccel":"0","numDecel":"0","currentPos":"0","startPos":"0","endPos":"0"}
[2026-01-14 16:15:05.699668] [debug] WebSocketServer: Broadcasting to 1 clients: {"server_time":"2026-01-14 16:15:05","timestamp":"1768396505699","isConnected":"True","numBoard":"0","numSteps":"0","numSpeed":"0.000000","numAccel":"0","numDecel":"0","currentPos":"0","startPos":"0","endPos":"0"}
[2026-01-14 16:15:06.700024] [debug] WebSocketServer: Broadcasting to 1 clients: {"server_time":"2026-01-14 16:15:06","timestamp":"1768396506699","isConnected":"True","numBoard":"0","numSteps":"0","numSpeed":"0.000000","numAccel":"0","numDecel":"0","currentPos":"0","startPos":"0","endPos":"0"}
[2026-01-14 16:15:07.700358] [debug] WebSocketServer: Broadcasting to 1 clients: {"server_time":"2026-01-14 16:15:07","timestamp":"1768396507700","isConnected":"True","numBoard":"0","numSteps":"0","numSpeed":"0.000000","numAccel":"0","numDecel":"0","currentPos":"0","startPos":"0","endPos":"0"}
[2026-01-14 16:15:08.700672] [debug] WebSocketServer: Broadcasting to 1 clients: {"server_time":"2026-01-14 16:15:08","timestamp":"1768396508700","isConnected":"True","numBoard":"0","numSteps":"0","numSpeed":"0.000000","numAccel":"0","numDecel":"0","currentPos":"0","startPos":"0","endPos":"0"}
[2026-01-14 16:15:09.700984] [debug] WebSocketServer: Broadcasting to 1 clients: {"server_time":"2026-01-14 16:15:09","timestamp":"1768396509700","isConnected":"True","numBoard":"0","numSteps":"0","numSpeed":"0.000000","numAccel":"0","numDecel":"0","currentPos":"0","startPos":"0","endPos":"0"}
[2026-01-14 16:15:10.701427] [debug] WebSocketServer: Broadcasting to 1 clients: {"server_time":"2026-01-14 16:15:10","timestamp":"1768396510701","isConnected":"True","numBoard":"0","numSteps":"0","numSpeed":"0.000000","numAccel":"0","numDecel":"0","currentPos":"0","startPos":"0","endPos":"0"}
[2026-01-14 16:15:11.701706] [debug] WebSocketServer: Broadcasting to 1 clients: {"server_time":"2026-01-14 16:15:11","timestamp":"1768396511701","isConnected":"True","numBoard":"0","numSteps":"0","numSpeed":"0.000000","numAccel":"0","numDecel":"0","currentPos":"0","startPos":"0","endPos":"0"}
[2026-01-14 16:15:12.701972] [debug] WebSocketServer: Broadcasting to 1 clients: {"server_time":"2026-01-14 16:15:12","timestamp":"1768396512701","isConnected":"True","numBoard":"0","numSteps":"0","numSpeed":"0.000000","numAccel":"0","numDecel":"0","currentPos":"0","startPos":"0","endPos":"0"}
[2026-01-14 16:15:13.702246] [debug] WebSocketServer: Broadcasting to 1 clients: {"server_time":"2026-01-14 16:15:13","timestamp":"1768396513702","isConnected":"True","numBoard":"0","numSteps":"0","numSpeed":"0.000000","numAccel":"0","numDecel":"0","currentPos":"0","startPos":"0","endPos":"0"}
[2026-01-14 16:15:14.702524] [debug] WebSocketServer: Broadcasting to 1 clients: {"server_time":"2026-01-14 16:15:14","timestamp":"1768396514702","isConnected":"True","numBoard":"0","numSteps":"0","numSpeed":"0.000000","numAccel":"0","numDecel":"0","currentPos":"0","startPos":"0","endPos":"0"}
[2026-01-14 16:15:15.702790] [debug] WebSocketServer: Broadcasting to 1 clients: {"server_time":"2026-01-14 16:15:15","timestamp":"1768396515702","isConnected":"True","numBoard":"0","numSteps":"0","numSpeed":"0.000000","numAccel":"0","numDecel":"0","currentPos":"0","startPos":"0","endPos":"0"}
[2026-01-14 16:15:16.703068] [debug] WebSocketServer: Broadcasting to 1 clients: {"server_time":"2026-01-14 16:15:16","timestamp":"1768396516703","isConnected":"True","numBoard":"0","numSteps":"0","numSpeed":"0.000000","numAccel":"0","numDecel":"0","currentPos":"0","startPos":"0","endPos":"0"}
[2026-01-14 16:15:17.703347] [debug] WebSocketServer: Broadcasting to 1 clients: {"server_time":"2026-01-14 16:15:17","timestamp":"1768396517703","isConnected":"True","numBoard":"0","numSteps":"0","numSpeed":"0.000000","numAccel":"0","numDecel":"0","currentPos":"0","startPos":"0","endPos":"0"}
[2026-01-14 16:15:18.703631] [debug] WebSocketServer: Broadcasting to 1 clients: {"server_time":"2026-01-14 16:15:18","timestamp":"1768396518703","isConnected":"True","numBoard":"0","numSteps":"0","numSpeed":"0.000000","numAccel":"0","numDecel":"0","currentPos":"0","startPos":"0","endPos":"0"}
[2026-01-14 16:15:19.703891] [debug] WebSocketServer: Broadcasting to 1 clients: {"server_time":"2026-01-14 16:15:19","timestamp":"1768396519703","isConnected":"True","numBoard":"0","numSteps":"0","numSpeed":"0.000000","numAccel":"0","numDecel":"0","currentPos":"0","startPos":"0","endPos":"0"}
[2026-01-14 16:15:20.704154] [debug] WebSocketServer: Broadcasting to 1 clients: {"server_time":"2026-01-14 16:15:20","timestamp":"1768396520704","isConnected":"True","numBoard":"0","numSteps":"0","numSpeed":"0.000000","numAccel":"0","numDecel":"0","currentPos":"0","startPos":"0","endPos":"0"}
[2026-01-14 16:15:21.704436] [debug] WebSocketServer: Broadcasting to 1 clients: {"server_time":"2026-01-14 16:15:21","timestamp":"1768396521704","isConnected":"True","numBoard":"0","numSteps":"0","numSpeed":"0.000000","numAccel":"0","numDecel":"0","currentPos":"0","startPos":"0","endPos":"0"}
[2026-01-14 16:15:22.704700] [debug] WebSocketServer: Broadcasting to 1 clients: {"server_time":"2026-01-14 16:15:22","timestamp":"1768396522704","isConnected":"True","numBoard":"0","numSteps":"0","numSpeed":"0.000000","numAccel":"0","numDecel":"0","currentPos":"0","startPos":"0","endPos":"0"}
[2026-01-14 16:15:23.704965] [debug] WebSocketServer: Broadcasting to 1 clients: {"server_time":"2026-01-14 16:15:23","timestamp":"1768396523704","isConnected":"True","numBoard":"0","numSteps":"0","numSpeed":"0.000000","numAccel":"0","numDecel":"0","currentPos":"0","startPos":"0","endPos":"0"}
[2026-01-14 16:15:24.705252] [debug] WebSocketServer: Broadcasting to 1 clients: {"server_time":"2026-01-14 16:15:24","timestamp":"1768396524705","isConnected":"True","numBoard":"0","numSteps":"0","numSpeed":"0.000000","numAccel":"0","numDecel":"0","currentPos":"0","startPos":"0","endPos":"0"}
[2026-01-14 16:15:25.705605] [debug] WebSocketServer: Broadcasting to 1 clients: {"server_time":"2026-01-14 16:15:25","timestamp":"1768396525705","isConnected":"True","numBoard":"0","numSteps":"0","numSpeed":"0.000000","numAccel":"0","numDecel":"0","currentPos":"0","startPos":"0","endPos":"0"}
[2026-01-14 16:15:26.706014] [debug] WebSocketServer: Broadcasting to 1 clients: {"server_time":"2026-01-14 16:15:26","timestamp":"1768396526705","isConnected":"True","numBoard":"0","numSteps":"0","numSpeed":"0.000000","numAccel":"0","numDecel":"0","currentPos":"0","startPos":"0","endPos":"0"}
[2026-01-14 16:15:27.706372] [debug] WebSocketServer: Broadcasting to 1 clients: {"server_time":"2026-01-14 16:15:27","timestamp":"1768396527706","isConnected":"True","numBoard":"0","numSteps":"0","numSpeed":"0.000000","numAccel":"0","numDecel":"0","currentPos":"0","startPos":"0","endPos":"0"}
[2026-01-14 16:15:28.706746] [debug] WebSocketServer: Broadcasting to 1 clients: {"server_time":"2026-01-14 16:15:28","timestamp":"1768396528706","isConnected":"True","numBoard":"0","numSteps":"0","numSpeed":"0.000000","numAccel":"0","numDecel":"0","currentPos":"0","startPos":"0","endPos":"0"}
[2026-01-14 16:15:29.707249] [debug] WebSocketServer: Broadcasting to 1 clients: {"server_time":"2026-01-14 16:15:29","timestamp":"1768396529707","isConnected":"True","numBoard":"0","numSteps":"0","numSpeed":"0.000000","numAccel":"0","numDecel":"0","currentPos":"0","startPos":"0","endPos":"0"}
[2026-01-14 16:15:30.707575] [debug] WebSocketServer: Broadcasting to 1 clients: {"server_time":"2026-01-14 16:15:30","timestamp":"1768396530707","isConnected":"True","numBoard":"0","numSteps":"0","numSpeed":"0.000000","numAccel":"0","numDecel":"0","currentPos":"0","startPos":"0","endPos":"0"}
[2026-01-14 16:15:31.707868] [debug] WebSocketServer: Broadcasting to 1 clients: {"server_time":"2026-01-14 16:15:31","timestamp":"1768396531707","isConnected":"True","numBoard":"0","numSteps":"0","numSpeed":"0.000000","numAccel":"0","numDecel":"0","currentPos":"0","startPos":"0","endPos":"0"}
[2026-01-14 16:15:32.708446] [debug] WebSocketServer: Broadcasting to 1 clients: {"server_time":"2026-01-14 16:15:32","timestamp":"1768396532708","isConnected":"True","numBoard":"0","numSteps":"0","numSpeed":"0.000000","numAccel":"0","numDecel":"0","currentPos":"0","startPos":"0","endPos":"0"}
[2026-01-14 16:15:33.708761] [debug] WebSocketServer: Broadcasting to 1 clients: {"server_time":"2026-01-14 16:15:33","timestamp":"1768396533708","isConnected":"True","numBoard":"0","numSteps":"0","numSpeed":"0.000000","numAccel":"0","numDecel":"0","currentPos":"0","startPos":"0","endPos":"0"}
[2026-01-14 16:15:34.709287] [debug] WebSocketServer: Broadcasting to 1 clients: {"server_time":"2026-01-14 16:15:34","timestamp":"1768396534709","isConnected":"True","numBoard":"0","numSteps":"0","numSpeed":"0.000000","numAccel":"0","numDecel":"0","currentPos":"0","startPos":"0","endPos":"0"}
[2026-01-14 16:15:35.709580] [debug] WebSocketServer: Broadcasting to 1 clients: {"server_time":"2026-01-14 16:15:35","timestamp":"1768396535709","isConnected":"True","numBoard":"0","numSteps":"0","numSpeed":"0.000000","numAccel":"0","numDecel":"0","currentPos":"0","startPos":"0","endPos":"0"}
[2026-01-14 16:15:36.709889] [debug] WebSocketServer: Broadcasting to 1 clients: {"server_time":"2026-01-14 16:15:36","timestamp":"1768396536709","isConnected":"True","numBoard":"0","numSteps":"0","numSpeed":"0.000000","numAccel":"0","numDecel":"0","currentPos":"0","startPos":"0","endPos":"0"}
[2026-01-14 16:15:37.710194] [debug] WebSocketServer: Broadcasting to 1 clients: {"server_time":"2026-01-14 16:15:37","timestamp":"1768396537710","isConnected":"True","numBoard":"0","numSteps":"0","numSpeed":"0.000000","numAccel":"0","numDecel":"0","currentPos":"0","startPos":"0","endPos":"0"}
[2026-01-14 16:15:38.711088] [debug] WebSocketServer: Broadcasting to 1 clients: {"server_time":"2026-01-14 16:15:38","timestamp":"1768396538711","isConnected":"True","numBoard":"0","numSteps":"0","numSpeed":"0.000000","numAccel":"0","numDecel":"0","currentPos":"0","startPos":"0","endPos":"0"}
[2026-01-14 16:15:39.711470] [debug] WebSocketServer: Broadcasting to 1 clients: {"server_time":"2026-01-14 16:15:39","timestamp":"1768396539711","isConnected":"True","numBoard":"0","numSteps":"0","numSpeed":"0.000000","numAccel":"0","numDecel":"0","currentPos":"0","startPos":"0","endPos":"0"}
[2026-01-14 16:15:40.711859] [debug] WebSocketServer: Broadcasting to 1 clients: {"server_time":"2026-01-14 16:15:40","timestamp":"1768396540711","isConnected":"True","numBoard":"0","numSteps":"0","numSpeed":"0.000000","numAccel":"0","numDecel":"0","currentPos":"0","startPos":"0","endPos":"0"}
[2026-01-14 16:15:41.712240] [debug] WebSocketServer: Broadcasting to 1 clients: {"server_time":"2026-01-14 16:15:41","timestamp":"1768396541712","isConnected":"True","numBoard":"0","numSteps":"0","numSpeed":"0.000000","numAccel":"0","numDecel":"0","currentPos":"0","startPos":"0","endPos":"0"}
[2026-01-14 16:15:42.712734] [debug] WebSocketServer: Broadcasting to 1 clients: {"server_time":"2026-01-14 16:15:42","timestamp":"1768396542712","isConnected":"True","numBoard":"0","numSteps":"0","numSpeed":"0.000000","numAccel":"0","numDecel":"0","currentPos":"0","startPos":"0","endPos":"0"}
[2026-01-14 16:15:43.713214] [debug] WebSocketServer: Broadcasting to 1 clients: {"server_time":"2026-01-14 16:15:43","timestamp":"1768396543713","isConnected":"True","numBoard":"0","numSteps":"0","numSpeed":"0.000000","numAccel":"0","numDecel":"0","currentPos":"0","startPos":"0","endPos":"0"}
[2026-01-14 16:15:44.713492] [debug] WebSocketServer: Broadcasting to 1 clients: {"server_time":"2026-01-14 16:15:44","timestamp":"1768396544713","isConnected":"True","numBoard":"0","numSteps":"0","numSpeed":"0.000000","numAccel":"0","numDecel":"0","currentPos":"0","startPos":"0","endPos":"0"}
[2026-01-14 16:15:45.713796] [debug] WebSocketServer: Broadcasting to 1 clients: {"server_time":"2026-01-14 16:15:45","timestamp":"1768396545713","isConnected":"True","numBoard":"0","numSteps":"0","numSpeed":"0.000000","numAccel":"0","numDecel":"0","currentPos":"0","startPos":"0","endPos":"0"}
[2026-01-14 16:15:46.714080] [debug] WebSocketServer: Broadcasting to 1 clients: {"server_time":"2026-01-14 16:15:46","timestamp":"1768396546714","isConnected":"True","numBoard":"0","numSteps":"0","numSpeed":"0.000000","numAccel":"0","numDecel":"0","currentPos":"0","startPos":"0","endPos":"0"}
[2026-01-14 16:15:47.714375] [debug] WebSocketServer: Broadcasting to 1 clients: {"server_time":"2026-01-14 16:15:47","timestamp":"1768396547714","isConnected":"True","numBoard":"0","numSteps":"0","numSpeed":"0.000000","numAccel":"0","numDecel":"0","currentPos":"0","startPos":"0","endPos":"0"}
[2026-01-14 16:15:48.714653] [debug] WebSocketServer: Broadcasting to 1 clients: {"server_time":"2026-01-14 16:15:48","timestamp":"1768396548714","isConnected":"True","numBoard":"0","numSteps":"0","numSpeed":"0.000000","numAccel":"0","numDecel":"0","currentPos":"0","startPos":"0","endPos":"0"}
[2026-01-14 16:15:49.714930] [debug] WebSocketServer: Broadcasting to 1 clients: {"server_time":"2026-01-14 16:15:49","timestamp":"1768396549714","isConnected":"True","numBoard":"0","numSteps":"0","numSpeed":"0.000000","numAccel":"0","numDecel":"0","currentPos":"0","startPos":"0","endPos":"0"}
[2026-01-14 16:15:50.715274] [debug] WebSocketServer: Broadcasting to 1 clients: {"server_time":"2026-01-14 16:15:50","timestamp":"1768396550715","isConnected":"True","numBoard":"0","numSteps":"0","numSpeed":"0.000000","numAccel":"0","numDecel":"0","currentPos":"0","startPos":"0","endPos":"0"}
[2026-01-14 16:15:51.715748] [debug] WebSocketServer: Broadcasting to 1 clients: {"server_time":"2026-01-14 16:15:51","timestamp":"1768396551715","isConnected":"True","numBoard":"0","numSteps":"0","numSpeed":"0.000000","numAccel":"0","numDecel":"0","currentPos":"0","startPos":"0","endPos":"0"}
[2026-01-14 16:15:52.716105] [debug] WebSocketServer: Broadcasting to 1 clients: {"server_time":"2026-01-14 16:15:52","timestamp":"1768396552715","isConnected":"True","numBoard":"0","numSteps":"0","numSpeed":"0.000000","numAccel":"0","numDecel":"0","currentPos":"0","startPos":"0","endPos":"0"}
[2026-01-14 16:15:53.716367] [debug] WebSocketServer: Broadcasting to 1 clients: {"server_time":"2026-01-14 16:15:53","timestamp":"1768396553716","isConnected":"True","numBoard":"0","numSteps":"0","numSpeed":"0.000000","numAccel":"0","numDecel":"0","currentPos":"0","startPos":"0","endPos":"0"}
[2026-01-14 16:15:54.716812] [debug] WebSocketServer: Broadcasting to 1 clients: {"server_time":"2026-01-14 16:15:54","timestamp":"1768396554716","isConnected":"True","numBoard":"0","numSteps":"0","numSpeed":"0.000000","numAccel":"0","numDecel":"0","currentPos":"0","startPos":"0","endPos":"0"}
[2026-01-14 16:15:55.717370] [debug] WebSocketServer: Broadcasting to 1 clients: {"server_time":"2026-01-14 16:15:55","timestamp":"1768396555717","isConnected":"True","numBoard":"0","numSteps":"0","numSpeed":"0.000000","numAccel":"0","numDecel":"0","currentPos":"0","startPos":"0","endPos":"0"}
[2026-01-14 16:15:56.717691] [debug] WebSocketServer: Broadcasting to 1 clients: {"server_time":"2026-01-14 16:15:56","timestamp":"1768396556717","isConnected":"True","numBoard":"0","numSteps":"0","numSpeed":"0.000000","numAccel":"0","numDecel":"0","currentPos":"0","startPos":"0","endPos":"0"}
[2026-01-14 16:15:57.717976] [debug] WebSocketServer: Broadcasting to 1 clients: {"server_time":"2026-01-14 16:15:57","timestamp":"1768396557717","isConnected":"True","numBoard":"0","numSteps":"0","numSpeed":"0.000000","numAccel":"0","numDecel":"0","currentPos":"0","startPos":"0","endPos":"0"}
[2026-01-14 16:15:58.718368] [debug] WebSocketServer: Broadcasting to 1 clients: {"server_time":"2026-01-14 16:15:58","timestamp":"1768396558718","isConnected":"True","numBoard":"0","numSteps":"0","numSpeed":"0.000000","numAccel":"0","numDecel":"0","currentPos":"0","startPos":"0","endPos":"0"}
[2026-01-14 16:15:59.718766] [debug] WebSocketServer: Broadcasting to 1 clients: {"server_time":"2026-01-14 16:15:59","timestamp":"1768396559718","isConnected":"True","numBoard":"0","numSteps":"0","numSpeed":"0.000000","numAccel":"0","numDecel":"0","currentPos":"0","startPos":"0","endPos":"0"}
[2026-01-14 16:16:00.719058] [debug] WebSocketServer: Broadcasting to 1 clients: {"server_time":"2026-01-14 16:16:00","timestamp":"1768396560718","isConnected":"True","numBoard":"0","numSteps":"0","numSpeed":"0.000000","numAccel":"0","numDecel":"0","currentPos":"0","startPos":"0","endPos":"0"}
[2026-01-14 16:16:01.719342] [debug] WebSocketServer: Broadcasting to 1 clients: {"server_time":"2026-01-14 16:16:01","timestamp":"1768396561719","isConnected":"True","numBoard":"0","numSteps":"0","numSpeed":"0.000000","numAccel":"0","numDecel":"0","currentPos":"0","startPos":"0","endPos":"0"}
[2026-01-14 16:16:02.719599] [debug] WebSocketServer: Broadcasting to 1 clients: {"server_time":"2026-01-14 16:16:02","timestamp":"1768396562719","isConnected":"True","numBoard":"0","numSteps":"0","numSpeed":"0.000000","numAccel":"0","numDecel":"0","currentPos":"0","startPos":"0","endPos":"0"}
[2026-01-14 16:16:03.719878] [debug] WebSocketServer: Broadcasting to 1 clients: {"server_time":"2026-01-14 16:16:03","timestamp":"1768396563719","isConnected":"True","numBoard":"0","numSteps":"0","numSpeed":"0.000000","numAccel":"0","numDecel":"0","currentPos":"0","startPos":"0","endPos":"0"}
[2026-01-14 16:16:04.720158] [debug] WebSocketServer: Broadcasting to 1 clients: {"server_time":"2026-01-14 16:16:04","timestamp":"1768396564720","isConnected":"True","numBoard":"0","numSteps":"0","numSpeed":"0.000000","numAccel":"0","numDecel":"0","currentPos":"0","startPos":"0","endPos":"0"}
[2026-01-14 16:16:05.720446] [debug] WebSocketServer: Broadcasting to 1 clients: {"server_time":"2026-01-14 16:16:05","timestamp":"1768396565720","isConnected":"True","numBoard":"0","numSteps":"0","numSpeed":"0.000000","numAccel":"0","numDecel":"0","currentPos":"0","startPos":"0","endPos":"0"}
[2026-01-14 16:16:06.720694] [debug] WebSocketServer: Broadcasting to 1 clients: {"server_time":"2026-01-14 16:16:06","timestamp":"1768396566720","isConnected":"True","numBoard":"0","numSteps":"0","numSpeed":"0.000000","numAccel":"0","numDecel":"0","currentPos":"0","startPos":"0","endPos":"0"}
[2026-01-14 16:16:07.720972] [debug] WebSocketServer: Broadcasting to 1 clients: {"server_time":"2026-01-14 16:16:07","timestamp":"1768396567720","isConnected":"True","numBoard":"0","numSteps":"0","numSpeed":"0.000000","numAccel":"0","numDecel":"0","currentPos":"0","startPos":"0","endPos":"0"}
[2026-01-14 16:16:08.721246] [debug] WebSocketServer: Broadcasting to 1 clients: {"server_time":"2026-01-14 16:16:08","timestamp":"1768396568721","isConnected":"True","numBoard":"0","numSteps":"0","numSpeed":"0.000000","numAccel":"0","numDecel":"0","currentPos":"0","startPos":"0","endPos":"0"}
[2026-01-14 16:16:09.721540] [debug] WebSocketServer: Broadcasting to 1 clients: {"server_time":"2026-01-14 16:16:09","timestamp":"1768396569721","isConnected":"True","numBoard":"0","numSteps":"0","numSpeed":"0.000000","numAccel":"0","numDecel":"0","currentPos":"0","startPos":"0","endPos":"0"}
[2026-01-14 16:16:10.721816] [debug] WebSocketServer: Broadcasting to 1 clients: {"server_time":"2026-01-14 16:16:10","timestamp":"1768396570721","isConnected":"True","numBoard":"0","numSteps":"0","numSpeed":"0.000000","numAccel":"0","numDecel":"0","currentPos":"0","startPos":"0","endPos":"0"}
[2026-01-14 16:16:11.722116] [debug] WebSocketServer: Broadcasting to 1 clients: {"server_time":"2026-01-14 16:16:11","timestamp":"1768396571722","isConnected":"True","numBoard":"0","numSteps":"0","numSpeed":"0.000000","numAccel":"0","numDecel":"0","currentPos":"0","startPos":"0","endPos":"0"}
[2026-01-14 16:16:12.722818] [debug] WebSocketServer: Broadcasting to 1 clients: {"server_time":"2026-01-14 16:16:12","timestamp":"1768396572722","isConnected":"True","numBoard":"0","numSteps":"0","numSpeed":"0.000000","numAccel":"0","numDecel":"0","currentPos":"0","startPos":"0","endPos":"0"}
[2026-01-14 16:16:13.723218] [debug] WebSocketServer: Broadcasting to 1 clients: {"server_time":"2026-01-14 16:16:13","timestamp":"1768396573723","isConnected":"True","numBoard":"0","numSteps":"0","numSpeed":"0.000000","numAccel":"0","numDecel":"0","currentPos":"0","startPos":"0","endPos":"0"}
[2026-01-14 16:16:14.724443] [debug] WebSocketServer: Broadcasting to 1 clients: {"server_time":"2026-01-14 16:16:14","timestamp":"1768396574724","isConnected":"True","numBoard":"0","numSteps":"0","numSpeed":"0.000000","numAccel":"0","numDecel":"0","currentPos":"0","startPos":"0","endPos":"0"}
[2026-01-14 16:16:15.724787] [debug] WebSocketServer: Broadcasting to 1 clients: {"server_time":"2026-01-14 16:16:15","timestamp":"1768396575724","isConnected":"True","numBoard":"0","numSteps":"0","numSpeed":"0.000000","numAccel":"0","numDecel":"0","currentPos":"0","startPos":"0","endPos":"0"}
[2026-01-14 16:16:16.725052] [debug] WebSocketServer: Broadcasting to 1 clients: {"server_time":"2026-01-14 16:16:16","timestamp":"1768396576724","isConnected":"True","numBoard":"0","numSteps":"0","numSpeed":"0.000000","numAccel":"0","numDecel":"0","currentPos":"0","startPos":"0","endPos":"0"}
[2026-01-14 16:16:17.725381] [debug] WebSocketServer: Broadcasting to 1 clients: {"server_time":"2026-01-14 16:16:17","timestamp":"1768396577725","isConnected":"True","numBoard":"0","numSteps":"0","numSpeed":"0.000000","numAccel":"0","numDecel":"0","currentPos":"0","startPos":"0","endPos":"0"}
[2026-01-14 16:16:18.725719] [debug] WebSocketServer: Broadcasting to 1 clients: {"server_time":"2026-01-14 16:16:18","timestamp":"1768396578725","isConnected":"True","numBoard":"0","numSteps":"0","numSpeed":"0.000000","numAccel":"0","numDecel":"0","currentPos":"0","startPos":"0","endPos":"0"}
[2026-01-14 16:16:19.726035] [debug] WebSocketServer: Broadcasting to 1 clients: {"server_time":"2026-01-14 16:16:19","timestamp":"1768396579725","isConnected":"True","numBoard":"0","numSteps":"0","numSpeed":"0.000000","numAccel":"0","numDecel":"0","currentPos":"0","startPos":"0","endPos":"0"}
[2026-01-14 16:16:20.726322] [debug] WebSocketServer: Broadcasting to 1 clients: {"server_time":"2026-01-14 16:16:20","timestamp":"1768396580726","isConnected":"True","numBoard":"0","numSteps":"0","numSpeed":"0.000000","numAccel":"0","numDecel":"0","currentPos":"0","startPos":"0","endPos":"0"}
[2026-01-14 16:16:21.726648] [debug] WebSocketServer: Broadcasting to 1 clients: {"server_time":"2026-01-14 16:16:21","timestamp":"1768396581726","isConnected":"True","numBoard":"0","numSteps":"0","numSpeed":"0.000000","numAccel":"0","numDecel":"0","currentPos":"0","startPos":"0","endPos":"0"}
[2026-01-14 16:16:22.726929] [debug] WebSocketServer: Broadcasting to 1 clients: {"server_time":"2026-01-14 16:16:22","timestamp":"1768396582726","isConnected":"True","numBoard":"0","numSteps":"0","numSpeed":"0.000000","numAccel":"0","numDecel":"0","currentPos":"0","startPos":"0","endPos":"0"}
[2026-01-14 16:16:23.727281] [debug] WebSocketServer: Broadcasting to 1 clients: {"server_time":"2026-01-14 16:16:23","timestamp":"1768396583727","isConnected":"True","numBoard":"0","numSteps":"0","numSpeed":"0.000000","numAccel":"0","numDecel":"0","currentPos":"0","startPos":"0","endPos":"0"}
[2026-01-14 16:16:24.727569] [debug] WebSocketServer: Broadcasting to 1 clients: {"server_time":"2026-01-14 16:16:24","timestamp":"1768396584727","isConnected":"True","numBoard":"0","numSteps":"0","numSpeed":"0.000000","numAccel":"0","numDecel":"0","currentPos":"0","startPos":"0","endPos":"0"}
[2026-01-14 16:16:25.728033] [debug] WebSocketServer: Broadcasting to 1 clients: {"server_time":"2026-01-14 16:16:25","timestamp":"1768396585727","isConnected":"True","numBoard":"0","numSteps":"0","numSpeed":"0.000000","numAccel":"0","numDecel":"0","currentPos":"0","startPos":"0","endPos":"0"}
[2026-01-14 16:16:26.728401] [debug] WebSocketServer: Broadcasting to 1 clients: {"server_time":"2026-01-14 16:16:26","timestamp":"1768396586728","isConnected":"True","numBoard":"0","numSteps":"0","numSpeed":"0.000000","numAccel":"0","numDecel":"0","currentPos":"0","startPos":"0","endPos":"0"}
[2026-01-14 16:16:27.728961] [debug] WebSocketServer: Broadcasting to 1 clients: {"server_time":"2026-01-14 16:16:27","timestamp":"1768396587728","isConnected":"True","numBoard":"0","numSteps":"0","numSpeed":"0.000000","numAccel":"0","numDecel":"0","currentPos":"0","startPos":"0","endPos":"0"}
[2026-01-14 16:16:28.729321] [debug] WebSocketServer: Broadcasting to 1 clients: {"server_time":"2026-01-14 16:16:28","timestamp":"1768396588729","isConnected":"True","numBoard":"0","numSteps":"0","numSpeed":"0.000000","numAccel":"0","numDecel":"0","currentPos":"0","startPos":"0","endPos":"0"}
[2026-01-14 16:16:29.729729] [debug] WebSocketServer: Broadcasting to 1 clients: {"server_time":"2026-01-14 16:16:29","timestamp":"1768396589729","isConnected":"True","numBoard":"0","numSteps":"0","numSpeed":"0.000000","numAccel":"0","numDecel":"0","currentPos":"0","startPos":"0","endPos":"0"}
[2026-01-14 16:16:30.730012] [debug] WebSocketServer: Broadcasting to 1 clients: {"server_time":"2026-01-14 16:16:30","timestamp":"1768396590729","isConnected":"True","numBoard":"0","numSteps":"0","numSpeed":"0.000000","numAccel":"0","numDecel":"0","currentPos":"0","startPos":"0","endPos":"0"}
[2026-01-14 16:16:31.730317] [debug] WebSocketServer: Broadcasting to 1 clients: {"server_time":"2026-01-14 16:16:31","timestamp":"1768396591730","isConnected":"True","numBoard":"0","numSteps":"0","numSpeed":"0.000000","numAccel":"0","numDecel":"0","currentPos":"0","startPos":"0","endPos":"0"}
[2026-01-14 16:16:32.730812] [debug] WebSocketServer: Broadcasting to 1 clients: {"server_time":"2026-01-14 16:16:32","timestamp":"1768396592730","isConnected":"True","numBoard":"0","numSteps":"0","numSpeed":"0.000000","numAccel":"0","numDecel":"0","currentPos":"0","startPos":"0","endPos":"0"}
[2026-01-14 16:16:33.731137] [debug] WebSocketServer: Broadcasting to 1 clients: {"server_time":"2026-01-14 16:16:33","timestamp":"1768396593731","isConnected":"True","numBoard":"0","numSteps":"0","numSpeed":"0.000000","numAccel":"0","numDecel":"0","currentPos":"0","startPos":"0","endPos":"0"}
[2026-01-14 16:16:34.731371] [debug] WebSocketServer: Broadcasting to 1 clients: {"server_time":"2026-01-14 16:16:34","timestamp":"1768396594731","isConnected":"True","numBoard":"0","numSteps":"0","numSpeed":"0.000000","numAccel":"0","numDecel":"0","currentPos":"0","startPos":"0","endPos":"0"}
[2026-01-14 16:16:35.731867] [debug] WebSocketServer: Broadcasting to 1 clients: {"server_time":"2026-01-14 16:16:35","timestamp":"1768396595731","isConnected":"True","numBoard":"0","numSteps":"0","numSpeed":"0.000000","numAccel":"0","numDecel":"0","currentPos":"0","startPos":"0","endPos":"0"}
[2026-01-14 16:16:36.732158] [debug] WebSocketServer: Broadcasting to 1 clients: {"server_time":"2026-01-14 16:16:36","timestamp":"1768396596732","isConnected":"True","numBoard":"0","numSteps":"0","numSpeed":"0.000000","numAccel":"0","numDecel":"0","currentPos":"0","startPos":"0","endPos":"0"}
[2026-01-14 16:16:37.732530] [debug] WebSocketServer: Broadcasting to 1 clients: {"server_time":"2026-01-14 16:16:37","timestamp":"1768396597732","isConnected":"True","numBoard":"0","numSteps":"0","numSpeed":"0.000000","numAccel":"0","numDecel":"0","currentPos":"0","startPos":"0","endPos":"0"}
[2026-01-14 16:16:38.732888] [debug] WebSocketServer: Broadcasting to 1 clients: {"server_time":"2026-01-14 16:16:38","timestamp":"1768396598732","isConnected":"True","numBoard":"0","numSteps":"0","numSpeed":"0.000000","numAccel":"0","numDecel":"0","currentPos":"0","startPos":"0","endPos":"0"}
[2026-01-14 16:16:39.733223] [debug] WebSocketServer: Broadcasting to 1 clients: {"server_time":"2026-01-14 16:16:39","timestamp":"1768396599733","isConnected":"True","numBoard":"0","numSteps":"0","numSpeed":"0.000000","numAccel":"0","numDecel":"0","currentPos":"0","startPos":"0","endPos":"0"}
[2026-01-14 16:16:40.733554] [debug] WebSocketServer: Broadcasting to 1 clients: {"server_time":"2026-01-14 16:16:40","timestamp":"1768396600733","isConnected":"True","numBoard":"0","numSteps":"0","numSpeed":"0.000000","numAccel":"0","numDecel":"0","currentPos":"0","startPos":"0","endPos":"0"}
[2026-01-14 16:16:41.733851] [debug] WebSocketServer: Broadcasting to 1 clients: {"server_time":"2026-01-14 16:16:41","timestamp":"1768396601733","isConnected":"True","numBoard":"0","numSteps":"0","numSpeed":"0.000000","numAccel":"0","numDecel":"0","currentPos":"0","startPos":"0","endPos":"0"}
[2026-01-14 16:16:42.734245] [debug] WebSocketServer: Broadcasting to 1 clients: {"server_time":"2026-01-14 16:16:42","timestamp":"1768396602734","isConnected":"True","numBoard":"0","numSteps":"0","numSpeed":"0.000000","numAccel":"0","numDecel":"0","currentPos":"0","startPos":"0","endPos":"0"}
[2026-01-14 16:16:43.734803] [debug] WebSocketServer: Broadcasting to 1 clients: {"server_time":"2026-01-14 16:16:43","timestamp":"1768396603734","isConnected":"True","numBoard":"0","numSteps":"0","numSpeed":"0.000000","numAccel":"0","numDecel":"0","currentPos":"0","startPos":"0","endPos":"0"}
[2026-01-14 16:16:44.735167] [debug] WebSocketServer: Broadcasting to 1 clients: {"server_time":"2026-01-14 16:16:44","timestamp":"1768396604735","isConnected":"True","numBoard":"0","numSteps":"0","numSpeed":"0.000000","numAccel":"0","numDecel":"0","currentPos":"0","startPos":"0","endPos":"0"}
[2026-01-14 16:16:45.735477] [debug] WebSocketServer: Broadcasting to 1 clients: {"server_time":"2026-01-14 16:16:45","timestamp":"1768396605735","isConnected":"True","numBoard":"0","numSteps":"0","numSpeed":"0.000000","numAccel":"0","numDecel":"0","currentPos":"0","startPos":"0","endPos":"0"}
[2026-01-14 16:16:46.735759] [debug] WebSocketServer: Broadcasting to 1 clients: {"server_time":"2026-01-14 16:16:46","timestamp":"1768396606735","isConnected":"True","numBoard":"0","numSteps":"0","numSpeed":"0.000000","numAccel":"0","numDecel":"0","currentPos":"0","startPos":"0","endPos":"0"}
[2026-01-14 16:16:47.736057] [debug] WebSocketServer: Broadcasting to 1 clients: {"server_time":"2026-01-14 16:16:47","timestamp":"1768396607736","isConnected":"True","numBoard":"0","numSteps":"0","numSpeed":"0.000000","numAccel":"0","numDecel":"0","currentPos":"0","startPos":"0","endPos":"0"}
[2026-01-14 16:16:48.736334] [debug] WebSocketServer: Broadcasting to 1 clients: {"server_time":"2026-01-14 16:16:48","timestamp":"1768396608736","isConnected":"True","numBoard":"0","numSteps":"0","numSpeed":"0.000000","numAccel":"0","numDecel":"0","currentPos":"0","startPos":"0","endPos":"0"}
[2026-01-14 16:16:49.736640] [debug] WebSocketServer: Broadcasting to 1 clients: {"server_time":"2026-01-14 16:16:49","timestamp":"1768396609736","isConnected":"True","numBoard":"0","numSteps":"0","numSpeed":"0.000000","numAccel":"0","numDecel":"0","currentPos":"0","startPos":"0","endPos":"0"}
[2026-01-14 16:16:50.736926] [debug] WebSocketServer: Broadcasting to 1 clients: {"server_time":"2026-01-14 16:16:50","timestamp":"1768396610736","isConnected":"True","numBoard":"0","numSteps":"0","numSpeed":"0.000000","numAccel":"0","numDecel":"0","currentPos":"0","startPos":"0","endPos":"0"}
[2026-01-14 16:16:51.737215] [debug] WebSocketServer: Broadcasting to 1 clients: {"server_time":"2026-01-14 16:16:51","timestamp":"1768396611737","isConnected":"True","numBoard":"0","numSteps":"0","numSpeed":"0.000000","numAccel":"0","numDecel":"0","currentPos":"0","startPos":"0","endPos":"0"}
[2026-01-14 16:16:52.737505] [debug] WebSocketServer: Broadcasting to 1 clients: {"server_time":"2026-01-14 16:16:52","timestamp":"1768396612737","isConnected":"True","numBoard":"0","numSteps":"0","numSpeed":"0.000000","numAccel":"0","numDecel":"0","currentPos":"0","startPos":"0","endPos":"0"}
[2026-01-14 16:16:53.737801] [debug] WebSocketServer: Broadcasting to 1 clients: {"server_time":"2026-01-14 16:16:53","timestamp":"1768396613737","isConnected":"True","numBoard":"0","numSteps":"0","numSpeed":"0.000000","numAccel":"0","numDecel":"0","currentPos":"0","startPos":"0","endPos":"0"}
[2026-01-14 16:16:54.738094] [debug] WebSocketServer: Broadcasting to 1 clients: {"server_time":"2026-01-14 16:16:54","timestamp":"1768396614738","isConnected":"True","numBoard":"0","numSteps":"0","numSpeed":"0.000000","numAccel":"0","numDecel":"0","currentPos":"0","startPos":"0","endPos":"0"}
[2026-01-14 16:16:55.738380] [debug] WebSocketServer: Broadcasting to 1 clients: {"server_time":"2026-01-14 16:16:55","timestamp":"1768396615738","isConnected":"True","numBoard":"0","numSteps":"0","numSpeed":"0.000000","numAccel":"0","numDecel":"0","currentPos":"0","startPos":"0","endPos":"0"}
[2026-01-14 16:16:56.738694] [debug] WebSocketServer: Broadcasting to 1 clients: {"server_time":"2026-01-14 16:16:56","timestamp":"1768396616738","isConnected":"True","numBoard":"0","numSteps":"0","numSpeed":"0.000000","numAccel":"0","numDecel":"0","currentPos":"0","startPos":"0","endPos":"0"}
[2026-01-14 16:16:57.738957] [debug] WebSocketServer: Broadcasting to 1 clients: {"server_time":"2026-01-14 16:16:57","timestamp":"1768396617738","isConnected":"True","numBoard":"0","numSteps":"0","numSpeed":"0.000000","numAccel":"0","numDecel":"0","currentPos":"0","startPos":"0","endPos":"0"}
[2026-01-14 16:16:58.739239] [debug] WebSocketServer: Broadcasting to 1 clients: {"server_time":"2026-01-14 16:16:58","timestamp":"1768396618739","isConnected":"True","numBoard":"0","numSteps":"0","numSpeed":"0.000000","numAccel":"0","numDecel":"0","currentPos":"0","startPos":"0","endPos":"0"}
[2026-01-14 16:16:59.739560] [debug] WebSocketServer: Broadcasting to 1 clients: {"server_time":"2026-01-14 16:16:59","timestamp":"1768396619739","isConnected":"True","numBoard":"0","numSteps":"0","numSpeed":"0.000000","numAccel":"0","numDecel":"0","currentPos":"0","startPos":"0","endPos":"0"}
[2026-01-14 16:17:00.739877] [debug] WebSocketServer: Broadcasting to 1 clients: {"server_time":"2026-01-14 16:17:00","timestamp":"1768396620739","isConnected":"True","numBoard":"0","numSteps":"0","numSpeed":"0.000000","numAccel":"0","numDecel":"0","currentPos":"0","startPos":"0","endPos":"0"}
[2026-01-14 16:17:01.740268] [debug] WebSocketServer: Broadcasting to 1 clients: {"server_time":"2026-01-14 16:17:01","timestamp":"1768396621740","isConnected":"True","numBoard":"0","numSteps":"0","numSpeed":"0.000000","numAccel":"0","numDecel":"0","currentPos":"0","startPos":"0","endPos":"0"}
[2026-01-14 16:17:02.740663] [debug] WebSocketServer: Broadcasting to 1 clients: {"server_time":"2026-01-14 16:17:02","timestamp":"1768396622740","isConnected":"True","numBoard":"0","numSteps":"0","numSpeed":"0.000000","numAccel":"0","numDecel":"0","currentPos":"0","startPos":"0","endPos":"0"}
[2026-01-14 16:17:03.741092] [debug] WebSocketServer: Broadcasting to 1 clients: {"server_time":"2026-01-14 16:17:03","timestamp":"1768396623741","isConnected":"True","numBoard":"0","numSteps":"0","numSpeed":"0.000000","numAccel":"0","numDecel":"0","currentPos":"0","startPos":"0","endPos":"0"}
[2026-01-14 16:17:04.741379] [debug] WebSocketServer: Broadcasting to 1 clients: {"server_time":"2026-01-14 16:17:04","timestamp":"1768396624741","isConnected":"True","numBoard":"0","numSteps":"0","numSpeed":"0.000000","numAccel":"0","numDecel":"0","currentPos":"0","startPos":"0","endPos":"0"}
[2026-01-14 16:17:05.741692] [debug] WebSocketServer: Broadcasting to 1 clients: {"server_time":"2026-01-14 16:17:05","timestamp":"1768396625741","isConnected":"True","numBoard":"0","numSteps":"0","numSpeed":"0.000000","numAccel":"0","numDecel":"0","currentPos":"0","startPos":"0","endPos":"0"}
[2026-01-14 16:17:06.741966] [debug] WebSocketServer: Broadcasting to 1 clients: {"server_time":"2026-01-14 16:17:06","timestamp":"1768396626741","isConnected":"True","numBoard":"0","numSteps":"0","numSpeed":"0.000000","numAccel":"0","numDecel":"0","currentPos":"0","startPos":"0","endPos":"0"}
[2026-01-14 16:17:07.742249] [debug] WebSocketServer: Broadcasting to 1 clients: {"server_time":"2026-01-14 16:17:07","timestamp":"1768396627742","isConnected":"True","numBoard":"0","numSteps":"0","numSpeed":"0.000000","numAccel":"0","numDecel":"0","currentPos":"0","startPos":"0","endPos":"0"}
[2026-01-14 16:17:08.742522] [debug] WebSocketServer: Broadcasting to 1 clients: {"server_time":"2026-01-14 16:17:08","timestamp":"1768396628742","isConnected":"True","numBoard":"0","numSteps":"0","numSpeed":"0.000000","numAccel":"0","numDecel":"0","currentPos":"0","startPos":"0","endPos":"0"}
[2026-01-14 16:17:09.742869] [debug] WebSocketServer: Broadcasting to 1 clients: {"server_time":"2026-01-14 16:17:09","timestamp":"1768396629742","isConnected":"True","numBoard":"0","numSteps":"0","numSpeed":"0.000000","numAccel":"0","numDecel":"0","currentPos":"0","startPos":"0","endPos":"0"}
[2026-01-14 16:17:10.743354] [debug] WebSocketServer: Broadcasting to 1 clients: {"server_time":"2026-01-14 16:17:10","timestamp":"1768396630743","isConnected":"True","numBoard":"0","numSteps":"0","numSpeed":"0.000000","numAccel":"0","numDecel":"0","currentPos":"0","startPos":"0","endPos":"0"}
[2026-01-14 16:17:11.744728] [debug] WebSocketServer: Broadcasting to 1 clients: {"server_time":"2026-01-14 16:17:11","timestamp":"1768396631744","isConnected":"True","numBoard":"0","numSteps":"0","numSpeed":"0.000000","numAccel":"0","numDecel":"0","currentPos":"0","startPos":"0","endPos":"0"}
[2026-01-14 16:17:12.745064] [debug] WebSocketServer: Broadcasting to 1 clients: {"server_time":"2026-01-14 16:17:12","timestamp":"1768396632745","isConnected":"True","numBoard":"0","numSteps":"0","numSpeed":"0.000000","numAccel":"0","numDecel":"0","currentPos":"0","startPos":"0","endPos":"0"}
[2026-01-14 16:17:13.745385] [debug] WebSocketServer: Broadcasting to 1 clients: {"server_time":"2026-01-14 16:17:13","timestamp":"1768396633745","isConnected":"True","numBoard":"0","numSteps":"0","numSpeed":"0.000000","numAccel":"0","numDecel":"0","currentPos":"0","startPos":"0","endPos":"0"}
[2026-01-14 16:17:14.745681] [debug] WebSocketServer: Broadcasting to 1 clients: {"server_time":"2026-01-14 16:17:14","timestamp":"1768396634745","isConnected":"True","numBoard":"0","numSteps":"0","numSpeed":"0.000000","numAccel":"0","numDecel":"0","currentPos":"0","startPos":"0","endPos":"0"}
[2026-01-14 16:17:15.746089] [debug] WebSocketServer: Broadcasting to 1 clients: {"server_time":"2026-01-14 16:17:15","timestamp":"1768396635746","isConnected":"True","numBoard":"0","numSteps":"0","numSpeed":"0.000000","numAccel":"0","numDecel":"0","currentPos":"0","startPos":"0","endPos":"0"}
[2026-01-14 16:17:16.746374] [debug] WebSocketServer: Broadcasting to 1 clients: {"server_time":"2026-01-14 16:17:16","timestamp":"1768396636746","isConnected":"True","numBoard":"0","numSteps":"0","numSpeed":"0.000000","numAccel":"0","numDecel":"0","currentPos":"0","startPos":"0","endPos":"0"}
[2026-01-14 16:17:17.746721] [debug] WebSocketServer: Broadcasting to 1 clients: {"server_time":"2026-01-14 16:17:17","timestamp":"1768396637746","isConnected":"True","numBoard":"0","numSteps":"0","numSpeed":"0.000000","numAccel":"0","numDecel":"0","currentPos":"0","startPos":"0","endPos":"0"}
[2026-01-14 16:17:18.747094] [debug] WebSocketServer: Broadcasting to 1 clients: {"server_time":"2026-01-14 16:17:18","timestamp":"1768396638747","isConnected":"True","numBoard":"0","numSteps":"0","numSpeed":"0.000000","numAccel":"0","numDecel":"0","currentPos":"0","startPos":"0","endPos":"0"}
[2026-01-14 16:17:19.747377] [debug] WebSocketServer: Broadcasting to 1 clients: {"server_time":"2026-01-14 16:17:19","timestamp":"1768396639747","isConnected":"True","numBoard":"0","numSteps":"0","numSpeed":"0.000000","numAccel":"0","numDecel":"0","currentPos":"0","startPos":"0","endPos":"0"}
[2026-01-14 16:17:20.747653] [debug] WebSocketServer: Broadcasting to 1 clients: {"server_time":"2026-01-14 16:17:20","timestamp":"1768396640747","isConnected":"True","numBoard":"0","numSteps":"0","numSpeed":"0.000000","numAccel":"0","numDecel":"0","currentPos":"0","startPos":"0","endPos":"0"}
[2026-01-14 16:17:21.747916] [debug] WebSocketServer: Broadcasting to 1 clients: {"server_time":"2026-01-14 16:17:21","timestamp":"1768396641747","isConnected":"True","numBoard":"0","numSteps":"0","numSpeed":"0.000000","numAccel":"0","numDecel":"0","currentPos":"0","startPos":"0","endPos":"0"}
[2026-01-14 16:17:22.748178] [debug] WebSocketServer: Broadcasting to 1 clients: {"server_time":"2026-01-14 16:17:22","timestamp":"1768396642748","isConnected":"True","numBoard":"0","numSteps":"0","numSpeed":"0.000000","numAccel":"0","numDecel":"0","currentPos":"0","startPos":"0","endPos":"0"}
[2026-01-14 16:17:23.748461] [debug] WebSocketServer: Broadcasting to 1 clients: {"server_time":"2026-01-14 16:17:23","timestamp":"1768396643748","isConnected":"True","numBoard":"0","numSteps":"0","numSpeed":"0.000000","numAccel":"0","numDecel":"0","currentPos":"0","startPos":"0","endPos":"0"}
[2026-01-14 16:17:24.748723] [debug] WebSocketServer: Broadcasting to 1 clients: {"server_time":"2026-01-14 16:17:24","timestamp":"1768396644748","isConnected":"True","numBoard":"0","numSteps":"0","numSpeed":"0.000000","numAccel":"0","numDecel":"0","currentPos":"0","startPos":"0","endPos":"0"}
[2026-01-14 16:17:25.749011] [debug] WebSocketServer: Broadcasting to 1 clients: {"server_time":"2026-01-14 16:17:25","timestamp":"1768396645748","isConnected":"True","numBoard":"0","numSteps":"0","numSpeed":"0.000000","numAccel":"0","numDecel":"0","currentPos":"0","startPos":"0","endPos":"0"}
[2026-01-14 16:17:26.749329] [debug] WebSocketServer: Broadcasting to 1 clients: {"server_time":"2026-01-14 16:17:26","timestamp":"1768396646749","isConnected":"True","numBoard":"0","numSteps":"0","numSpeed":"0.000000","numAccel":"0","numDecel":"0","currentPos":"0","startPos":"0","endPos":"0"}
[2026-01-14 16:17:27.749740] [debug] WebSocketServer: Broadcasting to 1 clients: {"server_time":"2026-01-14 16:17:27","timestamp":"1768396647749","isConnected":"True","numBoard":"0","numSteps":"0","numSpeed":"0.000000","numAccel":"0","numDecel":"0","currentPos":"0","startPos":"0","endPos":"0"}
[2026-01-14 16:17:28.750044] [debug] WebSocketServer: Broadcasting to 1 clients: {"server_time":"2026-01-14 16:17:28","timestamp":"1768396648749","isConnected":"True","numBoard":"0","numSteps":"0","numSpeed":"0.000000","numAccel":"0","numDecel":"0","currentPos":"0","startPos":"0","endPos":"0"}
[2026-01-14 16:17:29.750428] [debug] WebSocketServer: Broadcasting to 1 clients: {"server_time":"2026-01-14 16:17:29","timestamp":"1768396649750","isConnected":"True","numBoard":"0","numSteps":"0","numSpeed":"0.000000","numAccel":"0","numDecel":"0","currentPos":"0","startPos":"0","endPos":"0"}
[2026-01-14 16:17:30.750850] [debug] WebSocketServer: Broadcasting to 1 clients: {"server_time":"2026-01-14 16:17:30","timestamp":"1768396650750","isConnected":"True","numBoard":"0","numSteps":"0","numSpeed":"0.000000","numAccel":"0","numDecel":"0","currentPos":"0","startPos":"0","endPos":"0"}
[2026-01-14 16:17:31.751201] [debug] WebSocketServer: Broadcasting to 1 clients: {"server_time":"2026-01-14 16:17:31","timestamp":"1768396651751","isConnected":"True","numBoard":"0","numSteps":"0","numSpeed":"0.000000","numAccel":"0","numDecel":"0","currentPos":"0","startPos":"0","endPos":"0"}
[2026-01-14 16:17:32.751695] [debug] WebSocketServer: Broadcasting to 1 clients: {"server_time":"2026-01-14 16:17:32","timestamp":"1768396652751","isConnected":"True","numBoard":"0","numSteps":"0","numSpeed":"0.000000","numAccel":"0","numDecel":"0","currentPos":"0","startPos":"0","endPos":"0"}
[2026-01-14 16:17:33.752021] [debug] WebSocketServer: Broadcasting to 1 clients: {"server_time":"2026-01-14 16:17:33","timestamp":"1768396653751","isConnected":"True","numBoard":"0","numSteps":"0","numSpeed":"0.000000","numAccel":"0","numDecel":"0","currentPos":"0","startPos":"0","endPos":"0"}
[2026-01-14 16:17:34.752360] [debug] WebSocketServer: Broadcasting to 1 clients: {"server_time":"2026-01-14 16:17:34","timestamp":"1768396654752","isConnected":"True","numBoard":"0","numSteps":"0","numSpeed":"0.000000","numAccel":"0","numDecel":"0","currentPos":"0","startPos":"0","endPos":"0"}
[2026-01-14 16:17:35.752697] [debug] WebSocketServer: Broadcasting to 1 clients: {"server_time":"2026-01-14 16:17:35","timestamp":"1768396655752","isConnected":"True","numBoard":"0","numSteps":"0","numSpeed":"0.000000","numAccel":"0","numDecel":"0","currentPos":"0","startPos":"0","endPos":"0"}
[2026-01-14 16:17:36.753018] [debug] WebSocketServer: Broadcasting to 1 clients: {"server_time":"2026-01-14 16:17:36","timestamp":"1768396656752","isConnected":"True","numBoard":"0","numSteps":"0","numSpeed":"0.000000","numAccel":"0","numDecel":"0","currentPos":"0","startPos":"0","endPos":"0"}
[2026-01-14 16:17:37.753388] [debug] WebSocketServer: Broadcasting to 1 clients: {"server_time":"2026-01-14 16:17:37","timestamp":"1768396657753","isConnected":"True","numBoard":"0","numSteps":"0","numSpeed":"0.000000","numAccel":"0","numDecel":"0","currentPos":"0","startPos":"0","endPos":"0"}
[2026-01-14 16:17:38.753658] [debug] WebSocketServer: Broadcasting to 1 clients: {"server_time":"2026-01-14 16:17:38","timestamp":"1768396658753","isConnected":"True","numBoard":"0","numSteps":"0","numSpeed":"0.000000","numAccel":"0","numDecel":"0","currentPos":"0","startPos":"0","endPos":"0"}
[2026-01-14 16:17:39.753937] [debug] WebSocketServer: Broadcasting to 1 clients: {"server_time":"2026-01-14 16:17:39","timestamp":"1768396659753","isConnected":"True","numBoard":"0","numSteps":"0","numSpeed":"0.000000","numAccel":"0","numDecel":"0","currentPos":"0","startPos":"0","endPos":"0"}
[2026-01-14 16:17:40.754207] [debug] WebSocketServer: Broadcasting to 1 clients: {"server_time":"2026-01-14 16:17:40","timestamp":"1768396660754","isConnected":"True","numBoard":"0","numSteps":"0","numSpeed":"0.000000","numAccel":"0","numDecel":"0","currentPos":"0","startPos":"0","endPos":"0"}
[2026-01-14 16:17:41.754475] [debug] WebSocketServer: Broadcasting to 1 clients: {"server_time":"2026-01-14 16:17:41","timestamp":"1768396661754","isConnected":"True","numBoard":"0","numSteps":"0","numSpeed":"0.000000","numAccel":"0","numDecel":"0","currentPos":"0","startPos":"0","endPos":"0"}
[2026-01-14 16:17:42.754780] [debug] WebSocketServer: Broadcasting to 1 clients: {"server_time":"2026-01-14 16:17:42","timestamp":"1768396662754","isConnected":"True","numBoard":"0","numSteps":"0","numSpeed":"0.000000","numAccel":"0","numDecel":"0","currentPos":"0","startPos":"0","endPos":"0"}
[2026-01-14 16:17:43.755061] [debug] WebSocketServer: Broadcasting to 1 clients: {"server_time":"2026-01-14 16:17:43","timestamp":"1768396663755","isConnected":"True","numBoard":"0","numSteps":"0","numSpeed":"0.000000","numAccel":"0","numDecel":"0","currentPos":"0","startPos":"0","endPos":"0"}
[2026-01-14 16:17:44.755351] [debug] WebSocketServer: Broadcasting to 1 clients: {"server_time":"2026-01-14 16:17:44","timestamp":"1768396664755","isConnected":"True","numBoard":"0","numSteps":"0","numSpeed":"0.000000","numAccel":"0","numDecel":"0","currentPos":"0","startPos":"0","endPos":"0"}
[2026-01-14 16:17:45.755635] [debug] WebSocketServer: Broadcasting to 1 clients: {"server_time":"2026-01-14 16:17:45","timestamp":"1768396665755","isConnected":"True","numBoard":"0","numSteps":"0","numSpeed":"0.000000","numAccel":"0","numDecel":"0","currentPos":"0","startPos":"0","endPos":"0"}
[2026-01-14 16:17:46.755937] [debug] WebSocketServer: Broadcasting to 1 clients: {"server_time":"2026-01-14 16:17:46","timestamp":"1768396666755","isConnected":"True","numBoard":"0","numSteps":"0","numSpeed":"0.000000","numAccel":"0","numDecel":"0","currentPos":"0","startPos":"0","endPos":"0"}
[2026-01-14 16:17:47.756277] [debug] WebSocketServer: Broadcasting to 1 clients: {"server_time":"2026-01-14 16:17:47","timestamp":"1768396667756","isConnected":"True","numBoard":"0","numSteps":"0","numSpeed":"0.000000","numAccel":"0","numDecel":"0","currentPos":"0","startPos":"0","endPos":"0"}
[2026-01-14 16:17:48.756585] [debug] WebSocketServer: Broadcasting to 1 clients: {"server_time":"2026-01-14 16:17:48","timestamp":"1768396668756","isConnected":"True","numBoard":"0","numSteps":"0","numSpeed":"0.000000","numAccel":"0","numDecel":"0","currentPos":"0","startPos":"0","endPos":"0"}
[2026-01-14 16:17:49.756915] [debug] WebSocketServer: Broadcasting to 1 clients: {"server_time":"2026-01-14 16:17:49","timestamp":"1768396669756","isConnected":"True","numBoard":"0","numSteps":"0","numSpeed":"0.000000","numAccel":"0","numDecel":"0","currentPos":"0","startPos":"0","endPos":"0"}
[2026-01-14 16:17:50.757248] [debug] WebSocketServer: Broadcasting to 1 clients: {"server_time":"2026-01-14 16:17:50","timestamp":"1768396670757","isConnected":"True","numBoard":"0","numSteps":"0","numSpeed":"0.000000","numAccel":"0","numDecel":"0","currentPos":"0","startPos":"0","endPos":"0"}
[2026-01-14 16:17:51.757600] [debug] WebSocketServer: Broadcasting to 1 clients: {"server_time":"2026-01-14 16:17:51","timestamp":"1768396671757","isConnected":"True","numBoard":"0","numSteps":"0","numSpeed":"0.000000","numAccel":"0","numDecel":"0","currentPos":"0","startPos":"0","endPos":"0"}
[2026-01-14 16:17:52.757908] [debug] WebSocketServer: Broadcasting to 1 clients: {"server_time":"2026-01-14 16:17:52","timestamp":"1768396672757","isConnected":"True","numBoard":"0","numSteps":"0","numSpeed":"0.000000","numAccel":"0","numDecel":"0","currentPos":"0","startPos":"0","endPos":"0"}
[2026-01-14 16:17:53.758231] [debug] WebSocketServer: Broadcasting to 1 clients: {"server_time":"2026-01-14 16:17:53","timestamp":"1768396673758","isConnected":"True","numBoard":"0","numSteps":"0","numSpeed":"0.000000","numAccel":"0","numDecel":"0","currentPos":"0","startPos":"0","endPos":"0"}
[2026-01-14 16:17:54.758625] [debug] WebSocketServer: Broadcasting to 1 clients: {"server_time":"2026-01-14 16:17:54","timestamp":"1768396674758","isConnected":"True","numBoard":"0","numSteps":"0","numSpeed":"0.000000","numAccel":"0","numDecel":"0","currentPos":"0","startPos":"0","endPos":"0"}
[2026-01-14 16:17:55.758946] [debug] WebSocketServer: Broadcasting to 1 clients: {"server_time":"2026-01-14 16:17:55","timestamp":"1768396675758","isConnected":"True","numBoard":"0","numSteps":"0","numSpeed":"0.000000","numAccel":"0","numDecel":"0","currentPos":"0","startPos":"0","endPos":"0"}
[2026-01-14 16:17:56.759203] [debug] WebSocketServer: Broadcasting to 1 clients: {"server_time":"2026-01-14 16:17:56","timestamp":"1768396676759","isConnected":"True","numBoard":"0","numSteps":"0","numSpeed":"0.000000","numAccel":"0","numDecel":"0","currentPos":"0","startPos":"0","endPos":"0"}
[2026-01-14 16:17:57.759531] [debug] WebSocketServer: Broadcasting to 1 clients: {"server_time":"2026-01-14 16:17:57","timestamp":"1768396677759","isConnected":"True","numBoard":"0","numSteps":"0","numSpeed":"0.000000","numAccel":"0","numDecel":"0","currentPos":"0","startPos":"0","endPos":"0"}
[2026-01-14 16:17:58.759856] [debug] WebSocketServer: Broadcasting to 1 clients: {"server_time":"2026-01-14 16:17:58","timestamp":"1768396678759","isConnected":"True","numBoard":"0","numSteps":"0","numSpeed":"0.000000","numAccel":"0","numDecel":"0","currentPos":"0","startPos":"0","endPos":"0"}
[2026-01-14 16:17:59.760181] [debug] WebSocketServer: Broadcasting to 1 clients: {"server_time":"2026-01-14 16:17:59","timestamp":"1768396679760","isConnected":"True","numBoard":"0","numSteps":"0","numSpeed":"0.000000","numAccel":"0","numDecel":"0","currentPos":"0","startPos":"0","endPos":"0"}
[2026-01-14 16:18:00.760464] [debug] WebSocketServer: Broadcasting to 1 clients: {"server_time":"2026-01-14 16:18:00","timestamp":"1768396680760","isConnected":"True","numBoard":"0","numSteps":"0","numSpeed":"0.000000","numAccel":"0","numDecel":"0","currentPos":"0","startPos":"0","endPos":"0"}
[2026-01-14 16:18:01.761372] [debug] WebSocketServer: Broadcasting to 1 clients: {"server_time":"2026-01-14 16:18:01","timestamp":"1768396681761","isConnected":"True","numBoard":"0","numSteps":"0","numSpeed":"0.000000","numAccel":"0","numDecel":"0","currentPos":"0","startPos":"0","endPos":"0"}
[2026-01-14 16:18:02.761686] [debug] WebSocketServer: Broadcasting to 1 clients: {"server_time":"2026-01-14 16:18:02","timestamp":"1768396682761","isConnected":"True","numBoard":"0","numSteps":"0","numSpeed":"0.000000","numAccel":"0","numDecel":"0","currentPos":"0","startPos":"0","endPos":"0"}
[2026-01-14 16:18:03.762009] [debug] WebSocketServer: Broadcasting to 1 clients: {"server_time":"2026-01-14 16:18:03","timestamp":"1768396683761","isConnected":"True","numBoard":"0","numSteps":"0","numSpeed":"0.000000","numAccel":"0","numDecel":"0","currentPos":"0","startPos":"0","endPos":"0"}
[2026-01-14 16:18:04.762341] [debug] WebSocketServer: Broadcasting to 1 clients: {"server_time":"2026-01-14 16:18:04","timestamp":"1768396684762","isConnected":"True","numBoard":"0","numSteps":"0","numSpeed":"0.000000","numAccel":"0","numDecel":"0","currentPos":"0","startPos":"0","endPos":"0"}
[2026-01-14 16:18:05.762692] [debug] WebSocketServer: Broadcasting to 1 clients: {"server_time":"2026-01-14 16:18:05","timestamp":"1768396685762","isConnected":"True","numBoard":"0","numSteps":"0","numSpeed":"0.000000","numAccel":"0","numDecel":"0","currentPos":"0","startPos":"0","endPos":"0"}
[2026-01-14 16:18:06.763031] [debug] WebSocketServer: Broadcasting to 1 clients: {"server_time":"2026-01-14 16:18:06","timestamp":"1768396686762","isConnected":"True","numBoard":"0","numSteps":"0","numSpeed":"0.000000","numAccel":"0","numDecel":"0","currentPos":"0","startPos":"0","endPos":"0"}
[2026-01-14 16:18:07.763380] [debug] WebSocketServer: Broadcasting to 1 clients: {"server_time":"2026-01-14 16:18:07","timestamp":"1768396687763","isConnected":"True","numBoard":"0","numSteps":"0","numSpeed":"0.000000","numAccel":"0","numDecel":"0","currentPos":"0","startPos":"0","endPos":"0"}
[2026-01-14 16:18:08.763690] [debug] WebSocketServer: Broadcasting to 1 clients: {"server_time":"2026-01-14 16:18:08","timestamp":"1768396688763","isConnected":"True","numBoard":"0","numSteps":"0","numSpeed":"0.000000","numAccel":"0","numDecel":"0","currentPos":"0","startPos":"0","endPos":"0"}
[2026-01-14 16:18:09.763987] [debug] WebSocketServer: Broadcasting to 1 clients: {"server_time":"2026-01-14 16:18:09","timestamp":"1768396689763","isConnected":"True","numBoard":"0","numSteps":"0","numSpeed":"0.000000","numAccel":"0","numDecel":"0","currentPos":"0","startPos":"0","endPos":"0"}
[2026-01-14 16:18:10.764326] [debug] WebSocketServer: Broadcasting to 1 clients: {"server_time":"2026-01-14 16:18:10","timestamp":"1768396690764","isConnected":"True","numBoard":"0","numSteps":"0","numSpeed":"0.000000","numAccel":"0","numDecel":"0","currentPos":"0","startPos":"0","endPos":"0"}
[2026-01-14 16:18:11.764671] [debug] WebSocketServer: Broadcasting to 1 clients: {"server_time":"2026-01-14 16:18:11","timestamp":"1768396691764","isConnected":"True","numBoard":"0","numSteps":"0","numSpeed":"0.000000","numAccel":"0","numDecel":"0","currentPos":"0","startPos":"0","endPos":"0"}
[2026-01-14 16:18:12.765364] [debug] WebSocketServer: Broadcasting to 1 clients: {"server_time":"2026-01-14 16:18:12","timestamp":"1768396692765","isConnected":"True","numBoard":"0","numSteps":"0","numSpeed":"0.000000","numAccel":"0","numDecel":"0","currentPos":"0","startPos":"0","endPos":"0"}
[2026-01-14 16:18:13.765708] [debug] WebSocketServer: Broadcasting to 1 clients: {"server_time":"2026-01-14 16:18:13","timestamp":"1768396693765","isConnected":"True","numBoard":"0","numSteps":"0","numSpeed":"0.000000","numAccel":"0","numDecel":"0","currentPos":"0","startPos":"0","endPos":"0"}
[2026-01-14 16:18:14.765994] [debug] WebSocketServer: Broadcasting to 1 clients: {"server_time":"2026-01-14 16:18:14","timestamp":"1768396694765","isConnected":"True","numBoard":"0","numSteps":"0","numSpeed":"0.000000","numAccel":"0","numDecel":"0","currentPos":"0","startPos":"0","endPos":"0"}
[2026-01-14 16:18:15.766270] [debug] WebSocketServer: Broadcasting to 1 clients: {"server_time":"2026-01-14 16:18:15","timestamp":"1768396695766","isConnected":"True","numBoard":"0","numSteps":"0","numSpeed":"0.000000","numAccel":"0","numDecel":"0","currentPos":"0","startPos":"0","endPos":"0"}
[2026-01-14 16:18:16.766568] [debug] WebSocketServer: Broadcasting to 1 clients: {"server_time":"2026-01-14 16:18:16","timestamp":"1768396696766","isConnected":"True","numBoard":"0","numSteps":"0","numSpeed":"0.000000","numAccel":"0","numDecel":"0","currentPos":"0","startPos":"0","endPos":"0"}
[2026-01-14 16:18:17.766931] [debug] WebSocketServer: Broadcasting to 1 clients: {"server_time":"2026-01-14 16:18:17","timestamp":"1768396697766","isConnected":"True","numBoard":"0","numSteps":"0","numSpeed":"0.000000","numAccel":"0","numDecel":"0","currentPos":"0","startPos":"0","endPos":"0"}
[2026-01-14 16:18:18.767287] [debug] WebSocketServer: Broadcasting to 1 clients: {"server_time":"2026-01-14 16:18:18","timestamp":"1768396698767","isConnected":"True","numBoard":"0","numSteps":"0","numSpeed":"0.000000","numAccel":"0","numDecel":"0","currentPos":"0","startPos":"0","endPos":"0"}
[2026-01-14 16:18:19.767603] [debug] WebSocketServer: Broadcasting to 1 clients: {"server_time":"2026-01-14 16:18:19","timestamp":"1768396699767","isConnected":"True","numBoard":"0","numSteps":"0","numSpeed":"0.000000","numAccel":"0","numDecel":"0","currentPos":"0","startPos":"0","endPos":"0"}
[2026-01-14 16:18:20.767896] [debug] WebSocketServer: Broadcasting to 1 clients: {"server_time":"2026-01-14 16:18:20","timestamp":"1768396700767","isConnected":"True","numBoard":"0","numSteps":"0","numSpeed":"0.000000","numAccel":"0","numDecel":"0","currentPos":"0","startPos":"0","endPos":"0"}
[2026-01-14 16:18:21.768224] [debug] WebSocketServer: Broadcasting to 1 clients: {"server_time":"2026-01-14 16:18:21","timestamp":"1768396701768","isConnected":"True","numBoard":"0","numSteps":"0","numSpeed":"0.000000","numAccel":"0","numDecel":"0","currentPos":"0","startPos":"0","endPos":"0"}
[2026-01-14 16:18:22.768567] [debug] WebSocketServer: Broadcasting to 1 clients: {"server_time":"2026-01-14 16:18:22","timestamp":"1768396702768","isConnected":"True","numBoard":"0","numSteps":"0","numSpeed":"0.000000","numAccel":"0","numDecel":"0","currentPos":"0","startPos":"0","endPos":"0"}
[2026-01-14 16:18:23.768939] [debug] WebSocketServer: Broadcasting to 1 clients: {"server_time":"2026-01-14 16:18:23","timestamp":"1768396703768","isConnected":"True","numBoard":"0","numSteps":"0","numSpeed":"0.000000","numAccel":"0","numDecel":"0","currentPos":"0","startPos":"0","endPos":"0"}
[2026-01-14 16:18:24.769368] [debug] WebSocketServer: Broadcasting to 1 clients: {"server_time":"2026-01-14 16:18:24","timestamp":"1768396704769","isConnected":"True","numBoard":"0","numSteps":"0","numSpeed":"0.000000","numAccel":"0","numDecel":"0","currentPos":"0","startPos":"0","endPos":"0"}
[2026-01-14 16:18:25.769868] [debug] WebSocketServer: Broadcasting to 1 clients: {"server_time":"2026-01-14 16:18:25","timestamp":"1768396705769","isConnected":"True","numBoard":"0","numSteps":"0","numSpeed":"0.000000","numAccel":"0","numDecel":"0","currentPos":"0","startPos":"0","endPos":"0"}
[2026-01-14 16:18:26.770412] [debug] WebSocketServer: Broadcasting to 1 clients: {"server_time":"2026-01-14 16:18:26","timestamp":"1768396706770","isConnected":"True","numBoard":"0","numSteps":"0","numSpeed":"0.000000","numAccel":"0","numDecel":"0","currentPos":"0","startPos":"0","endPos":"0"}
[2026-01-14 16:18:27.770733] [debug] WebSocketServer: Broadcasting to 1 clients: {"server_time":"2026-01-14 16:18:27","timestamp":"1768396707770","isConnected":"True","numBoard":"0","numSteps":"0","numSpeed":"0.000000","numAccel":"0","numDecel":"0","currentPos":"0","startPos":"0","endPos":"0"}
[2026-01-14 16:18:28.770980] [debug] WebSocketServer: Broadcasting to 1 clients: {"server_time":"2026-01-14 16:18:28","timestamp":"1768396708770","isConnected":"True","numBoard":"0","numSteps":"0","numSpeed":"0.000000","numAccel":"0","numDecel":"0","currentPos":"0","startPos":"0","endPos":"0"}
[2026-01-14 16:18:29.771246] [debug] WebSocketServer: Broadcasting to 1 clients: {"server_time":"2026-01-14 16:18:29","timestamp":"1768396709771","isConnected":"True","numBoard":"0","numSteps":"0","numSpeed":"0.000000","numAccel":"0","numDecel":"0","currentPos":"0","startPos":"0","endPos":"0"}
[2026-01-14 16:18:30.771506] [debug] WebSocketServer: Broadcasting to 1 clients: {"server_time":"2026-01-14 16:18:30","timestamp":"1768396710771","isConnected":"True","numBoard":"0","numSteps":"0","numSpeed":"0.000000","numAccel":"0","numDecel":"0","currentPos":"0","startPos":"0","endPos":"0"}
[2026-01-14 16:18:31.771782] [debug] WebSocketServer: Broadcasting to 1 clients: {"server_time":"2026-01-14 16:18:31","timestamp":"1768396711771","isConnected":"True","numBoard":"0","numSteps":"0","numSpeed":"0.000000","numAccel":"0","numDecel":"0","currentPos":"0","startPos":"0","endPos":"0"}
[2026-01-14 16:18:32.772056] [debug] WebSocketServer: Broadcasting to 1 clients: {"server_time":"2026-01-14 16:18:32","timestamp":"1768396712772","isConnected":"True","numBoard":"0","numSteps":"0","numSpeed":"0.000000","numAccel":"0","numDecel":"0","currentPos":"0","startPos":"0","endPos":"0"}
[2026-01-14 16:18:33.772369] [debug] WebSocketServer: Broadcasting to 1 clients: {"server_time":"2026-01-14 16:18:33","timestamp":"1768396713772","isConnected":"True","numBoard":"0","numSteps":"0","numSpeed":"0.000000","numAccel":"0","numDecel":"0","currentPos":"0","startPos":"0","endPos":"0"}
[2026-01-14 16:18:34.772651] [debug] WebSocketServer: Broadcasting to 1 clients: {"server_time":"2026-01-14 16:18:34","timestamp":"1768396714772","isConnected":"True","numBoard":"0","numSteps":"0","numSpeed":"0.000000","numAccel":"0","numDecel":"0","currentPos":"0","startPos":"0","endPos":"0"}
[2026-01-14 16:18:35.772953] [debug] WebSocketServer: Broadcasting to 1 clients: {"server_time":"2026-01-14 16:18:35","timestamp":"1768396715772","isConnected":"True","numBoard":"0","numSteps":"0","numSpeed":"0.000000","numAccel":"0","numDecel":"0","currentPos":"0","startPos":"0","endPos":"0"}
[2026-01-14 16:18:36.773252] [debug] WebSocketServer: Broadcasting to 1 clients: {"server_time":"2026-01-14 16:18:36","timestamp":"1768396716773","isConnected":"True","numBoard":"0","numSteps":"0","numSpeed":"0.000000","numAccel":"0","numDecel":"0","currentPos":"0","startPos":"0","endPos":"0"}
[2026-01-14 16:18:37.773590] [debug] WebSocketServer: Broadcasting to 1 clients: {"server_time":"2026-01-14 16:18:37","timestamp":"1768396717773","isConnected":"True","numBoard":"0","numSteps":"0","numSpeed":"0.000000","numAccel":"0","numDecel":"0","currentPos":"0","startPos":"0","endPos":"0"}
[2026-01-14 16:18:38.773872] [debug] WebSocketServer: Broadcasting to 1 clients: {"server_time":"2026-01-14 16:18:38","timestamp":"1768396718773","isConnected":"True","numBoard":"0","numSteps":"0","numSpeed":"0.000000","numAccel":"0","numDecel":"0","currentPos":"0","startPos":"0","endPos":"0"}
[2026-01-14 16:18:39.774167] [debug] WebSocketServer: Broadcasting to 1 clients: {"server_time":"2026-01-14 16:18:39","timestamp":"1768396719774","isConnected":"True","numBoard":"0","numSteps":"0","numSpeed":"0.000000","numAccel":"0","numDecel":"0","currentPos":"0","startPos":"0","endPos":"0"}
[2026-01-14 16:18:40.774521] [debug] WebSocketServer: Broadcasting to 1 clients: {"server_time":"2026-01-14 16:18:40","timestamp":"1768396720774","isConnected":"True","numBoard":"0","numSteps":"0","numSpeed":"0.000000","numAccel":"0","numDecel":"0","currentPos":"0","startPos":"0","endPos":"0"}
[2026-01-14 16:18:41.774835] [debug] WebSocketServer: Broadcasting to 1 clients: {"server_time":"2026-01-14 16:18:41","timestamp":"1768396721774","isConnected":"True","numBoard":"0","numSteps":"0","numSpeed":"0.000000","numAccel":"0","numDecel":"0","currentPos":"0","startPos":"0","endPos":"0"}
[2026-01-14 16:18:42.775144] [debug] WebSocketServer: Broadcasting to 1 clients: {"server_time":"2026-01-14 16:18:42","timestamp":"1768396722775","isConnected":"True","numBoard":"0","numSteps":"0","numSpeed":"0.000000","numAccel":"0","numDecel":"0","currentPos":"0","startPos":"0","endPos":"0"}
[2026-01-14 16:18:43.775511] [debug] WebSocketServer: Broadcasting to 1 clients: {"server_time":"2026-01-14 16:18:43","timestamp":"1768396723775","isConnected":"True","numBoard":"0","numSteps":"0","numSpeed":"0.000000","numAccel":"0","numDecel":"0","currentPos":"0","startPos":"0","endPos":"0"}
[2026-01-14 16:18:44.775890] [debug] WebSocketServer: Broadcasting to 1 clients: {"server_time":"2026-01-14 16:18:44","timestamp":"1768396724775","isConnected":"True","numBoard":"0","numSteps":"0","numSpeed":"0.000000","numAccel":"0","numDecel":"0","currentPos":"0","startPos":"0","endPos":"0"}
[2026-01-14 16:18:45.776204] [debug] WebSocketServer: Broadcasting to 1 clients: {"server_time":"2026-01-14 16:18:45","timestamp":"1768396725776","isConnected":"True","numBoard":"0","numSteps":"0","numSpeed":"0.000000","numAccel":"0","numDecel":"0","currentPos":"0","startPos":"0","endPos":"0"}
[2026-01-14 16:18:46.776529] [debug] WebSocketServer: Broadcasting to 1 clients: {"server_time":"2026-01-14 16:18:46","timestamp":"1768396726776","isConnected":"True","numBoard":"0","numSteps":"0","numSpeed":"0.000000","numAccel":"0","numDecel":"0","currentPos":"0","startPos":"0","endPos":"0"}
[2026-01-14 16:18:47.776965] [debug] WebSocketServer: Broadcasting to 1 clients: {"server_time":"2026-01-14 16:18:47","timestamp":"1768396727776","isConnected":"True","numBoard":"0","numSteps":"0","numSpeed":"0.000000","numAccel":"0","numDecel":"0","currentPos":"0","startPos":"0","endPos":"0"}
[2026-01-14 16:18:48.777250] [debug] WebSocketServer: Broadcasting to 1 clients: {"server_time":"2026-01-14 16:18:48","timestamp":"1768396728777","isConnected":"True","numBoard":"0","numSteps":"0","numSpeed":"0.000000","numAccel":"0","numDecel":"0","currentPos":"0","startPos":"0","endPos":"0"}
[2026-01-14 16:18:49.778251] [debug] WebSocketServer: Broadcasting to 1 clients: {"server_time":"2026-01-14 16:18:49","timestamp":"1768396729778","isConnected":"True","numBoard":"0","numSteps":"0","numSpeed":"0.000000","numAccel":"0","numDecel":"0","currentPos":"0","startPos":"0","endPos":"0"}
[2026-01-14 16:18:50.778571] [debug] WebSocketServer: Broadcasting to 1 clients: {"server_time":"2026-01-14 16:18:50","timestamp":"1768396730778","isConnected":"True","numBoard":"0","numSteps":"0","numSpeed":"0.000000","numAccel":"0","numDecel":"0","currentPos":"0","startPos":"0","endPos":"0"}
[2026-01-14 16:18:51.778860] [debug] WebSocketServer: Broadcasting to 1 clients: {"server_time":"2026-01-14 16:18:51","timestamp":"1768396731778","isConnected":"True","numBoard":"0","numSteps":"0","numSpeed":"0.000000","numAccel":"0","numDecel":"0","currentPos":"0","startPos":"0","endPos":"0"}
[2026-01-14 16:18:52.779147] [debug] WebSocketServer: Broadcasting to 1 clients: {"server_time":"2026-01-14 16:18:52","timestamp":"1768396732779","isConnected":"True","numBoard":"0","numSteps":"0","numSpeed":"0.000000","numAccel":"0","numDecel":"0","currentPos":"0","startPos":"0","endPos":"0"}
[2026-01-14 16:18:53.780047] [debug] WebSocketServer: Broadcasting to 1 clients: {"server_time":"2026-01-14 16:18:53","timestamp":"1768396733779","isConnected":"True","numBoard":"0","numSteps":"0","numSpeed":"0.000000","numAccel":"0","numDecel":"0","currentPos":"0","startPos":"0","endPos":"0"}
[2026-01-14 16:18:54.780888] [debug] WebSocketServer: Broadcasting to 1 clients: {"server_time":"2026-01-14 16:18:54","timestamp":"1768396734780","isConnected":"True","numBoard":"0","numSteps":"0","numSpeed":"0.000000","numAccel":"0","numDecel":"0","currentPos":"0","startPos":"0","endPos":"0"}
[2026-01-14 16:18:55.781278] [debug] WebSocketServer: Broadcasting to 1 clients: {"server_time":"2026-01-14 16:18:55","timestamp":"1768396735781","isConnected":"True","numBoard":"0","numSteps":"0","numSpeed":"0.000000","numAccel":"0","numDecel":"0","currentPos":"0","startPos":"0","endPos":"0"}
[2026-01-14 16:18:56.781579] [debug] WebSocketServer: Broadcasting to 1 clients: {"server_time":"2026-01-14 16:18:56","timestamp":"1768396736781","isConnected":"True","numBoard":"0","numSteps":"0","numSpeed":"0.000000","numAccel":"0","numDecel":"0","currentPos":"0","startPos":"0","endPos":"0"}
[2026-01-14 16:18:57.782477] [debug] WebSocketServer: Broadcasting to 1 clients: {"server_time":"2026-01-14 16:18:57","timestamp":"1768396737782","isConnected":"True","numBoard":"0","numSteps":"0","numSpeed":"0.000000","numAccel":"0","numDecel":"0","currentPos":"0","startPos":"0","endPos":"0"}
[2026-01-14 16:18:58.782792] [debug] WebSocketServer: Broadcasting to 1 clients: {"server_time":"2026-01-14 16:18:58","timestamp":"1768396738782","isConnected":"True","numBoard":"0","numSteps":"0","numSpeed":"0.000000","numAccel":"0","numDecel":"0","currentPos":"0","startPos":"0","endPos":"0"}
[2026-01-14 16:18:59.783070] [debug] WebSocketServer: Broadcasting to 1 clients: {"server_time":"2026-01-14 16:18:59","timestamp":"1768396739783","isConnected":"True","numBoard":"0","numSteps":"0","numSpeed":"0.000000","numAccel":"0","numDecel":"0","currentPos":"0","startPos":"0","endPos":"0"}
[2026-01-14 16:19:00.783350] [debug] WebSocketServer: Broadcasting to 1 clients: {"server_time":"2026-01-14 16:19:00","timestamp":"1768396740783","isConnected":"True","numBoard":"0","numSteps":"0","numSpeed":"0.000000","numAccel":"0","numDecel":"0","currentPos":"0","startPos":"0","endPos":"0"}
[2026-01-14 16:19:01.783635] [debug] WebSocketServer: Broadcasting to 1 clients: {"server_time":"2026-01-14 16:19:01","timestamp":"1768396741783","isConnected":"True","numBoard":"0","numSteps":"0","numSpeed":"0.000000","numAccel":"0","numDecel":"0","currentPos":"0","startPos":"0","endPos":"0"}
[2026-01-14 16:19:02.783920] [debug] WebSocketServer: Broadcasting to 1 clients: {"server_time":"2026-01-14 16:19:02","timestamp":"1768396742783","isConnected":"True","numBoard":"0","numSteps":"0","numSpeed":"0.000000","numAccel":"0","numDecel":"0","currentPos":"0","startPos":"0","endPos":"0"}
[2026-01-14 16:19:03.784198] [debug] WebSocketServer: Broadcasting to 1 clients: {"server_time":"2026-01-14 16:19:03","timestamp":"1768396743784","isConnected":"True","numBoard":"0","numSteps":"0","numSpeed":"0.000000","numAccel":"0","numDecel":"0","currentPos":"0","startPos":"0","endPos":"0"}
[2026-01-14 16:19:04.784485] [debug] WebSocketServer: Broadcasting to 1 clients: {"server_time":"2026-01-14 16:19:04","timestamp":"1768396744784","isConnected":"True","numBoard":"0","numSteps":"0","numSpeed":"0.000000","numAccel":"0","numDecel":"0","currentPos":"0","startPos":"0","endPos":"0"}
[2026-01-14 16:19:05.784764] [debug] WebSocketServer: Broadcasting to 1 clients: {"server_time":"2026-01-14 16:19:05","timestamp":"1768396745784","isConnected":"True","numBoard":"0","numSteps":"0","numSpeed":"0.000000","numAccel":"0","numDecel":"0","currentPos":"0","startPos":"0","endPos":"0"}
[2026-01-14 16:19:06.785164] [debug] WebSocketServer: Broadcasting to 1 clients: {"server_time":"2026-01-14 16:19:06","timestamp":"1768396746785","isConnected":"True","numBoard":"0","numSteps":"0","numSpeed":"0.000000","numAccel":"0","numDecel":"0","currentPos":"0","startPos":"0","endPos":"0"}
[2026-01-14 16:19:07.785628] [debug] WebSocketServer: Broadcasting to 1 clients: {"server_time":"2026-01-14 16:19:07","timestamp":"1768396747785","isConnected":"True","numBoard":"0","numSteps":"0","numSpeed":"0.000000","numAccel":"0","numDecel":"0","currentPos":"0","startPos":"0","endPos":"0"}
[2026-01-14 16:19:08.785981] [debug] WebSocketServer: Broadcasting to 1 clients: {"server_time":"2026-01-14 16:19:08","timestamp":"1768396748785","isConnected":"True","numBoard":"0","numSteps":"0","numSpeed":"0.000000","numAccel":"0","numDecel":"0","currentPos":"0","startPos":"0","endPos":"0"}
[2026-01-14 16:19:09.322496] [info] POST /api/steps/set {"numSteps":1000}
[2026-01-14 16:19:09.690526] [info] POST /api/speed/set {"numSpeed":10}
[2026-01-14 16:19:09.786460] [debug] WebSocketServer: Broadcasting to 1 clients: {"server_time":"2026-01-14 16:19:09","timestamp":"1768396749786","isConnected":"True","numBoard":"0","numSteps":"1000","numSpeed":"10.000000","numAccel":"0","numDecel":"0","currentPos":"0","startPos":"0","endPos":"0"}
[2026-01-14 16:19:10.010508] [info] POST /api/accel/set {"numAccel":10}
[2026-01-14 16:19:10.314500] [info] POST /api/decel/set {"numDecel":10}
[2026-01-14 16:19:10.706504] [info] GET /api/move/backward
[2026-01-14 16:19:10.786805] [debug] WebSocketServer: Broadcasting to 1 clients: {"server_time":"2026-01-14 16:19:10","timestamp":"1768396750786","isConnected":"True","numBoard":"0","numSteps":"1000","numSpeed":"10.000000","numAccel":"10","numDecel":"10","currentPos":"0","startPos":"0","endPos":"0"}
[2026-01-14 16:19:11.787178] [debug] WebSocketServer: Broadcasting to 1 clients: {"server_time":"2026-01-14 16:19:11","timestamp":"1768396751787","isConnected":"True","numBoard":"0","numSteps":"1000","numSpeed":"10.000000","numAccel":"10","numDecel":"10","currentPos":"0","startPos":"0","endPos":"0"}
[2026-01-14 16:19:12.787559] [debug] WebSocketServer: Broadcasting to 1 clients: {"server_time":"2026-01-14 16:19:12","timestamp":"1768396752787","isConnected":"True","numBoard":"0","numSteps":"1000","numSpeed":"10.000000","numAccel":"10","numDecel":"10","currentPos":"0","startPos":"0","endPos":"0"}
[2026-01-14 16:19:13.787955] [debug] WebSocketServer: Broadcasting to 1 clients: {"server_time":"2026-01-14 16:19:13","timestamp":"1768396753787","isConnected":"True","numBoard":"0","numSteps":"1000","numSpeed":"10.000000","numAccel":"10","numDecel":"10","currentPos":"0","startPos":"0","endPos":"0"}
[2026-01-14 16:19:14.788236] [debug] WebSocketServer: Broadcasting to 1 clients: {"server_time":"2026-01-14 16:19:14","timestamp":"1768396754788","isConnected":"True","numBoard":"0","numSteps":"1000","numSpeed":"10.000000","numAccel":"10","numDecel":"10","currentPos":"0","startPos":"0","endPos":"0"}
[2026-01-14 16:19:14.993717] [info] WebSocket client disconnected (ENOTCONN)
[2026-01-14 16:19:14.993811] [info] Session removed. Active clients: 0
[2026-01-14 16:19:14.993846] [info] WebSocket session destroyed
