[2025-12-05 15:52:09.854114] [info] RestApiServer created on port 8080
[2025-12-05 15:52:09.854376] [info] WebSocketServer created on port 8081
[2025-12-05 15:52:09.854521] [info] WebSocketServer: Started auto updates with interval 1000ms
[2025-12-05 15:52:09.854518] [info] WebSocketServer starting on port 8081
[2025-12-05 15:52:09.854565] [info] Run RestApiServer on port 8080
[2025-12-05 15:52:09.854586] [info] WebSocketServer: Auto update worker started
[2025-12-05 15:52:15.010837] [info] WebSocket client connected. Total clients: 1
[2025-12-05 15:52:15.855647] [debug] WebSocketServer: Broadcasting to 1 clients: {"server_time":"2025-12-05 15:52:15","timestamp":"1764939135855","isConnected":"False","running":"False","numBoard":"0","numSteps":"0","numSpeed":"0.000000","numAccel":"0","numDecel":"0","currentPos":"0","startPos":"0","endPos":"0"}
[2025-12-05 15:52:16.855986] [debug] WebSocketServer: Broadcasting to 1 clients: {"server_time":"2025-12-05 15:52:16","timestamp":"1764939136855","isConnected":"False","running":"False","numBoard":"0","numSteps":"0","numSpeed":"0.000000","numAccel":"0","numDecel":"0","currentPos":"0","startPos":"0","endPos":"0"}
[2025-12-05 15:52:17.856273] [debug] WebSocketServer: Broadcasting to 1 clients: {"server_time":"2025-12-05 15:52:17","timestamp":"1764939137856","isConnected":"False","running":"False","numBoard":"0","numSteps":"0","numSpeed":"0.000000","numAccel":"0","numDecel":"0","currentPos":"0","startPos":"0","endPos":"0"}
[2025-12-05 15:52:18.856574] [debug] WebSocketServer: Broadcasting to 1 clients: {"server_time":"2025-12-05 15:52:18","timestamp":"1764939138856","isConnected":"False","running":"False","numBoard":"0","numSteps":"0","numSpeed":"0.000000","numAccel":"0","numDecel":"0","currentPos":"0","startPos":"0","endPos":"0"}
[2025-12-05 15:52:19.856879] [debug] WebSocketServer: Broadcasting to 1 clients: {"server_time":"2025-12-05 15:52:19","timestamp":"1764939139856","isConnected":"False","running":"False","numBoard":"0","numSteps":"0","numSpeed":"0.000000","numAccel":"0","numDecel":"0","currentPos":"0","startPos":"0","endPos":"0"}
[2025-12-05 15:52:20.648847] [info] GET /api/connect
[2025-12-05 15:52:20.857223] [debug] WebSocketServer: Broadcasting to 1 clients: {"server_time":"2025-12-05 15:52:20","timestamp":"1764939140857","isConnected":"True","running":"False","numBoard":"0","numSteps":"0","numSpeed":"0.000000","numAccel":"0","numDecel":"0","currentPos":"0","startPos":"0","endPos":"0"}
[2025-12-05 15:52:21.857516] [debug] WebSocketServer: Broadcasting to 1 clients: {"server_time":"2025-12-05 15:52:21","timestamp":"1764939141857","isConnected":"True","running":"False","numBoard":"0","numSteps":"0","numSpeed":"0.000000","numAccel":"0","numDecel":"0","currentPos":"0","startPos":"0","endPos":"0"}
[2025-12-05 15:52:22.413770] [info] POST /api/board/set {"numBoard":16}
[2025-12-05 15:52:22.858004] [debug] WebSocketServer: Broadcasting to 1 clients: {"server_time":"2025-12-05 15:52:22","timestamp":"1764939142857","isConnected":"True","running":"False","numBoard":"16","numSteps":"0","numSpeed":"0.000000","numAccel":"0","numDecel":"0","currentPos":"0","startPos":"0","endPos":"0"}
[2025-12-05 15:52:23.858320] [debug] WebSocketServer: Broadcasting to 1 clients: {"server_time":"2025-12-05 15:52:23","timestamp":"1764939143858","isConnected":"True","running":"False","numBoard":"16","numSteps":"0","numSpeed":"0.000000","numAccel":"0","numDecel":"0","currentPos":"0","startPos":"0","endPos":"0"}
[2025-12-05 15:52:24.545782] [info] POST /api/steps/set {"numSteps":1000}
[2025-12-05 15:52:24.858788] [debug] WebSocketServer: Broadcasting to 1 clients: {"server_time":"2025-12-05 15:52:24","timestamp":"1764939144858","isConnected":"True","running":"False","numBoard":"16","numSteps":"1000","numSpeed":"0.000000","numAccel":"0","numDecel":"0","currentPos":"0","startPos":"0","endPos":"0"}
[2025-12-05 15:52:25.859184] [debug] WebSocketServer: Broadcasting to 1 clients: {"server_time":"2025-12-05 15:52:25","timestamp":"1764939145859","isConnected":"True","running":"False","numBoard":"16","numSteps":"1000","numSpeed":"0.000000","numAccel":"0","numDecel":"0","currentPos":"0","startPos":"0","endPos":"0"}
[2025-12-05 15:52:26.859714] [debug] WebSocketServer: Broadcasting to 1 clients: {"server_time":"2025-12-05 15:52:26","timestamp":"1764939146859","isConnected":"True","running":"False","numBoard":"16","numSteps":"1000","numSpeed":"0.000000","numAccel":"0","numDecel":"0","currentPos":"0","startPos":"0","endPos":"0"}
[2025-12-05 15:52:27.033786] [info] POST /api/speed/set {"numSpeed":10}
[2025-12-05 15:52:27.860049] [debug] WebSocketServer: Broadcasting to 1 clients: {"server_time":"2025-12-05 15:52:27","timestamp":"1764939147859","isConnected":"True","running":"False","numBoard":"16","numSteps":"1000","numSpeed":"10.000000","numAccel":"0","numDecel":"0","currentPos":"0","startPos":"0","endPos":"0"}
[2025-12-05 15:52:28.860332] [debug] WebSocketServer: Broadcasting to 1 clients: {"server_time":"2025-12-05 15:52:28","timestamp":"1764939148860","isConnected":"True","running":"False","numBoard":"16","numSteps":"1000","numSpeed":"10.000000","numAccel":"0","numDecel":"0","currentPos":"0","startPos":"0","endPos":"0"}
[2025-12-05 15:52:29.137805] [info] POST /api/accel/set {"numAccel":10}
[2025-12-05 15:52:29.860621] [debug] WebSocketServer: Broadcasting to 1 clients: {"server_time":"2025-12-05 15:52:29","timestamp":"1764939149860","isConnected":"True","running":"False","numBoard":"16","numSteps":"1000","numSpeed":"10.000000","numAccel":"10","numDecel":"0","currentPos":"0","startPos":"0","endPos":"0"}
[2025-12-05 15:52:30.377787] [info] POST /api/decel/set {"numDecel":10}
[2025-12-05 15:52:30.861230] [debug] WebSocketServer: Broadcasting to 1 clients: {"server_time":"2025-12-05 15:52:30","timestamp":"1764939150861","isConnected":"True","running":"False","numBoard":"16","numSteps":"1000","numSpeed":"10.000000","numAccel":"10","numDecel":"10","currentPos":"0","startPos":"0","endPos":"0"}
[2025-12-05 15:52:31.337784] [info] GET /api/move/forward
[2025-12-05 15:52:31.861534] [debug] WebSocketServer: Broadcasting to 1 clients: {"server_time":"2025-12-05 15:52:31","timestamp":"1764939151861","isConnected":"True","running":"False","numBoard":"16","numSteps":"1000","numSpeed":"10.000000","numAccel":"10","numDecel":"10","currentPos":"0","startPos":"0","endPos":"0"}
[2025-12-05 15:52:32.862107] [debug] WebSocketServer: Broadcasting to 1 clients: {"server_time":"2025-12-05 15:52:32","timestamp":"1764939152862","isConnected":"True","running":"False","numBoard":"16","numSteps":"1000","numSpeed":"10.000000","numAccel":"10","numDecel":"10","currentPos":"0","startPos":"0","endPos":"0"}
[2025-12-05 15:52:33.862461] [debug] WebSocketServer: Broadcasting to 1 clients: {"server_time":"2025-12-05 15:52:33","timestamp":"1764939153862","isConnected":"True","running":"False","numBoard":"16","numSteps":"1000","numSpeed":"10.000000","numAccel":"10","numDecel":"10","currentPos":"0","startPos":"0","endPos":"0"}
[2025-12-05 15:52:34.025802] [info] GET /api/move/backward
[2025-12-05 15:52:34.862786] [debug] WebSocketServer: Broadcasting to 1 clients: {"server_time":"2025-12-05 15:52:34","timestamp":"1764939154862","isConnected":"True","running":"False","numBoard":"16","numSteps":"1000","numSpeed":"10.000000","numAccel":"10","numDecel":"10","currentPos":"0","startPos":"0","endPos":"0"}
[2025-12-05 15:52:35.863099] [debug] WebSocketServer: Broadcasting to 1 clients: {"server_time":"2025-12-05 15:52:35","timestamp":"1764939155863","isConnected":"True","running":"False","numBoard":"16","numSteps":"1000","numSpeed":"10.000000","numAccel":"10","numDecel":"10","currentPos":"0","startPos":"0","endPos":"0"}
[2025-12-05 15:52:36.863466] [debug] WebSocketServer: Broadcasting to 1 clients: {"server_time":"2025-12-05 15:52:36","timestamp":"1764939156863","isConnected":"True","running":"False","numBoard":"16","numSteps":"1000","numSpeed":"10.000000","numAccel":"10","numDecel":"10","currentPos":"0","startPos":"0","endPos":"0"}
[2025-12-05 15:52:37.489791] [info] GET /api/homing/zero
[2025-12-05 15:52:37.864143] [debug] WebSocketServer: Broadcasting to 1 clients: {"server_time":"2025-12-05 15:52:37","timestamp":"1764939157864","isConnected":"True","running":"False","numBoard":"16","numSteps":"1000","numSpeed":"10.000000","numAccel":"10","numDecel":"10","currentPos":"0","startPos":"0","endPos":"0"}
[2025-12-05 15:52:38.864451] [debug] WebSocketServer: Broadcasting to 1 clients: {"server_time":"2025-12-05 15:52:38","timestamp":"1764939158864","isConnected":"True","running":"False","numBoard":"16","numSteps":"1000","numSpeed":"10.000000","numAccel":"10","numDecel":"10","currentPos":"0","startPos":"0","endPos":"0"}
[2025-12-05 15:52:38.969810] [info] GET /api/homing/max
[2025-12-05 15:52:39.864754] [debug] WebSocketServer: Broadcasting to 1 clients: {"server_time":"2025-12-05 15:52:39","timestamp":"1764939159864","isConnected":"True","running":"False","numBoard":"16","numSteps":"1000","numSpeed":"10.000000","numAccel":"10","numDecel":"10","currentPos":"0","startPos":"0","endPos":"0"}
[2025-12-05 15:52:39.961803] [info] GET /api/homing/max
[2025-12-05 15:52:40.817801] [info] GET /api/homing/max
[2025-12-05 15:52:40.865052] [debug] WebSocketServer: Broadcasting to 1 clients: {"server_time":"2025-12-05 15:52:40","timestamp":"1764939160864","isConnected":"True","running":"False","numBoard":"16","numSteps":"1000","numSpeed":"10.000000","numAccel":"10","numDecel":"10","currentPos":"0","startPos":"0","endPos":"0"}
[2025-12-05 15:52:41.865356] [debug] WebSocketServer: Broadcasting to 1 clients: {"server_time":"2025-12-05 15:52:41","timestamp":"1764939161865","isConnected":"True","running":"False","numBoard":"16","numSteps":"1000","numSpeed":"10.000000","numAccel":"10","numDecel":"10","currentPos":"0","startPos":"0","endPos":"0"}
[2025-12-05 15:52:42.865665] [debug] WebSocketServer: Broadcasting to 1 clients: {"server_time":"2025-12-05 15:52:42","timestamp":"1764939162865","isConnected":"True","running":"False","numBoard":"16","numSteps":"1000","numSpeed":"10.000000","numAccel":"10","numDecel":"10","currentPos":"0","startPos":"0","endPos":"0"}
[2025-12-05 15:52:43.817824] [info] GET /api/debug/on
[2025-12-05 15:52:43.865980] [debug] WebSocketServer: Broadcasting to 1 clients: {"server_time":"2025-12-05 15:52:43","timestamp":"1764939163865","isConnected":"True","running":"False","numBoard":"16","numSteps":"1000","numSpeed":"10.000000","numAccel":"10","numDecel":"10","currentPos":"0","startPos":"0","endPos":"0"}
[2025-12-05 15:52:44.617809] [info] GET /api/homing/max
[2025-12-05 15:52:44.866284] [debug] WebSocketServer: Broadcasting to 1 clients: {"server_time":"2025-12-05 15:52:44","timestamp":"1764939164866","isConnected":"True","running":"False","numBoard":"16","numSteps":"1000","numSpeed":"10.000000","numAccel":"10","numDecel":"10","currentPos":"0","startPos":"0","endPos":"0"}
[2025-12-05 15:52:45.553812] [info] GET /api/homing/max
[2025-12-05 15:52:45.866610] [debug] WebSocketServer: Broadcasting to 1 clients: {"server_time":"2025-12-05 15:52:45","timestamp":"1764939165866","isConnected":"True","running":"False","numBoard":"16","numSteps":"1000","numSpeed":"10.000000","numAccel":"10","numDecel":"10","currentPos":"0","startPos":"0","endPos":"0"}
[2025-12-05 15:52:46.097844] [info] GET /api/homing/max
[2025-12-05 15:52:46.745812] [info] GET /api/homing/max
[2025-12-05 15:52:46.867116] [debug] WebSocketServer: Broadcasting to 1 clients: {"server_time":"2025-12-05 15:52:46","timestamp":"1764939166867","isConnected":"True","running":"False","numBoard":"16","numSteps":"1000","numSpeed":"10.000000","numAccel":"10","numDecel":"10","currentPos":"0","startPos":"0","endPos":"0"}
[2025-12-05 15:52:47.867423] [debug] WebSocketServer: Broadcasting to 1 clients: {"server_time":"2025-12-05 15:52:47","timestamp":"1764939167867","isConnected":"True","running":"False","numBoard":"16","numSteps":"1000","numSpeed":"10.000000","numAccel":"10","numDecel":"10","currentPos":"0","startPos":"0","endPos":"0"}
[2025-12-05 15:52:48.867822] [debug] WebSocketServer: Broadcasting to 1 clients: {"server_time":"2025-12-05 15:52:48","timestamp":"1764939168867","isConnected":"True","running":"False","numBoard":"16","numSteps":"1000","numSpeed":"10.000000","numAccel":"10","numDecel":"10","currentPos":"0","startPos":"0","endPos":"0"}
[2025-12-05 15:52:49.868348] [debug] WebSocketServer: Broadcasting to 1 clients: {"server_time":"2025-12-05 15:52:49","timestamp":"1764939169868","isConnected":"True","running":"False","numBoard":"16","numSteps":"1000","numSpeed":"10.000000","numAccel":"10","numDecel":"10","currentPos":"0","startPos":"0","endPos":"0"}
[2025-12-05 15:52:50.289836] [info] GET /api/homing/max
[2025-12-05 15:52:50.868645] [debug] WebSocketServer: Broadcasting to 1 clients: {"server_time":"2025-12-05 15:52:50","timestamp":"1764939170868","isConnected":"True","running":"False","numBoard":"16","numSteps":"1000","numSpeed":"10.000000","numAccel":"10","numDecel":"10","currentPos":"0","startPos":"0","endPos":"0"}
[2025-12-05 15:52:51.257816] [info] GET /api/homing/max
[2025-12-05 15:52:51.868942] [debug] WebSocketServer: Broadcasting to 1 clients: {"server_time":"2025-12-05 15:52:51","timestamp":"1764939171868","isConnected":"True","running":"False","numBoard":"16","numSteps":"1000","numSpeed":"10.000000","numAccel":"10","numDecel":"10","currentPos":"0","startPos":"0","endPos":"0"}
[2025-12-05 15:52:52.569826] [info] GET /api/move/stop
[2025-12-05 15:52:52.869592] [debug] WebSocketServer: Broadcasting to 1 clients: {"server_time":"2025-12-05 15:52:52","timestamp":"1764939172869","isConnected":"True","running":"False","numBoard":"16","numSteps":"1000","numSpeed":"10.000000","numAccel":"10","numDecel":"10","currentPos":"0","startPos":"0","endPos":"0"}
[2025-12-05 15:52:53.870114] [debug] WebSocketServer: Broadcasting to 1 clients: {"server_time":"2025-12-05 15:52:53","timestamp":"1764939173870","isConnected":"True","running":"False","numBoard":"16","numSteps":"1000","numSpeed":"10.000000","numAccel":"10","numDecel":"10","currentPos":"0","startPos":"0","endPos":"0"}
[2025-12-05 15:52:54.870870] [debug] WebSocketServer: Broadcasting to 1 clients: {"server_time":"2025-12-05 15:52:54","timestamp":"1764939174870","isConnected":"True","running":"False","numBoard":"16","numSteps":"1000","numSpeed":"10.000000","numAccel":"10","numDecel":"10","currentPos":"0","startPos":"0","endPos":"0"}
[2025-12-05 15:52:55.871193] [debug] WebSocketServer: Broadcasting to 1 clients: {"server_time":"2025-12-05 15:52:55","timestamp":"1764939175871","isConnected":"True","running":"False","numBoard":"16","numSteps":"1000","numSpeed":"10.000000","numAccel":"10","numDecel":"10","currentPos":"0","startPos":"0","endPos":"0"}
[2025-12-05 15:52:56.871499] [debug] WebSocketServer: Broadcasting to 1 clients: {"server_time":"2025-12-05 15:52:56","timestamp":"1764939176871","isConnected":"True","running":"False","numBoard":"16","numSteps":"1000","numSpeed":"10.000000","numAccel":"10","numDecel":"10","currentPos":"0","startPos":"0","endPos":"0"}
[2025-12-05 15:52:57.871891] [debug] WebSocketServer: Broadcasting to 1 clients: {"server_time":"2025-12-05 15:52:57","timestamp":"1764939177871","isConnected":"True","running":"False","numBoard":"16","numSteps":"1000","numSpeed":"10.000000","numAccel":"10","numDecel":"10","currentPos":"0","startPos":"0","endPos":"0"}
[2025-12-05 15:52:58.872628] [debug] WebSocketServer: Broadcasting to 1 clients: {"server_time":"2025-12-05 15:52:58","timestamp":"1764939178872","isConnected":"True","running":"False","numBoard":"16","numSteps":"1000","numSpeed":"10.000000","numAccel":"10","numDecel":"10","currentPos":"0","startPos":"0","endPos":"0"}
[2025-12-05 15:52:59.873113] [debug] WebSocketServer: Broadcasting to 1 clients: {"server_time":"2025-12-05 15:52:59","timestamp":"1764939179873","isConnected":"True","running":"False","numBoard":"16","numSteps":"1000","numSpeed":"10.000000","numAccel":"10","numDecel":"10","currentPos":"0","startPos":"0","endPos":"0"}
[2025-12-05 15:53:00.873617] [debug] WebSocketServer: Broadcasting to 1 clients: {"server_time":"2025-12-05 15:53:00","timestamp":"1764939180873","isConnected":"True","running":"False","numBoard":"16","numSteps":"1000","numSpeed":"10.000000","numAccel":"10","numDecel":"10","currentPos":"0","startPos":"0","endPos":"0"}
[2025-12-05 15:53:01.873957] [debug] WebSocketServer: Broadcasting to 1 clients: {"server_time":"2025-12-05 15:53:01","timestamp":"1764939181873","isConnected":"True","running":"False","numBoard":"16","numSteps":"1000","numSpeed":"10.000000","numAccel":"10","numDecel":"10","currentPos":"0","startPos":"0","endPos":"0"}
[2025-12-05 15:53:02.874324] [debug] WebSocketServer: Broadcasting to 1 clients: {"server_time":"2025-12-05 15:53:02","timestamp":"1764939182874","isConnected":"True","running":"False","numBoard":"16","numSteps":"1000","numSpeed":"10.000000","numAccel":"10","numDecel":"10","currentPos":"0","startPos":"0","endPos":"0"}
[2025-12-05 15:53:03.874750] [debug] WebSocketServer: Broadcasting to 1 clients: {"server_time":"2025-12-05 15:53:03","timestamp":"1764939183874","isConnected":"True","running":"False","numBoard":"16","numSteps":"1000","numSpeed":"10.000000","numAccel":"10","numDecel":"10","currentPos":"0","startPos":"0","endPos":"0"}
[2025-12-05 15:53:04.875338] [debug] WebSocketServer: Broadcasting to 1 clients: {"server_time":"2025-12-05 15:53:04","timestamp":"1764939184875","isConnected":"True","running":"False","numBoard":"16","numSteps":"1000","numSpeed":"10.000000","numAccel":"10","numDecel":"10","currentPos":"0","startPos":"0","endPos":"0"}
[2025-12-05 15:53:05.875930] [debug] WebSocketServer: Broadcasting to 1 clients: {"server_time":"2025-12-05 15:53:05","timestamp":"1764939185875","isConnected":"True","running":"False","numBoard":"16","numSteps":"1000","numSpeed":"10.000000","numAccel":"10","numDecel":"10","currentPos":"0","startPos":"0","endPos":"0"}
[2025-12-05 15:53:06.876243] [debug] WebSocketServer: Broadcasting to 1 clients: {"server_time":"2025-12-05 15:53:06","timestamp":"1764939186876","isConnected":"True","running":"False","numBoard":"16","numSteps":"1000","numSpeed":"10.000000","numAccel":"10","numDecel":"10","currentPos":"0","startPos":"0","endPos":"0"}
[2025-12-05 15:53:07.876870] [debug] WebSocketServer: Broadcasting to 1 clients: {"server_time":"2025-12-05 15:53:07","timestamp":"1764939187876","isConnected":"True","running":"False","numBoard":"16","numSteps":"1000","numSpeed":"10.000000","numAccel":"10","numDecel":"10","currentPos":"0","startPos":"0","endPos":"0"}
[2025-12-05 15:53:08.877267] [debug] WebSocketServer: Broadcasting to 1 clients: {"server_time":"2025-12-05 15:53:08","timestamp":"1764939188877","isConnected":"True","running":"False","numBoard":"16","numSteps":"1000","numSpeed":"10.000000","numAccel":"10","numDecel":"10","currentPos":"0","startPos":"0","endPos":"0"}
[2025-12-05 15:53:09.877588] [debug] WebSocketServer: Broadcasting to 1 clients: {"server_time":"2025-12-05 15:53:09","timestamp":"1764939189877","isConnected":"True","running":"False","numBoard":"16","numSteps":"1000","numSpeed":"10.000000","numAccel":"10","numDecel":"10","currentPos":"0","startPos":"0","endPos":"0"}
[2025-12-05 15:53:10.878102] [debug] WebSocketServer: Broadcasting to 1 clients: {"server_time":"2025-12-05 15:53:10","timestamp":"1764939190878","isConnected":"True","running":"False","numBoard":"16","numSteps":"1000","numSpeed":"10.000000","numAccel":"10","numDecel":"10","currentPos":"0","startPos":"0","endPos":"0"}
[2025-12-05 15:53:11.878469] [debug] WebSocketServer: Broadcasting to 1 clients: {"server_time":"2025-12-05 15:53:11","timestamp":"1764939191878","isConnected":"True","running":"False","numBoard":"16","numSteps":"1000","numSpeed":"10.000000","numAccel":"10","numDecel":"10","currentPos":"0","startPos":"0","endPos":"0"}
[2025-12-05 15:53:12.879066] [debug] WebSocketServer: Broadcasting to 1 clients: {"server_time":"2025-12-05 15:53:12","timestamp":"1764939192878","isConnected":"True","running":"False","numBoard":"16","numSteps":"1000","numSpeed":"10.000000","numAccel":"10","numDecel":"10","currentPos":"0","startPos":"0","endPos":"0"}
[2025-12-05 15:53:13.879534] [debug] WebSocketServer: Broadcasting to 1 clients: {"server_time":"2025-12-05 15:53:13","timestamp":"1764939193879","isConnected":"True","running":"False","numBoard":"16","numSteps":"1000","numSpeed":"10.000000","numAccel":"10","numDecel":"10","currentPos":"0","startPos":"0","endPos":"0"}
[2025-12-05 15:53:14.880151] [debug] WebSocketServer: Broadcasting to 1 clients: {"server_time":"2025-12-05 15:53:14","timestamp":"1764939194880","isConnected":"True","running":"False","numBoard":"16","numSteps":"1000","numSpeed":"10.000000","numAccel":"10","numDecel":"10","currentPos":"0","startPos":"0","endPos":"0"}
[2025-12-05 15:53:15.880577] [debug] WebSocketServer: Broadcasting to 1 clients: {"server_time":"2025-12-05 15:53:15","timestamp":"1764939195880","isConnected":"True","running":"False","numBoard":"16","numSteps":"1000","numSpeed":"10.000000","numAccel":"10","numDecel":"10","currentPos":"0","startPos":"0","endPos":"0"}
[2025-12-05 15:53:16.880910] [debug] WebSocketServer: Broadcasting to 1 clients: {"server_time":"2025-12-05 15:53:16","timestamp":"1764939196880","isConnected":"True","running":"False","numBoard":"16","numSteps":"1000","numSpeed":"10.000000","numAccel":"10","numDecel":"10","currentPos":"0","startPos":"0","endPos":"0"}
[2025-12-05 15:53:17.881199] [debug] WebSocketServer: Broadcasting to 1 clients: {"server_time":"2025-12-05 15:53:17","timestamp":"1764939197881","isConnected":"True","running":"False","numBoard":"16","numSteps":"1000","numSpeed":"10.000000","numAccel":"10","numDecel":"10","currentPos":"0","startPos":"0","endPos":"0"}
[2025-12-05 15:53:18.881486] [debug] WebSocketServer: Broadcasting to 1 clients: {"server_time":"2025-12-05 15:53:18","timestamp":"1764939198881","isConnected":"True","running":"False","numBoard":"16","numSteps":"1000","numSpeed":"10.000000","numAccel":"10","numDecel":"10","currentPos":"0","startPos":"0","endPos":"0"}
[2025-12-05 15:53:19.881775] [debug] WebSocketServer: Broadcasting to 1 clients: {"server_time":"2025-12-05 15:53:19","timestamp":"1764939199881","isConnected":"True","running":"False","numBoard":"16","numSteps":"1000","numSpeed":"10.000000","numAccel":"10","numDecel":"10","currentPos":"0","startPos":"0","endPos":"0"}
[2025-12-05 15:53:20.882079] [debug] WebSocketServer: Broadcasting to 1 clients: {"server_time":"2025-12-05 15:53:20","timestamp":"1764939200882","isConnected":"True","running":"False","numBoard":"16","numSteps":"1000","numSpeed":"10.000000","numAccel":"10","numDecel":"10","currentPos":"0","startPos":"0","endPos":"0"}
[2025-12-05 15:53:21.882396] [debug] WebSocketServer: Broadcasting to 1 clients: {"server_time":"2025-12-05 15:53:21","timestamp":"1764939201882","isConnected":"True","running":"False","numBoard":"16","numSteps":"1000","numSpeed":"10.000000","numAccel":"10","numDecel":"10","currentPos":"0","startPos":"0","endPos":"0"}
[2025-12-05 15:53:22.882753] [debug] WebSocketServer: Broadcasting to 1 clients: {"server_time":"2025-12-05 15:53:22","timestamp":"1764939202882","isConnected":"True","running":"False","numBoard":"16","numSteps":"1000","numSpeed":"10.000000","numAccel":"10","numDecel":"10","currentPos":"0","startPos":"0","endPos":"0"}
[2025-12-05 15:53:23.883077] [debug] WebSocketServer: Broadcasting to 1 clients: {"server_time":"2025-12-05 15:53:23","timestamp":"1764939203883","isConnected":"True","running":"False","numBoard":"16","numSteps":"1000","numSpeed":"10.000000","numAccel":"10","numDecel":"10","currentPos":"0","startPos":"0","endPos":"0"}
[2025-12-05 15:53:24.883361] [debug] WebSocketServer: Broadcasting to 1 clients: {"server_time":"2025-12-05 15:53:24","timestamp":"1764939204883","isConnected":"True","running":"False","numBoard":"16","numSteps":"1000","numSpeed":"10.000000","numAccel":"10","numDecel":"10","currentPos":"0","startPos":"0","endPos":"0"}
[2025-12-05 15:53:25.883673] [debug] WebSocketServer: Broadcasting to 1 clients: {"server_time":"2025-12-05 15:53:25","timestamp":"1764939205883","isConnected":"True","running":"False","numBoard":"16","numSteps":"1000","numSpeed":"10.000000","numAccel":"10","numDecel":"10","currentPos":"0","startPos":"0","endPos":"0"}
[2025-12-05 15:53:26.883951] [debug] WebSocketServer: Broadcasting to 1 clients: {"server_time":"2025-12-05 15:53:26","timestamp":"1764939206883","isConnected":"True","running":"False","numBoard":"16","numSteps":"1000","numSpeed":"10.000000","numAccel":"10","numDecel":"10","currentPos":"0","startPos":"0","endPos":"0"}
[2025-12-05 15:53:27.884710] [debug] WebSocketServer: Broadcasting to 1 clients: {"server_time":"2025-12-05 15:53:27","timestamp":"1764939207884","isConnected":"True","running":"False","numBoard":"16","numSteps":"1000","numSpeed":"10.000000","numAccel":"10","numDecel":"10","currentPos":"0","startPos":"0","endPos":"0"}
[2025-12-05 15:53:28.885338] [debug] WebSocketServer: Broadcasting to 1 clients: {"server_time":"2025-12-05 15:53:28","timestamp":"1764939208885","isConnected":"True","running":"False","numBoard":"16","numSteps":"1000","numSpeed":"10.000000","numAccel":"10","numDecel":"10","currentPos":"0","startPos":"0","endPos":"0"}
[2025-12-05 15:53:29.885958] [debug] WebSocketServer: Broadcasting to 1 clients: {"server_time":"2025-12-05 15:53:29","timestamp":"1764939209885","isConnected":"True","running":"False","numBoard":"16","numSteps":"1000","numSpeed":"10.000000","numAccel":"10","numDecel":"10","currentPos":"0","startPos":"0","endPos":"0"}
[2025-12-05 15:53:30.886260] [debug] WebSocketServer: Broadcasting to 1 clients: {"server_time":"2025-12-05 15:53:30","timestamp":"1764939210886","isConnected":"True","running":"False","numBoard":"16","numSteps":"1000","numSpeed":"10.000000","numAccel":"10","numDecel":"10","currentPos":"0","startPos":"0","endPos":"0"}
[2025-12-05 15:53:31.886548] [debug] WebSocketServer: Broadcasting to 1 clients: {"server_time":"2025-12-05 15:53:31","timestamp":"1764939211886","isConnected":"True","running":"False","numBoard":"16","numSteps":"1000","numSpeed":"10.000000","numAccel":"10","numDecel":"10","currentPos":"0","startPos":"0","endPos":"0"}
[2025-12-05 15:53:32.886828] [debug] WebSocketServer: Broadcasting to 1 clients: {"server_time":"2025-12-05 15:53:32","timestamp":"1764939212886","isConnected":"True","running":"False","numBoard":"16","numSteps":"1000","numSpeed":"10.000000","numAccel":"10","numDecel":"10","currentPos":"0","startPos":"0","endPos":"0"}
[2025-12-05 15:53:33.887187] [debug] WebSocketServer: Broadcasting to 1 clients: {"server_time":"2025-12-05 15:53:33","timestamp":"1764939213887","isConnected":"True","running":"False","numBoard":"16","numSteps":"1000","numSpeed":"10.000000","numAccel":"10","numDecel":"10","currentPos":"0","startPos":"0","endPos":"0"}
[2025-12-05 15:53:34.887482] [debug] WebSocketServer: Broadcasting to 1 clients: {"server_time":"2025-12-05 15:53:34","timestamp":"1764939214887","isConnected":"True","running":"False","numBoard":"16","numSteps":"1000","numSpeed":"10.000000","numAccel":"10","numDecel":"10","currentPos":"0","startPos":"0","endPos":"0"}
[2025-12-05 15:53:35.887820] [debug] WebSocketServer: Broadcasting to 1 clients: {"server_time":"2025-12-05 15:53:35","timestamp":"1764939215887","isConnected":"True","running":"False","numBoard":"16","numSteps":"1000","numSpeed":"10.000000","numAccel":"10","numDecel":"10","currentPos":"0","startPos":"0","endPos":"0"}
[2025-12-05 15:53:36.888396] [debug] WebSocketServer: Broadcasting to 1 clients: {"server_time":"2025-12-05 15:53:36","timestamp":"1764939216888","isConnected":"True","running":"False","numBoard":"16","numSteps":"1000","numSpeed":"10.000000","numAccel":"10","numDecel":"10","currentPos":"0","startPos":"0","endPos":"0"}
[2025-12-05 15:53:37.888817] [debug] WebSocketServer: Broadcasting to 1 clients: {"server_time":"2025-12-05 15:53:37","timestamp":"1764939217888","isConnected":"True","running":"False","numBoard":"16","numSteps":"1000","numSpeed":"10.000000","numAccel":"10","numDecel":"10","currentPos":"0","startPos":"0","endPos":"0"}
[2025-12-05 15:53:38.889317] [debug] WebSocketServer: Broadcasting to 1 clients: {"server_time":"2025-12-05 15:53:38","timestamp":"1764939218889","isConnected":"True","running":"False","numBoard":"16","numSteps":"1000","numSpeed":"10.000000","numAccel":"10","numDecel":"10","currentPos":"0","startPos":"0","endPos":"0"}
[2025-12-05 15:53:39.889643] [debug] WebSocketServer: Broadcasting to 1 clients: {"server_time":"2025-12-05 15:53:39","timestamp":"1764939219889","isConnected":"True","running":"False","numBoard":"16","numSteps":"1000","numSpeed":"10.000000","numAccel":"10","numDecel":"10","currentPos":"0","startPos":"0","endPos":"0"}
[2025-12-05 15:53:40.889945] [debug] WebSocketServer: Broadcasting to 1 clients: {"server_time":"2025-12-05 15:53:40","timestamp":"1764939220889","isConnected":"True","running":"False","numBoard":"16","numSteps":"1000","numSpeed":"10.000000","numAccel":"10","numDecel":"10","currentPos":"0","startPos":"0","endPos":"0"}
[2025-12-05 15:53:41.890217] [debug] WebSocketServer: Broadcasting to 1 clients: {"server_time":"2025-12-05 15:53:41","timestamp":"1764939221890","isConnected":"True","running":"False","numBoard":"16","numSteps":"1000","numSpeed":"10.000000","numAccel":"10","numDecel":"10","currentPos":"0","startPos":"0","endPos":"0"}
[2025-12-05 15:53:42.890471] [debug] WebSocketServer: Broadcasting to 1 clients: {"server_time":"2025-12-05 15:53:42","timestamp":"1764939222890","isConnected":"True","running":"False","numBoard":"16","numSteps":"1000","numSpeed":"10.000000","numAccel":"10","numDecel":"10","currentPos":"0","startPos":"0","endPos":"0"}
[2025-12-05 15:53:43.890754] [debug] WebSocketServer: Broadcasting to 1 clients: {"server_time":"2025-12-05 15:53:43","timestamp":"1764939223890","isConnected":"True","running":"False","numBoard":"16","numSteps":"1000","numSpeed":"10.000000","numAccel":"10","numDecel":"10","currentPos":"0","startPos":"0","endPos":"0"}
[2025-12-05 15:53:44.891041] [debug] WebSocketServer: Broadcasting to 1 clients: {"server_time":"2025-12-05 15:53:44","timestamp":"1764939224890","isConnected":"True","running":"False","numBoard":"16","numSteps":"1000","numSpeed":"10.000000","numAccel":"10","numDecel":"10","currentPos":"0","startPos":"0","endPos":"0"}
[2025-12-05 15:53:45.891312] [debug] WebSocketServer: Broadcasting to 1 clients: {"server_time":"2025-12-05 15:53:45","timestamp":"1764939225891","isConnected":"True","running":"False","numBoard":"16","numSteps":"1000","numSpeed":"10.000000","numAccel":"10","numDecel":"10","currentPos":"0","startPos":"0","endPos":"0"}
[2025-12-05 15:53:46.891804] [debug] WebSocketServer: Broadcasting to 1 clients: {"server_time":"2025-12-05 15:53:46","timestamp":"1764939226891","isConnected":"True","running":"False","numBoard":"16","numSteps":"1000","numSpeed":"10.000000","numAccel":"10","numDecel":"10","currentPos":"0","startPos":"0","endPos":"0"}
[2025-12-05 15:53:47.892312] [debug] WebSocketServer: Broadcasting to 1 clients: {"server_time":"2025-12-05 15:53:47","timestamp":"1764939227892","isConnected":"True","running":"False","numBoard":"16","numSteps":"1000","numSpeed":"10.000000","numAccel":"10","numDecel":"10","currentPos":"0","startPos":"0","endPos":"0"}
[2025-12-05 15:53:48.892599] [debug] WebSocketServer: Broadcasting to 1 clients: {"server_time":"2025-12-05 15:53:48","timestamp":"1764939228892","isConnected":"True","running":"False","numBoard":"16","numSteps":"1000","numSpeed":"10.000000","numAccel":"10","numDecel":"10","currentPos":"0","startPos":"0","endPos":"0"}
[2025-12-05 15:53:49.892900] [debug] WebSocketServer: Broadcasting to 1 clients: {"server_time":"2025-12-05 15:53:49","timestamp":"1764939229892","isConnected":"True","running":"False","numBoard":"16","numSteps":"1000","numSpeed":"10.000000","numAccel":"10","numDecel":"10","currentPos":"0","startPos":"0","endPos":"0"}
[2025-12-05 15:53:50.893183] [debug] WebSocketServer: Broadcasting to 1 clients: {"server_time":"2025-12-05 15:53:50","timestamp":"1764939230893","isConnected":"True","running":"False","numBoard":"16","numSteps":"1000","numSpeed":"10.000000","numAccel":"10","numDecel":"10","currentPos":"0","startPos":"0","endPos":"0"}
[2025-12-05 15:53:51.893485] [debug] WebSocketServer: Broadcasting to 1 clients: {"server_time":"2025-12-05 15:53:51","timestamp":"1764939231893","isConnected":"True","running":"False","numBoard":"16","numSteps":"1000","numSpeed":"10.000000","numAccel":"10","numDecel":"10","currentPos":"0","startPos":"0","endPos":"0"}
[2025-12-05 15:53:52.893774] [debug] WebSocketServer: Broadcasting to 1 clients: {"server_time":"2025-12-05 15:53:52","timestamp":"1764939232893","isConnected":"True","running":"False","numBoard":"16","numSteps":"1000","numSpeed":"10.000000","numAccel":"10","numDecel":"10","currentPos":"0","startPos":"0","endPos":"0"}
[2025-12-05 15:53:53.894111] [debug] WebSocketServer: Broadcasting to 1 clients: {"server_time":"2025-12-05 15:53:53","timestamp":"1764939233894","isConnected":"True","running":"False","numBoard":"16","numSteps":"1000","numSpeed":"10.000000","numAccel":"10","numDecel":"10","currentPos":"0","startPos":"0","endPos":"0"}
[2025-12-05 15:53:54.894415] [debug] WebSocketServer: Broadcasting to 1 clients: {"server_time":"2025-12-05 15:53:54","timestamp":"1764939234894","isConnected":"True","running":"False","numBoard":"16","numSteps":"1000","numSpeed":"10.000000","numAccel":"10","numDecel":"10","currentPos":"0","startPos":"0","endPos":"0"}
[2025-12-05 15:53:55.894787] [debug] WebSocketServer: Broadcasting to 1 clients: {"server_time":"2025-12-05 15:53:55","timestamp":"1764939235894","isConnected":"True","running":"False","numBoard":"16","numSteps":"1000","numSpeed":"10.000000","numAccel":"10","numDecel":"10","currentPos":"0","startPos":"0","endPos":"0"}
[2025-12-05 15:53:56.895155] [debug] WebSocketServer: Broadcasting to 1 clients: {"server_time":"2025-12-05 15:53:56","timestamp":"1764939236895","isConnected":"True","running":"False","numBoard":"16","numSteps":"1000","numSpeed":"10.000000","numAccel":"10","numDecel":"10","currentPos":"0","startPos":"0","endPos":"0"}
[2025-12-05 15:53:57.895441] [debug] WebSocketServer: Broadcasting to 1 clients: {"server_time":"2025-12-05 15:53:57","timestamp":"1764939237895","isConnected":"True","running":"False","numBoard":"16","numSteps":"1000","numSpeed":"10.000000","numAccel":"10","numDecel":"10","currentPos":"0","startPos":"0","endPos":"0"}
[2025-12-05 15:53:58.895708] [debug] WebSocketServer: Broadcasting to 1 clients: {"server_time":"2025-12-05 15:53:58","timestamp":"1764939238895","isConnected":"True","running":"False","numBoard":"16","numSteps":"1000","numSpeed":"10.000000","numAccel":"10","numDecel":"10","currentPos":"0","startPos":"0","endPos":"0"}
[2025-12-05 15:53:59.896034] [debug] WebSocketServer: Broadcasting to 1 clients: {"server_time":"2025-12-05 15:53:59","timestamp":"1764939239895","isConnected":"True","running":"False","numBoard":"16","numSteps":"1000","numSpeed":"10.000000","numAccel":"10","numDecel":"10","currentPos":"0","startPos":"0","endPos":"0"}
[2025-12-05 15:54:00.896321] [debug] WebSocketServer: Broadcasting to 1 clients: {"server_time":"2025-12-05 15:54:00","timestamp":"1764939240896","isConnected":"True","running":"False","numBoard":"16","numSteps":"1000","numSpeed":"10.000000","numAccel":"10","numDecel":"10","currentPos":"0","startPos":"0","endPos":"0"}
[2025-12-05 15:54:01.896639] [debug] WebSocketServer: Broadcasting to 1 clients: {"server_time":"2025-12-05 15:54:01","timestamp":"1764939241896","isConnected":"True","running":"False","numBoard":"16","numSteps":"1000","numSpeed":"10.000000","numAccel":"10","numDecel":"10","currentPos":"0","startPos":"0","endPos":"0"}
[2025-12-05 15:54:02.896960] [debug] WebSocketServer: Broadcasting to 1 clients: {"server_time":"2025-12-05 15:54:02","timestamp":"1764939242896","isConnected":"True","running":"False","numBoard":"16","numSteps":"1000","numSpeed":"10.000000","numAccel":"10","numDecel":"10","currentPos":"0","startPos":"0","endPos":"0"}
[2025-12-05 15:54:03.897253] [debug] WebSocketServer: Broadcasting to 1 clients: {"server_time":"2025-12-05 15:54:03","timestamp":"1764939243897","isConnected":"True","running":"False","numBoard":"16","numSteps":"1000","numSpeed":"10.000000","numAccel":"10","numDecel":"10","currentPos":"0","startPos":"0","endPos":"0"}
[2025-12-05 15:54:04.897558] [debug] WebSocketServer: Broadcasting to 1 clients: {"server_time":"2025-12-05 15:54:04","timestamp":"1764939244897","isConnected":"True","running":"False","numBoard":"16","numSteps":"1000","numSpeed":"10.000000","numAccel":"10","numDecel":"10","currentPos":"0","startPos":"0","endPos":"0"}
[2025-12-05 15:54:05.897875] [debug] WebSocketServer: Broadcasting to 1 clients: {"server_time":"2025-12-05 15:54:05","timestamp":"1764939245897","isConnected":"True","running":"False","numBoard":"16","numSteps":"1000","numSpeed":"10.000000","numAccel":"10","numDecel":"10","currentPos":"0","startPos":"0","endPos":"0"}
[2025-12-05 15:54:06.898168] [debug] WebSocketServer: Broadcasting to 1 clients: {"server_time":"2025-12-05 15:54:06","timestamp":"1764939246898","isConnected":"True","running":"False","numBoard":"16","numSteps":"1000","numSpeed":"10.000000","numAccel":"10","numDecel":"10","currentPos":"0","startPos":"0","endPos":"0"}
[2025-12-05 15:54:07.898447] [debug] WebSocketServer: Broadcasting to 1 clients: {"server_time":"2025-12-05 15:54:07","timestamp":"1764939247898","isConnected":"True","running":"False","numBoard":"16","numSteps":"1000","numSpeed":"10.000000","numAccel":"10","numDecel":"10","currentPos":"0","startPos":"0","endPos":"0"}
[2025-12-05 15:54:08.898794] [debug] WebSocketServer: Broadcasting to 1 clients: {"server_time":"2025-12-05 15:54:08","timestamp":"1764939248898","isConnected":"True","running":"False","numBoard":"16","numSteps":"1000","numSpeed":"10.000000","numAccel":"10","numDecel":"10","currentPos":"0","startPos":"0","endPos":"0"}
[2025-12-05 15:54:09.899109] [debug] WebSocketServer: Broadcasting to 1 clients: {"server_time":"2025-12-05 15:54:09","timestamp":"1764939249899","isConnected":"True","running":"False","numBoard":"16","numSteps":"1000","numSpeed":"10.000000","numAccel":"10","numDecel":"10","currentPos":"0","startPos":"0","endPos":"0"}
[2025-12-05 15:54:10.899392] [debug] WebSocketServer: Broadcasting to 1 clients: {"server_time":"2025-12-05 15:54:10","timestamp":"1764939250899","isConnected":"True","running":"False","numBoard":"16","numSteps":"1000","numSpeed":"10.000000","numAccel":"10","numDecel":"10","currentPos":"0","startPos":"0","endPos":"0"}
[2025-12-05 15:54:11.899663] [debug] WebSocketServer: Broadcasting to 1 clients: {"server_time":"2025-12-05 15:54:11","timestamp":"1764939251899","isConnected":"True","running":"False","numBoard":"16","numSteps":"1000","numSpeed":"10.000000","numAccel":"10","numDecel":"10","currentPos":"0","startPos":"0","endPos":"0"}
[2025-12-05 15:54:12.899965] [debug] WebSocketServer: Broadcasting to 1 clients: {"server_time":"2025-12-05 15:54:12","timestamp":"1764939252899","isConnected":"True","running":"False","numBoard":"16","numSteps":"1000","numSpeed":"10.000000","numAccel":"10","numDecel":"10","currentPos":"0","startPos":"0","endPos":"0"}
[2025-12-05 15:54:13.900285] [debug] WebSocketServer: Broadcasting to 1 clients: {"server_time":"2025-12-05 15:54:13","timestamp":"1764939253900","isConnected":"True","running":"False","numBoard":"16","numSteps":"1000","numSpeed":"10.000000","numAccel":"10","numDecel":"10","currentPos":"0","startPos":"0","endPos":"0"}
[2025-12-05 15:54:14.900622] [debug] WebSocketServer: Broadcasting to 1 clients: {"server_time":"2025-12-05 15:54:14","timestamp":"1764939254900","isConnected":"True","running":"False","numBoard":"16","numSteps":"1000","numSpeed":"10.000000","numAccel":"10","numDecel":"10","currentPos":"0","startPos":"0","endPos":"0"}
[2025-12-05 15:54:15.900921] [debug] WebSocketServer: Broadcasting to 1 clients: {"server_time":"2025-12-05 15:54:15","timestamp":"1764939255900","isConnected":"True","running":"False","numBoard":"16","numSteps":"1000","numSpeed":"10.000000","numAccel":"10","numDecel":"10","currentPos":"0","startPos":"0","endPos":"0"}
[2025-12-05 15:54:16.901192] [debug] WebSocketServer: Broadcasting to 1 clients: {"server_time":"2025-12-05 15:54:16","timestamp":"1764939256901","isConnected":"True","running":"False","numBoard":"16","numSteps":"1000","numSpeed":"10.000000","numAccel":"10","numDecel":"10","currentPos":"0","startPos":"0","endPos":"0"}
[2025-12-05 15:54:17.901494] [debug] WebSocketServer: Broadcasting to 1 clients: {"server_time":"2025-12-05 15:54:17","timestamp":"1764939257901","isConnected":"True","running":"False","numBoard":"16","numSteps":"1000","numSpeed":"10.000000","numAccel":"10","numDecel":"10","currentPos":"0","startPos":"0","endPos":"0"}
[2025-12-05 15:54:18.901802] [debug] WebSocketServer: Broadcasting to 1 clients: {"server_time":"2025-12-05 15:54:18","timestamp":"1764939258901","isConnected":"True","running":"False","numBoard":"16","numSteps":"1000","numSpeed":"10.000000","numAccel":"10","numDecel":"10","currentPos":"0","startPos":"0","endPos":"0"}
[2025-12-05 15:54:19.902086] [debug] WebSocketServer: Broadcasting to 1 clients: {"server_time":"2025-12-05 15:54:19","timestamp":"1764939259902","isConnected":"True","running":"False","numBoard":"16","numSteps":"1000","numSpeed":"10.000000","numAccel":"10","numDecel":"10","currentPos":"0","startPos":"0","endPos":"0"}
[2025-12-05 15:54:20.902404] [debug] WebSocketServer: Broadcasting to 1 clients: {"server_time":"2025-12-05 15:54:20","timestamp":"1764939260902","isConnected":"True","running":"False","numBoard":"16","numSteps":"1000","numSpeed":"10.000000","numAccel":"10","numDecel":"10","currentPos":"0","startPos":"0","endPos":"0"}
[2025-12-05 15:54:21.902841] [debug] WebSocketServer: Broadcasting to 1 clients: {"server_time":"2025-12-05 15:54:21","timestamp":"1764939261902","isConnected":"True","running":"False","numBoard":"16","numSteps":"1000","numSpeed":"10.000000","numAccel":"10","numDecel":"10","currentPos":"0","startPos":"0","endPos":"0"}
[2025-12-05 15:54:22.903229] [debug] WebSocketServer: Broadcasting to 1 clients: {"server_time":"2025-12-05 15:54:22","timestamp":"1764939262903","isConnected":"True","running":"False","numBoard":"16","numSteps":"1000","numSpeed":"10.000000","numAccel":"10","numDecel":"10","currentPos":"0","startPos":"0","endPos":"0"}
[2025-12-05 15:54:23.903806] [debug] WebSocketServer: Broadcasting to 1 clients: {"server_time":"2025-12-05 15:54:23","timestamp":"1764939263903","isConnected":"True","running":"False","numBoard":"16","numSteps":"1000","numSpeed":"10.000000","numAccel":"10","numDecel":"10","currentPos":"0","startPos":"0","endPos":"0"}
[2025-12-05 15:54:24.904375] [debug] WebSocketServer: Broadcasting to 1 clients: {"server_time":"2025-12-05 15:54:24","timestamp":"1764939264904","isConnected":"True","running":"False","numBoard":"16","numSteps":"1000","numSpeed":"10.000000","numAccel":"10","numDecel":"10","currentPos":"0","startPos":"0","endPos":"0"}
[2025-12-05 15:54:25.904688] [debug] WebSocketServer: Broadcasting to 1 clients: {"server_time":"2025-12-05 15:54:25","timestamp":"1764939265904","isConnected":"True","running":"False","numBoard":"16","numSteps":"1000","numSpeed":"10.000000","numAccel":"10","numDecel":"10","currentPos":"0","startPos":"0","endPos":"0"}
[2025-12-05 15:54:26.905017] [debug] WebSocketServer: Broadcasting to 1 clients: {"server_time":"2025-12-05 15:54:26","timestamp":"1764939266904","isConnected":"True","running":"False","numBoard":"16","numSteps":"1000","numSpeed":"10.000000","numAccel":"10","numDecel":"10","currentPos":"0","startPos":"0","endPos":"0"}
[2025-12-05 15:54:27.905592] [debug] WebSocketServer: Broadcasting to 1 clients: {"server_time":"2025-12-05 15:54:27","timestamp":"1764939267905","isConnected":"True","running":"False","numBoard":"16","numSteps":"1000","numSpeed":"10.000000","numAccel":"10","numDecel":"10","currentPos":"0","startPos":"0","endPos":"0"}
[2025-12-05 15:54:28.905937] [debug] WebSocketServer: Broadcasting to 1 clients: {"server_time":"2025-12-05 15:54:28","timestamp":"1764939268905","isConnected":"True","running":"False","numBoard":"16","numSteps":"1000","numSpeed":"10.000000","numAccel":"10","numDecel":"10","currentPos":"0","startPos":"0","endPos":"0"}
[2025-12-05 15:54:29.906235] [debug] WebSocketServer: Broadcasting to 1 clients: {"server_time":"2025-12-05 15:54:29","timestamp":"1764939269906","isConnected":"True","running":"False","numBoard":"16","numSteps":"1000","numSpeed":"10.000000","numAccel":"10","numDecel":"10","currentPos":"0","startPos":"0","endPos":"0"}
[2025-12-05 15:54:30.906617] [debug] WebSocketServer: Broadcasting to 1 clients: {"server_time":"2025-12-05 15:54:30","timestamp":"1764939270906","isConnected":"True","running":"False","numBoard":"16","numSteps":"1000","numSpeed":"10.000000","numAccel":"10","numDecel":"10","currentPos":"0","startPos":"0","endPos":"0"}
[2025-12-05 15:54:31.907168] [debug] WebSocketServer: Broadcasting to 1 clients: {"server_time":"2025-12-05 15:54:31","timestamp":"1764939271907","isConnected":"True","running":"False","numBoard":"16","numSteps":"1000","numSpeed":"10.000000","numAccel":"10","numDecel":"10","currentPos":"0","startPos":"0","endPos":"0"}
[2025-12-05 15:54:32.907484] [debug] WebSocketServer: Broadcasting to 1 clients: {"server_time":"2025-12-05 15:54:32","timestamp":"1764939272907","isConnected":"True","running":"False","numBoard":"16","numSteps":"1000","numSpeed":"10.000000","numAccel":"10","numDecel":"10","currentPos":"0","startPos":"0","endPos":"0"}
[2025-12-05 15:54:33.908251] [debug] WebSocketServer: Broadcasting to 1 clients: {"server_time":"2025-12-05 15:54:33","timestamp":"1764939273908","isConnected":"True","running":"False","numBoard":"16","numSteps":"1000","numSpeed":"10.000000","numAccel":"10","numDecel":"10","currentPos":"0","startPos":"0","endPos":"0"}
[2025-12-05 15:54:34.908704] [debug] WebSocketServer: Broadcasting to 1 clients: {"server_time":"2025-12-05 15:54:34","timestamp":"1764939274908","isConnected":"True","running":"False","numBoard":"16","numSteps":"1000","numSpeed":"10.000000","numAccel":"10","numDecel":"10","currentPos":"0","startPos":"0","endPos":"0"}
[2025-12-05 15:54:35.909223] [debug] WebSocketServer: Broadcasting to 1 clients: {"server_time":"2025-12-05 15:54:35","timestamp":"1764939275909","isConnected":"True","running":"False","numBoard":"16","numSteps":"1000","numSpeed":"10.000000","numAccel":"10","numDecel":"10","currentPos":"0","startPos":"0","endPos":"0"}
[2025-12-05 15:54:36.909878] [debug] WebSocketServer: Broadcasting to 1 clients: {"server_time":"2025-12-05 15:54:36","timestamp":"1764939276909","isConnected":"True","running":"False","numBoard":"16","numSteps":"1000","numSpeed":"10.000000","numAccel":"10","numDecel":"10","currentPos":"0","startPos":"0","endPos":"0"}
[2025-12-05 15:54:37.910243] [debug] WebSocketServer: Broadcasting to 1 clients: {"server_time":"2025-12-05 15:54:37","timestamp":"1764939277910","isConnected":"True","running":"False","numBoard":"16","numSteps":"1000","numSpeed":"10.000000","numAccel":"10","numDecel":"10","currentPos":"0","startPos":"0","endPos":"0"}
[2025-12-05 15:54:38.910536] [debug] WebSocketServer: Broadcasting to 1 clients: {"server_time":"2025-12-05 15:54:38","timestamp":"1764939278910","isConnected":"True","running":"False","numBoard":"16","numSteps":"1000","numSpeed":"10.000000","numAccel":"10","numDecel":"10","currentPos":"0","startPos":"0","endPos":"0"}
[2025-12-05 15:54:39.910809] [debug] WebSocketServer: Broadcasting to 1 clients: {"server_time":"2025-12-05 15:54:39","timestamp":"1764939279910","isConnected":"True","running":"False","numBoard":"16","numSteps":"1000","numSpeed":"10.000000","numAccel":"10","numDecel":"10","currentPos":"0","startPos":"0","endPos":"0"}
[2025-12-05 15:54:40.911318] [debug] WebSocketServer: Broadcasting to 1 clients: {"server_time":"2025-12-05 15:54:40","timestamp":"1764939280911","isConnected":"True","running":"False","numBoard":"16","numSteps":"1000","numSpeed":"10.000000","numAccel":"10","numDecel":"10","currentPos":"0","startPos":"0","endPos":"0"}
[2025-12-05 15:54:41.911858] [debug] WebSocketServer: Broadcasting to 1 clients: {"server_time":"2025-12-05 15:54:41","timestamp":"1764939281911","isConnected":"True","running":"False","numBoard":"16","numSteps":"1000","numSpeed":"10.000000","numAccel":"10","numDecel":"10","currentPos":"0","startPos":"0","endPos":"0"}
[2025-12-05 15:54:42.912390] [debug] WebSocketServer: Broadcasting to 1 clients: {"server_time":"2025-12-05 15:54:42","timestamp":"1764939282912","isConnected":"True","running":"False","numBoard":"16","numSteps":"1000","numSpeed":"10.000000","numAccel":"10","numDecel":"10","currentPos":"0","startPos":"0","endPos":"0"}
[2025-12-05 15:54:43.912735] [debug] WebSocketServer: Broadcasting to 1 clients: {"server_time":"2025-12-05 15:54:43","timestamp":"1764939283912","isConnected":"True","running":"False","numBoard":"16","numSteps":"1000","numSpeed":"10.000000","numAccel":"10","numDecel":"10","currentPos":"0","startPos":"0","endPos":"0"}
[2025-12-05 15:54:44.913059] [debug] WebSocketServer: Broadcasting to 1 clients: {"server_time":"2025-12-05 15:54:44","timestamp":"1764939284913","isConnected":"True","running":"False","numBoard":"16","numSteps":"1000","numSpeed":"10.000000","numAccel":"10","numDecel":"10","currentPos":"0","startPos":"0","endPos":"0"}
[2025-12-05 15:54:45.913642] [debug] WebSocketServer: Broadcasting to 1 clients: {"server_time":"2025-12-05 15:54:45","timestamp":"1764939285913","isConnected":"True","running":"False","numBoard":"16","numSteps":"1000","numSpeed":"10.000000","numAccel":"10","numDecel":"10","currentPos":"0","startPos":"0","endPos":"0"}
[2025-12-05 15:54:46.914379] [debug] WebSocketServer: Broadcasting to 1 clients: {"server_time":"2025-12-05 15:54:46","timestamp":"1764939286914","isConnected":"True","running":"False","numBoard":"16","numSteps":"1000","numSpeed":"10.000000","numAccel":"10","numDecel":"10","currentPos":"0","startPos":"0","endPos":"0"}
[2025-12-05 15:54:47.914786] [debug] WebSocketServer: Broadcasting to 1 clients: {"server_time":"2025-12-05 15:54:47","timestamp":"1764939287914","isConnected":"True","running":"False","numBoard":"16","numSteps":"1000","numSpeed":"10.000000","numAccel":"10","numDecel":"10","currentPos":"0","startPos":"0","endPos":"0"}
[2025-12-05 15:54:48.915100] [debug] WebSocketServer: Broadcasting to 1 clients: {"server_time":"2025-12-05 15:54:48","timestamp":"1764939288915","isConnected":"True","running":"False","numBoard":"16","numSteps":"1000","numSpeed":"10.000000","numAccel":"10","numDecel":"10","currentPos":"0","startPos":"0","endPos":"0"}
[2025-12-05 15:54:49.915446] [debug] WebSocketServer: Broadcasting to 1 clients: {"server_time":"2025-12-05 15:54:49","timestamp":"1764939289915","isConnected":"True","running":"False","numBoard":"16","numSteps":"1000","numSpeed":"10.000000","numAccel":"10","numDecel":"10","currentPos":"0","startPos":"0","endPos":"0"}
[2025-12-05 15:54:50.915855] [debug] WebSocketServer: Broadcasting to 1 clients: {"server_time":"2025-12-05 15:54:50","timestamp":"1764939290915","isConnected":"True","running":"False","numBoard":"16","numSteps":"1000","numSpeed":"10.000000","numAccel":"10","numDecel":"10","currentPos":"0","startPos":"0","endPos":"0"}
[2025-12-05 15:54:51.916173] [debug] WebSocketServer: Broadcasting to 1 clients: {"server_time":"2025-12-05 15:54:51","timestamp":"1764939291916","isConnected":"True","running":"False","numBoard":"16","numSteps":"1000","numSpeed":"10.000000","numAccel":"10","numDecel":"10","currentPos":"0","startPos":"0","endPos":"0"}
[2025-12-05 15:54:52.916480] [debug] WebSocketServer: Broadcasting to 1 clients: {"server_time":"2025-12-05 15:54:52","timestamp":"1764939292916","isConnected":"True","running":"False","numBoard":"16","numSteps":"1000","numSpeed":"10.000000","numAccel":"10","numDecel":"10","currentPos":"0","startPos":"0","endPos":"0"}
[2025-12-05 15:54:53.916750] [debug] WebSocketServer: Broadcasting to 1 clients: {"server_time":"2025-12-05 15:54:53","timestamp":"1764939293916","isConnected":"True","running":"False","numBoard":"16","numSteps":"1000","numSpeed":"10.000000","numAccel":"10","numDecel":"10","currentPos":"0","startPos":"0","endPos":"0"}
[2025-12-05 15:54:54.472387] [error] WebSocket read error: Transport endpoint is not connected
[2025-12-05 15:54:54.916988] [debug] WebSocketServer: Broadcasting to 1 clients: {"server_time":"2025-12-05 15:54:54","timestamp":"1764939294916","isConnected":"True","running":"False","numBoard":"16","numSteps":"1000","numSpeed":"10.000000","numAccel":"10","numDecel":"10","currentPos":"0","startPos":"0","endPos":"0"}
[2025-12-05 15:54:54.917104] [error] WebSocket broadcast write error: Operation canceled
[2025-12-05 15:54:55.917221] [debug] WebSocketServer: Broadcasting to 1 clients: {"server_time":"2025-12-05 15:54:55","timestamp":"1764939295917","isConnected":"True","running":"False","numBoard":"16","numSteps":"1000","numSpeed":"10.000000","numAccel":"10","numDecel":"10","currentPos":"0","startPos":"0","endPos":"0"}
[2025-12-05 15:54:55.917369] [error] WebSocket broadcast write error: Operation canceled
[2025-12-05 15:59:52.313631] [info] RestApiServer created on port 8080
[2025-12-05 15:59:52.313844] [info] WebSocketServer created on port 8081
[2025-12-05 15:59:52.313997] [info] WebSocketServer starting on port 8081
[2025-12-05 15:59:52.314026] [info] WebSocketServer: Auto update worker started
[2025-12-05 15:59:52.313987] [info] WebSocketServer: Started auto updates with interval 1000ms
[2025-12-05 15:59:52.314116] [info] Run RestApiServer on port 8080
[2025-12-05 15:59:57.826160] [info] WebSocket client connected. Total clients: 1
[2025-12-05 15:59:58.314803] [debug] WebSocketServer: Broadcasting to 1 clients: {"server_time":"2025-12-05 15:59:58","timestamp":"1764939598314","isConnected":"False","numBoard":"0","numSteps":"0","numSpeed":"0.000000","numAccel":"0","numDecel":"0","currentPos":"0","startPos":"0","endPos":"0"}
[2025-12-05 15:59:59.315099] [debug] WebSocketServer: Broadcasting to 1 clients: {"server_time":"2025-12-05 15:59:59","timestamp":"1764939599315","isConnected":"False","numBoard":"0","numSteps":"0","numSpeed":"0.000000","numAccel":"0","numDecel":"0","currentPos":"0","startPos":"0","endPos":"0"}
[2025-12-05 15:59:59.336866] [info] GET /api/connect
[2025-12-05 15:59:59.654271] [info] POST /api/board/set {"numBoard":16}
[2025-12-05 15:59:59.962283] [info] POST /api/steps/set {"numSteps":1000}
[2025-12-05 16:00:00.298290] [info] POST /api/speed/set {"numSpeed":10}
[2025-12-05 16:00:00.315405] [debug] WebSocketServer: Broadcasting to 1 clients: {"server_time":"2025-12-05 16:00:00","timestamp":"1764939600315","isConnected":"True","numBoard":"16","numSteps":"1000","numSpeed":"10.000000","numAccel":"0","numDecel":"0","currentPos":"0","startPos":"0","endPos":"0"}
[2025-12-05 16:00:00.618280] [info] POST /api/accel/set {"numAccel":10}
[2025-12-05 16:00:00.938286] [info] POST /api/decel/set {"numDecel":10}
[2025-12-05 16:00:01.314278] [info] GET /api/move/forward
[2025-12-05 16:00:01.316305] [debug] WebSocketServer: Broadcasting to 1 clients: {"server_time":"2025-12-05 16:00:01","timestamp":"1764939601316","isConnected":"True","numBoard":"16","numSteps":"1000","numSpeed":"10.000000","numAccel":"10","numDecel":"10","currentPos":"0","startPos":"0","endPos":"0"}
[2025-12-05 16:00:02.316551] [debug] WebSocketServer: Broadcasting to 1 clients: {"server_time":"2025-12-05 16:00:02","timestamp":"1764939602316","isConnected":"True","numBoard":"16","numSteps":"1000","numSpeed":"10.000000","numAccel":"10","numDecel":"10","currentPos":"0","startPos":"0","endPos":"0"}
[2025-12-05 16:00:03.316870] [debug] WebSocketServer: Broadcasting to 1 clients: {"server_time":"2025-12-05 16:00:03","timestamp":"1764939603316","isConnected":"True","numBoard":"16","numSteps":"1000","numSpeed":"10.000000","numAccel":"10","numDecel":"10","currentPos":"0","startPos":"0","endPos":"0"}
[2025-12-05 16:00:03.514284] [info] GET /api/move/backward
[2025-12-05 16:00:04.317174] [debug] WebSocketServer: Broadcasting to 1 clients: {"server_time":"2025-12-05 16:00:04","timestamp":"1764939604317","isConnected":"True","numBoard":"16","numSteps":"1000","numSpeed":"10.000000","numAccel":"10","numDecel":"10","currentPos":"0","startPos":"0","endPos":"0"}
[2025-12-05 16:00:05.317545] [debug] WebSocketServer: Broadcasting to 1 clients: {"server_time":"2025-12-05 16:00:05","timestamp":"1764939605317","isConnected":"True","numBoard":"16","numSteps":"1000","numSpeed":"10.000000","numAccel":"10","numDecel":"10","currentPos":"0","startPos":"0","endPos":"0"}
[2025-12-05 16:00:06.317851] [debug] WebSocketServer: Broadcasting to 1 clients: {"server_time":"2025-12-05 16:00:06","timestamp":"1764939606317","isConnected":"True","numBoard":"16","numSteps":"1000","numSpeed":"10.000000","numAccel":"10","numDecel":"10","currentPos":"0","startPos":"0","endPos":"0"}
[2025-12-05 16:00:07.318317] [debug] WebSocketServer: Broadcasting to 1 clients: {"server_time":"2025-12-05 16:00:07","timestamp":"1764939607318","isConnected":"True","numBoard":"16","numSteps":"1000","numSpeed":"10.000000","numAccel":"10","numDecel":"10","currentPos":"0","startPos":"0","endPos":"0"}
[2025-12-05 16:00:08.318874] [debug] WebSocketServer: Broadcasting to 1 clients: {"server_time":"2025-12-05 16:00:08","timestamp":"1764939608318","isConnected":"True","numBoard":"16","numSteps":"1000","numSpeed":"10.000000","numAccel":"10","numDecel":"10","currentPos":"0","startPos":"0","endPos":"0"}
[2025-12-05 16:00:09.319219] [debug] WebSocketServer: Broadcasting to 1 clients: {"server_time":"2025-12-05 16:00:09","timestamp":"1764939609319","isConnected":"True","numBoard":"16","numSteps":"1000","numSpeed":"10.000000","numAccel":"10","numDecel":"10","currentPos":"0","startPos":"0","endPos":"0"}
[2025-12-05 16:00:10.319739] [debug] WebSocketServer: Broadcasting to 1 clients: {"server_time":"2025-12-05 16:00:10","timestamp":"1764939610319","isConnected":"True","numBoard":"16","numSteps":"1000","numSpeed":"10.000000","numAccel":"10","numDecel":"10","currentPos":"0","startPos":"0","endPos":"0"}
[2025-12-05 16:00:11.320127] [debug] WebSocketServer: Broadcasting to 1 clients: {"server_time":"2025-12-05 16:00:11","timestamp":"1764939611320","isConnected":"True","numBoard":"16","numSteps":"1000","numSpeed":"10.000000","numAccel":"10","numDecel":"10","currentPos":"0","startPos":"0","endPos":"0"}
[2025-12-05 16:00:11.383482] [error] WebSocket read error: Transport endpoint is not connected
[2025-12-05 16:00:12.320530] [debug] WebSocketServer: Broadcasting to 1 clients: {"server_time":"2025-12-05 16:00:12","timestamp":"1764939612320","isConnected":"True","numBoard":"16","numSteps":"1000","numSpeed":"10.000000","numAccel":"10","numDecel":"10","currentPos":"0","startPos":"0","endPos":"0"}
[2025-12-05 16:00:12.320665] [error] WebSocket broadcast write error: Operation canceled
[2025-12-05 16:13:51.637958] [info] RestApiServer created on port 8080
[2025-12-05 16:13:51.638304] [info] WebSocketServer created on port 8081
[2025-12-05 16:13:51.638464] [info] WebSocketServer: Started auto updates with interval 1000ms
[2025-12-05 16:13:51.638507] [info] Run RestApiServer on port 8080
[2025-12-05 16:13:51.638484] [info] WebSocketServer starting on port 8081
[2025-12-05 16:13:51.638525] [info] WebSocketServer: Auto update worker started
[2025-12-05 16:13:56.957708] [info] WebSocket client connected. Total clients: 1
[2025-12-05 16:13:57.639327] [debug] WebSocketServer: Broadcasting to 1 clients: {"server_time":"2025-12-05 16:13:57","timestamp":"1764940437639","isConnected":"False","numBoard":"0","numSteps":"0","numSpeed":"0.000000","numAccel":"0","numDecel":"0","currentPos":"0","startPos":"0","endPos":"0"}
[2025-12-05 16:13:58.639684] [debug] WebSocketServer: Broadcasting to 1 clients: {"server_time":"2025-12-05 16:13:58","timestamp":"1764940438639","isConnected":"False","numBoard":"0","numSteps":"0","numSpeed":"0.000000","numAccel":"0","numDecel":"0","currentPos":"0","startPos":"0","endPos":"0"}
[2025-12-05 16:13:59.640057] [debug] WebSocketServer: Broadcasting to 1 clients: {"server_time":"2025-12-05 16:13:59","timestamp":"1764940439640","isConnected":"False","numBoard":"0","numSteps":"0","numSpeed":"0.000000","numAccel":"0","numDecel":"0","currentPos":"0","startPos":"0","endPos":"0"}
[2025-12-05 16:14:00.640347] [debug] WebSocketServer: Broadcasting to 1 clients: {"server_time":"2025-12-05 16:14:00","timestamp":"1764940440640","isConnected":"False","numBoard":"0","numSteps":"0","numSpeed":"0.000000","numAccel":"0","numDecel":"0","currentPos":"0","startPos":"0","endPos":"0"}
[2025-12-05 16:14:01.640660] [debug] WebSocketServer: Broadcasting to 1 clients: {"server_time":"2025-12-05 16:14:01","timestamp":"1764940441640","isConnected":"False","numBoard":"0","numSteps":"0","numSpeed":"0.000000","numAccel":"0","numDecel":"0","currentPos":"0","startPos":"0","endPos":"0"}
[2025-12-05 16:14:01.848787] [error] WebSocket read error: Transport endpoint is not connected
[2025-12-05 16:14:02.640953] [debug] WebSocketServer: Broadcasting to 1 clients: {"server_time":"2025-12-05 16:14:02","timestamp":"1764940442640","isConnected":"False","numBoard":"0","numSteps":"0","numSpeed":"0.000000","numAccel":"0","numDecel":"0","currentPos":"0","startPos":"0","endPos":"0"}
[2025-12-05 16:14:02.641077] [error] WebSocket broadcast write error: Operation canceled
[2025-12-05 16:14:03.641174] [debug] WebSocketServer: Broadcasting to 1 clients: {"server_time":"2025-12-05 16:14:03","timestamp":"1764940443641","isConnected":"False","numBoard":"0","numSteps":"0","numSpeed":"0.000000","numAccel":"0","numDecel":"0","currentPos":"0","startPos":"0","endPos":"0"}
[2025-12-05 16:14:03.641291] [error] WebSocket broadcast write error: Operation canceled
[2025-12-05 16:14:16.612514] [info] RestApiServer created on port 8080
[2025-12-05 16:14:16.612778] [info] WebSocketServer created on port 8081
[2025-12-05 16:14:16.612911] [info] WebSocketServer: Started auto updates with interval 1000ms
[2025-12-05 16:14:16.612953] [info] Run RestApiServer on port 8080
[2025-12-05 16:14:16.613199] [info] WebSocketServer starting on port 8081
[2025-12-05 16:14:16.613324] [info] WebSocketServer: Auto update worker started
[2025-12-05 16:14:19.914990] [info] WebSocket client connected. Total clients: 1
[2025-12-05 16:14:20.613911] [debug] WebSocketServer: Broadcasting to 1 clients: {"server_time":"2025-12-05 16:14:20","timestamp":"1764940460613","isConnected":"False","numBoard":"0","numSteps":"0","numSpeed":"0.000000","numAccel":"0","numDecel":"0","currentPos":"0","startPos":"0","endPos":"0"}
[2025-12-05 16:14:21.456631] [error] WebSocket read error: Transport endpoint is not connected
[2025-12-05 16:14:21.614344] [debug] WebSocketServer: Broadcasting to 1 clients: {"server_time":"2025-12-05 16:14:21","timestamp":"1764940461614","isConnected":"False","numBoard":"0","numSteps":"0","numSpeed":"0.000000","numAccel":"0","numDecel":"0","currentPos":"0","startPos":"0","endPos":"0"}
[2025-12-05 16:14:21.614455] [error] WebSocket broadcast write error: Operation canceled
[2025-12-05 16:14:22.614553] [debug] WebSocketServer: Broadcasting to 1 clients: {"server_time":"2025-12-05 16:14:22","timestamp":"1764940462614","isConnected":"False","numBoard":"0","numSteps":"0","numSpeed":"0.000000","numAccel":"0","numDecel":"0","currentPos":"0","startPos":"0","endPos":"0"}
[2025-12-05 16:14:22.614682] [error] WebSocket broadcast write error: Operation canceled
[2025-12-05 16:14:23.614772] [debug] WebSocketServer: Broadcasting to 1 clients: {"server_time":"2025-12-05 16:14:23","timestamp":"1764940463614","isConnected":"False","numBoard":"0","numSteps":"0","numSpeed":"0.000000","numAccel":"0","numDecel":"0","currentPos":"0","startPos":"0","endPos":"0"}
[2025-12-05 16:14:23.614874] [error] WebSocket broadcast write error: Operation canceled
[2025-12-05 16:14:24.449232] [info] WebSocket client connected. Total clients: 2
[2025-12-05 16:14:24.614986] [debug] WebSocketServer: Broadcasting to 2 clients: {"server_time":"2025-12-05 16:14:24","timestamp":"1764940464614","isConnected":"False","numBoard":"0","numSteps":"0","numSpeed":"0.000000","numAccel":"0","numDecel":"0","currentPos":"0","startPos":"0","endPos":"0"}
[2025-12-05 16:14:24.615190] [error] WebSocket broadcast write error: Operation canceled
[2025-12-05 16:14:25.615283] [debug] WebSocketServer: Broadcasting to 2 clients: {"server_time":"2025-12-05 16:14:25","timestamp":"1764940465615","isConnected":"False","numBoard":"0","numSteps":"0","numSpeed":"0.000000","numAccel":"0","numDecel":"0","currentPos":"0","startPos":"0","endPos":"0"}
[2025-12-05 16:14:25.615462] [error] WebSocket broadcast write error: Operation canceled
[2025-12-05 16:14:26.615562] [debug] WebSocketServer: Broadcasting to 2 clients: {"server_time":"2025-12-05 16:14:26","timestamp":"1764940466615","isConnected":"False","numBoard":"0","numSteps":"0","numSpeed":"0.000000","numAccel":"0","numDecel":"0","currentPos":"0","startPos":"0","endPos":"0"}
[2025-12-05 16:14:26.615745] [error] WebSocket broadcast write error: Operation canceled
[2025-12-05 16:14:27.615837] [debug] WebSocketServer: Broadcasting to 2 clients: {"server_time":"2025-12-05 16:14:27","timestamp":"1764940467615","isConnected":"False","numBoard":"0","numSteps":"0","numSpeed":"0.000000","numAccel":"0","numDecel":"0","currentPos":"0","startPos":"0","endPos":"0"}
[2025-12-05 16:14:27.616062] [error] WebSocket broadcast write error: Operation canceled
[2025-12-05 16:14:28.616161] [debug] WebSocketServer: Broadcasting to 2 clients: {"server_time":"2025-12-05 16:14:28","timestamp":"1764940468616","isConnected":"False","numBoard":"0","numSteps":"0","numSpeed":"0.000000","numAccel":"0","numDecel":"0","currentPos":"0","startPos":"0","endPos":"0"}
[2025-12-05 16:14:28.616372] [error] WebSocket broadcast write error: Operation canceled
[2025-12-05 16:14:29.616465] [debug] WebSocketServer: Broadcasting to 2 clients: {"server_time":"2025-12-05 16:14:29","timestamp":"1764940469616","isConnected":"False","numBoard":"0","numSteps":"0","numSpeed":"0.000000","numAccel":"0","numDecel":"0","currentPos":"0","startPos":"0","endPos":"0"}
[2025-12-05 16:14:29.616650] [error] WebSocket broadcast write error: Operation canceled
[2025-12-05 16:14:30.616753] [debug] WebSocketServer: Broadcasting to 2 clients: {"server_time":"2025-12-05 16:14:30","timestamp":"1764940470616","isConnected":"False","numBoard":"0","numSteps":"0","numSpeed":"0.000000","numAccel":"0","numDecel":"0","currentPos":"0","startPos":"0","endPos":"0"}
[2025-12-05 16:14:30.616963] [error] WebSocket broadcast write error: Operation canceled
[2025-12-05 16:14:31.617058] [debug] WebSocketServer: Broadcasting to 2 clients: {"server_time":"2025-12-05 16:14:31","timestamp":"1764940471617","isConnected":"False","numBoard":"0","numSteps":"0","numSpeed":"0.000000","numAccel":"0","numDecel":"0","currentPos":"0","startPos":"0","endPos":"0"}
[2025-12-05 16:14:31.617465] [error] WebSocket broadcast write error: Operation canceled
[2025-12-05 16:14:32.617391] [debug] WebSocketServer: Broadcasting to 2 clients: {"server_time":"2025-12-05 16:14:32","timestamp":"1764940472617","isConnected":"False","numBoard":"0","numSteps":"0","numSpeed":"0.000000","numAccel":"0","numDecel":"0","currentPos":"0","startPos":"0","endPos":"0"}
[2025-12-05 16:14:32.617626] [error] WebSocket broadcast write error: Operation canceled
[2025-12-05 16:14:32.655935] [error] WebSocket read error: Transport endpoint is not connected
[2025-12-05 16:14:33.617769] [debug] WebSocketServer: Broadcasting to 2 clients: {"server_time":"2025-12-05 16:14:33","timestamp":"1764940473617","isConnected":"False","numBoard":"0","numSteps":"0","numSpeed":"0.000000","numAccel":"0","numDecel":"0","currentPos":"0","startPos":"0","endPos":"0"}
[2025-12-05 16:14:33.617941] [error] WebSocket broadcast write error: Operation canceled
[2025-12-05 16:14:33.618042] [error] WebSocket broadcast write error: Operation canceled
[2025-12-05 16:14:34.618127] [debug] WebSocketServer: Broadcasting to 2 clients: {"server_time":"2025-12-05 16:14:34","timestamp":"1764940474618","isConnected":"False","numBoard":"0","numSteps":"0","numSpeed":"0.000000","numAccel":"0","numDecel":"0","currentPos":"0","startPos":"0","endPos":"0"}
[2025-12-05 16:14:34.618333] [error] WebSocket broadcast write error: Operation canceled
[2025-12-05 16:14:34.618436] [error] WebSocket broadcast write error: Operation canceled
[2025-12-05 16:19:29.783938] [info] RestApiServer created on port 8080
[2025-12-05 16:19:29.784301] [info] WebSocketServer created on port 8081
[2025-12-05 16:19:29.784743] [info] WebSocketServer starting on port 8081
[2025-12-05 16:19:29.785817] [info] WebSocketServer: Started auto updates with interval 1000ms
[2025-12-05 16:19:29.785868] [info] Run RestApiServer on port 8080
[2025-12-05 16:19:29.785855] [info] WebSocketServer: Auto update worker started
[2025-12-05 16:19:34.263561] [info] WebSocket client connected. Total clients: 1
[2025-12-05 16:19:34.786618] [debug] WebSocketServer: Broadcasting to 1 clients: {"server_time":"2025-12-05 16:19:34","timestamp":"1764940774786","isConnected":"False","numBoard":"0","numSteps":"0","numSpeed":"0.000000","numAccel":"0","numDecel":"0","currentPos":"0","startPos":"0","endPos":"0"}
[2025-12-05 16:19:35.583807] [error] 123
[2025-12-05 16:19:35.583894] [error] WebSocket read error: Transport endpoint is not connected
[2025-12-05 16:19:35.786971] [debug] WebSocketServer: Broadcasting to 1 clients: {"server_time":"2025-12-05 16:19:35","timestamp":"1764940775786","isConnected":"False","numBoard":"0","numSteps":"0","numSpeed":"0.000000","numAccel":"0","numDecel":"0","currentPos":"0","startPos":"0","endPos":"0"}
[2025-12-05 16:19:35.787102] [error] WebSocket broadcast write error: Operation canceled
[2025-12-05 16:19:36.787259] [debug] WebSocketServer: Broadcasting to 1 clients: {"server_time":"2025-12-05 16:19:36","timestamp":"1764940776787","isConnected":"False","numBoard":"0","numSteps":"0","numSpeed":"0.000000","numAccel":"0","numDecel":"0","currentPos":"0","startPos":"0","endPos":"0"}
[2025-12-05 16:19:36.787467] [error] WebSocket broadcast write error: Operation canceled
[2025-12-05 16:19:37.787574] [debug] WebSocketServer: Broadcasting to 1 clients: {"server_time":"2025-12-05 16:19:37","timestamp":"1764940777787","isConnected":"False","numBoard":"0","numSteps":"0","numSpeed":"0.000000","numAccel":"0","numDecel":"0","currentPos":"0","startPos":"0","endPos":"0"}
[2025-12-05 16:19:37.787750] [error] WebSocket broadcast write error: Operation canceled
[2025-12-05 16:19:38.787830] [debug] WebSocketServer: Broadcasting to 1 clients: {"server_time":"2025-12-05 16:19:38","timestamp":"1764940778787","isConnected":"False","numBoard":"0","numSteps":"0","numSpeed":"0.000000","numAccel":"0","numDecel":"0","currentPos":"0","startPos":"0","endPos":"0"}
[2025-12-05 16:19:38.787978] [error] WebSocket broadcast write error: Operation canceled
[2025-12-05 16:19:39.788073] [debug] WebSocketServer: Broadcasting to 1 clients: {"server_time":"2025-12-05 16:19:39","timestamp":"1764940779788","isConnected":"False","numBoard":"0","numSteps":"0","numSpeed":"0.000000","numAccel":"0","numDecel":"0","currentPos":"0","startPos":"0","endPos":"0"}
[2025-12-05 16:19:39.788202] [error] WebSocket broadcast write error: Operation canceled
[2025-12-05 16:21:16.636843] [info] RestApiServer created on port 8080
[2025-12-05 16:21:16.643526] [info] WebSocketServer created on port 8081
[2025-12-05 16:21:16.643726] [info] WebSocketServer: Started auto updates with interval 1000ms
[2025-12-05 16:21:16.643765] [info] Run RestApiServer on port 8080
[2025-12-05 16:21:16.643769] [info] WebSocketServer: Auto update worker started
[2025-12-05 16:21:16.643753] [info] WebSocketServer starting on port 8081
[2025-12-05 16:21:19.150989] [info] WebSocket client connected. Total clients: 1
[2025-12-05 16:21:19.644239] [debug] WebSocketServer: Broadcasting to 1 clients: {"server_time":"2025-12-05 16:21:19","timestamp":"1764940879644","isConnected":"False","numBoard":"0","numSteps":"0","numSpeed":"0.000000","numAccel":"0","numDecel":"0","currentPos":"0","startPos":"0","endPos":"0"}
[2025-12-05 16:21:20.644522] [debug] WebSocketServer: Broadcasting to 1 clients: {"server_time":"2025-12-05 16:21:20","timestamp":"1764940880644","isConnected":"False","numBoard":"0","numSteps":"0","numSpeed":"0.000000","numAccel":"0","numDecel":"0","currentPos":"0","startPos":"0","endPos":"0"}
[2025-12-05 16:21:20.719864] [error] 123107
[2025-12-05 16:21:20.719959] [error] WebSocket read error: Transport endpoint is not connected
[2025-12-05 16:21:21.644797] [debug] WebSocketServer: Broadcasting to 1 clients: {"server_time":"2025-12-05 16:21:21","timestamp":"1764940881644","isConnected":"False","numBoard":"0","numSteps":"0","numSpeed":"0.000000","numAccel":"0","numDecel":"0","currentPos":"0","startPos":"0","endPos":"0"}
[2025-12-05 16:21:21.644944] [error] WebSocket broadcast write error: Operation canceled
[2025-12-05 16:32:14.011266] [info] RestApiServer created on port 8080
[2025-12-05 16:32:14.011565] [info] WebSocketServer created on port 8081
[2025-12-05 16:32:14.012081] [info] WebSocketServer starting on port 8081
[2025-12-05 16:32:14.012155] [info] WebSocketServer: Auto update worker started
[2025-12-05 16:32:14.012065] [info] WebSocketServer: Started auto updates with interval 1000ms
[2025-12-05 16:32:14.012240] [info] Run RestApiServer on port 8080
[2025-12-05 16:32:36.120919] [info] WebSocket client connected. Total clients: 1
[2025-12-05 16:32:37.015320] [debug] WebSocketServer: Broadcasting to 1 clients: {"server_time":"2025-12-05 16:32:37","timestamp":"1764941557015","isConnected":"False","numBoard":"0","numSteps":"0","numSpeed":"0.000000","numAccel":"0","numDecel":"0","currentPos":"0","startPos":"0","endPos":"0"}
[2025-12-05 16:32:38.015648] [debug] WebSocketServer: Broadcasting to 1 clients: {"server_time":"2025-12-05 16:32:38","timestamp":"1764941558015","isConnected":"False","numBoard":"0","numSteps":"0","numSpeed":"0.000000","numAccel":"0","numDecel":"0","currentPos":"0","startPos":"0","endPos":"0"}
[2025-12-05 16:32:39.016010] [debug] WebSocketServer: Broadcasting to 1 clients: {"server_time":"2025-12-05 16:32:39","timestamp":"1764941559015","isConnected":"False","numBoard":"0","numSteps":"0","numSpeed":"0.000000","numAccel":"0","numDecel":"0","currentPos":"0","startPos":"0","endPos":"0"}
[2025-12-05 16:32:40.016375] [debug] WebSocketServer: Broadcasting to 1 clients: {"server_time":"2025-12-05 16:32:40","timestamp":"1764941560016","isConnected":"False","numBoard":"0","numSteps":"0","numSpeed":"0.000000","numAccel":"0","numDecel":"0","currentPos":"0","startPos":"0","endPos":"0"}
[2025-12-05 16:32:41.016752] [debug] WebSocketServer: Broadcasting to 1 clients: {"server_time":"2025-12-05 16:32:41","timestamp":"1764941561016","isConnected":"False","numBoard":"0","numSteps":"0","numSpeed":"0.000000","numAccel":"0","numDecel":"0","currentPos":"0","startPos":"0","endPos":"0"}
[2025-12-05 16:32:42.017033] [debug] WebSocketServer: Broadcasting to 1 clients: {"server_time":"2025-12-05 16:32:42","timestamp":"1764941562016","isConnected":"False","numBoard":"0","numSteps":"0","numSpeed":"0.000000","numAccel":"0","numDecel":"0","currentPos":"0","startPos":"0","endPos":"0"}
[2025-12-05 16:32:43.017348] [debug] WebSocketServer: Broadcasting to 1 clients: {"server_time":"2025-12-05 16:32:43","timestamp":"1764941563017","isConnected":"False","numBoard":"0","numSteps":"0","numSpeed":"0.000000","numAccel":"0","numDecel":"0","currentPos":"0","startPos":"0","endPos":"0"}
[2025-12-05 16:32:44.017688] [debug] WebSocketServer: Broadcasting to 1 clients: {"server_time":"2025-12-05 16:32:44","timestamp":"1764941564017","isConnected":"False","numBoard":"0","numSteps":"0","numSpeed":"0.000000","numAccel":"0","numDecel":"0","currentPos":"0","startPos":"0","endPos":"0"}
[2025-12-05 16:32:45.018116] [debug] WebSocketServer: Broadcasting to 1 clients: {"server_time":"2025-12-05 16:32:45","timestamp":"1764941565018","isConnected":"False","numBoard":"0","numSteps":"0","numSpeed":"0.000000","numAccel":"0","numDecel":"0","currentPos":"0","startPos":"0","endPos":"0"}
[2025-12-05 16:32:45.085129] [error] WebSocket read error: End of file
[2025-12-05 16:32:46.018515] [debug] WebSocketServer: Broadcasting to 1 clients: {"server_time":"2025-12-05 16:32:46","timestamp":"1764941566018","isConnected":"False","numBoard":"0","numSteps":"0","numSpeed":"0.000000","numAccel":"0","numDecel":"0","currentPos":"0","startPos":"0","endPos":"0"}
[2025-12-05 16:32:46.018648] [error] WebSocket broadcast write error: Operation canceled
[2025-12-05 16:32:47.018761] [debug] WebSocketServer: Broadcasting to 1 clients: {"server_time":"2025-12-05 16:32:47","timestamp":"1764941567018","isConnected":"False","numBoard":"0","numSteps":"0","numSpeed":"0.000000","numAccel":"0","numDecel":"0","currentPos":"0","startPos":"0","endPos":"0"}
[2025-12-05 16:32:47.018886] [error] WebSocket broadcast write error: Operation canceled
[2025-12-05 16:32:48.018998] [debug] WebSocketServer: Broadcasting to 1 clients: {"server_time":"2025-12-05 16:32:48","timestamp":"1764941568018","isConnected":"False","numBoard":"0","numSteps":"0","numSpeed":"0.000000","numAccel":"0","numDecel":"0","currentPos":"0","startPos":"0","endPos":"0"}
[2025-12-05 16:32:48.019131] [error] WebSocket broadcast write error: Operation canceled
[2025-12-05 16:32:49.019230] [debug] WebSocketServer: Broadcasting to 1 clients: {"server_time":"2025-12-05 16:32:49","timestamp":"1764941569019","isConnected":"False","numBoard":"0","numSteps":"0","numSpeed":"0.000000","numAccel":"0","numDecel":"0","currentPos":"0","startPos":"0","endPos":"0"}
[2025-12-05 16:32:49.019351] [error] WebSocket broadcast write error: Operation canceled
[2025-12-05 16:32:50.019460] [debug] WebSocketServer: Broadcasting to 1 clients: {"server_time":"2025-12-05 16:32:50","timestamp":"1764941570019","isConnected":"False","numBoard":"0","numSteps":"0","numSpeed":"0.000000","numAccel":"0","numDecel":"0","currentPos":"0","startPos":"0","endPos":"0"}
[2025-12-05 16:32:50.019584] [error] WebSocket broadcast write error: Operation canceled
[2025-12-05 16:33:53.428114] [info] RestApiServer created on port 8080
[2025-12-05 16:33:53.428409] [info] WebSocketServer created on port 8081
[2025-12-05 16:33:53.428650] [info] WebSocketServer: Started auto updates with interval 1000ms
[2025-12-05 16:33:53.428647] [info] WebSocketServer starting on port 8081
[2025-12-05 16:33:53.428706] [info] Run RestApiServer on port 8080
[2025-12-05 16:33:53.428703] [info] WebSocketServer: Auto update worker started
[2025-12-05 16:33:56.349659] [info] WebSocket client connected. Total clients: 1
[2025-12-05 16:33:56.429193] [debug] WebSocketServer: Broadcasting to 1 clients: {"server_time":"2025-12-05 16:33:56","timestamp":"1764941636429","isConnected":"False","numBoard":"0","numSteps":"0","numSpeed":"0.000000","numAccel":"0","numDecel":"0","currentPos":"0","startPos":"0","endPos":"0"}
[2025-12-05 16:33:57.429487] [debug] WebSocketServer: Broadcasting to 1 clients: {"server_time":"2025-12-05 16:33:57","timestamp":"1764941637429","isConnected":"False","numBoard":"0","numSteps":"0","numSpeed":"0.000000","numAccel":"0","numDecel":"0","currentPos":"0","startPos":"0","endPos":"0"}
[2025-12-05 16:33:57.953761] [info] WebSocket client disconnected
[2025-12-05 16:33:58.429800] [debug] WebSocketServer: Broadcasting to 1 clients: {"server_time":"2025-12-05 16:33:58","timestamp":"1764941638429","isConnected":"False","numBoard":"0","numSteps":"0","numSpeed":"0.000000","numAccel":"0","numDecel":"0","currentPos":"0","startPos":"0","endPos":"0"}
[2025-12-05 16:33:58.429917] [error] WebSocket broadcast write error: Operation canceled
[2025-12-05 16:33:59.430133] [debug] WebSocketServer: Broadcasting to 1 clients: {"server_time":"2025-12-05 16:33:59","timestamp":"1764941639429","isConnected":"False","numBoard":"0","numSteps":"0","numSpeed":"0.000000","numAccel":"0","numDecel":"0","currentPos":"0","startPos":"0","endPos":"0"}
[2025-12-05 16:33:59.430377] [error] WebSocket broadcast write error: Operation canceled
[2025-12-05 17:00:41.573776] [info] RestApiServer created on port 8080
[2025-12-05 17:00:41.580441] [info] WebSocketServer created on port 8081
[2025-12-05 17:00:41.580630] [info] WebSocketServer: Started auto updates with interval 1000ms
[2025-12-05 17:00:41.580671] [info] WebSocketServer: Auto update worker started
[2025-12-05 17:00:41.580655] [info] WebSocketServer starting on port 8081
[2025-12-05 17:00:41.580687] [info] Run RestApiServer on port 8080
[2025-12-05 17:00:44.009069] [info] WebSocket client connected. Total clients: 1
[2025-12-05 17:00:44.581139] [debug] WebSocketServer: Broadcasting to 1 clients: {"server_time":"2025-12-05 17:00:44","timestamp":"1764943244581","isConnected":"False","numBoard":"0","numSteps":"0","numSpeed":"0.000000","numAccel":"0","numDecel":"0","currentPos":"0","startPos":"0","endPos":"0"}
[2025-12-05 17:00:45.581476] [debug] WebSocketServer: Broadcasting to 1 clients: {"server_time":"2025-12-05 17:00:45","timestamp":"1764943245581","isConnected":"False","numBoard":"0","numSteps":"0","numSpeed":"0.000000","numAccel":"0","numDecel":"0","currentPos":"0","startPos":"0","endPos":"0"}
[2025-12-05 17:00:46.581772] [debug] WebSocketServer: Broadcasting to 1 clients: {"server_time":"2025-12-05 17:00:46","timestamp":"1764943246581","isConnected":"False","numBoard":"0","numSteps":"0","numSpeed":"0.000000","numAccel":"0","numDecel":"0","currentPos":"0","startPos":"0","endPos":"0"}
[2025-12-05 17:00:47.582085] [debug] WebSocketServer: Broadcasting to 1 clients: {"server_time":"2025-12-05 17:00:47","timestamp":"1764943247582","isConnected":"False","numBoard":"0","numSteps":"0","numSpeed":"0.000000","numAccel":"0","numDecel":"0","currentPos":"0","startPos":"0","endPos":"0"}
[2025-12-05 17:00:47.607908] [info] WebSocket client disconnected (connection lost)
[2025-12-05 17:00:48.582373] [debug] WebSocketServer: Broadcasting to 1 clients: {"server_time":"2025-12-05 17:00:48","timestamp":"1764943248582","isConnected":"False","numBoard":"0","numSteps":"0","numSpeed":"0.000000","numAccel":"0","numDecel":"0","currentPos":"0","startPos":"0","endPos":"0"}
[2025-12-05 17:00:49.582553] [debug] WebSocketServer: Broadcasting to 1 clients: {"server_time":"2025-12-05 17:00:49","timestamp":"1764943249582","isConnected":"False","numBoard":"0","numSteps":"0","numSpeed":"0.000000","numAccel":"0","numDecel":"0","currentPos":"0","startPos":"0","endPos":"0"}
[2025-12-05 17:00:50.582755] [debug] WebSocketServer: Broadcasting to 1 clients: {"server_time":"2025-12-05 17:00:50","timestamp":"1764943250582","isConnected":"False","numBoard":"0","numSteps":"0","numSpeed":"0.000000","numAccel":"0","numDecel":"0","currentPos":"0","startPos":"0","endPos":"0"}
[2025-12-05 17:00:51.582961] [debug] WebSocketServer: Broadcasting to 1 clients: {"server_time":"2025-12-05 17:00:51","timestamp":"1764943251582","isConnected":"False","numBoard":"0","numSteps":"0","numSpeed":"0.000000","numAccel":"0","numDecel":"0","currentPos":"0","startPos":"0","endPos":"0"}
[2025-12-05 17:00:52.583144] [debug] WebSocketServer: Broadcasting to 1 clients: {"server_time":"2025-12-05 17:00:52","timestamp":"1764943252583","isConnected":"False","numBoard":"0","numSteps":"0","numSpeed":"0.000000","numAccel":"0","numDecel":"0","currentPos":"0","startPos":"0","endPos":"0"}
[2025-12-05 17:00:53.583329] [debug] WebSocketServer: Broadcasting to 1 clients: {"server_time":"2025-12-05 17:00:53","timestamp":"1764943253583","isConnected":"False","numBoard":"0","numSteps":"0","numSpeed":"0.000000","numAccel":"0","numDecel":"0","currentPos":"0","startPos":"0","endPos":"0"}
[2025-12-05 17:00:54.583549] [debug] WebSocketServer: Broadcasting to 1 clients: {"server_time":"2025-12-05 17:00:54","timestamp":"1764943254583","isConnected":"False","numBoard":"0","numSteps":"0","numSpeed":"0.000000","numAccel":"0","numDecel":"0","currentPos":"0","startPos":"0","endPos":"0"}
[2025-12-05 17:00:54.776868] [info] GET /api/connect
[2025-12-05 17:00:55.583745] [debug] WebSocketServer: Broadcasting to 1 clients: {"server_time":"2025-12-05 17:00:55","timestamp":"1764943255583","isConnected":"True","numBoard":"0","numSteps":"0","numSpeed":"0.000000","numAccel":"0","numDecel":"0","currentPos":"0","startPos":"0","endPos":"0"}
[2025-12-05 17:00:56.583940] [debug] WebSocketServer: Broadcasting to 1 clients: {"server_time":"2025-12-05 17:00:56","timestamp":"1764943256583","isConnected":"True","numBoard":"0","numSteps":"0","numSpeed":"0.000000","numAccel":"0","numDecel":"0","currentPos":"0","startPos":"0","endPos":"0"}
[2025-12-05 17:00:57.584135] [debug] WebSocketServer: Broadcasting to 1 clients: {"server_time":"2025-12-05 17:00:57","timestamp":"1764943257584","isConnected":"True","numBoard":"0","numSteps":"0","numSpeed":"0.000000","numAccel":"0","numDecel":"0","currentPos":"0","startPos":"0","endPos":"0"}
[2025-12-05 17:00:58.584331] [debug] WebSocketServer: Broadcasting to 1 clients: {"server_time":"2025-12-05 17:00:58","timestamp":"1764943258584","isConnected":"True","numBoard":"0","numSteps":"0","numSpeed":"0.000000","numAccel":"0","numDecel":"0","currentPos":"0","startPos":"0","endPos":"0"}
[2025-12-05 17:00:59.158863] [info] POST /api/board/set {"numBoard":16}
[2025-12-05 17:00:59.584514] [debug] WebSocketServer: Broadcasting to 1 clients: {"server_time":"2025-12-05 17:00:59","timestamp":"1764943259584","isConnected":"True","numBoard":"16","numSteps":"0","numSpeed":"0.000000","numAccel":"0","numDecel":"0","currentPos":"0","startPos":"0","endPos":"0"}
[2025-12-05 17:00:59.634862] [info] POST /api/steps/set {"numSteps":1000}
[2025-12-05 17:00:59.954868] [info] POST /api/speed/set {"numSpeed":10}
[2025-12-05 17:01:00.338867] [info] POST /api/accel/set {"numAccel":10}
[2025-12-05 17:01:00.584918] [debug] WebSocketServer: Broadcasting to 1 clients: {"server_time":"2025-12-05 17:01:00","timestamp":"1764943260584","isConnected":"True","numBoard":"16","numSteps":"1000","numSpeed":"10.000000","numAccel":"10","numDecel":"0","currentPos":"0","startPos":"0","endPos":"0"}
[2025-12-05 17:01:00.690863] [info] POST /api/decel/set {"numDecel":10}
[2025-12-05 17:01:01.234864] [info] GET /api/move/forward
[2025-12-05 17:01:01.585149] [debug] WebSocketServer: Broadcasting to 1 clients: {"server_time":"2025-12-05 17:01:01","timestamp":"1764943261585","isConnected":"True","numBoard":"16","numSteps":"1000","numSpeed":"10.000000","numAccel":"10","numDecel":"10","currentPos":"0","startPos":"0","endPos":"0"}
[2025-12-05 17:01:02.585344] [debug] WebSocketServer: Broadcasting to 1 clients: {"server_time":"2025-12-05 17:01:02","timestamp":"1764943262585","isConnected":"True","numBoard":"16","numSteps":"1000","numSpeed":"10.000000","numAccel":"10","numDecel":"10","currentPos":"0","startPos":"0","endPos":"0"}
[2025-12-05 17:01:03.026878] [info] GET /api/move/backward
[2025-12-05 17:01:03.585538] [debug] WebSocketServer: Broadcasting to 1 clients: {"server_time":"2025-12-05 17:01:03","timestamp":"1764943263585","isConnected":"True","numBoard":"16","numSteps":"1000","numSpeed":"10.000000","numAccel":"10","numDecel":"10","currentPos":"0","startPos":"0","endPos":"0"}
[2025-12-05 17:01:04.585720] [debug] WebSocketServer: Broadcasting to 1 clients: {"server_time":"2025-12-05 17:01:04","timestamp":"1764943264585","isConnected":"True","numBoard":"16","numSteps":"1000","numSpeed":"10.000000","numAccel":"10","numDecel":"10","currentPos":"0","startPos":"0","endPos":"0"}
[2025-12-05 17:01:05.586099] [debug] WebSocketServer: Broadcasting to 1 clients: {"server_time":"2025-12-05 17:01:05","timestamp":"1764943265585","isConnected":"True","numBoard":"16","numSteps":"1000","numSpeed":"10.000000","numAccel":"10","numDecel":"10","currentPos":"0","startPos":"0","endPos":"0"}
[2025-12-05 17:01:06.586360] [debug] WebSocketServer: Broadcasting to 1 clients: {"server_time":"2025-12-05 17:01:06","timestamp":"1764943266586","isConnected":"True","numBoard":"16","numSteps":"1000","numSpeed":"10.000000","numAccel":"10","numDecel":"10","currentPos":"0","startPos":"0","endPos":"0"}
[2025-12-05 17:04:01.879984] [info] RestApiServer created on port 8080
[2025-12-05 17:04:01.881326] [info] WebSocketServer created on port 8081
[2025-12-05 17:04:01.881622] [info] WebSocketServer: Auto update worker started
[2025-12-05 17:04:01.881582] [info] WebSocketServer starting on port 8081
[2025-12-05 17:04:01.881706] [info] WebSocketServer: Started auto updates with interval 1000ms
[2025-12-05 17:04:01.881864] [info] Run RestApiServer on port 8080
[2025-12-05 17:04:06.427419] [info] 123
[2025-12-05 17:04:06.427509] [info] WebSocket client connected. Total clients: 1
[2025-12-05 17:04:06.882488] [debug] WebSocketServer: Broadcasting to 1 clients: {"server_time":"2025-12-05 17:04:06","timestamp":"1764943446882","isConnected":"False","numBoard":"0","numSteps":"0","numSpeed":"0.000000","numAccel":"0","numDecel":"0","currentPos":"0","startPos":"0","endPos":"0"}
[2025-12-05 17:04:07.882816] [debug] WebSocketServer: Broadcasting to 1 clients: {"server_time":"2025-12-05 17:04:07","timestamp":"1764943447882","isConnected":"False","numBoard":"0","numSteps":"0","numSpeed":"0.000000","numAccel":"0","numDecel":"0","currentPos":"0","startPos":"0","endPos":"0"}
[2025-12-05 17:04:08.883130] [debug] WebSocketServer: Broadcasting to 1 clients: {"server_time":"2025-12-05 17:04:08","timestamp":"1764943448883","isConnected":"False","numBoard":"0","numSteps":"0","numSpeed":"0.000000","numAccel":"0","numDecel":"0","currentPos":"0","startPos":"0","endPos":"0"}
[2025-12-05 17:04:09.528848] [info] WebSocket client disconnected (connection lost)
[2025-12-05 17:04:09.883428] [debug] WebSocketServer: Broadcasting to 1 clients: {"server_time":"2025-12-05 17:04:09","timestamp":"1764943449883","isConnected":"False","numBoard":"0","numSteps":"0","numSpeed":"0.000000","numAccel":"0","numDecel":"0","currentPos":"0","startPos":"0","endPos":"0"}
[2025-12-05 17:04:10.883618] [debug] WebSocketServer: Broadcasting to 1 clients: {"server_time":"2025-12-05 17:04:10","timestamp":"1764943450883","isConnected":"False","numBoard":"0","numSteps":"0","numSpeed":"0.000000","numAccel":"0","numDecel":"0","currentPos":"0","startPos":"0","endPos":"0"}
[2025-12-05 17:04:11.883795] [debug] WebSocketServer: Broadcasting to 1 clients: {"server_time":"2025-12-05 17:04:11","timestamp":"1764943451883","isConnected":"False","numBoard":"0","numSteps":"0","numSpeed":"0.000000","numAccel":"0","numDecel":"0","currentPos":"0","startPos":"0","endPos":"0"}
[2025-12-05 17:04:12.883989] [debug] WebSocketServer: Broadcasting to 1 clients: {"server_time":"2025-12-05 17:04:12","timestamp":"1764943452883","isConnected":"False","numBoard":"0","numSteps":"0","numSpeed":"0.000000","numAccel":"0","numDecel":"0","currentPos":"0","startPos":"0","endPos":"0"}
[2025-12-05 17:04:13.884186] [debug] WebSocketServer: Broadcasting to 1 clients: {"server_time":"2025-12-05 17:04:13","timestamp":"1764943453884","isConnected":"False","numBoard":"0","numSteps":"0","numSpeed":"0.000000","numAccel":"0","numDecel":"0","currentPos":"0","startPos":"0","endPos":"0"}
[2025-12-05 17:04:14.884374] [debug] WebSocketServer: Broadcasting to 1 clients: {"server_time":"2025-12-05 17:04:14","timestamp":"1764943454884","isConnected":"False","numBoard":"0","numSteps":"0","numSpeed":"0.000000","numAccel":"0","numDecel":"0","currentPos":"0","startPos":"0","endPos":"0"}
[2025-12-05 17:04:15.884570] [debug] WebSocketServer: Broadcasting to 1 clients: {"server_time":"2025-12-05 17:04:15","timestamp":"1764943455884","isConnected":"False","numBoard":"0","numSteps":"0","numSpeed":"0.000000","numAccel":"0","numDecel":"0","currentPos":"0","startPos":"0","endPos":"0"}
[2025-12-05 17:04:16.885220] [debug] WebSocketServer: Broadcasting to 1 clients: {"server_time":"2025-12-05 17:04:16","timestamp":"1764943456885","isConnected":"False","numBoard":"0","numSteps":"0","numSpeed":"0.000000","numAccel":"0","numDecel":"0","currentPos":"0","startPos":"0","endPos":"0"}
[2025-12-05 17:04:17.885416] [debug] WebSocketServer: Broadcasting to 1 clients: {"server_time":"2025-12-05 17:04:17","timestamp":"1764943457885","isConnected":"False","numBoard":"0","numSteps":"0","numSpeed":"0.000000","numAccel":"0","numDecel":"0","currentPos":"0","startPos":"0","endPos":"0"}
[2025-12-05 17:04:18.885616] [debug] WebSocketServer: Broadcasting to 1 clients: {"server_time":"2025-12-05 17:04:18","timestamp":"1764943458885","isConnected":"False","numBoard":"0","numSteps":"0","numSpeed":"0.000000","numAccel":"0","numDecel":"0","currentPos":"0","startPos":"0","endPos":"0"}
[2025-12-05 17:04:19.885811] [debug] WebSocketServer: Broadcasting to 1 clients: {"server_time":"2025-12-05 17:04:19","timestamp":"1764943459885","isConnected":"False","numBoard":"0","numSteps":"0","numSpeed":"0.000000","numAccel":"0","numDecel":"0","currentPos":"0","startPos":"0","endPos":"0"}
[2025-12-05 17:04:20.886010] [debug] WebSocketServer: Broadcasting to 1 clients: {"server_time":"2025-12-05 17:04:20","timestamp":"1764943460885","isConnected":"False","numBoard":"0","numSteps":"0","numSpeed":"0.000000","numAccel":"0","numDecel":"0","currentPos":"0","startPos":"0","endPos":"0"}
[2025-12-05 17:04:21.886443] [debug] WebSocketServer: Broadcasting to 1 clients: {"server_time":"2025-12-05 17:04:21","timestamp":"1764943461886","isConnected":"False","numBoard":"0","numSteps":"0","numSpeed":"0.000000","numAccel":"0","numDecel":"0","currentPos":"0","startPos":"0","endPos":"0"}
[2025-12-05 17:04:22.886663] [debug] WebSocketServer: Broadcasting to 1 clients: {"server_time":"2025-12-05 17:04:22","timestamp":"1764943462886","isConnected":"False","numBoard":"0","numSteps":"0","numSpeed":"0.000000","numAccel":"0","numDecel":"0","currentPos":"0","startPos":"0","endPos":"0"}
[2025-12-05 17:04:23.886894] [debug] WebSocketServer: Broadcasting to 1 clients: {"server_time":"2025-12-05 17:04:23","timestamp":"1764943463886","isConnected":"False","numBoard":"0","numSteps":"0","numSpeed":"0.000000","numAccel":"0","numDecel":"0","currentPos":"0","startPos":"0","endPos":"0"}
[2025-12-05 17:04:24.384877] [info] GET /api/connect
[2025-12-05 17:04:24.638714] [info] POST /api/board/set {"numBoard":16}
[2025-12-05 17:04:24.887412] [debug] WebSocketServer: Broadcasting to 1 clients: {"server_time":"2025-12-05 17:04:24","timestamp":"1764943464887","isConnected":"True","numBoard":"16","numSteps":"0","numSpeed":"0.000000","numAccel":"0","numDecel":"0","currentPos":"0","startPos":"0","endPos":"0"}
[2025-12-05 17:04:24.906712] [info] POST /api/steps/set {"numSteps":1000}
[2025-12-05 17:04:25.658697] [info] POST /api/accel/set {"numAccel":10}
[2025-12-05 17:04:25.887646] [debug] WebSocketServer: Broadcasting to 1 clients: {"server_time":"2025-12-05 17:04:25","timestamp":"1764943465887","isConnected":"True","numBoard":"16","numSteps":"1000","numSpeed":"0.000000","numAccel":"10","numDecel":"0","currentPos":"0","startPos":"0","endPos":"0"}
[2025-12-05 17:04:25.970697] [info] POST /api/decel/set {"numDecel":10}
[2025-12-05 17:04:26.410700] [info] GET /api/move/forward
[2025-12-05 17:04:26.887840] [debug] WebSocketServer: Broadcasting to 1 clients: {"server_time":"2025-12-05 17:04:26","timestamp":"1764943466887","isConnected":"True","numBoard":"16","numSteps":"1000","numSpeed":"0.000000","numAccel":"10","numDecel":"10","currentPos":"0","startPos":"0","endPos":"0"}
[2025-12-05 17:04:27.888125] [debug] WebSocketServer: Broadcasting to 1 clients: {"server_time":"2025-12-05 17:04:27","timestamp":"1764943467888","isConnected":"True","numBoard":"16","numSteps":"1000","numSpeed":"0.000000","numAccel":"10","numDecel":"10","currentPos":"0","startPos":"0","endPos":"0"}
[2025-12-05 17:04:27.946697] [info] GET /api/move/backward
[2025-12-05 17:04:28.458710] [info] GET /api/move/backward
[2025-12-05 17:04:28.888557] [debug] WebSocketServer: Broadcasting to 1 clients: {"server_time":"2025-12-05 17:04:28","timestamp":"1764943468888","isConnected":"True","numBoard":"16","numSteps":"1000","numSpeed":"0.000000","numAccel":"10","numDecel":"10","currentPos":"0","startPos":"0","endPos":"0"}
[2025-12-05 17:04:29.889063] [debug] WebSocketServer: Broadcasting to 1 clients: {"server_time":"2025-12-05 17:04:29","timestamp":"1764943469888","isConnected":"True","numBoard":"16","numSteps":"1000","numSpeed":"0.000000","numAccel":"10","numDecel":"10","currentPos":"0","startPos":"0","endPos":"0"}
[2025-12-05 17:04:30.889315] [debug] WebSocketServer: Broadcasting to 1 clients: {"server_time":"2025-12-05 17:04:30","timestamp":"1764943470889","isConnected":"True","numBoard":"16","numSteps":"1000","numSpeed":"0.000000","numAccel":"10","numDecel":"10","currentPos":"0","startPos":"0","endPos":"0"}
[2025-12-05 17:04:31.889507] [debug] WebSocketServer: Broadcasting to 1 clients: {"server_time":"2025-12-05 17:04:31","timestamp":"1764943471889","isConnected":"True","numBoard":"16","numSteps":"1000","numSpeed":"0.000000","numAccel":"10","numDecel":"10","currentPos":"0","startPos":"0","endPos":"0"}
[2025-12-05 17:04:32.889696] [debug] WebSocketServer: Broadcasting to 1 clients: {"server_time":"2025-12-05 17:04:32","timestamp":"1764943472889","isConnected":"True","numBoard":"16","numSteps":"1000","numSpeed":"0.000000","numAccel":"10","numDecel":"10","currentPos":"0","startPos":"0","endPos":"0"}
[2025-12-05 17:04:33.889889] [debug] WebSocketServer: Broadcasting to 1 clients: {"server_time":"2025-12-05 17:04:33","timestamp":"1764943473889","isConnected":"True","numBoard":"16","numSteps":"1000","numSpeed":"0.000000","numAccel":"10","numDecel":"10","currentPos":"0","startPos":"0","endPos":"0"}
[2025-12-05 17:04:33.946699] [info] GET /api/move/forward
[2025-12-05 17:04:34.890068] [debug] WebSocketServer: Broadcasting to 1 clients: {"server_time":"2025-12-05 17:04:34","timestamp":"1764943474890","isConnected":"True","numBoard":"16","numSteps":"1000","numSpeed":"0.000000","numAccel":"10","numDecel":"10","currentPos":"0","startPos":"0","endPos":"0"}
[2025-12-05 17:04:35.610699] [info] GET /api/move/backward
[2025-12-05 17:04:35.890267] [debug] WebSocketServer: Broadcasting to 1 clients: {"server_time":"2025-12-05 17:04:35","timestamp":"1764943475890","isConnected":"True","numBoard":"16","numSteps":"1000","numSpeed":"0.000000","numAccel":"10","numDecel":"10","currentPos":"0","startPos":"0","endPos":"0"}
[2025-12-05 17:04:36.890452] [debug] WebSocketServer: Broadcasting to 1 clients: {"server_time":"2025-12-05 17:04:36","timestamp":"1764943476890","isConnected":"True","numBoard":"16","numSteps":"1000","numSpeed":"0.000000","numAccel":"10","numDecel":"10","currentPos":"0","startPos":"0","endPos":"0"}
[2025-12-05 17:04:37.890634] [debug] WebSocketServer: Broadcasting to 1 clients: {"server_time":"2025-12-05 17:04:37","timestamp":"1764943477890","isConnected":"True","numBoard":"16","numSteps":"1000","numSpeed":"0.000000","numAccel":"10","numDecel":"10","currentPos":"0","startPos":"0","endPos":"0"}
[2025-12-05 17:04:38.890804] [debug] WebSocketServer: Broadcasting to 1 clients: {"server_time":"2025-12-05 17:04:38","timestamp":"1764943478890","isConnected":"True","numBoard":"16","numSteps":"1000","numSpeed":"0.000000","numAccel":"10","numDecel":"10","currentPos":"0","startPos":"0","endPos":"0"}
[2025-12-05 17:04:39.890998] [debug] WebSocketServer: Broadcasting to 1 clients: {"server_time":"2025-12-05 17:04:39","timestamp":"1764943479890","isConnected":"True","numBoard":"16","numSteps":"1000","numSpeed":"0.000000","numAccel":"10","numDecel":"10","currentPos":"0","startPos":"0","endPos":"0"}
[2025-12-05 17:04:40.891198] [debug] WebSocketServer: Broadcasting to 1 clients: {"server_time":"2025-12-05 17:04:40","timestamp":"1764943480891","isConnected":"True","numBoard":"16","numSteps":"1000","numSpeed":"0.000000","numAccel":"10","numDecel":"10","currentPos":"0","startPos":"0","endPos":"0"}
[2025-12-05 17:04:41.891397] [debug] WebSocketServer: Broadcasting to 1 clients: {"server_time":"2025-12-05 17:04:41","timestamp":"1764943481891","isConnected":"True","numBoard":"16","numSteps":"1000","numSpeed":"0.000000","numAccel":"10","numDecel":"10","currentPos":"0","startPos":"0","endPos":"0"}
[2025-12-05 17:04:42.891577] [debug] WebSocketServer: Broadcasting to 1 clients: {"server_time":"2025-12-05 17:04:42","timestamp":"1764943482891","isConnected":"True","numBoard":"16","numSteps":"1000","numSpeed":"0.000000","numAccel":"10","numDecel":"10","currentPos":"0","startPos":"0","endPos":"0"}
[2025-12-05 17:05:59.269570] [info] RestApiServer created on port 8080
[2025-12-05 17:05:59.276456] [info] WebSocketServer created on port 8081
[2025-12-05 17:05:59.276664] [info] WebSocketServer starting on port 8081
[2025-12-05 17:05:59.276663] [info] WebSocketServer: Started auto updates with interval 1000ms
[2025-12-05 17:05:59.276694] [info] WebSocketServer: Auto update worker started
[2025-12-05 17:05:59.276745] [info] Run RestApiServer on port 8080
[2025-12-05 17:06:02.061962] [info] 123
[2025-12-05 17:06:02.062063] [info] WebSocket client connected. Total clients: 1
[2025-12-05 17:06:02.277129] [debug] WebSocketServer: Broadcasting to 1 clients: {"server_time":"2025-12-05 17:06:02","timestamp":"1764943562277","isConnected":"False","numBoard":"0","numSteps":"0","numSpeed":"0.000000","numAccel":"0","numDecel":"0","currentPos":"0","startPos":"0","endPos":"0"}
[2025-12-05 17:06:02.277191] [info] 1
[2025-12-05 17:06:03.277438] [debug] WebSocketServer: Broadcasting to 1 clients: {"server_time":"2025-12-05 17:06:03","timestamp":"1764943563277","isConnected":"False","numBoard":"0","numSteps":"0","numSpeed":"0.000000","numAccel":"0","numDecel":"0","currentPos":"0","startPos":"0","endPos":"0"}
[2025-12-05 17:06:03.277504] [info] 1
[2025-12-05 17:06:04.277753] [debug] WebSocketServer: Broadcasting to 1 clients: {"server_time":"2025-12-05 17:06:04","timestamp":"1764943564277","isConnected":"False","numBoard":"0","numSteps":"0","numSpeed":"0.000000","numAccel":"0","numDecel":"0","currentPos":"0","startPos":"0","endPos":"0"}
[2025-12-05 17:06:04.277819] [info] 1
[2025-12-05 17:06:05.278064] [debug] WebSocketServer: Broadcasting to 1 clients: {"server_time":"2025-12-05 17:06:05","timestamp":"1764943565278","isConnected":"False","numBoard":"0","numSteps":"0","numSpeed":"0.000000","numAccel":"0","numDecel":"0","currentPos":"0","startPos":"0","endPos":"0"}
[2025-12-05 17:06:05.278130] [info] 1
[2025-12-05 17:06:05.624258] [info] WebSocket client disconnected (connection lost)
[2025-12-05 17:06:06.278432] [debug] WebSocketServer: Broadcasting to 1 clients: {"server_time":"2025-12-05 17:06:06","timestamp":"1764943566278","isConnected":"False","numBoard":"0","numSteps":"0","numSpeed":"0.000000","numAccel":"0","numDecel":"0","currentPos":"0","startPos":"0","endPos":"0"}
[2025-12-05 17:06:07.278670] [debug] WebSocketServer: Broadcasting to 1 clients: {"server_time":"2025-12-05 17:06:07","timestamp":"1764943567278","isConnected":"False","numBoard":"0","numSteps":"0","numSpeed":"0.000000","numAccel":"0","numDecel":"0","currentPos":"0","startPos":"0","endPos":"0"}
[2025-12-05 17:06:08.278862] [debug] WebSocketServer: Broadcasting to 1 clients: {"server_time":"2025-12-05 17:06:08","timestamp":"1764943568278","isConnected":"False","numBoard":"0","numSteps":"0","numSpeed":"0.000000","numAccel":"0","numDecel":"0","currentPos":"0","startPos":"0","endPos":"0"}
[2025-12-05 17:06:09.279060] [debug] WebSocketServer: Broadcasting to 1 clients: {"server_time":"2025-12-05 17:06:09","timestamp":"1764943569279","isConnected":"False","numBoard":"0","numSteps":"0","numSpeed":"0.000000","numAccel":"0","numDecel":"0","currentPos":"0","startPos":"0","endPos":"0"}
[2025-12-05 17:06:10.279244] [debug] WebSocketServer: Broadcasting to 1 clients: {"server_time":"2025-12-05 17:06:10","timestamp":"1764943570279","isConnected":"False","numBoard":"0","numSteps":"0","numSpeed":"0.000000","numAccel":"0","numDecel":"0","currentPos":"0","startPos":"0","endPos":"0"}
[2025-12-05 17:06:11.279437] [debug] WebSocketServer: Broadcasting to 1 clients: {"server_time":"2025-12-05 17:06:11","timestamp":"1764943571279","isConnected":"False","numBoard":"0","numSteps":"0","numSpeed":"0.000000","numAccel":"0","numDecel":"0","currentPos":"0","startPos":"0","endPos":"0"}
[2025-12-05 17:06:12.279629] [debug] WebSocketServer: Broadcasting to 1 clients: {"server_time":"2025-12-05 17:06:12","timestamp":"1764943572279","isConnected":"False","numBoard":"0","numSteps":"0","numSpeed":"0.000000","numAccel":"0","numDecel":"0","currentPos":"0","startPos":"0","endPos":"0"}
[2025-12-05 17:06:12.760885] [info] GET /api/connect
[2025-12-05 17:06:13.150644] [info] POST /api/board/set {"numBoard":16}
[2025-12-05 17:06:13.279804] [debug] WebSocketServer: Broadcasting to 1 clients: {"server_time":"2025-12-05 17:06:13","timestamp":"1764943573279","isConnected":"True","numBoard":"16","numSteps":"0","numSpeed":"0.000000","numAccel":"0","numDecel":"0","currentPos":"0","startPos":"0","endPos":"0"}
[2025-12-05 17:06:13.546647] [info] POST /api/steps/set {"numSteps":1000}
[2025-12-05 17:06:14.279986] [debug] WebSocketServer: Broadcasting to 1 clients: {"server_time":"2025-12-05 17:06:14","timestamp":"1764943574279","isConnected":"True","numBoard":"16","numSteps":"1000","numSpeed":"0.000000","numAccel":"0","numDecel":"0","currentPos":"0","startPos":"0","endPos":"0"}
[2025-12-05 17:06:15.280187] [debug] WebSocketServer: Broadcasting to 1 clients: {"server_time":"2025-12-05 17:06:15","timestamp":"1764943575280","isConnected":"True","numBoard":"16","numSteps":"1000","numSpeed":"0.000000","numAccel":"0","numDecel":"0","currentPos":"0","startPos":"0","endPos":"0"}
[2025-12-05 17:06:16.280400] [debug] WebSocketServer: Broadcasting to 1 clients: {"server_time":"2025-12-05 17:06:16","timestamp":"1764943576280","isConnected":"True","numBoard":"16","numSteps":"1000","numSpeed":"0.000000","numAccel":"0","numDecel":"0","currentPos":"0","startPos":"0","endPos":"0"}
[2025-12-05 17:06:17.170643] [info] POST /api/speed/set {"numSpeed":10}
[2025-12-05 17:06:17.280579] [debug] WebSocketServer: Broadcasting to 1 clients: {"server_time":"2025-12-05 17:06:17","timestamp":"1764943577280","isConnected":"True","numBoard":"16","numSteps":"1000","numSpeed":"10.000000","numAccel":"0","numDecel":"0","currentPos":"0","startPos":"0","endPos":"0"}
[2025-12-05 17:06:17.490643] [info] POST /api/accel/set {"numAccel":10}
[2025-12-05 17:06:18.114646] [info] GET /api/move/forward
[2025-12-05 17:06:18.280793] [debug] WebSocketServer: Broadcasting to 1 clients: {"server_time":"2025-12-05 17:06:18","timestamp":"1764943578280","isConnected":"True","numBoard":"16","numSteps":"1000","numSpeed":"10.000000","numAccel":"10","numDecel":"0","currentPos":"0","startPos":"0","endPos":"0"}
[2025-12-05 17:06:18.594655] [info] GET /api/move/backward
[2025-12-05 17:06:19.280977] [debug] WebSocketServer: Broadcasting to 1 clients: {"server_time":"2025-12-05 17:06:19","timestamp":"1764943579280","isConnected":"True","numBoard":"16","numSteps":"1000","numSpeed":"10.000000","numAccel":"10","numDecel":"0","currentPos":"0","startPos":"0","endPos":"0"}
[2025-12-05 17:06:20.281184] [debug] WebSocketServer: Broadcasting to 1 clients: {"server_time":"2025-12-05 17:06:20","timestamp":"1764943580281","isConnected":"True","numBoard":"16","numSteps":"1000","numSpeed":"10.000000","numAccel":"10","numDecel":"0","currentPos":"0","startPos":"0","endPos":"0"}
[2025-12-05 17:06:21.281370] [debug] WebSocketServer: Broadcasting to 1 clients: {"server_time":"2025-12-05 17:06:21","timestamp":"1764943581281","isConnected":"True","numBoard":"16","numSteps":"1000","numSpeed":"10.000000","numAccel":"10","numDecel":"0","currentPos":"0","startPos":"0","endPos":"0"}
[2025-12-05 17:06:22.381448] [info] RestApiServer created on port 8080
[2025-12-05 17:06:22.381672] [info] WebSocketServer created on port 8081
[2025-12-05 17:06:22.381838] [info] WebSocketServer starting on port 8081
[2025-12-05 17:06:22.381966] [info] WebSocketServer: Started auto updates with interval 1000ms
[2025-12-05 17:06:22.382009] [info] Run RestApiServer on port 8080
[2025-12-05 17:06:22.382240] [info] WebSocketServer: Auto update worker started
[2025-12-05 17:06:32.597352] [info] 123
[2025-12-05 17:06:32.597443] [info] WebSocket client connected. Total clients: 1
[2025-12-05 17:06:33.386836] [debug] WebSocketServer: Broadcasting to 1 clients: {"server_time":"2025-12-05 17:06:33","timestamp":"1764943593386","isConnected":"False","numBoard":"0","numSteps":"0","numSpeed":"0.000000","numAccel":"0","numDecel":"0","currentPos":"0","startPos":"0","endPos":"0"}
[2025-12-05 17:06:33.386951] [info] 1
[2025-12-05 17:06:34.387266] [debug] WebSocketServer: Broadcasting to 1 clients: {"server_time":"2025-12-05 17:06:34","timestamp":"1764943594387","isConnected":"False","numBoard":"0","numSteps":"0","numSpeed":"0.000000","numAccel":"0","numDecel":"0","currentPos":"0","startPos":"0","endPos":"0"}
[2025-12-05 17:06:34.387325] [info] 1
[2025-12-05 17:06:35.387606] [debug] WebSocketServer: Broadcasting to 1 clients: {"server_time":"2025-12-05 17:06:35","timestamp":"1764943595387","isConnected":"False","numBoard":"0","numSteps":"0","numSpeed":"0.000000","numAccel":"0","numDecel":"0","currentPos":"0","startPos":"0","endPos":"0"}
[2025-12-05 17:06:35.387670] [info] 1
[2025-12-05 17:06:36.387941] [debug] WebSocketServer: Broadcasting to 1 clients: {"server_time":"2025-12-05 17:06:36","timestamp":"1764943596387","isConnected":"False","numBoard":"0","numSteps":"0","numSpeed":"0.000000","numAccel":"0","numDecel":"0","currentPos":"0","startPos":"0","endPos":"0"}
[2025-12-05 17:06:36.388006] [info] 1
[2025-12-05 17:06:36.743768] [info] WebSocket client disconnected (connection lost)
[2025-12-05 17:06:37.388336] [debug] WebSocketServer: Broadcasting to 1 clients: {"server_time":"2025-12-05 17:06:37","timestamp":"1764943597388","isConnected":"False","numBoard":"0","numSteps":"0","numSpeed":"0.000000","numAccel":"0","numDecel":"0","currentPos":"0","startPos":"0","endPos":"0"}
[2025-12-05 17:07:33.711947] [info] RestApiServer created on port 8080
[2025-12-05 17:07:33.712180] [info] WebSocketServer created on port 8081
[2025-12-05 17:07:33.712370] [info] WebSocketServer: Started auto updates with interval 1000ms
[2025-12-05 17:07:33.712408] [info] WebSocketServer: Auto update worker started
[2025-12-05 17:07:33.712465] [info] WebSocketServer starting on port 8081
[2025-12-05 17:07:33.712465] [info] Run RestApiServer on port 8080
[2025-12-05 17:07:36.416001] [info] WebSocket client connected. Total clients: 1
[2025-12-05 17:07:36.713120] [debug] WebSocketServer: Broadcasting to 1 clients: {"server_time":"2025-12-05 17:07:36","timestamp":"1764943656713","isConnected":"False","numBoard":"0","numSteps":"0","numSpeed":"0.000000","numAccel":"0","numDecel":"0","currentPos":"0","startPos":"0","endPos":"0"}
[2025-12-05 17:07:37.713427] [debug] WebSocketServer: Broadcasting to 1 clients: {"server_time":"2025-12-05 17:07:37","timestamp":"1764943657713","isConnected":"False","numBoard":"0","numSteps":"0","numSpeed":"0.000000","numAccel":"0","numDecel":"0","currentPos":"0","startPos":"0","endPos":"0"}
[2025-12-05 17:07:38.713697] [debug] WebSocketServer: Broadcasting to 1 clients: {"server_time":"2025-12-05 17:07:38","timestamp":"1764943658713","isConnected":"False","numBoard":"0","numSteps":"0","numSpeed":"0.000000","numAccel":"0","numDecel":"0","currentPos":"0","startPos":"0","endPos":"0"}
[2025-12-05 17:07:39.713987] [debug] WebSocketServer: Broadcasting to 1 clients: {"server_time":"2025-12-05 17:07:39","timestamp":"1764943659713","isConnected":"False","numBoard":"0","numSteps":"0","numSpeed":"0.000000","numAccel":"0","numDecel":"0","currentPos":"0","startPos":"0","endPos":"0"}
[2025-12-05 17:07:40.399798] [error] WebSocket read error: Transport endpoint is not connected
[2025-12-05 17:07:40.714294] [debug] WebSocketServer: Broadcasting to 1 clients: {"server_time":"2025-12-05 17:07:40","timestamp":"1764943660714","isConnected":"False","numBoard":"0","numSteps":"0","numSpeed":"0.000000","numAccel":"0","numDecel":"0","currentPos":"0","startPos":"0","endPos":"0"}
[2025-12-05 17:07:40.714413] [error] WebSocket broadcast write error: Operation canceled
[2025-12-05 17:07:41.714514] [debug] WebSocketServer: Broadcasting to 1 clients: {"server_time":"2025-12-05 17:07:41","timestamp":"1764943661714","isConnected":"False","numBoard":"0","numSteps":"0","numSpeed":"0.000000","numAccel":"0","numDecel":"0","currentPos":"0","startPos":"0","endPos":"0"}
[2025-12-05 17:07:41.714651] [error] WebSocket broadcast write error: Operation canceled
[2025-12-05 17:07:42.714779] [debug] WebSocketServer: Broadcasting to 1 clients: {"server_time":"2025-12-05 17:07:42","timestamp":"1764943662714","isConnected":"False","numBoard":"0","numSteps":"0","numSpeed":"0.000000","numAccel":"0","numDecel":"0","currentPos":"0","startPos":"0","endPos":"0"}
[2025-12-05 17:07:42.714932] [error] WebSocket broadcast write error: Operation canceled
[2025-12-05 17:07:42.859636] [info] WebSocket client connected. Total clients: 2
[2025-12-05 17:07:43.715005] [debug] WebSocketServer: Broadcasting to 2 clients: {"server_time":"2025-12-05 17:07:43","timestamp":"1764943663714","isConnected":"False","numBoard":"0","numSteps":"0","numSpeed":"0.000000","numAccel":"0","numDecel":"0","currentPos":"0","startPos":"0","endPos":"0"}
[2025-12-05 17:07:43.715196] [error] WebSocket broadcast write error: Operation canceled
[2025-12-05 17:07:44.715300] [debug] WebSocketServer: Broadcasting to 2 clients: {"server_time":"2025-12-05 17:07:44","timestamp":"1764943664715","isConnected":"False","numBoard":"0","numSteps":"0","numSpeed":"0.000000","numAccel":"0","numDecel":"0","currentPos":"0","startPos":"0","endPos":"0"}
[2025-12-05 17:07:44.715561] [error] WebSocket broadcast write error: Operation canceled
[2025-12-05 17:07:45.715661] [debug] WebSocketServer: Broadcasting to 2 clients: {"server_time":"2025-12-05 17:07:45","timestamp":"1764943665715","isConnected":"False","numBoard":"0","numSteps":"0","numSpeed":"0.000000","numAccel":"0","numDecel":"0","currentPos":"0","startPos":"0","endPos":"0"}
[2025-12-05 17:07:45.715874] [error] WebSocket broadcast write error: Operation canceled
[2025-12-05 17:07:46.715956] [debug] WebSocketServer: Broadcasting to 2 clients: {"server_time":"2025-12-05 17:07:46","timestamp":"1764943666715","isConnected":"False","numBoard":"0","numSteps":"0","numSpeed":"0.000000","numAccel":"0","numDecel":"0","currentPos":"0","startPos":"0","endPos":"0"}
[2025-12-05 17:07:46.716144] [error] WebSocket broadcast write error: Operation canceled
[2025-12-05 17:07:47.716243] [debug] WebSocketServer: Broadcasting to 2 clients: {"server_time":"2025-12-05 17:07:47","timestamp":"1764943667716","isConnected":"False","numBoard":"0","numSteps":"0","numSpeed":"0.000000","numAccel":"0","numDecel":"0","currentPos":"0","startPos":"0","endPos":"0"}
[2025-12-05 17:07:47.716453] [error] WebSocket broadcast write error: Operation canceled
[2025-12-05 17:07:48.688892] [error] WebSocket read error: Transport endpoint is not connected
[2025-12-05 17:07:48.716651] [debug] WebSocketServer: Broadcasting to 2 clients: {"server_time":"2025-12-05 17:07:48","timestamp":"1764943668716","isConnected":"False","numBoard":"0","numSteps":"0","numSpeed":"0.000000","numAccel":"0","numDecel":"0","currentPos":"0","startPos":"0","endPos":"0"}
[2025-12-05 17:07:48.717563] [error] WebSocket broadcast write error: Operation canceled
[2025-12-05 17:07:48.717841] [error] WebSocket broadcast write error: Operation canceled
[2025-12-05 17:07:49.717803] [debug] WebSocketServer: Broadcasting to 2 clients: {"server_time":"2025-12-05 17:07:49","timestamp":"1764943669717","isConnected":"False","numBoard":"0","numSteps":"0","numSpeed":"0.000000","numAccel":"0","numDecel":"0","currentPos":"0","startPos":"0","endPos":"0"}
[2025-12-05 17:07:49.717945] [error] WebSocket broadcast write error: Operation canceled
[2025-12-05 17:07:49.718030] [error] WebSocket broadcast write error: Operation canceled
[2025-12-05 17:12:51.343870] [info] RestApiServer created on port 8080
[2025-12-05 17:12:51.350710] [info] WebSocketServer created on port 8081
[2025-12-05 17:12:51.350925] [info] WebSocketServer starting on port 8081
[2025-12-05 17:12:51.350912] [info] WebSocketServer: Started auto updates with interval 1000ms
[2025-12-05 17:12:51.350984] [info] Run RestApiServer on port 8080
[2025-12-05 17:12:51.350954] [info] WebSocketServer: Auto update worker started
[2025-12-05 17:12:54.468519] [info] WebSocket client connected. Total clients: 1
[2025-12-05 17:12:55.351600] [debug] WebSocketServer: Broadcasting to 1 clients: {"server_time":"2025-12-05 17:12:55","timestamp":"1764943975351","isConnected":"False","numBoard":"0","numSteps":"0","numSpeed":"0.000000","numAccel":"0","numDecel":"0","currentPos":"0","startPos":"0","endPos":"0"}
[2025-12-05 17:12:56.352042] [debug] WebSocketServer: Broadcasting to 1 clients: {"server_time":"2025-12-05 17:12:56","timestamp":"1764943976351","isConnected":"False","numBoard":"0","numSteps":"0","numSpeed":"0.000000","numAccel":"0","numDecel":"0","currentPos":"0","startPos":"0","endPos":"0"}
[2025-12-05 17:12:57.352348] [debug] WebSocketServer: Broadcasting to 1 clients: {"server_time":"2025-12-05 17:12:57","timestamp":"1764943977352","isConnected":"False","numBoard":"0","numSteps":"0","numSpeed":"0.000000","numAccel":"0","numDecel":"0","currentPos":"0","startPos":"0","endPos":"0"}
[2025-12-05 17:12:58.352609] [debug] WebSocketServer: Broadcasting to 1 clients: {"server_time":"2025-12-05 17:12:58","timestamp":"1764943978352","isConnected":"False","numBoard":"0","numSteps":"0","numSpeed":"0.000000","numAccel":"0","numDecel":"0","currentPos":"0","startPos":"0","endPos":"0"}
[2025-12-05 17:12:58.775735] [info] WebSocket client disconnected
[2025-12-05 17:14:30.360034] [info] RestApiServer created on port 8080
[2025-12-05 17:14:30.360260] [info] WebSocketServer created on port 8081
[2025-12-05 17:14:30.360436] [info] WebSocketServer starting on port 8081
[2025-12-05 17:14:30.360425] [info] WebSocketServer: Started auto updates with interval 1000ms
[2025-12-05 17:14:30.360483] [info] WebSocketServer: Auto update worker started
[2025-12-05 17:14:30.360515] [info] Run RestApiServer on port 8080
[2025-12-05 17:14:34.212766] [info] WebSocket client connected. Total clients: 1
[2025-12-05 17:14:34.361065] [debug] WebSocketServer: Broadcasting to 1 clients: {"server_time":"2025-12-05 17:14:34","timestamp":"1764944074360","isConnected":"False","numBoard":"0","numSteps":"0","numSpeed":"0.000000","numAccel":"0","numDecel":"0","currentPos":"0","startPos":"0","endPos":"0"}
[2025-12-05 17:14:35.327625] [info] WebSocket client disconnected
[2025-12-05 17:14:35.327749] [info] Session removed. Active clients: 0
[2025-12-05 17:17:35.165072] [info] RestApiServer created on port 8080
[2025-12-05 17:17:35.165314] [info] WebSocketServer created on port 8081
[2025-12-05 17:17:35.165459] [info] WebSocketServer starting on port 8081
[2025-12-05 17:17:35.165594] [info] WebSocketServer: Started auto updates with interval 1000ms
[2025-12-05 17:17:35.165640] [info] Run RestApiServer on port 8080
[2025-12-05 17:17:35.165877] [info] WebSocketServer: Auto update worker started
[2025-12-05 17:17:38.521198] [info] WebSocket client connected. Total clients: 1
[2025-12-05 17:17:39.166432] [debug] WebSocketServer: Broadcasting to 1 clients: {"server_time":"2025-12-05 17:17:39","timestamp":"1764944259166","isConnected":"False","numBoard":"0","numSteps":"0","numSpeed":"0.000000","numAccel":"0","numDecel":"0","currentPos":"0","startPos":"0","endPos":"0"}
[2025-12-05 17:17:40.166787] [debug] WebSocketServer: Broadcasting to 1 clients: {"server_time":"2025-12-05 17:17:40","timestamp":"1764944260166","isConnected":"False","numBoard":"0","numSteps":"0","numSpeed":"0.000000","numAccel":"0","numDecel":"0","currentPos":"0","startPos":"0","endPos":"0"}
[2025-12-05 17:17:41.167066] [debug] WebSocketServer: Broadcasting to 1 clients: {"server_time":"2025-12-05 17:17:41","timestamp":"1764944261167","isConnected":"False","numBoard":"0","numSteps":"0","numSpeed":"0.000000","numAccel":"0","numDecel":"0","currentPos":"0","startPos":"0","endPos":"0"}
[2025-12-05 17:17:41.479594] [info] WebSocket client disconnected
[2025-12-05 17:17:41.479708] [info] Session removed. Active clients: 0
[2025-12-05 17:18:45.132833] [info] RestApiServer created on port 8080
[2025-12-05 17:18:45.133086] [info] WebSocketServer created on port 8081
[2025-12-05 17:18:45.133339] [info] WebSocketServer starting on port 8081
[2025-12-05 17:18:45.133370] [info] WebSocketServer: Auto update worker started
[2025-12-05 17:18:45.133324] [info] WebSocketServer: Started auto updates with interval 1000ms
[2025-12-05 17:18:45.133456] [info] Run RestApiServer on port 8080
[2025-12-05 17:18:47.801696] [info] WebSocket client connected. Total clients: 1
[2025-12-05 17:18:48.133804] [debug] WebSocketServer: Broadcasting to 1 clients: {"server_time":"2025-12-05 17:18:48","timestamp":"1764944328133","isConnected":"False","numBoard":"0","numSteps":"0","numSpeed":"0.000000","numAccel":"0","numDecel":"0","currentPos":"0","startPos":"0","endPos":"0"}
[2025-12-05 17:18:49.134124] [debug] WebSocketServer: Broadcasting to 1 clients: {"server_time":"2025-12-05 17:18:49","timestamp":"1764944329134","isConnected":"False","numBoard":"0","numSteps":"0","numSpeed":"0.000000","numAccel":"0","numDecel":"0","currentPos":"0","startPos":"0","endPos":"0"}
[2025-12-05 17:18:49.287712] [info] WebSocket client disconnected
[2025-12-05 17:18:49.287851] [info] Session removed. Active clients: 0
[2025-12-05 17:18:49.287897] [info] WebSocket session destroyed
[2025-12-05 17:18:56.364292] [info] WebSocket client connected. Total clients: 1
[2025-12-05 17:18:57.135252] [debug] WebSocketServer: Broadcasting to 1 clients: {"server_time":"2025-12-05 17:18:57","timestamp":"1764944337135","isConnected":"False","numBoard":"0","numSteps":"0","numSpeed":"0.000000","numAccel":"0","numDecel":"0","currentPos":"0","startPos":"0","endPos":"0"}
[2025-12-05 17:18:58.135578] [debug] WebSocketServer: Broadcasting to 1 clients: {"server_time":"2025-12-05 17:18:58","timestamp":"1764944338135","isConnected":"False","numBoard":"0","numSteps":"0","numSpeed":"0.000000","numAccel":"0","numDecel":"0","currentPos":"0","startPos":"0","endPos":"0"}
[2025-12-05 17:18:59.135890] [debug] WebSocketServer: Broadcasting to 1 clients: {"server_time":"2025-12-05 17:18:59","timestamp":"1764944339135","isConnected":"False","numBoard":"0","numSteps":"0","numSpeed":"0.000000","numAccel":"0","numDecel":"0","currentPos":"0","startPos":"0","endPos":"0"}
[2025-12-05 17:19:00.136188] [debug] WebSocketServer: Broadcasting to 1 clients: {"server_time":"2025-12-05 17:19:00","timestamp":"1764944340136","isConnected":"False","numBoard":"0","numSteps":"0","numSpeed":"0.000000","numAccel":"0","numDecel":"0","currentPos":"0","startPos":"0","endPos":"0"}
[2025-12-05 17:19:01.136487] [debug] WebSocketServer: Broadcasting to 1 clients: {"server_time":"2025-12-05 17:19:01","timestamp":"1764944341136","isConnected":"False","numBoard":"0","numSteps":"0","numSpeed":"0.000000","numAccel":"0","numDecel":"0","currentPos":"0","startPos":"0","endPos":"0"}
[2025-12-05 17:19:02.137176] [debug] WebSocketServer: Broadcasting to 1 clients: {"server_time":"2025-12-05 17:19:02","timestamp":"1764944342137","isConnected":"False","numBoard":"0","numSteps":"0","numSpeed":"0.000000","numAccel":"0","numDecel":"0","currentPos":"0","startPos":"0","endPos":"0"}
[2025-12-05 17:19:03.137453] [debug] WebSocketServer: Broadcasting to 1 clients: {"server_time":"2025-12-05 17:19:03","timestamp":"1764944343137","isConnected":"False","numBoard":"0","numSteps":"0","numSpeed":"0.000000","numAccel":"0","numDecel":"0","currentPos":"0","startPos":"0","endPos":"0"}
[2025-12-05 17:19:04.137786] [debug] WebSocketServer: Broadcasting to 1 clients: {"server_time":"2025-12-05 17:19:04","timestamp":"1764944344137","isConnected":"False","numBoard":"0","numSteps":"0","numSpeed":"0.000000","numAccel":"0","numDecel":"0","currentPos":"0","startPos":"0","endPos":"0"}
[2025-12-05 17:19:05.138081] [debug] WebSocketServer: Broadcasting to 1 clients: {"server_time":"2025-12-05 17:19:05","timestamp":"1764944345138","isConnected":"False","numBoard":"0","numSteps":"0","numSpeed":"0.000000","numAccel":"0","numDecel":"0","currentPos":"0","startPos":"0","endPos":"0"}
[2025-12-05 17:19:06.138458] [debug] WebSocketServer: Broadcasting to 1 clients: {"server_time":"2025-12-05 17:19:06","timestamp":"1764944346138","isConnected":"False","numBoard":"0","numSteps":"0","numSpeed":"0.000000","numAccel":"0","numDecel":"0","currentPos":"0","startPos":"0","endPos":"0"}
[2025-12-05 17:19:07.138926] [debug] WebSocketServer: Broadcasting to 1 clients: {"server_time":"2025-12-05 17:19:07","timestamp":"1764944347138","isConnected":"False","numBoard":"0","numSteps":"0","numSpeed":"0.000000","numAccel":"0","numDecel":"0","currentPos":"0","startPos":"0","endPos":"0"}
[2025-12-05 17:19:08.139645] [debug] WebSocketServer: Broadcasting to 1 clients: {"server_time":"2025-12-05 17:19:08","timestamp":"1764944348139","isConnected":"False","numBoard":"0","numSteps":"0","numSpeed":"0.000000","numAccel":"0","numDecel":"0","currentPos":"0","startPos":"0","endPos":"0"}
[2025-12-05 17:19:09.140168] [debug] WebSocketServer: Broadcasting to 1 clients: {"server_time":"2025-12-05 17:19:09","timestamp":"1764944349140","isConnected":"False","numBoard":"0","numSteps":"0","numSpeed":"0.000000","numAccel":"0","numDecel":"0","currentPos":"0","startPos":"0","endPos":"0"}
[2025-12-05 17:19:10.140481] [debug] WebSocketServer: Broadcasting to 1 clients: {"server_time":"2025-12-05 17:19:10","timestamp":"1764944350140","isConnected":"False","numBoard":"0","numSteps":"0","numSpeed":"0.000000","numAccel":"0","numDecel":"0","currentPos":"0","startPos":"0","endPos":"0"}
[2025-12-05 17:19:11.140765] [debug] WebSocketServer: Broadcasting to 1 clients: {"server_time":"2025-12-05 17:19:11","timestamp":"1764944351140","isConnected":"False","numBoard":"0","numSteps":"0","numSpeed":"0.000000","numAccel":"0","numDecel":"0","currentPos":"0","startPos":"0","endPos":"0"}
[2025-12-05 17:19:11.509846] [info] WebSocket client connected. Total clients: 2
[2025-12-05 17:19:12.141273] [debug] WebSocketServer: Broadcasting to 2 clients: {"server_time":"2025-12-05 17:19:12","timestamp":"1764944352141","isConnected":"False","numBoard":"0","numSteps":"0","numSpeed":"0.000000","numAccel":"0","numDecel":"0","currentPos":"0","startPos":"0","endPos":"0"}
[2025-12-05 17:19:13.141954] [debug] WebSocketServer: Broadcasting to 2 clients: {"server_time":"2025-12-05 17:19:13","timestamp":"1764944353141","isConnected":"False","numBoard":"0","numSteps":"0","numSpeed":"0.000000","numAccel":"0","numDecel":"0","currentPos":"0","startPos":"0","endPos":"0"}
[2025-12-05 17:19:14.142300] [debug] WebSocketServer: Broadcasting to 2 clients: {"server_time":"2025-12-05 17:19:14","timestamp":"1764944354142","isConnected":"False","numBoard":"0","numSteps":"0","numSpeed":"0.000000","numAccel":"0","numDecel":"0","currentPos":"0","startPos":"0","endPos":"0"}
[2025-12-05 17:19:15.142638] [debug] WebSocketServer: Broadcasting to 2 clients: {"server_time":"2025-12-05 17:19:15","timestamp":"1764944355142","isConnected":"False","numBoard":"0","numSteps":"0","numSpeed":"0.000000","numAccel":"0","numDecel":"0","currentPos":"0","startPos":"0","endPos":"0"}
[2025-12-05 17:19:16.142953] [debug] WebSocketServer: Broadcasting to 2 clients: {"server_time":"2025-12-05 17:19:16","timestamp":"1764944356142","isConnected":"False","numBoard":"0","numSteps":"0","numSpeed":"0.000000","numAccel":"0","numDecel":"0","currentPos":"0","startPos":"0","endPos":"0"}
[2025-12-05 17:19:17.143286] [debug] WebSocketServer: Broadcasting to 2 clients: {"server_time":"2025-12-05 17:19:17","timestamp":"1764944357143","isConnected":"False","numBoard":"0","numSteps":"0","numSpeed":"0.000000","numAccel":"0","numDecel":"0","currentPos":"0","startPos":"0","endPos":"0"}
[2025-12-05 17:19:18.143640] [debug] WebSocketServer: Broadcasting to 2 clients: {"server_time":"2025-12-05 17:19:18","timestamp":"1764944358143","isConnected":"False","numBoard":"0","numSteps":"0","numSpeed":"0.000000","numAccel":"0","numDecel":"0","currentPos":"0","startPos":"0","endPos":"0"}
[2025-12-05 17:19:19.143980] [debug] WebSocketServer: Broadcasting to 2 clients: {"server_time":"2025-12-05 17:19:19","timestamp":"1764944359143","isConnected":"False","numBoard":"0","numSteps":"0","numSpeed":"0.000000","numAccel":"0","numDecel":"0","currentPos":"0","startPos":"0","endPos":"0"}
[2025-12-05 17:19:20.144299] [debug] WebSocketServer: Broadcasting to 2 clients: {"server_time":"2025-12-05 17:19:20","timestamp":"1764944360144","isConnected":"False","numBoard":"0","numSteps":"0","numSpeed":"0.000000","numAccel":"0","numDecel":"0","currentPos":"0","startPos":"0","endPos":"0"}
[2025-12-05 17:19:21.144719] [debug] WebSocketServer: Broadcasting to 2 clients: {"server_time":"2025-12-05 17:19:21","timestamp":"1764944361144","isConnected":"False","numBoard":"0","numSteps":"0","numSpeed":"0.000000","numAccel":"0","numDecel":"0","currentPos":"0","startPos":"0","endPos":"0"}
[2025-12-05 17:19:22.145153] [debug] WebSocketServer: Broadcasting to 2 clients: {"server_time":"2025-12-05 17:19:22","timestamp":"1764944362145","isConnected":"False","numBoard":"0","numSteps":"0","numSpeed":"0.000000","numAccel":"0","numDecel":"0","currentPos":"0","startPos":"0","endPos":"0"}
[2025-12-05 17:19:23.145536] [debug] WebSocketServer: Broadcasting to 2 clients: {"server_time":"2025-12-05 17:19:23","timestamp":"1764944363145","isConnected":"False","numBoard":"0","numSteps":"0","numSpeed":"0.000000","numAccel":"0","numDecel":"0","currentPos":"0","startPos":"0","endPos":"0"}
[2025-12-05 17:19:23.616990] [info] GET /api/connect
[2025-12-05 17:19:24.145891] [debug] WebSocketServer: Broadcasting to 2 clients: {"server_time":"2025-12-05 17:19:24","timestamp":"1764944364145","isConnected":"True","numBoard":"0","numSteps":"0","numSpeed":"0.000000","numAccel":"0","numDecel":"0","currentPos":"0","startPos":"0","endPos":"0"}
[2025-12-05 17:19:25.146429] [debug] WebSocketServer: Broadcasting to 2 clients: {"server_time":"2025-12-05 17:19:25","timestamp":"1764944365146","isConnected":"True","numBoard":"0","numSteps":"0","numSpeed":"0.000000","numAccel":"0","numDecel":"0","currentPos":"0","startPos":"0","endPos":"0"}
[2025-12-05 17:19:26.146786] [debug] WebSocketServer: Broadcasting to 2 clients: {"server_time":"2025-12-05 17:19:26","timestamp":"1764944366146","isConnected":"True","numBoard":"0","numSteps":"0","numSpeed":"0.000000","numAccel":"0","numDecel":"0","currentPos":"0","startPos":"0","endPos":"0"}
[2025-12-05 17:19:27.126515] [info] POST /api/board/set {"numBoard":16}
[2025-12-05 17:19:27.147143] [debug] WebSocketServer: Broadcasting to 2 clients: {"server_time":"2025-12-05 17:19:27","timestamp":"1764944367147","isConnected":"True","numBoard":"16","numSteps":"0","numSpeed":"0.000000","numAccel":"0","numDecel":"0","currentPos":"0","startPos":"0","endPos":"0"}
[2025-12-05 17:19:27.570514] [info] POST /api/steps/set {"numSteps":1000}
[2025-12-05 17:19:27.938520] [info] POST /api/speed/set {"numSpeed":10}
[2025-12-05 17:19:28.147494] [debug] WebSocketServer: Broadcasting to 2 clients: {"server_time":"2025-12-05 17:19:28","timestamp":"1764944368147","isConnected":"True","numBoard":"16","numSteps":"1000","numSpeed":"10.000000","numAccel":"0","numDecel":"0","currentPos":"0","startPos":"0","endPos":"0"}
[2025-12-05 17:19:29.147851] [debug] WebSocketServer: Broadcasting to 2 clients: {"server_time":"2025-12-05 17:19:29","timestamp":"1764944369147","isConnected":"True","numBoard":"16","numSteps":"1000","numSpeed":"10.000000","numAccel":"0","numDecel":"0","currentPos":"0","startPos":"0","endPos":"0"}
[2025-12-05 17:19:30.148177] [debug] WebSocketServer: Broadcasting to 2 clients: {"server_time":"2025-12-05 17:19:30","timestamp":"1764944370148","isConnected":"True","numBoard":"16","numSteps":"1000","numSpeed":"10.000000","numAccel":"0","numDecel":"0","currentPos":"0","startPos":"0","endPos":"0"}
[2025-12-05 17:19:30.330515] [info] POST /api/accel/set {"numAccel":10}
[2025-12-05 17:19:30.706513] [info] POST /api/decel/set {"numDecel":10}
[2025-12-05 17:19:31.148664] [debug] WebSocketServer: Broadcasting to 2 clients: {"server_time":"2025-12-05 17:19:31","timestamp":"1764944371148","isConnected":"True","numBoard":"16","numSteps":"1000","numSpeed":"10.000000","numAccel":"10","numDecel":"10","currentPos":"0","startPos":"0","endPos":"0"}
[2025-12-05 17:19:32.149000] [debug] WebSocketServer: Broadcasting to 2 clients: {"server_time":"2025-12-05 17:19:32","timestamp":"1764944372148","isConnected":"True","numBoard":"16","numSteps":"1000","numSpeed":"10.000000","numAccel":"10","numDecel":"10","currentPos":"0","startPos":"0","endPos":"0"}
[2025-12-05 17:19:32.690527] [info] GET /api/move/forward
[2025-12-05 17:19:33.149321] [debug] WebSocketServer: Broadcasting to 2 clients: {"server_time":"2025-12-05 17:19:33","timestamp":"1764944373149","isConnected":"True","numBoard":"16","numSteps":"1000","numSpeed":"10.000000","numAccel":"10","numDecel":"10","currentPos":"0","startPos":"0","endPos":"0"}
[2025-12-05 17:19:34.149639] [debug] WebSocketServer: Broadcasting to 2 clients: {"server_time":"2025-12-05 17:19:34","timestamp":"1764944374149","isConnected":"True","numBoard":"16","numSteps":"1000","numSpeed":"10.000000","numAccel":"10","numDecel":"10","currentPos":"0","startPos":"0","endPos":"0"}
[2025-12-05 17:19:34.338529] [info] GET /api/move/backward
[2025-12-05 17:19:35.150038] [debug] WebSocketServer: Broadcasting to 2 clients: {"server_time":"2025-12-05 17:19:35","timestamp":"1764944375149","isConnected":"True","numBoard":"16","numSteps":"1000","numSpeed":"10.000000","numAccel":"10","numDecel":"10","currentPos":"0","startPos":"0","endPos":"0"}
[2025-12-05 17:19:36.150386] [debug] WebSocketServer: Broadcasting to 2 clients: {"server_time":"2025-12-05 17:19:36","timestamp":"1764944376150","isConnected":"True","numBoard":"16","numSteps":"1000","numSpeed":"10.000000","numAccel":"10","numDecel":"10","currentPos":"0","startPos":"0","endPos":"0"}
[2025-12-05 17:19:36.248176] [info] WebSocket client disconnected
[2025-12-05 17:19:36.248270] [info] Session removed. Active clients: 1
[2025-12-05 17:19:36.248300] [info] WebSocket session destroyed
[2025-12-05 17:19:37.150754] [debug] WebSocketServer: Broadcasting to 1 clients: {"server_time":"2025-12-05 17:19:37","timestamp":"1764944377150","isConnected":"True","numBoard":"16","numSteps":"1000","numSpeed":"10.000000","numAccel":"10","numDecel":"10","currentPos":"0","startPos":"0","endPos":"0"}
[2025-12-05 17:19:38.151049] [debug] WebSocketServer: Broadcasting to 1 clients: {"server_time":"2025-12-05 17:19:38","timestamp":"1764944378150","isConnected":"True","numBoard":"16","numSteps":"1000","numSpeed":"10.000000","numAccel":"10","numDecel":"10","currentPos":"0","startPos":"0","endPos":"0"}
[2025-12-05 17:19:39.151364] [debug] WebSocketServer: Broadcasting to 1 clients: {"server_time":"2025-12-05 17:19:39","timestamp":"1764944379151","isConnected":"True","numBoard":"16","numSteps":"1000","numSpeed":"10.000000","numAccel":"10","numDecel":"10","currentPos":"0","startPos":"0","endPos":"0"}
[2025-12-05 17:19:40.106531] [info] GET /api/move/forward
[2025-12-05 17:19:40.151712] [debug] WebSocketServer: Broadcasting to 1 clients: {"server_time":"2025-12-05 17:19:40","timestamp":"1764944380151","isConnected":"True","numBoard":"16","numSteps":"1000","numSpeed":"10.000000","numAccel":"10","numDecel":"10","currentPos":"0","startPos":"0","endPos":"0"}
[2025-12-05 17:19:41.152006] [debug] WebSocketServer: Broadcasting to 1 clients: {"server_time":"2025-12-05 17:19:41","timestamp":"1764944381151","isConnected":"True","numBoard":"16","numSteps":"1000","numSpeed":"10.000000","numAccel":"10","numDecel":"10","currentPos":"0","startPos":"0","endPos":"0"}
[2025-12-05 17:19:41.730518] [info] GET /api/move/backward
[2025-12-05 17:19:42.152279] [debug] WebSocketServer: Broadcasting to 1 clients: {"server_time":"2025-12-05 17:19:42","timestamp":"1764944382152","isConnected":"True","numBoard":"16","numSteps":"1000","numSpeed":"10.000000","numAccel":"10","numDecel":"10","currentPos":"0","startPos":"0","endPos":"0"}
[2025-12-05 17:19:43.152571] [debug] WebSocketServer: Broadcasting to 1 clients: {"server_time":"2025-12-05 17:19:43","timestamp":"1764944383152","isConnected":"True","numBoard":"16","numSteps":"1000","numSpeed":"10.000000","numAccel":"10","numDecel":"10","currentPos":"0","startPos":"0","endPos":"0"}
[2025-12-05 17:19:43.226314] [info] WebSocket client disconnected
[2025-12-05 17:19:43.226437] [info] Session removed. Active clients: 0
[2025-12-05 17:19:43.226487] [info] WebSocket session destroyed
[2025-12-05 17:22:39.049015] [info] RestApiServer created on port 8080
[2025-12-05 17:22:39.049207] [info] WebSocketServer created on port 8081
[2025-12-05 17:22:39.049340] [info] WebSocketServer starting on port 8081
[2025-12-05 17:22:39.049428] [info] WebSocketServer: Started auto updates with interval 1000ms
[2025-12-05 17:22:39.049414] [info] WebSocketServer: Auto update worker started
[2025-12-05 17:22:39.049463] [info] Run RestApiServer on port 8080
[2025-12-05 17:22:42.414429] [info] WebSocket client connected. Total clients: 1
[2025-12-05 17:22:43.050098] [debug] WebSocketServer: Broadcasting to 1 clients: {"server_time":"2025-12-05 17:22:43","timestamp":"1764944563049","isConnected":"False","numBoard":"0","numSteps":"0","numSpeed":"0.000000","numAccel":"0","numDecel":"0","currentPos":"0","startPos":"0","endPos":"0"}
[2025-12-05 17:22:43.462039] [info] WebSocket client connected. Total clients: 2
[2025-12-05 17:22:44.050592] [debug] WebSocketServer: Broadcasting to 2 clients: {"server_time":"2025-12-05 17:22:44","timestamp":"1764944564050","isConnected":"False","numBoard":"0","numSteps":"0","numSpeed":"0.000000","numAccel":"0","numDecel":"0","currentPos":"0","startPos":"0","endPos":"0"}
[2025-12-05 17:22:45.051030] [debug] WebSocketServer: Broadcasting to 2 clients: {"server_time":"2025-12-05 17:22:45","timestamp":"1764944565050","isConnected":"False","numBoard":"0","numSteps":"0","numSpeed":"0.000000","numAccel":"0","numDecel":"0","currentPos":"0","startPos":"0","endPos":"0"}
[2025-12-05 17:22:46.051408] [debug] WebSocketServer: Broadcasting to 2 clients: {"server_time":"2025-12-05 17:22:46","timestamp":"1764944566051","isConnected":"False","numBoard":"0","numSteps":"0","numSpeed":"0.000000","numAccel":"0","numDecel":"0","currentPos":"0","startPos":"0","endPos":"0"}
[2025-12-05 17:22:47.051754] [debug] WebSocketServer: Broadcasting to 2 clients: {"server_time":"2025-12-05 17:22:47","timestamp":"1764944567051","isConnected":"False","numBoard":"0","numSteps":"0","numSpeed":"0.000000","numAccel":"0","numDecel":"0","currentPos":"0","startPos":"0","endPos":"0"}
[2025-12-05 17:22:47.593889] [info] GET /api/connect
[2025-12-05 17:22:48.052106] [debug] WebSocketServer: Broadcasting to 2 clients: {"server_time":"2025-12-05 17:22:48","timestamp":"1764944568052","isConnected":"True","numBoard":"0","numSteps":"0","numSpeed":"0.000000","numAccel":"0","numDecel":"0","currentPos":"0","startPos":"0","endPos":"0"}
[2025-12-05 17:22:48.230538] [info] POST /api/board/set {"numBoard":16}
[2025-12-05 17:22:48.642542] [info] POST /api/steps/set {"numSteps":1000}
[2025-12-05 17:22:49.026540] [info] POST /api/speed/set {"numSpeed":10}
[2025-12-05 17:22:49.052401] [debug] WebSocketServer: Broadcasting to 2 clients: {"server_time":"2025-12-05 17:22:49","timestamp":"1764944569052","isConnected":"True","numBoard":"16","numSteps":"1000","numSpeed":"10.000000","numAccel":"0","numDecel":"0","currentPos":"0","startPos":"0","endPos":"0"}
[2025-12-05 17:22:50.052719] [debug] WebSocketServer: Broadcasting to 2 clients: {"server_time":"2025-12-05 17:22:50","timestamp":"1764944570052","isConnected":"True","numBoard":"16","numSteps":"1000","numSpeed":"10.000000","numAccel":"0","numDecel":"0","currentPos":"0","startPos":"0","endPos":"0"}
[2025-12-05 17:22:51.053057] [debug] WebSocketServer: Broadcasting to 2 clients: {"server_time":"2025-12-05 17:22:51","timestamp":"1764944571053","isConnected":"True","numBoard":"16","numSteps":"1000","numSpeed":"10.000000","numAccel":"0","numDecel":"0","currentPos":"0","startPos":"0","endPos":"0"}
[2025-12-05 17:22:52.053414] [debug] WebSocketServer: Broadcasting to 2 clients: {"server_time":"2025-12-05 17:22:52","timestamp":"1764944572053","isConnected":"True","numBoard":"16","numSteps":"1000","numSpeed":"10.000000","numAccel":"0","numDecel":"0","currentPos":"0","startPos":"0","endPos":"0"}
[2025-12-05 17:22:52.802526] [info] POST /api/steps/set {"numSteps":1000}
[2025-12-05 17:22:53.053872] [debug] WebSocketServer: Broadcasting to 2 clients: {"server_time":"2025-12-05 17:22:53","timestamp":"1764944573053","isConnected":"True","numBoard":"16","numSteps":"1000","numSpeed":"10.000000","numAccel":"0","numDecel":"0","currentPos":"0","startPos":"0","endPos":"0"}
[2025-12-05 17:22:53.154543] [info] POST /api/speed/set {"numSpeed":10}
[2025-12-05 17:22:53.490525] [info] POST /api/accel/set {"numAccel":10}
[2025-12-05 17:22:53.850524] [info] POST /api/decel/set {"numDecel":10}
[2025-12-05 17:22:54.054204] [debug] WebSocketServer: Broadcasting to 2 clients: {"server_time":"2025-12-05 17:22:54","timestamp":"1764944574054","isConnected":"True","numBoard":"16","numSteps":"1000","numSpeed":"10.000000","numAccel":"10","numDecel":"10","currentPos":"0","startPos":"0","endPos":"0"}
[2025-12-05 17:22:54.154523] [info] GET /api/move/forward
[2025-12-05 17:22:55.054531] [debug] WebSocketServer: Broadcasting to 2 clients: {"server_time":"2025-12-05 17:22:55","timestamp":"1764944575054","isConnected":"True","numBoard":"16","numSteps":"1000","numSpeed":"10.000000","numAccel":"10","numDecel":"10","currentPos":"0","startPos":"0","endPos":"0"}
[2025-12-05 17:22:56.054920] [debug] WebSocketServer: Broadcasting to 2 clients: {"server_time":"2025-12-05 17:22:56","timestamp":"1764944576054","isConnected":"True","numBoard":"16","numSteps":"1000","numSpeed":"10.000000","numAccel":"10","numDecel":"10","currentPos":"0","startPos":"0","endPos":"0"}
[2025-12-05 17:22:56.074523] [info] GET /api/move/backward
[2025-12-05 17:22:57.055363] [debug] WebSocketServer: Broadcasting to 2 clients: {"server_time":"2025-12-05 17:22:57","timestamp":"1764944577055","isConnected":"True","numBoard":"16","numSteps":"1000","numSpeed":"10.000000","numAccel":"10","numDecel":"10","currentPos":"0","startPos":"0","endPos":"0"}
[2025-12-05 17:22:58.055775] [debug] WebSocketServer: Broadcasting to 2 clients: {"server_time":"2025-12-05 17:22:58","timestamp":"1764944578055","isConnected":"True","numBoard":"16","numSteps":"1000","numSpeed":"10.000000","numAccel":"10","numDecel":"10","currentPos":"0","startPos":"0","endPos":"0"}
[2025-12-05 17:22:59.056115] [debug] WebSocketServer: Broadcasting to 2 clients: {"server_time":"2025-12-05 17:22:59","timestamp":"1764944579056","isConnected":"True","numBoard":"16","numSteps":"1000","numSpeed":"10.000000","numAccel":"10","numDecel":"10","currentPos":"0","startPos":"0","endPos":"0"}
[2025-12-05 17:22:59.423821] [info] WebSocket client disconnected (ENOTCONN)
[2025-12-05 17:22:59.423934] [info] Session removed. Active clients: 1
[2025-12-05 17:22:59.423982] [info] WebSocket session destroyed
[2025-12-05 17:23:00.056443] [debug] WebSocketServer: Broadcasting to 1 clients: {"server_time":"2025-12-05 17:23:00","timestamp":"1764944580056","isConnected":"True","numBoard":"16","numSteps":"1000","numSpeed":"10.000000","numAccel":"10","numDecel":"10","currentPos":"0","startPos":"0","endPos":"0"}
[2025-12-05 17:23:01.047820] [info] WebSocket client disconnected (ENOTCONN)
[2025-12-05 17:23:01.047939] [info] Session removed. Active clients: 0
[2025-12-05 17:23:01.047971] [info] WebSocket session destroyed
